importance_rank,model_feature_position,original_tfidf_feature_index,ngram_text,ngram_length,feature_selection_method,rfecv_ranking,final_random_forest_importance,idf_value
1,1532,6860,deberán,1,complete-training RFECV,1,0.018288736248648546,3.2043674648485996
2,2256,15826,o,1,complete-training RFECV,1,0.01592556272570364,2.471689445532019
3,1208,5213,de,1,complete-training RFECV,1,0.012437616235818768,1.0795979667278026
4,2147,13687,los,1,complete-training RFECV,1,0.009072641849289265,1.8221135132657138
5,2519,18490,que,1,complete-training RFECV,1,0.008968593067329169,1.7330798908953162
6,2229,15080,mp2,1,complete-training RFECV,1,0.008232103995940574,3.54731221597543
7,303,672,a,1,complete-training RFECV,1,0.007938701511844028,1.790238304735265
8,2069,12563,la,1,complete-training RFECV,1,0.007342843749366275,1.291247138616277
9,1521,6797,deberá,1,complete-training RFECV,1,0.007337268310848215,3.502860453404596
10,2705,19919,se,1,complete-training RFECV,1,0.006867434863409976,1.9288244680214115
11,1740,8333,el,1,complete-training RFECV,1,0.006345817507419712,1.5293834745166284
12,410,779,a la,2,complete-training RFECV,1,0.006249342711253776,2.77762495829315
13,2453,17777,presente decreto,2,complete-training RFECV,1,0.006120046464531224,2.9494752152198096
14,1775,8611,el ministerio,2,complete-training RFECV,1,0.005864861068792787,3.4813542481836324
15,1581,7122,del,1,complete-training RFECV,1,0.005622396151286941,1.6616209269131714
16,1846,9190,en,1,complete-training RFECV,1,0.005538073141844604,1.4343479822569505
17,2111,13123,la superintendencia,2,complete-training RFECV,1,0.005518554402698574,3.570301734200129
18,1776,8612,el ministerio de,3,complete-training RFECV,1,0.005414724362675981,3.7761537884042773
19,3276,22700,y,1,complete-training RFECV,1,0.005246466028422388,1.5726000760164105
20,2118,13198,las,1,complete-training RFECV,1,0.005147005777033118,2.0844777777332046
21,3090,21872,un,1,complete-training RFECV,1,0.0049869807166141615,2.5274808051604345
22,2190,14499,medio ambiente,2,complete-training RFECV,1,0.004810741626077326,2.820642343376841
23,2856,21090,superintendencia,1,complete-training RFECV,1,0.004782208137190258,3.524839360123371
24,2245,15498,no,1,complete-training RFECV,1,0.00465447846035303,3.1119941447175843
25,2301,16481,para,1,complete-training RFECV,1,0.004396270163241658,2.1165660922847054
26,1613,7342,del presente,2,complete-training RFECV,1,0.0040508570975052345,2.8888505934033746
27,2780,20474,seremi,1,complete-training RFECV,1,0.003911985118689554,3.8051413252775297
28,1071,4034,con,1,complete-training RFECV,1,0.0037265991772819935,2.411520924065566
29,902,2284,artículo,1,complete-training RFECV,1,0.003710843010040407,3.524839360123371
30,1562,6991,decreto,1,complete-training RFECV,1,0.003686027168102997,2.7989023567404354
31,2406,17326,podrá,1,complete-training RFECV,1,0.0036603034803944124,4.441130091997526
32,2189,14498,medio,1,complete-training RFECV,1,0.003528612811721274,2.820642343376841
33,1597,7266,del medio,2,complete-training RFECV,1,0.0035229349311659435,2.842865480161551
34,1614,7344,del presente decreto,3,complete-training RFECV,1,0.0035060464388789,3.068821972852376
35,2411,17391,por,1,complete-training RFECV,1,0.0034281812241792587,2.4336620499427797
36,1502,6673,de un,2,complete-training RFECV,1,0.0034051007134910044,4.196007633964541
37,1598,7267,del medio ambiente,3,complete-training RFECV,1,0.0032825653450807035,2.842865480161551
38,1371,6038,de la,2,complete-training RFECV,1,0.00320870124196456,2.2880767329744445
39,952,2762,beneficios,1,complete-training RFECV,1,0.003177565069179385,4.692444520278432
40,1186,5080,cumplir,1,complete-training RFECV,1,0.0031548468100178707,3.834994288427211
41,1763,8509,el ds,2,complete-training RFECV,1,0.0030497497011797658,4.286979412170268
42,2176,14263,material,1,complete-training RFECV,1,0.00304282882954842,3.693915690167305
43,2408,17354,podrán,1,complete-training RFECV,1,0.0029609071459688416,4.3870628707272505
44,3340,23079,y o,2,complete-training RFECV,1,0.0028845621170450007,3.930304468231536
45,1742,8382,el artículo,2,complete-training RFECV,1,0.002859319315139326,3.7761537884042773
46,1821,8923,emisiones,1,complete-training RFECV,1,0.002839385784250299,2.820642343376841
47,2187,14432,medidas,1,complete-training RFECV,1,0.0028351225330969366,3.32416866466122
48,2372,17141,plan,1,complete-training RFECV,1,0.002824444331531597,3.054835730877636
49,941,2612,año,1,complete-training RFECV,1,0.0027852130002843983,3.7761537884042773
50,1849,9267,en el,2,complete-training RFECV,1,0.0027730253089831808,2.3616885503176905
51,1913,9845,es,1,complete-training RFECV,1,0.0027661818508522584,3.693915690167305
52,798,1738,ambiente,1,complete-training RFECV,1,0.0027429870382144257,2.820642343376841
53,2095,12949,la norma,2,complete-training RFECV,1,0.0027330005617299522,3.897514645408545
54,2826,20722,sistema de,2,complete-training RFECV,1,0.0027159657052008234,4.3870628707272505
55,2810,20627,siguientes,1,complete-training RFECV,1,0.0027151507912899207,3.570301734200129
56,1050,3783,como,1,complete-training RFECV,1,0.002694792533136486,3.22062798572038
57,2452,17765,presente,1,complete-training RFECV,1,0.0026867053606450604,2.658673015431785
58,1970,10857,fecha,1,complete-training RFECV,1,0.002645813765130361,4.3870628707272505
59,1862,9348,en la,2,complete-training RFECV,1,0.002606332779537142,2.471689445532019
60,2446,17650,ppda,1,complete-training RFECV,1,0.0025941887132533946,4.692444520278432
61,2467,17972,proceso,1,complete-training RFECV,1,0.002552891584637908,4.441130091997526
62,2177,14264,material particulado,2,complete-training RFECV,1,0.002538948646448893,3.7205839372494665
63,2329,16788,particulado,1,complete-training RFECV,1,0.0024775208222557418,3.7205839372494665
64,2209,14796,ministerio,1,complete-training RFECV,1,0.002429311126529648,2.7465343712231194
65,2398,17257,plazo,1,complete-training RFECV,1,0.002424254677400628,3.642622395779755
66,1744,8409,el año,2,complete-training RFECV,1,0.0024156526696244587,4.846595200105691
67,2104,13099,la seremi,2,complete-training RFECV,1,0.0023945042534565526,3.930304468231536
68,1898,9698,entrada en vigencia,3,complete-training RFECV,1,0.0023373241616673236,3.22062798572038
69,2763,20320,sector,1,complete-training RFECV,1,0.002335017066948863,4.558913127653909
70,714,1435,al,1,complete-training RFECV,1,0.0022831287649226414,2.6967728616640554
71,2544,18828,que se,2,complete-training RFECV,1,0.0022438332609128874,3.1883671235021582
72,879,2191,aquel,1,complete-training RFECV,1,0.0021975781246372054,5.2520603082138555
73,3248,22569,vigencia,1,complete-training RFECV,1,0.0021890185319114828,3.126809230502725
74,2607,19232,refiere a,2,complete-training RFECV,1,0.0021555981153154303,5.385591700838378
75,995,3260,caso,1,complete-training RFECV,1,0.0021534541695483176,4.035664983889362
76,1920,9982,esta,1,complete-training RFECV,1,0.002127616097436266,4.073405311872209
77,2620,19311,región,1,complete-training RFECV,1,0.002126173001152635,2.9126612420970934
78,974,3028,calidad,1,complete-training RFECV,1,0.002060139553581251,3.7761537884042773
79,1998,11147,fuente,1,complete-training RFECV,1,0.002058443382600683,4.4982885058374755
80,2226,15050,mp10,1,complete-training RFECV,1,0.0020517678542095593,3.930304468231536
81,2113,13125,la superintendencia del,3,complete-training RFECV,1,0.0020410885813296,3.964206019907217
82,2825,20717,sistema,1,complete-training RFECV,1,0.0019880294201961093,4.196007633964541
83,1835,9068,emisión,1,complete-training RFECV,1,0.00195751615514391,3.4813542481836324
84,1896,9696,entrada,1,complete-training RFECV,1,0.0019512476843579066,3.22062798572038
85,1400,6182,de los,2,complete-training RFECV,1,0.0019351663668885932,2.9370526952212526
86,1704,8038,ds,1,complete-training RFECV,1,0.0019216998254025805,3.930304468231536
87,2210,14797,ministerio de,2,complete-training RFECV,1,0.001895426276077877,3.288450582059141
88,2750,20215,se refiere,2,complete-training RFECV,1,0.001894257146171805,5.2520603082138555
89,1387,6128,de las,2,complete-training RFECV,1,0.0018937316037064235,3.157114579998054
90,2080,12767,la entrada,2,complete-training RFECV,1,0.0018890689906071504,3.3612099363415693
91,2204,14736,metropolitana de,2,complete-training RFECV,1,0.0018873656696079455,3.0140137363573807
92,1032,3642,combustibles,1,complete-training RFECV,1,0.0018623840049083271,3.7761537884042773
93,972,2995,calefactores,1,complete-training RFECV,1,0.0018584425185212978,4.3357695763397
94,2248,15603,norma,1,complete-training RFECV,1,0.0018401698005949042,3.747982911437581
95,1883,9549,en vigencia,2,complete-training RFECV,1,0.0018126695683420347,3.157114579998054
96,1040,3701,combustionar,1,complete-training RFECV,1,0.0018115247355681824,5.2520603082138555
97,2205,14738,metropolitana de santiago,3,complete-training RFECV,1,0.001779519906330467,3.0274367566895215
98,1853,9283,en el diario,3,complete-training RFECV,1,0.0017776288985883806,4.93360657709532
99,2102,13066,la región metropolitana,3,complete-training RFECV,1,0.0017680000528478403,2.9620539974266693
100,1475,6543,de santiago,2,complete-training RFECV,1,0.0017499412903488553,2.865593731239107
101,922,2423,astm,1,complete-training RFECV,1,0.0017429636912600634,5.722063937459591
102,163,318,2015,1,complete-training RFECV,1,0.0017117014240421338,4.623451648791481
103,2081,12768,la entrada en,3,complete-training RFECV,1,0.0016991214702802176,3.3612099363415693
104,1884,9550,en vigencia del,3,complete-training RFECV,1,0.0016741584573738014,3.22062798572038
105,530,911,a partir,2,complete-training RFECV,1,0.0016711354613490848,4.441130091997526
106,1315,5788,de emisión,2,complete-training RFECV,1,0.0016640786519499565,3.7761537884042773
107,2037,11698,horas,1,complete-training RFECV,1,0.001647270210683357,4.623451648791481
108,2873,21220,sólido,1,complete-training RFECV,1,0.0016453980839279602,5.385591700838378
109,2606,19231,refiere,1,complete-training RFECV,1,0.0016296425727606268,5.2520603082138555
110,1028,3608,combustible,1,complete-training RFECV,1,0.0016255501586260723,4.035664983889362
111,2203,14733,metropolitana,1,complete-training RFECV,1,0.0016094166563540317,2.9370526952212526
112,2818,20682,sin,1,complete-training RFECV,1,0.0015955623132655125,4.196007633964541
113,1150,4799,corresponde,1,complete-training RFECV,1,0.0015935564952148035,5.2520603082138555
114,703,1392,aire,1,complete-training RFECV,1,0.0015917012269595315,3.964206019907217
115,1863,9372,en la norma,3,complete-training RFECV,1,0.0015818285220475354,4.623451648791481
116,1684,7826,disminución,1,complete-training RFECV,1,0.001574453280003606,4.7665524924321545
117,1083,4143,con los,2,complete-training RFECV,1,0.0015591676729519246,4.240459396535375
118,1311,5750,de emisiones,2,complete-training RFECV,1,0.001558533732187726,3.419478844465545
119,1850,9275,en el artículo,3,complete-training RFECV,1,0.0015540502400469322,3.834994288427211
120,2186,14411,medida,1,complete-training RFECV,1,0.001545615194658298,4.441130091997526
121,2622,19320,región metropolitana de,3,complete-training RFECV,1,0.00154000182885451,3.0140137363573807
122,2134,13420,las siguientes,2,complete-training RFECV,1,0.0015379804852852814,4.846595200105691
123,1931,10075,establecido en,2,complete-training RFECV,1,0.0015342863339834311,4.073405311872209
124,2000,11183,fuentes,1,complete-training RFECV,1,0.0015114439137075902,3.964206019907217
125,2608,19233,refiere a la,3,complete-training RFECV,1,0.0015093699349442336,5.385591700838378
126,1583,7153,del aire,2,complete-training RFECV,1,0.0015081152117775007,3.9992973397184874
127,2481,18079,programa de,2,complete-training RFECV,1,0.0014898210287606934,4.286979412170268
128,2590,19142,reducción,1,complete-training RFECV,1,0.0014882375137517125,3.524839360123371
129,1090,4218,concentraciones,1,complete-training RFECV,1,0.0014770829882519577,4.692444520278432
130,2694,19801,santiago,1,complete-training RFECV,1,0.0014760514204981306,2.854165035415485
131,1937,10114,establecimientos,1,complete-training RFECV,1,0.001466518511101878,4.441130091997526
132,2751,20216,se refiere a,3,complete-training RFECV,1,0.0014615553601751443,5.385591700838378
133,2084,12809,la fecha de,3,complete-training RFECV,1,0.0014526545007559901,5.134277272557472
134,1055,3893,compensación de,2,complete-training RFECV,1,0.001425291958681951,4.441130091997526
135,1761,8497,el diario,2,complete-training RFECV,1,0.001409503707913833,4.93360657709532
136,976,3036,calidad del,2,complete-training RFECV,1,0.0014084856361348522,4.073405311872209
137,1663,7659,diario,1,complete-training RFECV,1,0.0013880660937306876,4.846595200105691
138,3249,22570,vigencia del,2,complete-training RFECV,1,0.0013854645522029488,3.1883671235021582
139,1599,7270,del ministerio,2,complete-training RFECV,1,0.001384657027299917,3.399676217169365
140,2992,21680,transporte,1,complete-training RFECV,1,0.0013532347685294075,4.286979412170268
141,2142,13612,lo establecido,2,complete-training RFECV,1,0.0013436724367082845,4.240459396535375
142,1945,10225,estará,1,complete-training RFECV,1,0.0013436471862533442,4.7665524924321545
143,2423,17463,por la,2,complete-training RFECV,1,0.001330677863713478,3.930304468231536
144,1054,3892,compensación,1,complete-training RFECV,1,0.0013269713826287938,4.240459396535375
145,1270,5571,de combustión,2,complete-training RFECV,1,0.0013133085242847597,4.7665524924321545
146,788,1697,ambiental,1,complete-training RFECV,1,0.0013032209356815152,4.035664983889362
147,885,2213,aquellas,1,complete-training RFECV,1,0.0012980820782402295,4.558913127653909
148,3250,22573,vigencia del presente,3,complete-training RFECV,1,0.0012922475181650279,3.2371572876715904
149,3188,22216,uso,1,complete-training RFECV,1,0.001281193294203706,3.930304468231536
150,1131,4619,contenido,1,complete-training RFECV,1,0.001278103945237732,4.93360657709532
151,2621,19318,región metropolitana,2,complete-training RFECV,1,0.0012764887930176766,2.9620539974266693
152,2195,14659,meses,1,complete-training RFECV,1,0.0012710213433314366,3.4813542481836324
153,2399,17258,plazo de,2,complete-training RFECV,1,0.0012701121990899896,3.8051413252775297
154,2101,13063,la región,2,complete-training RFECV,1,0.0012616513853493485,2.9126612420970934
155,1897,9697,entrada en,2,complete-training RFECV,1,0.0012395030336993544,3.22062798572038
156,2099,13055,la reducción,2,complete-training RFECV,1,0.0012190121540865497,4.3357695763397
157,2866,21134,sus,1,complete-training RFECV,1,0.0012182980435610589,3.4396815517830643
158,1854,9286,en el ds,3,complete-training RFECV,1,0.0012169480096402504,5.134277272557472
159,1030,3628,combustible sólido,2,complete-training RFECV,1,0.00119040548872484,5.385591700838378
160,2332,16850,partir de,2,complete-training RFECV,1,0.0011870733731639265,4.692444520278432
161,1641,7501,descontaminación,1,complete-training RFECV,1,0.0011865193951480315,4.035664983889362
162,1300,5722,de economía,2,complete-training RFECV,1,0.001178281059875234,4.7665524924321545
163,933,2476,atribuciones,1,complete-training RFECV,1,0.0011739113274791548,4.7665524924321545
164,2767,20384,según,1,complete-training RFECV,1,0.0011551772332878416,4.1534480195457455
165,2276,16199,oficial,1,complete-training RFECV,1,0.0011545833522679523,4.623451648791481
166,2214,14806,ministerio del,2,complete-training RFECV,1,0.001147909993024351,3.502860453404596
167,2835,20800,sobre,1,complete-training RFECV,1,0.001146777882036301,4.196007633964541
168,2298,16437,ozono,1,complete-training RFECV,1,0.0011263604094468188,4.93360657709532
169,1851,9276,en el caso,3,complete-training RFECV,1,0.0011262011084298747,4.846595200105691
170,832,1934,anterior,1,complete-training RFECV,1,0.001116081417377194,4.196007633964541
171,2143,13613,lo establecido en,3,complete-training RFECV,1,0.0011137939150837083,4.286979412170268
172,1865,9379,en la región,3,complete-training RFECV,1,0.001110028048494819,3.642622395779755
173,2136,13499,leña,1,complete-training RFECV,1,0.0010997418458470526,3.7205839372494665
174,1720,8173,economía,1,complete-training RFECV,1,0.0010932475100904236,4.7665524924321545
175,1498,6663,de transportes y,3,complete-training RFECV,1,0.0010905146906875945,4.073405311872209
176,1321,5828,de entrada,2,complete-training RFECV,1,0.0010900171707618868,5.134277272557472
177,2364,17085,período,1,complete-training RFECV,1,0.0010882471994578583,4.623451648791481
178,2500,18310,proyectos,1,complete-training RFECV,1,0.001086709541881608,4.692444520278432
179,2284,16230,operación,1,complete-training RFECV,1,0.0010779009727049835,4.3357695763397
180,2882,21250,tabla,1,complete-training RFECV,1,0.0010759298834872662,3.6179297831893833
181,2138,13597,lo,1,complete-training RFECV,1,0.0010744886295251832,3.2043674648485996
182,2538,18742,que no,2,complete-training RFECV,1,0.0010709192402845852,4.11262602502549
183,2523,18527,que combustiona o,3,complete-training RFECV,1,0.001070090969851954,5.539742380665636
184,1146,4786,corresponda,1,complete-training RFECV,1,0.001064194846588355,5.2520603082138555
185,2480,18078,programa,1,complete-training RFECV,1,0.0010626844024696352,4.073405311872209
186,3141,21998,un plazo de,3,complete-training RFECV,1,0.0010623278191246614,4.1534480195457455
187,1301,5723,de economía fomento,3,complete-training RFECV,1,0.0010607668089824955,4.7665524924321545
188,2848,20911,su,1,complete-training RFECV,1,0.0010514964419306991,3.570301734200129
189,2306,16540,para efectos de,3,complete-training RFECV,1,0.001044915591374574,5.722063937459591
190,2149,13726,los beneficios,2,complete-training RFECV,1,0.0010412214461291917,5.028916756899646
191,2010,11337,gases,1,complete-training RFECV,1,0.001039074527786981,4.558913127653909
192,2014,11370,gec,1,complete-training RFECV,1,0.0010390351674782917,4.692444520278432
193,892,2234,aquellos,1,complete-training RFECV,1,0.001029382373205833,4.623451648791481
194,1706,8054,ds 66 de,3,complete-training RFECV,1,0.0010274065299797103,4.93360657709532
195,1847,9221,en caso,2,complete-training RFECV,1,0.0010250598249457994,5.028916756899646
196,1685,7827,disminución de,2,complete-training RFECV,1,0.001020176395579451,5.028916756899646
197,927,2442,atmosférica,1,complete-training RFECV,1,0.001020050444527663,4.035664983889362
198,1651,7556,desde la entrada,3,complete-training RFECV,1,0.0010190170880168996,3.8051413252775297
199,2315,16606,para la,2,complete-training RFECV,1,0.0010107426118775012,3.4603008389858
200,2076,12701,la cuenca,2,complete-training RFECV,1,0.0010056647428512801,4.846595200105691
201,2791,20506,será,1,complete-training RFECV,1,0.0010040463598096749,4.558913127653909
202,1869,9394,en las,2,complete-training RFECV,1,0.0010019043445985113,4.1534480195457455
203,3004,21716,transportes y,2,complete-training RFECV,1,0.0010012625053000318,4.073405311872209
204,1187,5081,cumplir con,2,complete-training RFECV,1,0.0009975232734407307,4.4982885058374755
205,2331,16849,partir,1,complete-training RFECV,1,0.0009950513536570562,4.441130091997526
206,2307,16541,para el,2,complete-training RFECV,1,0.0009927588701106314,4.035664983889362
207,2661,19580,respirable,1,complete-training RFECV,1,0.0009907012189716202,5.028916756899646
208,1496,6661,de transportes,2,complete-training RFECV,1,0.0009883272824533975,4.073405311872209
209,2330,16805,particulado fino,2,complete-training RFECV,1,0.0009816249222541228,5.134277272557472
210,1134,4646,continuo,1,complete-training RFECV,1,0.0009782321329884682,5.539742380665636
211,2212,14804,ministerio de transportes,3,complete-training RFECV,1,0.0009746280216220135,4.073405311872209
212,2510,18386,puede combustionar,2,complete-training RFECV,1,0.0009716786040894147,5.539742380665636
213,2304,16504,para casos de,3,complete-training RFECV,1,0.0009651720278534206,6.232889561225582
214,948,2721,base,1,complete-training RFECV,1,0.0009629871108566482,4.441130091997526
215,1255,5477,de calidad,2,complete-training RFECV,1,0.0009581365760094324,4.240459396535375
216,944,2667,años,1,complete-training RFECV,1,0.0009561477192706107,4.93360657709532
217,2347,16967,permanente,1,complete-training RFECV,1,0.00095529514064811,5.134277272557472
218,2724,20045,se entenderá por,3,complete-training RFECV,1,0.00095435199957168,5.945207488773801
219,1251,5461,de calefacción,2,complete-training RFECV,1,0.0009473647888165854,4.93360657709532
220,2124,13272,las disposiciones,2,complete-training RFECV,1,0.0009435103143495912,5.2520603082138555
221,2591,19147,reducción de,2,complete-training RFECV,1,0.0009424387373811375,3.8051413252775297
222,1899,9703,entre,1,complete-training RFECV,1,0.0009378002491933476,4.3357695763397
223,1037,3698,combustiona,1,complete-training RFECV,1,0.0009284955030807604,5.539742380665636
224,1718,8133,e,1,complete-training RFECV,1,0.0009264759358170348,4.073405311872209
225,1948,10244,este,1,complete-training RFECV,1,0.0009250612352719575,4.1534480195457455
226,1987,11040,fomento y reconstrucción,3,complete-training RFECV,1,0.0009219688688337319,4.7665524924321545
227,2947,21579,todo,1,complete-training RFECV,1,0.0009202471439067081,4.692444520278432
228,2575,19086,reconstrucción,1,complete-training RFECV,1,0.0009154663812696531,4.7665524924321545
229,2783,20481,seremi del,2,complete-training RFECV,1,0.0009108374695762962,4.3357695763397
230,2928,21491,tiene,1,complete-training RFECV,1,0.0009046731480977827,4.846595200105691
231,3369,23182,y reconstrucción,2,complete-training RFECV,1,0.000899941896316828,4.7665524924321545
232,2031,11591,han,1,complete-training RFECV,1,0.0008960056031264685,4.93360657709532
233,1665,7664,diario oficial el,3,complete-training RFECV,1,0.0008793443159068448,5.2520603082138555
234,1990,11046,for testing and,3,complete-training RFECV,1,0.0008789352270358856,6.232889561225582
235,1600,7271,del ministerio de,3,complete-training RFECV,1,0.0008781266361677472,3.9992973397184874
236,625,1108,actividades,1,complete-training RFECV,1,0.000876026908325762,4.240459396535375
237,1907,9773,episodios críticos,2,complete-training RFECV,1,0.0008695690590001426,5.134277272557472
238,644,1186,acuerdo,1,complete-training RFECV,1,0.0008611286696230037,3.7761537884042773
239,2127,13320,las fuentes,2,complete-training RFECV,1,0.0008608673190454687,4.692444520278432
240,1043,3711,combustión,1,complete-training RFECV,1,0.0008605967335460258,4.286979412170268
241,2233,15253,máximo de,2,complete-training RFECV,1,0.000851523265159113,5.2520603082138555
242,1615,7345,del presente plan,3,complete-training RFECV,1,0.0008508693561046374,4.7665524924321545
243,1273,5579,de compensación,2,complete-training RFECV,1,0.0008489325703820425,4.846595200105691
244,1132,4620,contenido de,2,complete-training RFECV,1,0.0008453742429644168,5.028916756899646
245,1996,11134,fue declarada,2,complete-training RFECV,1,0.0008450782920827247,5.2520603082138555
246,2456,17803,presente plan,2,complete-training RFECV,1,0.000837473736567794,4.3357695763397
247,1339,5897,de fecha,2,complete-training RFECV,1,0.0008356930543976202,5.385591700838378
248,3453,23329,zona,1,complete-training RFECV,1,0.0008337015541362115,3.9992973397184874
249,1056,3894,compensación de emisiones,3,complete-training RFECV,1,0.0008326577492012957,4.441130091997526
250,1176,5002,cuenca,1,complete-training RFECV,1,0.0008296931548665188,4.7665524924321545
251,1171,4963,cuando,1,complete-training RFECV,1,0.0008197527321445073,4.93360657709532
252,531,912,a partir de,3,complete-training RFECV,1,0.0008174403505364857,4.692444520278432
253,221,504,40 part,2,complete-training RFECV,1,0.0008145911378779014,5.945207488773801
254,2756,20264,sea,1,complete-training RFECV,1,0.0008102946285362692,4.3357695763397
255,3410,23264,y telecomunicaciones,2,complete-training RFECV,1,0.0008088265870783504,4.073405311872209
256,1946,10226,estará a,2,complete-training RFECV,1,0.0008021138117927959,5.028916756899646
257,2860,21096,superintendencia del medio,3,complete-training RFECV,1,0.0007991072377960932,3.964206019907217
258,2760,20285,sean,1,complete-training RFECV,1,0.0007987227680401555,5.134277272557472
259,2266,16016,o puede combustionar,3,complete-training RFECV,1,0.0007811062744741173,5.539742380665636
260,1128,4583,contar,1,complete-training RFECV,1,0.0007783586582418848,4.3357695763397
261,1122,4476,construcción,1,complete-training RFECV,1,0.0007770708362209091,4.846595200105691
262,3353,23132,y permanente,2,complete-training RFECV,1,0.0007746308903140459,5.539742380665636
263,895,2252,arbitraje,1,complete-training RFECV,1,0.0007723554691650709,5.722063937459591
264,1786,8657,el plan,2,complete-training RFECV,1,0.0007698407850726943,5.028916756899646
265,151,282,2009,1,complete-training RFECV,1,0.0007685627225757137,4.4982885058374755
266,486,855,a lo,2,complete-training RFECV,1,0.0007668898741744988,3.964206019907217
267,2044,11843,impacto,1,complete-training RFECV,1,0.0007649535852808423,5.028916756899646
268,924,2425,astm american society,3,complete-training RFECV,1,0.0007640361073550458,6.232889561225582
269,2859,21095,superintendencia del,2,complete-training RFECV,1,0.0007589221181862582,3.964206019907217
270,1103,4330,conforme a,2,complete-training RFECV,1,0.0007585585343800881,4.3870628707272505
271,1420,6258,de mayo al,3,complete-training RFECV,1,0.0007578853436902758,5.722063937459591
272,1517,6781,debe,1,complete-training RFECV,1,0.0007550002374765709,5.2520603082138555
273,1322,5829,de entrada en,3,complete-training RFECV,1,0.0007536988627613588,5.134277272557472
274,497,866,a los,2,complete-training RFECV,1,0.0007479981843717617,3.897514645408545
275,1801,8770,el uso,2,complete-training RFECV,1,0.0007438513549395983,4.4982885058374755
276,2647,19490,requisitos,1,complete-training RFECV,1,0.0007400266942575198,4.441130091997526
277,1325,5834,de episodios,2,complete-training RFECV,1,0.0007388311231673386,4.692444520278432
278,2215,14807,ministerio del medio,3,complete-training RFECV,1,0.0007384343290270836,3.502860453404596
279,1695,7908,dispuesto en,2,complete-training RFECV,1,0.0007363837620612049,4.4982885058374755
280,2182,14347,mediante,1,complete-training RFECV,1,0.0007361289834739612,4.196007633964541
281,1451,6433,de prevención,2,complete-training RFECV,1,0.0007352512444690559,4.4982885058374755
282,1906,9770,episodios,1,complete-training RFECV,1,0.0007349988571661934,4.441130091997526
283,2280,16220,operacional de,2,complete-training RFECV,1,0.0007325414640892346,5.385591700838378
284,2171,14116,madera,1,complete-training RFECV,1,0.0007305018849237213,4.11262602502549
285,2712,19963,se considerarán como,3,complete-training RFECV,1,0.0007303813459907054,5.945207488773801
286,1260,5500,de carbono,2,complete-training RFECV,1,0.0007273539599589293,4.692444520278432
287,1060,3958,componentes,1,complete-training RFECV,1,0.0007267405614876832,5.539742380665636
288,3460,23339,zona saturada,2,complete-training RFECV,1,0.0007202818854687789,5.134277272557472
289,1327,5836,de episodios críticos,3,complete-training RFECV,1,0.000720194847950974,5.2520603082138555
290,1249,5454,de cada,2,complete-training RFECV,1,0.0007191622581668122,5.028916756899646
291,1979,10945,finalidad,1,complete-training RFECV,1,0.0007185187916578322,5.539742380665636
292,1127,4555,contaminantes,1,complete-training RFECV,1,0.0007180607963277949,4.286979412170268
293,1983,10983,fiscalización de,2,complete-training RFECV,1,0.0007168936441709891,5.385591700838378
294,2674,19656,retiro,1,complete-training RFECV,1,0.0007154388539873875,5.2520603082138555
295,2784,20482,seremi del medio,3,complete-training RFECV,1,0.0007147778028822324,4.3357695763397
296,2679,19698,rigiendo,1,complete-training RFECV,1,0.0007131432994055177,5.722063937459591
297,1535,6874,deberán cumplir,2,complete-training RFECV,1,0.0007131199295562354,4.692444520278432
298,1162,4904,críticos,1,complete-training RFECV,1,0.0007128239081011219,5.134277272557472
299,2278,16210,oficial por,2,complete-training RFECV,1,0.0007124943624789907,5.028916756899646
300,1930,10074,establecido,1,complete-training RFECV,1,0.0007105158775862708,4.035664983889362
301,2926,21482,testing and materials,3,complete-training RFECV,1,0.0007090725132884308,6.232889561225582
302,2001,11195,fuentes estacionarias,2,complete-training RFECV,1,0.0007074492772188131,4.558913127653909
303,2130,13350,las medidas,2,complete-training RFECV,1,0.0007071298292464997,3.8657659470939647
304,2703,19907,saturada,1,complete-training RFECV,1,0.0007037499965687269,5.028916756899646
305,3005,21717,transportes y telecomunicaciones,3,complete-training RFECV,1,0.0007002691980208382,4.073405311872209
306,833,1950,anterior se,2,complete-training RFECV,1,0.0006968613673225896,4.93360657709532
307,3190,22220,uso de,2,complete-training RFECV,1,0.0006947870583430907,4.3870628707272505
308,1779,8622,el método,2,complete-training RFECV,1,0.0006930661138290914,5.539742380665636
309,2021,11482,gobierno regional,2,complete-training RFECV,1,0.0006929017423152977,5.385591700838378
310,1746,8431,el caso,2,complete-training RFECV,1,0.0006859881908115916,4.623451648791481
311,487,856,a lo dispuesto,3,complete-training RFECV,1,0.0006848826096912833,4.846595200105691
312,3199,22277,utilizada,1,complete-training RFECV,1,0.0006844105652000999,5.722063937459591
313,977,3037,calidad del aire,3,complete-training RFECV,1,0.0006841956423848968,4.073405311872209
314,1119,4435,considerarán como,2,complete-training RFECV,1,0.0006831260105263351,5.945207488773801
315,2232,15250,máximo,1,complete-training RFECV,1,0.0006823384239330176,4.93360657709532
316,645,1191,acuerdo a,2,complete-training RFECV,1,0.0006809983761592434,4.073405311872209
317,1722,8175,economía fomento y,3,complete-training RFECV,1,0.0006802099000367801,4.7665524924321545
318,2234,15266,método,1,complete-training RFECV,1,0.0006797689934386051,5.134277272557472
319,1079,4127,con las,2,complete-training RFECV,1,0.0006751151809223415,4.846595200105691
320,965,2933,calderas,1,complete-training RFECV,1,0.0006698190163277702,4.558913127653909
321,813,1845,american,1,complete-training RFECV,1,0.0006644878739704019,6.232889561225582
322,1747,8432,el caso de,3,complete-training RFECV,1,0.0006632302926273944,4.93360657709532
323,1947,10227,estará a lo,3,complete-training RFECV,1,0.0006575263913548667,5.028916756899646
324,3181,22206,usarse el,2,complete-training RFECV,1,0.000653122205250618,5.722063937459591
325,2107,13104,la siguiente,2,complete-training RFECV,1,0.0006530479702677544,4.93360657709532
326,2265,16015,o puede,2,complete-training RFECV,1,0.0006500986111103277,5.539742380665636
327,2691,19765,salud,1,complete-training RFECV,1,0.0006472676020461956,4.441130091997526
328,1952,10377,estudios,1,complete-training RFECV,1,0.0006452624948265157,4.93360657709532
329,2734,20105,se incluyen,2,complete-training RFECV,1,0.0006446439035138695,6.232889561225582
330,2649,19498,residencial,1,complete-training RFECV,1,0.0006416064143750834,4.4982885058374755
331,1091,4240,concentración,1,complete-training RFECV,1,0.0006412160719301335,4.7665524924321545
332,1292,5671,de cámara,2,complete-training RFECV,1,0.0006387597697871231,6.638354669333745
333,2072,12644,la compensación,2,complete-training RFECV,1,0.0006385849111817421,4.846595200105691
334,3232,22417,vehicular,1,complete-training RFECV,1,0.0006382975438308741,4.846595200105691
335,2925,21481,testing and,2,complete-training RFECV,1,0.0006357648053669131,6.232889561225582
336,2374,17151,plan de,2,complete-training RFECV,1,0.0006350445381544996,3.9992973397184874
337,2436,17570,portátil,1,complete-training RFECV,1,0.000634618470833394,6.232889561225582
338,1473,6536,de salud,2,complete-training RFECV,1,0.000633924245888099,5.134277272557472
339,940,2590,azufre,1,complete-training RFECV,1,0.0006335550034570893,5.028916756899646
340,1486,6605,de su,2,complete-training RFECV,1,0.0006295168260021313,5.539742380665636
341,1102,4329,conforme,1,complete-training RFECV,1,0.000627923727581354,4.3357695763397
342,2068,12547,kw,1,complete-training RFECV,1,0.0006278939629490201,5.385591700838378
343,1650,7554,desde la,2,complete-training RFECV,1,0.0006272855111329875,3.693915690167305
344,1867,9384,en la tabla,3,complete-training RFECV,1,0.000625233137984744,4.11262602502549
345,3320,22994,y la,2,complete-training RFECV,1,0.0006240339202371443,4.846595200105691
346,1784,8652,el período de,3,complete-training RFECV,1,0.0006226950291407533,5.385591700838378
347,1646,7541,desde,1,complete-training RFECV,1,0.0006217927468147525,3.399676217169365
348,1831,9025,emisiones que,2,complete-training RFECV,1,0.0006217655652733811,5.539742380665636
349,1151,4800,corresponde a,2,complete-training RFECV,1,0.0006190790054167686,5.385591700838378
350,261,602,66 de 2009,3,complete-training RFECV,1,0.0006167970231683261,4.7665524924321545
351,1940,10161,estacionarias,1,complete-training RFECV,1,0.0006159944300316914,4.558913127653909
352,1875,9490,en que,2,complete-training RFECV,1,0.000613973747134461,5.2520603082138555
353,2196,14672,meses desde,2,complete-training RFECV,1,0.0006117988504957617,4.441130091997526
354,2277,16203,oficial el,2,complete-training RFECV,1,0.0006098899439597481,5.2520603082138555
355,1352,5942,de gec,2,complete-training RFECV,1,0.0006074304122660503,4.93360657709532
356,2016,11398,general,1,complete-training RFECV,1,0.0006023889915389357,5.028916756899646
357,2777,20445,ser,1,complete-training RFECV,1,0.0006022376839368367,4.558913127653909
358,1732,8248,efectos de,2,complete-training RFECV,1,0.0006021788024803452,5.2520603082138555
359,2807,20618,siguiente,1,complete-training RFECV,1,0.0006007321078207758,4.3357695763397
360,2781,20475,seremi de,2,complete-training RFECV,1,0.0005994259235848447,4.692444520278432
361,2681,19704,rm,1,complete-training RFECV,1,0.0005986180782205728,4.692444520278432
362,1982,10978,fiscalización,1,complete-training RFECV,1,0.0005980983232093548,4.196007633964541
363,2242,15463,nivel,1,complete-training RFECV,1,0.0005963628289517145,4.846595200105691
364,2553,18910,que utilicen,2,complete-training RFECV,1,0.0005959904370692364,4.4982885058374755
365,1156,4841,costos,1,complete-training RFECV,1,0.0005955760392177843,5.2520603082138555
366,2250,15655,normas,1,complete-training RFECV,1,0.000593006624672853,4.692444520278432
367,1848,9222,en caso de,3,complete-training RFECV,1,0.0005924039908412061,5.539742380665636
368,2028,11527,grupos electrógenos,2,complete-training RFECV,1,0.0005918984339112302,5.539742380665636
369,1914,9888,es que,2,complete-training RFECV,1,0.0005907862621495482,6.232889561225582
370,2867,21137,sus atribuciones,2,complete-training RFECV,1,0.0005904752912045286,5.134277272557472
371,1997,11135,fue declarada oficial,3,complete-training RFECV,1,0.0005887149742174859,5.385591700838378
372,1555,6969,declarada,1,complete-training RFECV,1,0.000586405915242799,4.7665524924321545
373,970,2989,calefactor de,2,complete-training RFECV,1,0.0005838014108073672,6.638354669333745
374,1814,8874,ello,1,complete-training RFECV,1,0.0005832818434009284,5.134277272557472
375,615,1088,actividad,1,complete-training RFECV,1,0.0005820325243094429,4.7665524924321545
376,1934,10082,establecidos,1,complete-training RFECV,1,0.0005805044455196171,4.286979412170268
377,3011,21727,través,1,complete-training RFECV,1,0.0005800152810162182,4.3357695763397
378,1721,8174,economía fomento,2,complete-training RFECV,1,0.0005775917337028722,4.7665524924321545
379,2527,18606,que ejecuten,2,complete-training RFECV,1,0.0005740900756116522,6.638354669333745
380,1174,4984,cuantificar,1,complete-training RFECV,1,0.0005710713652344075,5.945207488773801
381,2388,17225,plantel,1,complete-training RFECV,1,0.0005701831904802244,4.93360657709532
382,3155,22032,una,1,complete-training RFECV,1,0.0005679259353089377,3.4396815517830643
383,109,203,1998,1,complete-training RFECV,1,0.000561632864079197,5.028916756899646
384,2670,19631,resultados,1,complete-training RFECV,1,0.0005599921038660382,4.846595200105691
385,1115,4422,considerar,1,complete-training RFECV,1,0.0005593635365380342,5.722063937459591
386,2442,17625,potencia,1,complete-training RFECV,1,0.0005588583214665014,4.7665524924321545
387,1041,3704,combustionar leña,2,complete-training RFECV,1,0.0005576621288082883,5.385591700838378
388,2012,11358,gasolina,1,complete-training RFECV,1,0.0005567168617539406,5.539742380665636
389,2720,20029,se encuentra,2,complete-training RFECV,1,0.0005567037440569276,5.134277272557472
390,2166,14061,límites,1,complete-training RFECV,1,0.000556535441744572,4.558913127653909
391,1642,7502,descontaminación atmosférica,2,complete-training RFECV,1,0.0005559429870481797,4.240459396535375
392,2156,13888,los niveles,2,complete-training RFECV,1,0.0005520995486198025,4.623451648791481
393,1956,10464,evaluación,1,complete-training RFECV,1,0.0005520472256574462,4.692444520278432
394,2268,16114,obligación,1,complete-training RFECV,1,0.0005510135566515696,5.722063937459591
395,1385,6117,de la subvención,3,complete-training RFECV,1,0.0005491209428356441,5.945207488773801
396,2365,17086,período de,2,complete-training RFECV,1,0.0005487578273256562,5.134277272557472
397,1712,8087,durante,1,complete-training RFECV,1,0.0005483429064027851,4.240459396535375
398,2847,20889,son,1,complete-training RFECV,1,0.0005442710692347707,5.028916756899646
399,1787,8670,el presente,2,complete-training RFECV,1,0.0005441463258109503,4.11262602502549
400,1991,11055,forma,1,complete-training RFECV,1,0.0005438234342228567,4.7665524924321545
401,2019,11459,gestión,1,complete-training RFECV,1,0.0005406303637928323,4.692444520278432
402,1611,7334,del ppda,2,complete-training RFECV,1,0.0005367945268762555,5.2520603082138555
403,1228,5331,de acuerdo a,3,complete-training RFECV,1,0.0005332482218292197,4.073405311872209
404,1256,5479,de calidad del,3,complete-training RFECV,1,0.0005314958221050349,4.441130091997526
405,896,2253,arbitraje debe,2,complete-training RFECV,1,0.0005314378149042862,5.722063937459591
406,2439,17614,posterioridad,1,complete-training RFECV,1,0.0005311453549657559,5.539742380665636
407,1227,5330,de acuerdo,2,complete-training RFECV,1,0.0005302829810677669,3.8657659470939647
408,2924,21480,testing,1,complete-training RFECV,1,0.0005301303591747783,6.232889561225582
409,1818,8909,emergencia,1,complete-training RFECV,1,0.0005279378658938419,5.028916756899646
410,996,3261,caso de,2,complete-training RFECV,1,0.0005262149767207362,4.558913127653909
411,1136,4667,contrario,1,complete-training RFECV,1,0.0005261371413421021,5.028916756899646
412,2704,19910,saturada por,2,complete-training RFECV,1,0.0005254763338816257,5.2520603082138555
413,2047,11874,implementación de,2,complete-training RFECV,1,0.0005247480434773099,4.93360657709532
414,1713,8090,durante el,2,complete-training RFECV,1,0.0005224709273154286,5.028916756899646
415,967,2954,calefacción,1,complete-training RFECV,1,0.0005216793241831111,4.441130091997526
416,2528,18608,que el,2,complete-training RFECV,1,0.0005214196628431763,4.558913127653909
417,2160,13989,los siguientes,2,complete-training RFECV,1,0.0005170765621703811,4.286979412170268
418,1800,8739,el siguiente,2,complete-training RFECV,1,0.0005167316542105182,5.539742380665636
419,2340,16930,pellet de madera,3,complete-training RFECV,1,0.000516115250285525,4.7665524924321545
420,1647,7550,desde el,2,complete-training RFECV,1,0.0005154307232560614,5.2520603082138555
421,3467,23359,µg,1,complete-training RFECV,1,0.0005151248873321789,5.385591700838378
422,2243,15475,niveles,1,complete-training RFECV,1,0.0005148840809653089,4.3357695763397
423,1891,9677,entenderá por,2,complete-training RFECV,1,0.0005096360945476012,5.945207488773801
424,2368,17106,petróleo,1,complete-training RFECV,1,0.0005087661061311173,5.028916756899646
425,2470,18001,procesos,1,complete-training RFECV,1,0.0005086444680473009,4.93360657709532
426,2942,21567,todas,1,complete-training RFECV,1,0.0005075975576419102,5.2520603082138555
427,1384,6106,de la región,3,complete-training RFECV,1,0.0005073237534780103,4.3357695763397
428,1654,7571,desplazamiento,1,complete-training RFECV,1,0.0005047622430811639,5.539742380665636
429,2092,12921,la meta,2,complete-training RFECV,1,0.0005039869486855744,5.028916756899646
430,1557,6971,declarada oficial por,3,complete-training RFECV,1,0.0005037908388250908,5.028916756899646
431,1200,5157,cámara simple,2,complete-training RFECV,1,0.00050260548956026,6.638354669333745
432,2424,17464,por la agencia,3,complete-training RFECV,1,0.0005022978973848119,5.722063937459591
433,2723,20044,se entenderá,2,complete-training RFECV,1,0.0005015775544356664,5.945207488773801
434,2197,14673,meses desde la,3,complete-training RFECV,1,0.0005002099035206561,4.4982885058374755
435,830,1914,antecedentes,1,complete-training RFECV,1,0.0004978808511911313,5.385591700838378
436,1972,10867,fecha de entrada,3,complete-training RFECV,1,0.0004963024029786747,5.134277272557472
437,1065,3999,comunas,1,complete-training RFECV,1,0.0004936663817176998,4.7665524924321545
438,2291,16379,otras,1,complete-training RFECV,1,0.0004905939386068558,4.7665524924321545
439,2477,18064,productos,1,complete-training RFECV,1,0.0004895598235298258,5.945207488773801
440,2096,12967,la normativa,2,complete-training RFECV,1,0.0004890960110703758,4.93360657709532
441,2164,14052,límite,1,complete-training RFECV,1,0.0004890204742452476,5.028916756899646
442,1021,3535,co,1,complete-training RFECV,1,0.0004879337436446213,4.7665524924321545
443,1985,11038,fomento,1,complete-training RFECV,1,0.00048657899454575813,4.7665524924321545
444,2114,13129,la tabla,2,complete-training RFECV,1,0.0004849875351111858,3.930304468231536
445,550,941,a restricción vehicular,3,complete-training RFECV,1,0.00048457184302480734,5.945207488773801
446,2035,11685,hora mg kw,3,complete-training RFECV,1,0.00048331678992774677,6.232889561225582
447,2426,17473,por la superintendencia,3,complete-training RFECV,1,0.00048322434710673987,4.623451648791481
448,1465,6488,de reducción,2,complete-training RFECV,1,0.00047987655632137754,4.3357695763397
449,3400,23248,y sus,2,complete-training RFECV,1,0.0004797270654365424,4.692444520278432
450,2498,18298,proyecto,1,complete-training RFECV,1,0.0004754283486289481,5.134277272557472
451,1943,10201,estado,1,complete-training RFECV,1,0.00047474888210347917,4.692444520278432
452,2759,20271,sea contrario a,3,complete-training RFECV,1,0.0004745924673318871,5.028916756899646
453,1238,5402,de arbitraje,2,complete-training RFECV,1,0.0004739266658840404,5.722063937459591
454,3012,21728,través de,2,complete-training RFECV,1,0.00047377272621380883,4.4982885058374755
455,2858,21092,superintendencia de electricidad,3,complete-training RFECV,1,0.0004719183339383918,4.623451648791481
456,2680,19699,rigiendo aquellos,2,complete-training RFECV,1,0.00047136442966911685,5.945207488773801
457,1802,8771,el uso de,3,complete-training RFECV,1,0.00047114706981414177,4.623451648791481
458,1108,4344,conjunto,1,complete-training RFECV,1,0.0004703540171472219,4.623451648791481
459,2771,20400,según lo,2,complete-training RFECV,1,0.00046884973329801055,5.2520603082138555
460,1289,5649,de crianza,2,complete-training RFECV,1,0.00046834782268877836,5.385591700838378
461,2132,13367,las metas de,3,complete-training RFECV,1,0.00046650733366565507,5.539742380665636
462,2883,21252,tabla anterior se,3,complete-training RFECV,1,0.0004661831136271717,5.028916756899646
463,1871,9417,en los,2,complete-training RFECV,1,0.00046613883285690486,3.897514645408545
464,3182,22207,usarse el método,3,complete-training RFECV,1,0.0004635174284563498,5.722063937459591
465,1563,7002,decreto el,2,complete-training RFECV,1,0.0004633676052701661,4.4982885058374755
466,2788,20493,servicios,1,complete-training RFECV,1,0.0004627390670424482,4.846595200105691
467,2539,18775,que permitan,2,complete-training RFECV,1,0.0004624606471903954,5.2520603082138555
468,891,2229,aquellas montadas sobre,3,complete-training RFECV,1,0.0004577269005151023,6.638354669333745
469,3180,22205,usarse,1,complete-training RFECV,1,0.0004565977304362447,5.722063937459591
470,2592,19152,reducción de emisiones,3,complete-training RFECV,1,0.0004555896412585142,4.441130091997526
471,2458,17847,prevención,1,complete-training RFECV,1,0.00045454322864354427,4.441130091997526
472,1981,10970,fino,1,complete-training RFECV,1,0.0004538107595239705,5.134277272557472
473,2879,21237,sólo,1,complete-training RFECV,1,0.00045359732959828934,5.2520603082138555
474,2141,13609,lo dispuesto en,3,complete-training RFECV,1,0.0004530696150866211,4.4982885058374755
475,3336,23058,y mp2,2,complete-training RFECV,1,0.00045292897264487,5.028916756899646
476,1466,6490,de reducción de,3,complete-training RFECV,1,0.0004517606473561107,4.558913127653909
477,2217,14819,minsegpres,1,complete-training RFECV,1,0.00045169022287861864,4.4982885058374755
478,3140,21997,un plazo,2,complete-training RFECV,1,0.0004509508043517371,4.073405311872209
479,2711,19962,se considerarán,2,complete-training RFECV,1,0.0004508160920944658,5.945207488773801
480,1881,9536,en un,2,complete-training RFECV,1,0.00045058810933550476,4.11262602502549
481,3137,21989,un período,2,complete-training RFECV,1,0.0004503162508247289,5.539742380665636
482,3194,22249,utilicen,1,complete-training RFECV,1,0.0004498833070630044,4.441130091997526
483,2484,18107,programas,1,complete-training RFECV,1,0.000449596174872199,5.134277272557472
484,2211,14799,ministerio de economía,3,complete-training RFECV,1,0.0004494033208888815,4.7665524924321545
485,1518,6788,debe usarse,2,complete-training RFECV,1,0.00044930697684014074,5.722063937459591
486,2875,21228,sólidos,1,complete-training RFECV,1,0.00044900492647746747,5.385591700838378
487,1389,6140,de las emisiones,3,complete-training RFECV,1,0.0004480725185970566,4.846595200105691
488,1762,8498,el diario oficial,3,complete-training RFECV,1,0.00044713474082695964,4.93360657709532
489,1157,4872,crianza,1,complete-training RFECV,1,0.0004466058435839325,5.2520603082138555
490,1839,9096,emisión establecidos en,3,complete-training RFECV,1,0.0004433259149705483,5.722063937459591
491,2116,13167,la zona,2,complete-training RFECV,1,0.0004423296657398216,4.558913127653909
492,2665,19613,restricción,1,complete-training RFECV,1,0.0004411530200677256,4.93360657709532
493,1118,4434,considerarán,1,complete-training RFECV,1,0.00044052681587610886,5.945207488773801
494,1608,7318,del plan,2,complete-training RFECV,1,0.0004394502173732988,4.11262602502549
495,1855,9302,en el presente,3,complete-training RFECV,1,0.00043854225975998695,4.441130091997526
496,2454,17783,presente decreto el,3,complete-training RFECV,1,0.00043853096452076015,4.4982885058374755
497,2614,19271,regional,1,complete-training RFECV,1,0.0004384731661297859,4.558913127653909
498,2870,21152,sus emisiones,2,complete-training RFECV,1,0.00043845895457452524,4.93360657709532
499,3312,22957,y fierro fundido,3,complete-training RFECV,1,0.00043784920884083945,6.638354669333745
500,2774,20414,seia,1,complete-training RFECV,1,0.0004348099689905874,5.2520603082138555
501,3143,22003,un programa de,3,complete-training RFECV,1,0.00043407834396657816,5.134277272557472
502,824,1896,anillo américo,2,complete-training RFECV,1,0.00043090628869477495,6.232889561225582
503,2506,18359,publicado en el,3,complete-training RFECV,1,0.00043089761534224864,5.539742380665636
504,2491,18232,propuestas,1,complete-training RFECV,1,0.00043069587281281414,5.2520603082138555
505,923,2424,astm american,2,complete-training RFECV,1,0.000430625888965149,6.232889561225582
506,1010,3392,cfr 40 part,3,complete-training RFECV,1,0.00043047090755022206,5.945207488773801
507,2461,17907,principales,1,complete-training RFECV,1,0.000428879671035105,5.385591700838378
508,847,1997,anual,1,complete-training RFECV,1,0.00042860980972794907,4.846595200105691
509,3233,22436,vehículos,1,complete-training RFECV,1,0.0004272643646721146,4.558913127653909
510,1158,4875,crianza engorda,2,complete-training RFECV,1,0.00042705646300739646,6.232889561225582
511,1960,10550,excepción,1,complete-training RFECV,1,0.00042670380191854,5.539742380665636
512,3142,22002,un programa,2,complete-training RFECV,1,0.00042599808960831835,5.028916756899646
513,2885,21266,tabla vi,2,complete-training RFECV,1,0.0004243782058250742,5.134277272557472
514,2106,13101,la seremi del,3,complete-training RFECV,1,0.0004224677852137775,4.3870628707272505
515,2105,13100,la seremi de,3,complete-training RFECV,1,0.00042238811534098855,4.692444520278432
516,1038,3699,combustiona o,2,complete-training RFECV,1,0.00042156021709115345,5.539742380665636
517,1078,4114,con la,2,complete-training RFECV,1,0.0004209417923136059,4.558913127653909
518,1244,5419,de azufre,2,complete-training RFECV,1,0.0004207026959504367,5.2520603082138555
519,1933,10078,establecido en la,3,complete-training RFECV,1,0.0004195581543068398,4.93360657709532
520,1825,8949,emisiones de,2,complete-training RFECV,1,0.00041921101483960335,4.035664983889362
521,2469,17983,proceso de,2,complete-training RFECV,1,0.00041826589662925155,4.93360657709532
522,2894,21334,tanto,1,complete-training RFECV,1,0.000417349985209512,5.028916756899646
523,1551,6961,declaración,1,complete-training RFECV,1,0.00041694949432413594,5.385591700838378
524,1316,5790,de emisión de,3,complete-training RFECV,1,0.0004162222137296881,4.93360657709532
525,3300,22878,y descontaminación atmosférica,3,complete-training RFECV,1,0.0004158149019222869,4.4982885058374755
526,3176,22189,us epa indicados,3,complete-training RFECV,1,0.0004148787805438329,5.945207488773801
527,2478,18070,produzca,1,complete-training RFECV,1,0.00041477269582421616,6.232889561225582
528,2168,14063,límites de emisión,3,complete-training RFECV,1,0.00041318436444014596,5.028916756899646
529,166,329,2015 ministerio,2,complete-training RFECV,1,0.0004123102809105661,6.232889561225582
530,30,72,12 de 2011,3,complete-training RFECV,1,0.0004117777273622174,5.539742380665636
531,1335,5872,de este,2,complete-training RFECV,1,0.00041085829194626567,5.539742380665636
532,2390,17228,plantel de cría,3,complete-training RFECV,1,0.0004100635316069863,6.232889561225582
533,1935,10083,establecidos en,2,complete-training RFECV,1,0.0004089643777398244,4.558913127653909
534,982,3069,calor,1,complete-training RFECV,1,0.0004085610327600641,5.539742380665636
535,1617,7375,del sistema,2,complete-training RFECV,1,0.0004076859861046089,5.539742380665636
536,1001,3286,casos,1,complete-training RFECV,1,0.0004071693261851522,5.539742380665636
537,1149,4795,correspondan,1,complete-training RFECV,1,0.00040672415449755366,5.945207488773801
538,2152,13810,los estados unidos,3,complete-training RFECV,1,0.00040635744522221455,5.722063937459591
539,1152,4802,corresponde a la,3,complete-training RFECV,1,0.0004060612305444372,5.945207488773801
540,2715,19991,se desarrollará,2,complete-training RFECV,1,0.00040539060671757293,6.232889561225582
541,2566,19013,realizar,1,complete-training RFECV,1,0.0004047055648987003,5.028916756899646
542,1223,5295,de 24 horas,3,complete-training RFECV,1,0.0004042940517012594,5.2520603082138555
543,2349,16998,permitan,1,complete-training RFECV,1,0.0004036824481954398,5.2520603082138555
544,1971,10866,fecha de,2,complete-training RFECV,1,0.00040353674095539304,5.134277272557472
545,3262,22635,vivienda y,2,complete-training RFECV,1,0.0004013045903506641,4.7665524924321545
546,1667,7666,dicha,1,complete-training RFECV,1,0.00040103367322700677,4.623451648791481
547,2459,17848,prevención y,2,complete-training RFECV,1,0.00039958549576862997,4.441130091997526
548,3254,22587,vigentes,1,complete-training RFECV,1,0.00039890493719816586,5.2520603082138555
549,1890,9676,entenderá,1,complete-training RFECV,1,0.00039560953213306965,5.945207488773801
550,1840,9099,emisión las,2,complete-training RFECV,1,0.0003955834065562164,6.638354669333745
551,357,726,a contar de,3,complete-training RFECV,1,0.0003955284173350136,4.846595200105691
552,1809,8846,electrógenos,1,complete-training RFECV,1,0.00039313481888618223,5.539742380665636
553,1783,8651,el período,2,complete-training RFECV,1,0.00039001542014774506,5.134277272557472
554,1003,3288,casos de arbitraje,3,complete-training RFECV,1,0.0003892066015196119,6.232889561225582
555,2815,20674,simple,1,complete-training RFECV,1,0.0003889993506396326,6.638354669333745
556,1668,7679,dicha seremi no,3,complete-training RFECV,1,0.00038842786314773997,5.945207488773801
557,2155,13856,los límites,2,complete-training RFECV,1,0.000388047572098142,4.93360657709532
558,3213,22324,valor,1,complete-training RFECV,1,0.0003872692884888203,5.134277272557472
559,2151,13772,los costos,2,complete-training RFECV,1,0.00038704825955492906,5.539742380665636
560,1880,9532,en todo lo,3,complete-training RFECV,1,0.00038630511636774,5.028916756899646
561,2230,15203,más,1,complete-training RFECV,1,0.0003827783610906152,4.3870628707272505
562,2308,16565,para ello,2,complete-training RFECV,1,0.0003823098519343532,5.385591700838378
563,1975,10898,fierro fundido,2,complete-training RFECV,1,0.00038213414178091964,6.638354669333745
564,2295,16408,otros,1,complete-training RFECV,1,0.0003819732855923188,4.1534480195457455
565,2541,18782,que permite,2,complete-training RFECV,1,0.0003814263628763081,6.232889561225582
566,1917,9915,escape en,2,complete-training RFECV,1,0.00038037028768795423,6.232889561225582
567,2267,16029,o reproducción de,3,complete-training RFECV,1,0.00037998369639481673,6.232889561225582
568,860,2072,aplicación,1,complete-training RFECV,1,0.00037972582640034483,4.93360657709532
569,1340,5905,de fiscalización,2,complete-training RFECV,1,0.0003794693897557918,4.93360657709532
570,28,67,12,1,complete-training RFECV,1,0.00037881980641798834,3.9992973397184874
571,554,953,a sus,2,complete-training RFECV,1,0.0003787175840976117,4.93360657709532
572,2271,16125,obras de construcción,3,complete-training RFECV,1,0.00037775824416719326,5.945207488773801
573,2251,15675,normativa,1,complete-training RFECV,1,0.0003776596794548067,4.692444520278432
574,2053,12100,indicados,1,complete-training RFECV,1,0.0003775604293069105,4.7665524924321545
575,913,2399,asociadas,1,complete-training RFECV,1,0.00037733487960222,4.93360657709532
576,2827,20727,sistema de escape,3,complete-training RFECV,1,0.00037666977187828535,6.232889561225582
577,2103,13088,la salud,2,complete-training RFECV,1,0.00037647039911439974,5.2520603082138555
578,1,8,10,1,complete-training RFECV,1,0.00037622609736115046,4.692444520278432
579,1886,9626,energía,1,complete-training RFECV,1,0.00037620181986179954,4.846595200105691
580,998,3271,caso de proyectos,3,complete-training RFECV,1,0.0003754976506221466,6.232889561225582
581,2227,15074,mp10 y,2,complete-training RFECV,1,0.0003741342683798908,4.692444520278432
582,2416,17430,por el,2,complete-training RFECV,1,0.000373947863531241,4.1534480195457455
583,1379,6074,de la fiscalización,3,complete-training RFECV,1,0.0003736661333504717,5.722063937459591
584,1377,6068,de la entrada,3,complete-training RFECV,1,0.00037303834519376367,4.7665524924321545
585,1932,10076,establecido en el,3,complete-training RFECV,1,0.000373033160379172,4.846595200105691
586,562,963,a través de,3,complete-training RFECV,1,0.0003724946505866783,4.4982885058374755
587,1232,5336,de agosto de,3,complete-training RFECV,1,0.00036984239640591997,5.722063937459591
588,1989,11045,for testing,2,complete-training RFECV,1,0.00036966677512670544,6.232889561225582
589,2376,17160,plan de prevención,3,complete-training RFECV,1,0.0003690501590373578,4.623451648791481
590,1418,6255,de material particulado,3,complete-training RFECV,1,0.00036836665772784155,4.692444520278432
591,2115,13130,la tabla anterior,3,complete-training RFECV,1,0.00036794838515800477,5.028916756899646
592,59,121,15,1,complete-training RFECV,1,0.00036774945059323217,4.7665524924321545
593,1189,5086,cumplir con los,3,complete-training RFECV,1,0.00036736811294965025,5.2520603082138555
594,2128,13325,las fuentes estacionarias,3,complete-training RFECV,1,0.00036736218628731596,5.134277272557472
595,1830,9024,emisiones provenientes del,3,complete-training RFECV,1,0.0003672307819372217,6.232889561225582
596,1924,10030,establece,1,complete-training RFECV,1,0.0003671973336032717,4.93360657709532
597,2392,17238,planteles,1,complete-training RFECV,1,0.0003669522070706628,4.93360657709532
598,2051,11924,implicará pérdida de,3,complete-training RFECV,1,0.00036627366249941977,5.945207488773801
599,2231,15235,máxima,1,complete-training RFECV,1,0.0003660150045080436,5.539742380665636
600,167,330,2015 ministerio del,3,complete-training RFECV,1,0.00036532772505924683,6.232889561225582
601,1433,6313,de mp,2,complete-training RFECV,1,0.000363297746527967,5.722063937459591
602,3299,22877,y descontaminación,2,complete-training RFECV,1,0.000362705442751443,4.3870628707272505
603,206,456,31 de,2,complete-training RFECV,1,0.0003626604535618869,5.2520603082138555
604,3154,22030,un índice,2,complete-training RFECV,1,0.0003619846924154349,6.638354669333745
605,1329,5849,de esta,2,complete-training RFECV,1,0.0003618526700855599,4.846595200105691
606,1063,3989,compuestos,1,complete-training RFECV,1,0.0003616323936503616,5.722063937459591
607,1634,7462,deróguese el,2,complete-training RFECV,1,0.00036028343129411336,6.232889561225582
608,1457,6453,de protección ambiental,3,complete-training RFECV,1,0.0003602217155793722,5.945207488773801
609,2093,12926,la metodología,2,complete-training RFECV,1,0.0003593093065527712,5.385591700838378
610,949,2722,base a,2,complete-training RFECV,1,0.0003590100262627587,5.028916756899646
611,2568,19031,realizará,1,complete-training RFECV,1,0.0003577691655255906,5.722063937459591
612,2091,12912,la medida,2,complete-training RFECV,1,0.000357684838998098,5.385591700838378
613,2618,19298,regirá para la,3,complete-training RFECV,1,0.00035694164609168037,6.638354669333745
614,2281,16221,operacional de gec,3,complete-training RFECV,1,0.00035663584434707463,5.539742380665636
615,979,3052,calificación,1,complete-training RFECV,1,0.00035480044885882603,5.945207488773801
616,1045,3731,combustión interna,2,complete-training RFECV,1,0.0003544691282392609,5.722063937459591
617,2073,12645,la compensación de,3,complete-training RFECV,1,0.0003536656826583201,4.93360657709532
618,2060,12288,ingresen al,2,complete-training RFECV,1,0.000353093807588671,5.722063937459591
619,2122,13243,las concentraciones,2,complete-training RFECV,1,0.0003530479167685315,5.134277272557472
620,183,398,23,1,complete-training RFECV,1,0.00035300436101185834,5.722063937459591
621,2179,14293,materials,1,complete-training RFECV,1,0.0003522218320430347,6.232889561225582
622,3296,22853,y de,2,complete-training RFECV,1,0.0003511123346873911,4.441130091997526
623,2079,12757,la emisión,2,complete-training RFECV,1,0.0003505519302581533,4.93360657709532
624,1703,8019,donde,1,complete-training RFECV,1,0.0003500303953276569,4.93360657709532
625,2522,18526,que combustiona,2,complete-training RFECV,1,0.0003494572202323049,5.539742380665636
626,790,1706,ambiental de los,3,complete-training RFECV,1,0.00034843016556687005,5.722063937459591
627,637,1160,actualización,1,complete-training RFECV,1,0.0003470128258222151,5.2520603082138555
628,1098,4278,condiciones,1,complete-training RFECV,1,0.0003463762238645578,5.028916756899646
629,3397,23238,y son reconocibles,3,complete-training RFECV,1,0.00034597354750825137,6.638354669333745
630,1578,7112,definitivo,1,complete-training RFECV,1,0.00034592266631826974,5.945207488773801
631,2851,20945,su implementación con,3,complete-training RFECV,1,0.00034571493564813206,6.638354669333745
632,2046,11871,implementación,1,complete-training RFECV,1,0.0003453686581897941,4.3870628707272505
633,2246,15558,no se,2,complete-training RFECV,1,0.00034367411528108435,4.692444520278432
634,2706,19922,se aceptará,2,complete-training RFECV,1,0.00034298252529570757,6.638354669333745
635,2125,13282,las emisiones,2,complete-training RFECV,1,0.00034291413726594085,4.3870628707272505
636,15,38,1065 procedures,2,complete-training RFECV,1,0.0003421477454066593,5.945207488773801
637,3269,22684,web del,2,complete-training RFECV,1,0.0003420706329346595,5.945207488773801
638,1622,7426,dentro de,2,complete-training RFECV,1,0.00034075106899014474,4.4982885058374755
639,2066,12534,kilowatt,1,complete-training RFECV,1,0.00034033361892137526,6.232889561225582
640,1183,5062,cumplimiento de,2,complete-training RFECV,1,0.0003403231415588514,4.3870628707272505
641,673,1290,adopte dicha seremi,3,complete-training RFECV,1,0.0003378702127638286,5.945207488773801
642,2202,14721,metodología,1,complete-training RFECV,1,0.0003376045357985628,5.134277272557472
643,2576,19092,reconstrucción publicado en,3,complete-training RFECV,1,0.0003365367711993994,5.722063937459591
644,2598,19189,reemplace,1,complete-training RFECV,1,0.00033602178734416435,6.232889561225582
645,1295,5687,de descontaminación atmosférica,3,complete-training RFECV,1,0.00033570530954407125,5.385591700838378
646,2119,13216,las asociadas,2,complete-training RFECV,1,0.00033453254400833194,6.232889561225582
647,2249,15610,norma de emisión,3,complete-training RFECV,1,0.00033414458947635,5.385591700838378
648,1939,10138,establezca,1,complete-training RFECV,1,0.00033404376862921183,5.722063937459591
649,2244,15478,niveles de,2,complete-training RFECV,1,0.00033384404464036885,4.93360657709532
650,2610,19244,reformula,1,complete-training RFECV,1,0.0003337631894454038,5.722063937459591
651,1192,5112,cuya,1,complete-training RFECV,1,0.0003335691856712821,4.93360657709532
652,2509,18385,puede,1,complete-training RFECV,1,0.0003328848624122229,5.028916756899646
653,2090,12894,la madera,2,complete-training RFECV,1,0.00033276097878867075,4.623451648791481
654,2891,21309,también,1,complete-training RFECV,1,0.0003319178071410921,5.2520603082138555
655,1536,6875,deberán cumplir con,3,complete-training RFECV,1,0.0003317660625438361,5.2520603082138555
656,2039,11762,humedad,1,complete-training RFECV,1,0.0003304433352153903,5.945207488773801
657,1936,10085,establecidos en la,3,complete-training RFECV,1,0.00033011416335422463,5.385591700838378
658,807,1814,ambiente se,2,complete-training RFECV,1,0.00032962759501341894,5.385591700838378
659,2078,12712,la declaración,2,complete-training RFECV,1,0.00032944996740888883,5.539742380665636
660,731,1481,al exterior,2,complete-training RFECV,1,0.000329320815905032,5.722063937459591
661,814,1846,american society,2,complete-training RFECV,1,0.00032879869220733994,6.232889561225582
662,3304,22910,y emergencia,2,complete-training RFECV,1,0.0003286650022684959,5.722063937459591
663,112,206,1998 de,2,complete-training RFECV,1,0.00032825284936420306,5.539742380665636
664,1250,5455,de cada año,3,complete-training RFECV,1,0.0003281198708683687,5.134277272557472
665,113,207,1998 de minsegpres,3,complete-training RFECV,1,0.00032808320527469395,5.539742380665636
666,2254,15772,nuevos,1,complete-training RFECV,1,0.0003273841353272705,5.028916756899646
667,1401,6187,de los andes,3,complete-training RFECV,1,0.00032651370385077205,6.232889561225582
668,2027,11526,grupos,1,complete-training RFECV,1,0.00032501887095846854,5.539742380665636
669,1201,5158,cámara simple y,3,complete-training RFECV,1,0.0003248571312669426,6.638354669333745
670,1918,9938,espacio,1,complete-training RFECV,1,0.0003247693144023725,5.945207488773801
671,177,370,2024 los grupos,3,complete-training RFECV,1,0.0003240252744619665,6.638354669333745
672,1921,9983,esta categoría,2,complete-training RFECV,1,0.00032337812551610915,6.638354669333745
673,1320,5823,de enero de,3,complete-training RFECV,1,0.00032223120608187593,6.232889561225582
674,219,500,40,1,complete-training RFECV,1,0.00032205773894462266,5.385591700838378
675,1105,4333,conforme a los,3,complete-training RFECV,1,0.00032166482195635973,5.539742380665636
676,2029,11531,gráfico,1,complete-training RFECV,1,0.000320888697642778,5.134277272557472
677,1621,7425,dentro,1,complete-training RFECV,1,0.00032072377511367336,4.073405311872209
678,1293,5672,de cámara simple,3,complete-training RFECV,1,0.00032068440156179603,6.638354669333745
679,1633,7461,deróguese,1,complete-training RFECV,1,0.00032044016781384384,6.232889561225582
680,1133,4625,contenido de humedad,3,complete-training RFECV,1,0.0003203650872130738,5.945207488773801
681,1999,11160,fuente estacionaria,2,complete-training RFECV,1,0.0003200830874765272,5.722063937459591
682,2083,12808,la fecha,2,complete-training RFECV,1,0.0003186639270002114,4.7665524924321545
683,2144,13631,lo que,2,complete-training RFECV,1,0.0003182176539720909,4.623451648791481
684,2283,16225,operaciones de,2,complete-training RFECV,1,0.00031715084103336907,5.945207488773801
685,16,39,1065 procedures code,3,complete-training RFECV,1,0.0003170102664053438,5.945207488773801
686,1601,7272,del ministerio del,3,complete-training RFECV,1,0.00031614487115208724,4.3357695763397
687,1893,9685,entendiendo por,2,complete-training RFECV,1,0.0003159047139168709,6.232889561225582
688,1807,8827,electricidad y,2,complete-training RFECV,1,0.00031570006873656345,4.558913127653909
689,2379,17187,plan operacional,2,complete-training RFECV,1,0.0003153480964389191,5.385591700838378
690,2172,14160,manejo,1,complete-training RFECV,1,0.00031465068977399517,5.722063937459591
691,2120,13227,las calderas,2,complete-training RFECV,1,0.00031441751590063536,5.385591700838378
692,2183,14351,mediante el,2,complete-training RFECV,1,0.0003143167849224505,5.385591700838378
693,3175,22186,us,1,complete-training RFECV,1,0.0003133322236040395,5.539742380665636
694,3431,23290,y un consolidado,3,complete-training RFECV,1,0.0003125688939462997,6.638354669333745
695,2309,16580,para este,2,complete-training RFECV,1,0.0003122250630406358,5.722063937459591
696,2888,21289,tal que,2,complete-training RFECV,1,0.00031172728527394057,6.232889561225582
697,429,798,a la entrada,3,complete-training RFECV,1,0.0003115108926526261,5.2520603082138555
698,1196,5128,cuyas emisiones,2,complete-training RFECV,1,0.0003112297587194551,5.722063937459591
699,1354,5952,de gestión de,3,complete-training RFECV,1,0.0003107399618325167,5.539742380665636
700,2982,21665,transformación,1,complete-training RFECV,1,0.0003096214442534574,5.722063937459591
701,157,295,2011,1,complete-training RFECV,1,0.00030952182940465985,4.93360657709532
702,1788,8673,el presente decreto,3,complete-training RFECV,1,0.0003092373580335957,4.7665524924321545
703,1193,5121,cuya finalidad,2,complete-training RFECV,1,0.00030895205062113004,5.945207488773801
704,768,1613,alerta preemergencia y,3,complete-training RFECV,1,0.0003087572283114131,6.232889561225582
705,978,3044,caliente,1,complete-training RFECV,1,0.0003076529351599271,6.232889561225582
706,2515,18447,pérdida de la,3,complete-training RFECV,1,0.0003070744986116346,5.945207488773801
707,2262,15944,o igual a,3,complete-training RFECV,1,0.00030702494630491803,5.028916756899646
708,2474,18032,producido,1,complete-training RFECV,1,0.0003057483569936345,5.945207488773801
709,836,1957,anteriores,1,complete-training RFECV,1,0.00030560401984433723,5.2520603082138555
710,804,1792,ambiente la información,3,complete-training RFECV,1,0.0003041777133688511,6.638354669333745
711,1445,6384,de partida,2,complete-training RFECV,1,0.0003040892348572851,6.232889561225582
712,2235,15267,método astm,2,complete-training RFECV,1,0.0003033645742819871,6.232889561225582
713,1279,5608,de construcción,2,complete-training RFECV,1,0.0003027712579513478,5.134277272557472
714,2324,16731,paralización,1,complete-training RFECV,1,0.0003025618492089245,5.722063937459591
715,1413,6229,de madera,2,complete-training RFECV,1,0.0003024432086634057,4.623451648791481
716,1016,3504,clase,1,complete-training RFECV,1,0.0003013433436286954,5.385591700838378
717,1577,7095,definidos por la,3,complete-training RFECV,1,0.00030075151842788263,5.722063937459591
718,1543,6934,debiendo,1,complete-training RFECV,1,0.0002997082552560465,5.722063937459591
719,1592,7222,del ds 66,3,complete-training RFECV,1,0.00029785837784459206,5.722063937459591
720,1804,8789,elaboración,1,complete-training RFECV,1,0.0002975347919845426,4.692444520278432
721,2200,14700,metas,1,complete-training RFECV,1,0.0002971263638311049,4.846595200105691
722,1212,5239,de 1993,2,complete-training RFECV,1,0.00029707232236369016,6.638354669333745
723,2192,14606,menor,1,complete-training RFECV,1,0.000296759187673616,4.558913127653909
724,1707,8059,ds 811 de,3,complete-training RFECV,1,0.00029673731643377023,6.638354669333745
725,2223,15021,motores de,2,complete-training RFECV,1,0.00029590535619858057,5.385591700838378
726,2261,15943,o igual,2,complete-training RFECV,1,0.00029585608581189296,5.028916756899646
727,1130,4591,contar de,2,complete-training RFECV,1,0.00029505080765929533,4.846595200105691
728,1514,6746,de vivienda y,3,complete-training RFECV,1,0.0002949841175953712,4.7665524924321545
729,3241,22510,vez,1,complete-training RFECV,1,0.0002947684368195538,4.93360657709532
730,1836,9077,emisión de,2,complete-training RFECV,1,0.0002945051329369416,4.623451648791481
731,2857,21091,superintendencia de,2,complete-training RFECV,1,0.00029364865004012967,4.623451648791481
732,356,725,a contar,2,complete-training RFECV,1,0.0002936019860050496,4.7665524924321545
733,3166,22139,unidos de américa,3,complete-training RFECV,1,0.0002934303423077482,5.945207488773801
734,1419,6257,de mayo,2,complete-training RFECV,1,0.00029276022324125755,5.385591700838378
735,1716,8116,día,1,complete-training RFECV,1,0.0002925401453529438,5.945207488773801
736,2809,20624,siguiente tabla,2,complete-training RFECV,1,0.0002922949741744333,4.93360657709532
737,2729,20067,se exceptúan las,3,complete-training RFECV,1,0.00029192665881684686,6.232889561225582
738,1750,8459,el contenido de,3,complete-training RFECV,1,0.0002918550075922434,5.722063937459591
739,2384,17205,planes,1,complete-training RFECV,1,0.00029121716242191053,4.692444520278432
740,184,399,23 de,2,complete-training RFECV,1,0.00029104937951972385,5.722063937459591
741,2221,15000,motor,1,complete-training RFECV,1,0.0002908785426659325,5.028916756899646
742,2034,11684,hora mg,2,complete-training RFECV,1,0.0002900947603028111,6.232889561225582
743,2318,16646,para los,2,complete-training RFECV,1,0.0002898942335357405,4.692444520278432
744,2655,19533,resolución,1,complete-training RFECV,1,0.0002896179889324971,4.692444520278432
745,2766,20374,seguirán rigiendo,2,complete-training RFECV,1,0.00028892846381001365,5.945207488773801
746,2270,16124,obras de,2,complete-training RFECV,1,0.00028892778665458627,5.945207488773801
747,2507,18366,pueda,1,complete-training RFECV,1,0.00028884268419630165,6.232889561225582
748,561,962,a través,2,complete-training RFECV,1,0.00028870191536698266,4.3357695763397
749,2662,19581,respirable mp10,2,complete-training RFECV,1,0.0002886449085135252,5.539742380665636
750,1513,6745,de vivienda,2,complete-training RFECV,1,0.00028809724843290924,4.7665524924321545
751,1110,4352,conjunto de medidas,3,complete-training RFECV,1,0.0002879511934720185,6.232889561225582
752,1274,5580,de compensación de,3,complete-training RFECV,1,0.0002873124198441787,5.2520603082138555
753,2175,14256,materia,1,complete-training RFECV,1,0.00028701856089256123,5.722063937459591
754,3163,22129,unidad,1,complete-training RFECV,1,0.00028670454127852557,6.232889561225582
755,2495,18264,protocolos,1,complete-training RFECV,1,0.0002865018329652523,5.539742380665636
756,3365,23170,y que,2,complete-training RFECV,1,0.00028627692663198894,4.846595200105691
757,1165,4921,cual,1,complete-training RFECV,1,0.0002859213887429018,4.7665524924321545
758,883,2203,aquella,1,complete-training RFECV,1,0.00028555473246339656,5.539742380665636
759,1073,4057,con combustión,2,complete-training RFECV,1,0.00028529263666902873,5.539742380665636
760,2508,18371,puedan,1,complete-training RFECV,1,0.0002845157033899818,4.7665524924321545
761,153,285,2009 de,2,complete-training RFECV,1,0.00028434980892340784,5.385591700838378
762,2087,12837,la fuente y,3,complete-training RFECV,1,0.00028404031806766655,5.945207488773801
763,2185,14393,medición de,2,complete-training RFECV,1,0.0002837826112766438,5.722063937459591
764,2253,15753,nuevo,1,complete-training RFECV,1,0.0002829053762451186,4.93360657709532
765,2906,21413,temperatura concentración de,3,complete-training RFECV,1,0.0002816107108233156,6.638354669333745
766,1974,10897,fierro,1,complete-training RFECV,1,0.0002814290021278757,6.638354669333745
767,1111,4373,consecuencia de,2,complete-training RFECV,1,0.00028101273537669956,6.638354669333745
768,939,2585,ayuda,1,complete-training RFECV,1,0.000280924037992053,6.232889561225582
769,1757,8482,el de,2,complete-training RFECV,1,0.0002806843413514128,5.2520603082138555
770,1317,5793,de emisión establecidos,3,complete-training RFECV,1,0.0002805568684193513,5.722063937459591
771,910,2379,asimismo,1,complete-training RFECV,1,0.000280522600180428,5.385591700838378
772,1829,9023,emisiones provenientes,2,complete-training RFECV,1,0.0002800195187359547,6.232889561225582
773,3244,22524,vi,1,complete-training RFECV,1,0.000279691804946707,4.93360657709532
774,2595,19175,reducir,1,complete-training RFECV,1,0.00027958408475153927,5.2520603082138555
775,630,1122,actividades en el,3,complete-training RFECV,1,0.00027949605926393524,6.638354669333745
776,1749,8458,el contenido,2,complete-training RFECV,1,0.0002794226865314579,5.722063937459591
777,2269,16123,obras,1,complete-training RFECV,1,0.0002789458857514253,5.385591700838378
778,1927,10067,establecida en la,3,complete-training RFECV,1,0.00027887523510351444,6.638354669333745
779,2960,21612,total,1,complete-training RFECV,1,0.00027864175196800906,4.7665524924321545
780,999,3280,caso que,2,complete-training RFECV,1,0.00027842132472985276,5.385591700838378
781,555,954,a sus atribuciones,3,complete-training RFECV,1,0.0002783535419811099,5.134277272557472
782,3218,22342,valores,1,complete-training RFECV,1,0.0002777871257353935,5.028916756899646
783,1214,5248,de 1998,2,complete-training RFECV,1,0.0002770633506268161,5.2520603082138555
784,961,2890,cada,1,complete-training RFECV,1,0.0002764081112456492,4.3357695763397
785,1714,8093,durante el período,3,complete-training RFECV,1,0.00027562860506927895,5.2520603082138555
786,2030,11542,guano,1,complete-training RFECV,1,0.00027539091709348577,5.2520603082138555
787,1705,8053,ds 66,2,complete-training RFECV,1,0.0002753364898415989,4.846595200105691
788,3264,22638,viviendas,1,complete-training RFECV,1,0.00027473343077154754,5.539742380665636
789,2603,19228,refi,1,complete-training RFECV,1,0.00027445708712875417,6.638354669333745
790,340,709,a calderas,2,complete-training RFECV,1,0.0002742615412367774,6.638354669333745
791,1957,10469,evaluación de,2,complete-training RFECV,1,0.00027337836790434567,5.2520603082138555
792,3427,23286,y ubicación,2,complete-training RFECV,1,0.00027309443232666685,6.638354669333745
793,2772,20402,según lo establecido,3,complete-training RFECV,1,0.00027300676356952457,5.722063937459591
794,259,600,66,1,complete-training RFECV,1,0.00027281851960311615,4.623451648791481
795,3146,22008,un reporte semanal,3,complete-training RFECV,1,0.0002727570387227276,6.638354669333745
796,2191,14535,medios,1,complete-training RFECV,1,0.0002727142562769335,5.722063937459591
797,1239,5403,de arbitraje debe,3,complete-training RFECV,1,0.0002726808489681145,5.722063937459591
798,3172,22161,urbanismo,1,complete-training RFECV,1,0.00027235961463134643,4.846595200105691
799,1693,7888,disposiciones,1,complete-training RFECV,1,0.0002723177861100819,5.134277272557472
800,2721,20032,se encuentra operando,3,complete-training RFECV,1,0.00027216768432884725,5.945207488773801
801,1099,4279,condiciones de,2,complete-training RFECV,1,0.00027207738370241556,5.539742380665636
802,2804,20594,siempre,1,complete-training RFECV,1,0.00027169232014389206,5.385591700838378
803,2352,17016,permite determinar el,3,complete-training RFECV,1,0.0002714836264579959,6.638354669333745
804,568,970,a una,2,complete-training RFECV,1,0.0002714070877913283,5.945207488773801
805,2658,19573,respecto de,2,complete-training RFECV,1,0.00027112107931871987,5.385591700838378
806,2020,11463,gestión de,2,complete-training RFECV,1,0.00027079843344298934,5.134277272557472
807,2700,19881,santiago y,2,complete-training RFECV,1,0.0002705943135750411,4.93360657709532
808,2682,19715,rm podrá recomendar,3,complete-training RFECV,1,0.00027055100406449533,5.945207488773801
809,3379,23209,y se,2,complete-training RFECV,1,0.0002704085242238969,5.722063937459591
810,894,2245,aquellos proyectos,2,complete-training RFECV,1,0.00027030095405375544,5.722063937459591
811,545,930,a reducir,2,complete-training RFECV,1,0.00027029005230685846,5.945207488773801
812,207,458,31 de agosto,3,complete-training RFECV,1,0.00027025396137538075,5.722063937459591
813,1345,5920,de fuente,2,complete-training RFECV,1,0.00026952613126504025,6.638354669333745
814,2354,17024,permitido,1,complete-training RFECV,1,0.0002694555555277434,5.385591700838378
815,992,3210,carbón vegetal,2,complete-training RFECV,1,0.00026942495622056463,4.846595200105691
816,1217,5271,de 2009,2,complete-training RFECV,1,0.0002693452889819666,4.623451648791481
817,1873,9457,en miligramos,2,complete-training RFECV,1,0.0002685683985309544,6.232889561225582
818,2279,16219,operacional,1,complete-training RFECV,1,0.0002678451388669343,5.385591700838378
819,2316,16615,para la declaración,3,complete-training RFECV,1,0.0002677270481294529,5.945207488773801
820,2488,18141,prohíbe,1,complete-training RFECV,1,0.00026764167669938944,5.134277272557472
821,1806,8822,electricidad,1,complete-training RFECV,1,0.0002674468180776591,4.441130091997526
822,222,505,40 part 1065,3,complete-training RFECV,1,0.00026724619674634286,5.945207488773801
823,1925,10041,establecer,1,complete-training RFECV,1,0.0002671291928069914,4.7665524924321545
824,1129,4584,contar con,2,complete-training RFECV,1,0.0002668906378105697,5.2520603082138555
825,3322,23012,y las vías,3,complete-training RFECV,1,0.0002667709637403572,6.638354669333745
826,1336,5883,de evaluación,2,complete-training RFECV,1,0.0002665682885177033,5.2520603082138555
827,890,2228,aquellas montadas,2,complete-training RFECV,1,0.00026651893469030246,6.638354669333745
828,848,2010,anual que,2,complete-training RFECV,1,0.000265546426272073,6.638354669333745
829,2282,16223,operaciones,1,complete-training RFECV,1,0.0002654050570866281,5.385591700838378
830,1963,10583,exclusiva y permanente,3,complete-training RFECV,1,0.0002651670358024274,5.722063937459591
831,2854,20995,subvención escolar,2,complete-training RFECV,1,0.00026473697033090325,5.945207488773801
832,2224,15023,motores de ignición,3,complete-training RFECV,1,0.0002646874648267522,6.232889561225582
833,296,665,965 mm usd,3,complete-training RFECV,1,0.00026360554250355974,6.638354669333745
834,1089,4193,con un indicador,3,complete-training RFECV,1,0.00026346633018816133,6.638354669333745
835,2380,17188,plan operacional de,3,complete-training RFECV,1,0.0002631508444241297,5.385591700838378
836,2758,20270,sea contrario,2,complete-training RFECV,1,0.00026273038440145264,5.028916756899646
837,3357,23142,y podrá,2,complete-training RFECV,1,0.00026269511012851207,6.638354669333745
838,3398,23239,y su,2,complete-training RFECV,1,0.0002625396445132273,5.134277272557472
839,1363,5994,de impacto ambiental,3,complete-training RFECV,1,0.00026201918353322475,5.945207488773801
840,1951,10319,esto es que,3,complete-training RFECV,1,0.00026198229229766016,6.232889561225582
841,1922,9997,esta medida,2,complete-training RFECV,1,0.0002619288076872967,5.134277272557472
842,3486,23383,áreas,1,complete-training RFECV,1,0.00026123804915748316,5.722063937459591
843,1182,5057,cumplimiento,1,complete-training RFECV,1,0.00026110699886247254,4.035664983889362
844,1519,6789,debe usarse el,3,complete-training RFECV,1,0.0002610712892743991,5.722063937459591
845,1698,7925,distribución,1,complete-training RFECV,1,0.00026099535402118664,4.846595200105691
846,2429,17500,por mp10,2,complete-training RFECV,1,0.00026057262251855633,5.028916756899646
847,3266,22674,vías de paso,3,complete-training RFECV,1,0.0002603531569380742,6.638354669333745
848,2843,20848,society,1,complete-training RFECV,1,0.00026034951473100554,6.232889561225582
849,2206,14771,mg,1,complete-training RFECV,1,0.0002596619922219061,5.945207488773801
850,809,1823,ambiente sobre,2,complete-training RFECV,1,0.00025748025326794994,6.638354669333745
851,2666,19616,restricción vehicular,2,complete-training RFECV,1,0.00025720165554088436,5.134277272557472
852,2327,16760,part,1,complete-training RFECV,1,0.00025698389650004837,5.945207488773801
853,3396,23236,y soldaduras visibles,3,complete-training RFECV,1,0.0002568263928992367,6.638354669333745
854,2333,16857,partir de las,3,complete-training RFECV,1,0.00025654992499605123,6.232889561225582
855,1269,5564,de combustibles,2,complete-training RFECV,1,0.00025527623770946434,4.846595200105691
856,815,1847,american society for,3,complete-training RFECV,1,0.0002546308414484473,6.232889561225582
857,3231,22415,vegetal y otros,3,complete-training RFECV,1,0.00025439264543653244,5.2520603082138555
858,38,85,13,1,complete-training RFECV,1,0.0002542587803259276,5.2520603082138555
859,1928,10071,establecidas en,2,complete-training RFECV,1,0.00025424812667970296,5.134277272557472
860,2816,20675,simple y,2,complete-training RFECV,1,0.0002539017460952194,6.638354669333745
861,1845,9184,empresas del rubro,3,complete-training RFECV,1,0.0002526639404799288,6.638354669333745
862,914,2400,asociadas a,2,complete-training RFECV,1,0.0002521016356298165,5.2520603082138555
863,1437,6333,de nitrógeno,2,complete-training RFECV,1,0.0002519539209085458,5.2520603082138555
864,2874,21225,sólido leña,2,complete-training RFECV,1,0.00025159623124884145,6.232889561225582
865,2551,18908,que usen,2,complete-training RFECV,1,0.0002515935414581245,5.945207488773801
866,3346,23113,y otras partes,3,complete-training RFECV,1,0.0002514164318250211,6.638354669333745
867,14,37,1065,1,complete-training RFECV,1,0.0002500182673634691,5.945207488773801
868,2238,15288,móvil,1,complete-training RFECV,1,0.0002498773540872842,5.2520603082138555
869,2011,11342,gases de,2,complete-training RFECV,1,0.00024908625649678966,5.134277272557472
870,3013,21732,través de la,3,complete-training RFECV,1,0.00024872392175293105,5.385591700838378
871,1832,9029,emisiones que se,3,complete-training RFECV,1,0.00024869886622361925,6.232889561225582
872,3457,23336,zona latente,2,complete-training RFECV,1,0.0002483063233683101,5.539742380665636
873,1011,3408,chile e,2,complete-training RFECV,1,0.0002481119350304876,6.232889561225582
874,3055,21807,térmica nominal,2,complete-training RFECV,1,0.00024781778756131006,6.232889561225582
875,2740,20154,se podrán,2,complete-training RFECV,1,0.00024731952416720136,5.539742380665636
876,1629,7452,derivados,1,complete-training RFECV,1,0.00024613380571468073,4.4982885058374755
877,1199,5154,cámara,1,complete-training RFECV,1,0.0002460751037676287,6.232889561225582
878,2100,13056,la reducción de,3,complete-training RFECV,1,0.000246061782202249,4.692444520278432
879,2725,20053,se estará a,3,complete-training RFECV,1,0.0002456610118077609,5.028916756899646
880,1888,9653,enero de,2,complete-training RFECV,1,0.0002456223304993017,6.232889561225582
881,1734,8284,efectuarán conforme a,3,complete-training RFECV,1,0.0002447906272448417,5.945207488773801
882,546,932,a reducir emisiones,3,complete-training RFECV,1,0.00024467641070180377,6.638354669333745
883,1459,6461,de publicado en,3,complete-training RFECV,1,0.0002446691707412124,6.638354669333745
884,935,2497,aumento,1,complete-training RFECV,1,0.00024462639649853264,4.846595200105691
885,1159,4888,criterios,1,complete-training RFECV,1,0.0002441781653440011,5.539742380665636
886,2089,12854,la implementación,2,complete-training RFECV,1,0.00024405951837765499,4.93360657709532
887,1282,5626,de contaminantes,2,complete-training RFECV,1,0.0002439474112992695,5.539742380665636
888,2228,15076,mp10 y mp2,3,complete-training RFECV,1,0.00024372287196177157,5.028916756899646
889,2460,17850,prevención y descontaminación,3,complete-training RFECV,1,0.000243720279862448,4.4982885058374755
890,1068,4015,comunicacional cuya,2,complete-training RFECV,1,0.0002434337526594938,6.638354669333745
891,81,168,19,1,complete-training RFECV,1,0.00024269942501823385,5.722063937459591
892,1735,8293,eficiencia,1,complete-training RFECV,1,0.00024228490709069715,5.028916756899646
893,1700,7978,diésel,1,complete-training RFECV,1,0.00024181688257775258,4.846595200105691
894,1770,8560,el gobierno regional,3,complete-training RFECV,1,0.0002410408117782058,5.385591700838378
895,2792,20517,será el,2,complete-training RFECV,1,0.0002407645592023943,6.638354669333745
896,1002,3287,casos de,2,complete-training RFECV,1,0.00024072576688969453,5.539742380665636
897,2038,11727,hornos,1,complete-training RFECV,1,0.00024063247685120228,5.385591700838378
898,549,940,a restricción,2,complete-training RFECV,1,0.00024036791308289126,5.945207488773801
899,2348,16973,permanentes,1,complete-training RFECV,1,0.00024035903069871171,5.945207488773801
900,3185,22213,usen,1,complete-training RFECV,1,0.0002399175160522066,5.945207488773801
901,32,75,12 meses,2,complete-training RFECV,1,0.0002397431180147046,4.286979412170268
902,876,2147,aprobación,1,complete-training RFECV,1,0.00023939974293643563,5.945207488773801
903,2075,12684,la cordillera de,3,complete-training RFECV,1,0.00023924469361546186,5.945207488773801
904,1080,4130,con las disposiciones,3,complete-training RFECV,1,0.00023848630933407346,6.232889561225582
905,3462,23345,zona sujeta,2,complete-training RFECV,1,0.00023788941425467069,5.028916756899646
906,1595,7264,del material,2,complete-training RFECV,1,0.0002378774636694886,5.385591700838378
907,1944,10203,estado de,2,complete-training RFECV,1,0.00023771094279205563,4.846595200105691
908,1505,6698,de unidades,2,complete-training RFECV,1,0.00023648345526069932,6.638354669333745
909,1116,4427,considerar lo,2,complete-training RFECV,1,0.00023571728750014588,6.638354669333745
910,1877,9509,en su,2,complete-training RFECV,1,0.00023569272462001904,5.385591700838378
911,2897,21358,techo,1,complete-training RFECV,1,0.00023524452606259508,5.722063937459591
912,1092,4245,concentración de,2,complete-training RFECV,1,0.0002351398663512467,5.2520603082138555
913,2133,13383,las operaciones,2,complete-training RFECV,1,0.0002348690881936357,5.722063937459591
914,1487,6607,de su implementación,3,complete-training RFECV,1,0.0002347650400358105,6.232889561225582
915,3203,22301,utilizar,1,complete-training RFECV,1,0.00023475901161969944,4.93360657709532
916,1294,5686,de descontaminación,2,complete-training RFECV,1,0.000234634281092942,5.028916756899646
917,2312,16587,para facilitar su,3,complete-training RFECV,1,0.00023462495915700716,6.638354669333745
918,2427,17484,por los,2,complete-training RFECV,1,0.00023455224502922582,5.385591700838378
919,2108,13105,la siguiente tabla,3,complete-training RFECV,1,0.000234542001086171,4.93360657709532
920,2393,17241,planteles de,2,complete-training RFECV,1,0.0002345084635860965,5.385591700838378
921,2222,15018,motores,1,complete-training RFECV,1,0.00023441081229549064,5.134277272557472
922,2320,16659,para material,2,complete-training RFECV,1,0.00023402806130278935,5.2520603082138555
923,3435,23298,y urbanismo,2,complete-training RFECV,1,0.00023387244014979602,4.846595200105691
924,274,625,811 de,2,complete-training RFECV,1,0.00023347816769411312,6.638354669333745
925,468,837,a las,2,complete-training RFECV,1,0.0002334493786151673,4.846595200105691
926,1205,5187,dar,1,complete-training RFECV,1,0.00023328498989368254,5.2520603082138555
927,2702,19898,saturación,1,complete-training RFECV,1,0.0002332003649345179,5.539742380665636
928,211,472,361 de,2,complete-training RFECV,1,0.00023254883899581416,6.232889561225582
929,971,2990,calefactor de cámara,3,complete-training RFECV,1,0.00023233212583062532,6.638354669333745
930,3348,23117,y otros derivados,3,complete-training RFECV,1,0.00023219000827056981,4.7665524924321545
931,1879,9531,en todo,2,complete-training RFECV,1,0.00023197908207188786,5.028916756899646
932,1271,5575,de combustión interna,3,complete-training RFECV,1,0.0002315241831690727,5.722063937459591
933,1889,9668,engorda,1,complete-training RFECV,1,0.00023139145016879155,5.945207488773801
934,834,1951,anterior se estará,3,complete-training RFECV,1,0.00023136209866248783,5.028916756899646
935,2343,16961,perjuicio,1,complete-training RFECV,1,0.00023121903361723016,5.134277272557472
936,1664,7662,diario oficial,2,complete-training RFECV,1,0.0002311718744559824,4.93360657709532
937,3229,22402,vegetación que rodean,3,complete-training RFECV,1,0.00023074492167308126,5.945207488773801
938,2139,13598,lo anterior,2,complete-training RFECV,1,0.00023068006468326185,5.385591700838378
939,1929,10072,establecidas en el,3,complete-training RFECV,1,0.00023056419918080336,5.2520603082138555
940,1616,7348,del proceso,2,complete-training RFECV,1,0.0002305319574762287,5.945207488773801
941,397,766,a fuentes estacionarias,3,complete-training RFECV,1,0.00022998110445280294,6.232889561225582
942,2165,14056,límite de emisión,3,complete-training RFECV,1,0.00022919321447079384,5.385591700838378
943,570,972,a una fuente,3,complete-training RFECV,1,0.0002284593343638235,6.638354669333745
944,3239,22480,verdes el cordón,3,complete-training RFECV,1,0.0002284057095673671,6.638354669333745
945,2086,12816,la fiscalización de,3,complete-training RFECV,1,0.0002283826404582877,5.722063937459591
946,1639,7484,desarrollo de,2,complete-training RFECV,1,0.00022804913557677984,5.385591700838378
947,1694,7907,dispuesto,1,complete-training RFECV,1,0.00022704377449497967,4.4982885058374755
948,3305,22913,y emergencia será,3,complete-training RFECV,1,0.00022653490455776801,6.638354669333745
949,2257,15832,o actividad,2,complete-training RFECV,1,0.0002264467006990939,5.945207488773801
950,2057,12220,informar,1,complete-training RFECV,1,0.00022615283045808592,5.385591700838378
951,2811,20650,siguientes medidas,2,complete-training RFECV,1,0.0002258350479212011,5.722063937459591
952,2207,14786,miligramos kilowatt,2,complete-training RFECV,1,0.0002256140271913081,6.232889561225582
953,2369,17112,petróleo diésel,2,complete-training RFECV,1,0.00022558211073083056,5.539742380665636
954,2941,21562,toda la,2,complete-training RFECV,1,0.00022537433254836203,5.134277272557472
955,1113,4408,considerando,1,complete-training RFECV,1,0.00022481815972325117,4.93360657709532
956,1986,11039,fomento y,2,complete-training RFECV,1,0.00022459324389887992,4.7665524924321545
957,3384,23217,y servicios,2,complete-training RFECV,1,0.00022452705499681637,5.945207488773801
958,841,1973,anterioridad al,2,complete-training RFECV,1,0.00022326343146209142,6.232889561225582
959,1803,8776,el valor,2,complete-training RFECV,1,0.0002232479255495033,5.722063937459591
960,2796,20553,señalado,1,complete-training RFECV,1,0.00022324308068758376,5.722063937459591
961,2448,17673,ppm de azufre,3,complete-training RFECV,1,0.00022291117658440287,5.945207488773801
962,1911,9805,equipos,1,complete-training RFECV,1,0.00022273224348716818,5.2520603082138555
963,1773,8589,el límite,2,complete-training RFECV,1,0.00022270698274457526,5.2520603082138555
964,2272,16131,observa,1,complete-training RFECV,1,0.0002224099007069781,5.722063937459591
965,1427,6294,de minsegpres,2,complete-training RFECV,1,0.0002223763340143582,4.846595200105691
966,1815,8884,ello se,2,complete-training RFECV,1,0.0002222599695393137,6.638354669333745
967,646,1193,acuerdo a la,3,complete-training RFECV,1,0.00022201493788191767,5.134277272557472
968,1221,5282,de 2014 del,3,complete-training RFECV,1,0.0002219372700581655,5.539742380665636
969,1328,5846,de escape en,3,complete-training RFECV,1,0.00022184143111487063,6.232889561225582
970,2131,13355,las medidas de,3,complete-training RFECV,1,0.0002216823141143147,5.028916756899646
971,734,1485,al final de,3,complete-training RFECV,1,0.00022157026377599538,6.638354669333745
972,1546,6938,debiendo informarse de,3,complete-training RFECV,1,0.00022142268944665784,6.638354669333745
973,2225,15035,mp,1,complete-training RFECV,1,0.00022141312658622558,5.134277272557472
974,1362,5993,de impacto,2,complete-training RFECV,1,0.00022091313470694394,5.945207488773801
975,3297,22872,y debidamente a,3,complete-training RFECV,1,0.00022072999223371085,6.638354669333745
976,2097,12978,la obligación,2,complete-training RFECV,1,0.00021997003279254878,6.232889561225582
977,2067,12536,kilowatt hora mg,3,complete-training RFECV,1,0.00021876457503139428,6.232889561225582
978,963,2915,cadena de,2,complete-training RFECV,1,0.0002181364199104396,5.722063937459591
979,88,181,1993 del,2,complete-training RFECV,1,0.00021801776056388895,6.638354669333745
980,1683,7800,diseñada para operar,3,complete-training RFECV,1,0.0002179143933353874,6.638354669333745
981,3443,23308,y utilizando,2,complete-training RFECV,1,0.0002173258503759748,6.638354669333745
982,358,727,a contar del,3,complete-training RFECV,1,0.000217168234343249,6.638354669333745
983,1296,5700,de dichos,2,complete-training RFECV,1,0.00021698548977295074,6.232889561225582
984,1392,6149,de las medidas,3,complete-training RFECV,1,0.00021686290519725194,4.558913127653909
985,3084,21857,ubicadas al,2,complete-training RFECV,1,0.0002163663951821712,6.638354669333745
986,2487,18132,prohibición de,2,complete-training RFECV,1,0.0002158346846732006,5.539742380665636
987,2346,16965,perjuicio que,2,complete-training RFECV,1,0.000215655826357887,6.232889561225582
988,333,702,a aquel gran,3,complete-training RFECV,1,0.00021517059118018506,6.232889561225582
989,2918,21459,terceros que ejecuten,3,complete-training RFECV,1,0.00021399920437230918,6.638354669333745
990,2690,19755,salamandra calefactor de,3,complete-training RFECV,1,0.0002137128314468135,6.638354669333745
991,1276,5597,de comunicación,2,complete-training RFECV,1,0.0002136129039293591,6.232889561225582
992,17,40,11,1,complete-training RFECV,1,0.00021284878458543142,5.539742380665636
993,1635,7463,deróguese el ds,3,complete-training RFECV,1,0.00021266707075559107,6.232889561225582
994,540,924,a que,2,complete-training RFECV,1,0.00021265068789009495,5.539742380665636
995,248,570,60,1,complete-training RFECV,1,0.00021257070062820447,5.539742380665636
996,2199,14685,meta,1,complete-training RFECV,1,0.00021241764466811618,4.93360657709532
997,1310,5743,de ellas,2,complete-training RFECV,1,0.00021157937972570676,6.232889561225582
998,2501,18319,proyectos o,2,complete-training RFECV,1,0.00021137263764900663,5.539742380665636
999,3512,23421,índice de,2,complete-training RFECV,1,0.00021090058786818147,6.638354669333745
1000,2085,12815,la fiscalización,2,complete-training RFECV,1,0.00021007302577456883,4.93360657709532
1001,2828,20742,sistemas,1,complete-training RFECV,1,0.00020995885088603104,4.93360657709532
1002,35,81,12 meses siguientes,3,complete-training RFECV,1,0.0002090357706636404,5.722063937459591
1003,3039,21773,tubo de escape,3,complete-training RFECV,1,0.00020837057454747544,6.232889561225582
1004,2071,12609,la calidad,2,complete-training RFECV,1,0.00020816035125032696,4.558913127653909
1005,1942,10182,estaciones,1,complete-training RFECV,1,0.00020800640071448468,5.385591700838378
1006,3275,22697,xilohigrómetro instrumento portátil,3,complete-training RFECV,1,0.00020771142108644814,6.638354669333745
1007,354,723,a consecuencia,2,complete-training RFECV,1,0.00020720920583648731,6.638354669333745
1008,925,2426,astm d3231,2,complete-training RFECV,1,0.00020711414014815233,6.638354669333745
1009,496,865,a lo señalado,3,complete-training RFECV,1,0.0002067014119724598,6.232889561225582
1010,1868,9389,en laboratorio iso,3,complete-training RFECV,1,0.0002062721424873126,6.638354669333745
1011,3307,22918,y en,2,complete-training RFECV,1,0.00020615040920749203,4.7665524924321545
1012,990,3189,carbono,1,complete-training RFECV,1,0.00020612911308152257,4.623451648791481
1013,2651,19520,residuos,1,complete-training RFECV,1,0.00020608973976221772,5.945207488773801
1014,1808,8828,electricidad y combustibles,3,complete-training RFECV,1,0.00020584101504824215,4.623451648791481
1015,1106,4334,conforme a sus,3,complete-training RFECV,1,0.0002057667115986744,5.2520603082138555
1016,2548,18882,que sean,2,complete-training RFECV,1,0.0002056872119731988,5.539742380665636
1017,2252,15747,nuevas metas anuales,3,complete-training RFECV,1,0.00020567983312352468,6.232889561225582
1018,1243,5416,de aves,2,complete-training RFECV,1,0.00020561243584958557,5.539742380665636
1019,3429,23288,y un,2,complete-training RFECV,1,0.0002053564698708062,5.945207488773801
1020,2939,21553,toda,1,complete-training RFECV,1,0.00020517188847198414,4.7665524924321545
1021,2350,17005,permitan estimar,2,complete-training RFECV,1,0.00020515164617296072,6.232889561225582
1022,2381,17193,plan requería,2,complete-training RFECV,1,0.0002050894832196199,6.638354669333745
1023,3022,21743,tres meses de,3,complete-training RFECV,1,0.00020480562012163743,6.638354669333745
1024,205,455,31,1,complete-training RFECV,1,0.00020470288428620442,5.2520603082138555
1025,1792,8683,el programa,2,complete-training RFECV,1,0.0002046982537425806,5.2520603082138555
1026,2911,21433,tendientes a,2,complete-training RFECV,1,0.0002043882498332663,5.945207488773801
1027,488,857,a lo establecido,3,complete-training RFECV,1,0.0002038883914356779,4.623451648791481
1028,852,2030,anualmente,1,complete-training RFECV,1,0.00020375539473822785,5.385591700838378
1029,1125,4529,contaminación,1,complete-training RFECV,1,0.00020348905146138474,4.93360657709532
1030,1791,8680,el proceso de,3,complete-training RFECV,1,0.0002028974965519324,5.385591700838378
1031,2886,21277,tablas,1,complete-training RFECV,1,0.00020276017278599443,5.945207488773801
1032,3103,21903,un combustible gaseoso,3,complete-training RFECV,1,0.00020248783504961052,5.945207488773801
1033,2032,11608,hará,1,complete-training RFECV,1,0.00020219341243794903,5.722063937459591
1034,1671,7692,dicho,1,complete-training RFECV,1,0.0002016633245730558,5.2520603082138555
1035,3253,22578,vigente,1,complete-training RFECV,1,0.00020156127107100232,5.134277272557472
1036,1662,7629,determinar,1,complete-training RFECV,1,0.00020147060935300182,5.539742380665636
1037,2718,20011,se distribuya o,3,complete-training RFECV,1,0.00020114446154085097,5.539742380665636
1038,393,762,a excepción de,3,complete-training RFECV,1,0.00020101885289507322,6.232889561225582
1039,771,1626,alhué cerro cantillana,3,complete-training RFECV,1,0.00020070117265384103,6.638354669333745
1040,2905,21411,temperatura,1,complete-training RFECV,1,0.00020057331265786976,6.232889561225582
1041,1360,5989,de ignición,2,complete-training RFECV,1,0.00020042862345633948,6.232889561225582
1042,52,103,14,1,complete-training RFECV,1,0.00019943746037402556,5.2520603082138555
1043,2473,18019,producción,1,complete-training RFECV,1,0.00019930429080593345,5.2520603082138555
1044,1789,8674,el presente plan,3,complete-training RFECV,1,0.00019880472196779267,5.2520603082138555
1045,2641,19463,reproducción de animales,3,complete-training RFECV,1,0.00019875781629256364,6.232889561225582
1046,2389,17227,plantel de crianza,3,complete-training RFECV,1,0.00019870998022281406,6.232889561225582
1047,1553,6966,declaración de episodios,3,complete-training RFECV,1,0.0001987019513717202,5.945207488773801
1048,2653,19527,resistencia eléctrica,2,complete-training RFECV,1,0.00019867619105297778,6.638354669333745
1049,753,1556,al sector,2,complete-training RFECV,1,0.00019734546523353933,5.539742380665636
1050,1013,3428,ciclo,1,complete-training RFECV,1,0.0001971874112682931,5.539742380665636
1051,2793,20528,será necesaria la,3,complete-training RFECV,1,0.00019705458397632344,6.638354669333745
1052,743,1506,al juzgado que,3,complete-training RFECV,1,0.0001969369588626095,6.232889561225582
1053,2626,19375,relacionadas,1,complete-training RFECV,1,0.0001965473527356976,5.945207488773801
1054,1391,6144,de las fuentes,3,complete-training RFECV,1,0.00019649313584090895,5.385591700838378
1055,2986,21672,transformación relevante,2,complete-training RFECV,1,0.00019637879867812853,6.638354669333745
1056,872,2105,aplicarán las,2,complete-training RFECV,1,0.00019585231829807165,5.722063937459591
1057,2201,14703,metas de,2,complete-training RFECV,1,0.00019442034734179343,5.2520603082138555
1058,432,801,a la excepción,3,complete-training RFECV,1,0.00019436433447684955,6.638354669333745
1059,1088,4190,con un,2,complete-training RFECV,1,0.0001940878837194118,4.93360657709532
1060,2259,15835,o actividades,2,complete-training RFECV,1,0.00019399693862790827,5.539742380665636
1061,2303,16503,para casos,2,complete-training RFECV,1,0.00019386504243631788,6.232889561225582
1062,2169,14064,límites máximos,2,complete-training RFECV,1,0.00019377190476115274,5.722063937459591
1063,908,2344,artículos,1,complete-training RFECV,1,0.00019367339690153432,5.2520603082138555
1064,1094,4256,concientización,1,complete-training RFECV,1,0.00019347565480789776,6.638354669333745
1065,2524,18556,que corresponde a,3,complete-training RFECV,1,0.00019326602165824263,6.232889561225582
1066,1852,9280,en el cálculo,3,complete-training RFECV,1,0.00019304684978046105,6.638354669333745
1067,2328,16763,parte,1,complete-training RFECV,1,0.00019286152018007055,5.134277272557472
1068,3344,23103,y o servicios,3,complete-training RFECV,1,0.00019255917468708709,6.638354669333745
1069,2490,18174,promover,1,complete-training RFECV,1,0.00019240099857201827,5.945207488773801
1070,760,1575,al uso,2,complete-training RFECV,1,0.00019235851545965944,6.232889561225582
1071,1368,6026,de instrumentos,2,complete-training RFECV,1,0.00019212266498781669,6.232889561225582
1072,1161,4896,cría de,2,complete-training RFECV,1,0.00019185377582929403,6.232889561225582
1073,629,1121,actividades en,2,complete-training RFECV,1,0.0001917255417883369,6.232889561225582
1074,2699,19849,santiago gestionará la,3,complete-training RFECV,1,0.00019160729774405632,6.232889561225582
1075,1916,9912,escape,1,complete-training RFECV,1,0.0001914851990052809,5.385591700838378
1076,2297,16419,otros derivados de,3,complete-training RFECV,1,0.00019092565155472995,4.7665524924321545
1077,2817,20676,simple y fierro,3,complete-training RFECV,1,0.0001907513989366084,6.638354669333745
1078,1609,7320,del plan de,3,complete-training RFECV,1,0.00019033894910714863,5.2520603082138555
1079,2677,19668,revisa reformula y,3,complete-training RFECV,1,0.00019019106291629214,5.722063937459591
1080,2819,20683,sin adición,2,complete-training RFECV,1,0.00019017802620343837,6.638354669333745
1081,1082,4137,con lo,2,complete-training RFECV,1,0.00018985656178200993,5.385591700838378
1082,1670,7687,dichas medidas,2,complete-training RFECV,1,0.00018983028317982387,6.232889561225582
1083,1596,7265,del material particulado,3,complete-training RFECV,1,0.00018956021639604463,5.385591700838378
1084,2479,18072,produzca a consecuencia,3,complete-training RFECV,1,0.00018945625715140521,6.638354669333745
1085,2088,12838,la gasolina,2,complete-training RFECV,1,0.00018941910062193382,6.232889561225582
1086,416,785,a la capacidad,3,complete-training RFECV,1,0.0001893794219377349,6.638354669333745
1087,1526,6833,deberá formalizarse mediante,3,complete-training RFECV,1,0.00018903209142266848,6.638354669333745
1088,1887,9652,enero,1,complete-training RFECV,1,0.00018823706745363752,5.722063937459591
1089,1797,8721,el retiro,2,complete-training RFECV,1,0.00018823705525400776,5.2520603082138555
1090,3183,22208,usd,1,complete-training RFECV,1,0.00018807577736118137,5.945207488773801
1091,774,1632,alimentos,1,complete-training RFECV,1,0.00018782015727118482,5.722063937459591
1092,1905,9764,episodio,1,complete-training RFECV,1,0.00018771055306788083,5.945207488773801
1093,2505,18358,publicado en,2,complete-training RFECV,1,0.00018746012739017325,5.539742380665636
1094,3109,21910,un consolidado,2,complete-training RFECV,1,0.00018729433876968972,6.638354669333745
1095,2735,20115,se indican,2,complete-training RFECV,1,0.00018684593461462635,5.722063937459591
1096,1390,6142,de las estaciones,3,complete-training RFECV,1,0.00018674237129305012,6.232889561225582
1097,3114,21918,un control estricto,3,complete-training RFECV,1,0.00018657914923760427,6.638354669333745
1098,3066,21829,términos de,2,complete-training RFECV,1,0.00018651028365119894,5.385591700838378
1099,1590,7217,del decreto supremo,3,complete-training RFECV,1,0.00018647724276052246,6.232889561225582
1100,2219,14912,modificaciones,1,complete-training RFECV,1,0.00018628701240708143,4.846595200105691
1101,843,1979,antes,1,complete-training RFECV,1,0.0001862778168534606,5.134277272557472
1102,2430,17504,por mp10 y,3,complete-training RFECV,1,0.0001861014599482069,5.722063937459591
1103,1442,6361,de obras,2,complete-training RFECV,1,0.00018606125495988616,5.539742380665636
1104,2572,19070,recipiente metálico abierto,3,complete-training RFECV,1,0.00018597450391520095,6.638354669333745
1105,2015,11384,generación,1,complete-training RFECV,1,0.00018592164540111105,5.539742380665636
1106,2923,21479,territoriales,1,complete-training RFECV,1,0.0001856917091900763,6.638354669333745
1107,1424,6279,de meses,2,complete-training RFECV,1,0.00018564863309691485,5.385591700838378
1108,1449,6416,de potencia,2,complete-training RFECV,1,0.00018563885950000937,5.134277272557472
1109,246,568,59 de,2,complete-training RFECV,1,0.00018562031131332524,5.539742380665636
1110,3024,21750,trianuales,1,complete-training RFECV,1,0.00018533108685457825,5.539742380665636
1111,2521,18498,que adopte dicha,3,complete-training RFECV,1,0.00018502184732636806,5.945207488773801
1112,1004,3293,catalítica,1,complete-training RFECV,1,0.00018491344537120875,6.638354669333745
1113,1009,3390,cfr,1,complete-training RFECV,1,0.00018482991478145985,5.722063937459591
1114,2289,16315,organismos,1,complete-training RFECV,1,0.00018463704091734409,5.2520603082138555
1115,161,310,2014,1,complete-training RFECV,1,0.0001845278534469045,5.385591700838378
1116,1203,5165,d3237,1,complete-training RFECV,1,0.00018449965996509461,6.638354669333745
1117,791,1709,ambiental deberán,2,complete-training RFECV,1,0.00018435789777444022,6.638354669333745
1118,2532,18646,que establezca,2,complete-training RFECV,1,0.00018422353721366864,6.232889561225582
1119,2351,17012,permite,1,complete-training RFECV,1,0.00018402582702884332,5.722063937459591
1120,2536,18712,que la,2,complete-training RFECV,1,0.0001838624385233818,5.028916756899646
1121,1992,11064,forma exclusiva,2,complete-training RFECV,1,0.00018381180508402894,5.945207488773801
1122,2812,20657,siguientes tablas,2,complete-training RFECV,1,0.00018359767545846027,6.232889561225582
1123,168,338,2016,1,complete-training RFECV,1,0.00018307842561202876,5.2520603082138555
1124,3026,21753,trianuales de,2,complete-training RFECV,1,0.0001830677920420981,5.945207488773801
1125,3370,23185,y reconstrucción publicado,3,complete-training RFECV,1,0.00018220740139418703,5.722063937459591
1126,897,2254,arbitraje debe usarse,3,complete-training RFECV,1,0.0001821362302584883,5.722063937459591
1127,1034,3665,combustibles fósiles,2,complete-training RFECV,1,0.00018211376425924885,5.722063937459591
1128,2043,11809,igual a,2,complete-training RFECV,1,0.0001820700805294095,5.028916756899646
1129,2878,21233,sólidos tales,2,complete-training RFECV,1,0.00018206657679293477,5.945207488773801
1130,2137,13536,leña y,2,complete-training RFECV,1,0.00018135844596135653,5.028916756899646
1131,3150,22013,un sistema,2,complete-training RFECV,1,0.0001813495297796662,5.722063937459591
1132,2040,11806,ignición por,2,complete-training RFECV,1,0.0001813372054552452,6.232889561225582
1133,1051,3794,como combustible,2,complete-training RFECV,1,0.00018129571079615616,5.539742380665636
1134,479,848,a leña,2,complete-training RFECV,1,0.00018122164686096867,5.134277272557472
1135,2290,16374,otra clase de,3,complete-training RFECV,1,0.00018098079159983155,6.638354669333745
1136,448,817,a la nch62,3,complete-training RFECV,1,0.00018094019267014176,6.638354669333745
1137,2934,21523,tipo de,2,complete-training RFECV,1,0.00018089797676360954,5.385591700838378
1138,523,892,a miembros de,3,complete-training RFECV,1,0.00018082515984975316,6.638354669333745
1139,3519,23442,último las superaciones,3,complete-training RFECV,1,0.0001804330165571824,6.638354669333745
1140,359,728,a continuación,2,complete-training RFECV,1,0.00018032222563588496,5.539742380665636
1141,682,1320,agencia de protección,3,complete-training RFECV,1,0.00017984264069057467,5.945207488773801
1142,2659,19576,respecto de los,3,complete-training RFECV,1,0.00017965659349020136,5.722063937459591
1143,2693,19796,sanitaria,1,complete-training RFECV,1,0.00017950474392887709,6.232889561225582
1144,3059,21819,térmico de,2,complete-training RFECV,1,0.0001785894315619857,6.232889561225582
1145,1246,5429,de baja,2,complete-training RFECV,1,0.00017853123380794412,5.539742380665636
1146,3161,22107,una resolución,2,complete-training RFECV,1,0.00017847838408778266,6.638354669333745
1147,1380,6075,de la fuente,3,complete-training RFECV,1,0.00017844857159385414,5.945207488773801
1148,2543,18827,que rodean la,3,complete-training RFECV,1,0.0001783071700444662,5.945207488773801
1149,2425,17472,por la seremi,3,complete-training RFECV,1,0.00017827513781531164,5.722063937459591
1150,2062,12385,instrumentos,1,complete-training RFECV,1,0.00017822831684414638,5.539742380665636
1151,3268,22681,web,1,complete-training RFECV,1,0.0001781809237033819,5.385591700838378
1152,1357,5983,de humo,2,complete-training RFECV,1,0.0001778780962781744,6.232889561225582
1153,3281,22734,y actualización,2,complete-training RFECV,1,0.00017735903933487163,5.722063937459591
1154,2468,17976,proceso aquellas fuentes,3,complete-training RFECV,1,0.00017716575663192832,6.638354669333745
1155,1903,9762,epa indicados,2,complete-training RFECV,1,0.00017709814771220655,5.945207488773801
1156,2683,19725,rodean la,2,complete-training RFECV,1,0.00017674251978253564,5.945207488773801
1157,988,3185,carbon,1,complete-training RFECV,1,0.00017673858379495686,5.945207488773801
1158,2061,12346,instalaciones de,2,complete-training RFECV,1,0.00017613487875794525,5.385591700838378
1159,2917,21458,terceros que,2,complete-training RFECV,1,0.0001759815905125376,6.638354669333745
1160,3197,22267,utilicen un combustible,3,complete-training RFECV,1,0.00017595840054135463,6.638354669333745
1161,3501,23401,ésta opere en,3,complete-training RFECV,1,0.00017585850982916915,6.638354669333745
1162,884,2208,aquella que,2,complete-training RFECV,1,0.0001757156362089158,5.945207488773801
1163,1061,3963,componentes y,2,complete-training RFECV,1,0.0001755208077939966,6.232889561225582
1164,688,1338,aglomerada con o,3,complete-training RFECV,1,0.00017529719423773236,6.638354669333745
1165,1081,4132,con las medidas,3,complete-training RFECV,1,0.0001748109487939849,5.722063937459591
1166,543,927,a que se,3,complete-training RFECV,1,0.00017463363266256377,5.945207488773801
1167,2420,17441,por el período,3,complete-training RFECV,1,0.00017447628287907746,6.638354669333745
1168,2042,11808,igual,1,complete-training RFECV,1,0.00017427428603340947,4.7665524924321545
1169,840,1970,anterioridad,1,complete-training RFECV,1,0.00017412937045355328,5.945207488773801
1170,1882,9541,en un plazo,3,complete-training RFECV,1,0.00017383506922129502,4.441130091997526
1171,3476,23370,ámbitos,1,complete-training RFECV,1,0.0001737222521511683,6.638354669333745
1172,656,1226,adelante,1,complete-training RFECV,1,0.00017356756871837734,6.232889561225582
1173,1604,7275,del minsegpres que,3,complete-training RFECV,1,0.00017317300708401089,6.232889561225582
1174,1211,5238,de 1992 del,3,complete-training RFECV,1,0.00017313589434455982,5.722063937459591
1175,1719,8150,e industrial,2,complete-training RFECV,1,0.00017277836177563588,5.539742380665636
1176,1370,6034,de jornadas,2,complete-training RFECV,1,0.00017271182294723519,6.638354669333745
1177,3395,23235,y soldaduras,2,complete-training RFECV,1,0.00017265338464184928,6.638354669333745
1178,3092,21874,un adecuado nivel,3,complete-training RFECV,1,0.00017255921249883046,6.638354669333745
1179,654,1220,adecuadamente el nivel,3,complete-training RFECV,1,0.0001720651749221182,6.638354669333745
1180,1226,5312,de 80,2,complete-training RFECV,1,0.0001718689716652034,6.638354669333745
1181,797,1735,ambientales entre las,3,complete-training RFECV,1,0.00017141582917708505,6.638354669333745
1182,3518,23438,último,1,complete-training RFECV,1,0.00017128810204098535,5.945207488773801
1183,2946,21573,todas las,2,complete-training RFECV,1,0.00017119716737942455,5.945207488773801
1184,2435,17546,por un período,3,complete-training RFECV,1,0.00017088056821793838,5.722063937459591
1185,2451,17750,presentar,1,complete-training RFECV,1,0.00017024859222622448,5.028916756899646
1186,778,1656,alrededor,1,complete-training RFECV,1,0.00016980570736846952,5.945207488773801
1187,725,1472,al de mayo,3,complete-training RFECV,1,0.00016977626539685202,6.638354669333745
1188,1764,8517,el ds 66,3,complete-training RFECV,1,0.00016951324652524034,5.2520603082138555
1189,3083,21856,ubicadas,1,complete-training RFECV,1,0.00016939372914226338,6.232889561225582
1190,969,2986,calefactor,1,complete-training RFECV,1,0.00016914072636516314,5.945207488773801
1191,2240,15364,nch63,1,complete-training RFECV,1,0.00016878082353302302,5.945207488773801
1192,1194,5122,cuya finalidad es,3,complete-training RFECV,1,0.00016869634803905103,5.945207488773801
1193,2764,20338,sector transporte,2,complete-training RFECV,1,0.0001685257244279593,5.539742380665636
1194,2913,21436,tendientes a reducir,3,complete-training RFECV,1,0.0001684870961027868,6.638354669333745
1195,2652,19526,resistencia,1,complete-training RFECV,1,0.00016845594647893394,6.638354669333745
1196,2714,19984,se declaró,2,complete-training RFECV,1,0.00016845439859604127,5.945207488773801
1197,2837,20813,sobre la,2,complete-training RFECV,1,0.00016841059002648518,4.93360657709532
1198,2055,12102,indicados en el,3,complete-training RFECV,1,0.00016787030654851864,4.93360657709532
1199,2494,18258,protección ambiental de,3,complete-training RFECV,1,0.00016783241981463195,5.945207488773801
1200,436,805,a la gasolina,3,complete-training RFECV,1,0.00016780314850862747,6.638354669333745
1201,1461,6472,de quince,2,complete-training RFECV,1,0.00016760177893683135,6.232889561225582
1202,690,1340,agosto de,2,complete-training RFECV,1,0.00016730417301420573,5.722063937459591
1203,2167,14062,límites de,2,complete-training RFECV,1,0.00016697795603224535,5.028916756899646
1204,2274,16190,of federal,2,complete-training RFECV,1,0.00016687352599062337,5.722063937459591
1205,880,2196,aquel grupo,2,complete-training RFECV,1,0.00016649291418686533,6.638354669333745
1206,1093,4251,concentración de oxígeno,3,complete-training RFECV,1,0.00016638559794702253,6.638354669333745
1207,2799,20558,señalados,1,complete-training RFECV,1,0.00016614644821835435,5.2520603082138555
1208,3235,22463,vehículos transportables para,3,complete-training RFECV,1,0.00016570327768078641,6.638354669333745
1209,3363,23166,y publique,2,complete-training RFECV,1,0.0001656008662840403,6.638354669333745
1210,3097,21882,un anexo con,3,complete-training RFECV,1,0.00016525495786326355,6.638354669333745
1211,851,2022,anuales de emisión,3,complete-training RFECV,1,0.0001651031600518371,6.232889561225582
1212,2163,14014,los titulares,2,complete-training RFECV,1,0.00016469936740623733,5.028916756899646
1213,1636,7473,desarrollará,1,complete-training RFECV,1,0.00016451274019868662,5.722063937459591
1214,2601,19215,referidos,1,complete-training RFECV,1,0.00016361223992054127,5.539742380665636
1215,2861,21099,superior,1,complete-training RFECV,1,0.00016356137781592175,5.134277272557472
1216,1594,7258,del interior,2,complete-training RFECV,1,0.000163296783826885,5.945207488773801
1217,2937,21535,tipos de,2,complete-training RFECV,1,0.00016304437073055698,6.232889561225582
1218,1207,5201,dato anual,2,complete-training RFECV,1,0.00016301740455539114,6.638354669333745
1219,2950,21584,todo lo que,3,complete-training RFECV,1,0.00016289903509436683,5.028916756899646
1220,2975,21653,transcurso,1,complete-training RFECV,1,0.00016264914883023149,6.638354669333745
1221,947,2699,bajo,1,complete-training RFECV,1,0.0001623209787442194,5.722063937459591
1222,2148,13715,los artículos,2,complete-training RFECV,1,0.0001622906207594381,5.2520603082138555
1223,822,1882,and,1,complete-training RFECV,1,0.0001622076195730812,6.232889561225582
1224,1628,7451,derivadas según lo,3,complete-training RFECV,1,0.00016218786584602386,6.638354669333745
1225,3238,22478,verdes,1,complete-training RFECV,1,0.0001621818043047333,5.539742380665636
1226,945,2690,baja,1,complete-training RFECV,1,0.00016211480605555885,5.539742380665636
1227,2916,21455,terceros,1,complete-training RFECV,1,0.0001619934991438466,5.945207488773801
1228,2363,17081,perímetro del plantel,3,complete-training RFECV,1,0.00016190560720936927,5.945207488773801
1229,2146,13641,lo señalado,2,complete-training RFECV,1,0.00016165389258788473,5.722063937459591
1230,1262,5507,de carga,2,complete-training RFECV,1,0.00016161192581761702,5.722063937459591
1231,1462,6473,de quince minutos,3,complete-training RFECV,1,0.00016153942430458104,6.232889561225582
1232,737,1498,al ingreso del,3,complete-training RFECV,1,0.00016143448180940692,6.638354669333745
1233,3338,23066,y municipales,2,complete-training RFECV,1,0.0001613840043279613,5.945207488773801
1234,887,2218,aquellas comunas emplazadas,3,complete-training RFECV,1,0.0001613627879095563,6.638354669333745
1235,435,804,a la fecha,3,complete-training RFECV,1,0.00016103182334315717,4.93360657709532
1236,2737,20139,se observa,2,complete-training RFECV,1,0.00016076940630107637,5.722063937459591
1237,61,126,15 de,2,complete-training RFECV,1,0.0001605702771641566,5.722063937459591
1238,2112,13124,la superintendencia de,3,complete-training RFECV,1,0.00016048115001255506,4.623451648791481
1239,2961,21613,total de,2,complete-training RFECV,1,0.0001604176289623661,5.385591700838378
1240,154,286,2009 de minsegpres,3,complete-training RFECV,1,0.00016029748032050893,5.539742380665636
1241,1725,8207,educación,1,complete-training RFECV,1,0.0001602005301384656,4.93360657709532
1242,1403,6193,de los combustibles,3,complete-training RFECV,1,0.00016019435991756987,5.539742380665636
1243,196,433,30,1,complete-training RFECV,1,0.00015998345197492812,5.2520603082138555
1244,3274,22696,xilohigrómetro instrumento,2,complete-training RFECV,1,0.00015985915447303952,6.638354669333745
1245,187,408,24 horas,2,complete-training RFECV,1,0.00015975970490392572,5.2520603082138555
1246,648,1196,acuerdo a los,3,complete-training RFECV,1,0.0001591839656145531,5.539742380665636
1247,316,685,a 25,2,complete-training RFECV,1,0.00015917117148835306,6.232889561225582
1248,2241,15383,necesario,1,complete-training RFECV,1,0.00015898744491650249,5.385591700838378
1249,724,1470,al de,2,complete-training RFECV,1,0.00015880904570625875,6.232889561225582
1250,1452,6434,de prevención y,3,complete-training RFECV,1,0.00015872117206625405,4.4982885058374755
1251,2355,17025,permitido agregar,2,complete-training RFECV,1,0.00015862821584820857,6.638354669333745
1252,1209,5219,de 12,2,complete-training RFECV,1,0.00015861544275516125,4.558913127653909
1253,1731,8245,efectos,1,complete-training RFECV,1,0.0001583833635454433,4.4982885058374755
1254,3192,22229,uso de este,3,complete-training RFECV,1,0.0001583454087968525,6.638354669333745
1255,2732,20091,se hará en,3,complete-training RFECV,1,0.00015831279713111635,6.638354669333745
1256,3497,23396,épocas,1,complete-training RFECV,1,0.0001582435474114004,6.638354669333745
1257,968,2973,calefacción residencial,2,complete-training RFECV,1,0.00015821457796025607,5.539742380665636
1258,2288,16304,ordenará la,2,complete-training RFECV,1,0.00015807516914542776,6.232889561225582
1259,191,422,25,1,complete-training RFECV,1,0.00015801710219691845,5.539742380665636
1260,3347,23114,y otros,2,complete-training RFECV,1,0.0001576835451364646,4.623451648791481
1261,2074,12683,la cordillera,2,complete-training RFECV,1,0.00015758310304801601,5.945207488773801
1262,1794,8693,el proyecto,2,complete-training RFECV,1,0.00015688042149346516,5.722063937459591
1263,881,2198,aquel plantel,2,complete-training RFECV,1,0.00015683383906382492,6.232889561225582
1264,1057,3910,compensar,1,complete-training RFECV,1,0.0001567407693778903,5.028916756899646
1265,1020,3515,clases de,2,complete-training RFECV,1,0.00015673717837863096,6.232889561225582
1266,1126,4530,contaminación atmosférica,2,complete-training RFECV,1,0.00015623961152751216,5.945207488773801
1267,1476,6544,de santiago a,3,complete-training RFECV,1,0.00015605359492113248,5.722063937459591
1268,2719,20023,se emitirán,2,complete-training RFECV,1,0.00015474591094947893,6.638354669333745
1269,2574,19077,reconocibles,1,complete-training RFECV,1,0.0001546237568322678,6.638354669333745
1270,1548,6940,debiendo medirse el,3,complete-training RFECV,1,0.00015449866022288806,6.638354669333745
1271,2158,13982,los resultados,2,complete-training RFECV,1,0.00015412126641239538,5.2520603082138555
1272,2514,18446,pérdida de,2,complete-training RFECV,1,0.00015380003385647025,5.945207488773801
1273,3186,22214,usen un,2,complete-training RFECV,1,0.00015363412074678734,5.945207488773801
1274,2385,17206,planes de,2,complete-training RFECV,1,0.00015329875965005196,4.93360657709532
1275,3290,22818,y concientización anual,3,complete-training RFECV,1,0.0001532296975146899,6.638354669333745
1276,1456,6449,de pronóstico de,3,complete-training RFECV,1,0.00015299506977124844,6.232889561225582
1277,2736,20134,se mantienen,2,complete-training RFECV,1,0.0001527340433009277,6.232889561225582
1278,1782,8636,el objetivo,2,complete-training RFECV,1,0.0001523914443607495,5.539742380665636
1279,287,656,961 962 y,3,complete-training RFECV,1,0.00015229715083714404,6.638354669333745
1280,1885,9582,encuentra,1,complete-training RFECV,1,0.00015223651737147613,5.134277272557472
1281,2357,17039,permitidos en la,3,complete-training RFECV,1,0.0001520585652134215,6.232889561225582
1282,953,2812,bien,1,complete-training RFECV,1,0.00015190665376618235,5.539742380665636
1283,2013,11362,gasolina para motores,3,complete-training RFECV,1,0.00015181350332323483,6.232889561225582
1284,1969,10700,existentes,1,complete-training RFECV,1,0.00015166746700045322,4.623451648791481
1285,2445,17640,potencia térmica nominal,3,complete-training RFECV,1,0.00015155160612591098,6.232889561225582
1286,1826,8980,emisiones directas,2,complete-training RFECV,1,0.00015146880539411073,5.539742380665636
1287,956,2823,biocombustibles,1,complete-training RFECV,1,0.0001512953441103456,5.945207488773801
1288,1000,3281,caso que el,3,complete-training RFECV,1,0.00015117555372207308,6.232889561225582
1289,2832,20767,situación,1,complete-training RFECV,1,0.00015101174832845616,5.385591700838378
1290,787,1680,alto contenido de,3,complete-training RFECV,1,0.0001509922520212283,6.638354669333745
1291,2944,21571,todas de,2,complete-training RFECV,1,0.00015080316547354304,6.638354669333745
1292,1994,11110,fracción,1,complete-training RFECV,1,0.00015077190354606884,5.945207488773801
1293,2887,21280,tal,1,complete-training RFECV,1,0.00015047767855099858,5.134277272557472
1294,2850,20944,su implementación,2,complete-training RFECV,1,0.0001503479637822421,5.945207488773801
1295,1287,5643,de corral,2,complete-training RFECV,1,0.00015019278233951107,5.539742380665636
1296,1766,8535,el espacio,2,complete-training RFECV,1,0.00014997505817214231,5.945207488773801
1297,3310,22948,y expresión,2,complete-training RFECV,1,0.0001499330013029534,6.638354669333745
1298,3062,21823,término,1,complete-training RFECV,1,0.00014979569610593303,6.232889561225582
1299,3282,22779,y carbón,2,complete-training RFECV,1,0.00014978514776879963,5.945207488773801
1300,942,2630,año 2015,2,complete-training RFECV,1,0.00014975686297943576,5.385591700838378
1301,3263,22636,vivienda y urbanismo,3,complete-training RFECV,1,0.00014957284835370637,4.846595200105691
1302,1504,6688,de un programa,3,complete-training RFECV,1,0.0001495061252682042,5.945207488773801
1303,2989,21676,transformándolo en un,3,complete-training RFECV,1,0.00014943756102084655,6.638354669333745
1304,647,1195,acuerdo a lo,3,complete-training RFECV,1,0.00014926757191026743,5.134277272557472
1305,985,3165,capítulo,1,complete-training RFECV,1,0.00014860281489095431,5.722063937459591
1306,2805,20598,siempre y,2,complete-training RFECV,1,0.00014844134047051048,5.722063937459591
1307,2613,19269,reforzará el programa,3,complete-training RFECV,1,0.0001482415559265957,5.945207488773801
1308,2599,19193,referencia,1,complete-training RFECV,1,0.00014805086994164172,5.539742380665636
1309,2017,11406,generales,1,complete-training RFECV,1,0.00014795212989077082,5.722063937459591
1310,1966,10636,exigencia,1,complete-training RFECV,1,0.00014791765765600074,4.846595200105691
1311,2463,17939,priorizarán,1,complete-training RFECV,1,0.00014775125585503378,6.638354669333745
1312,716,1443,al 31 de,3,complete-training RFECV,1,0.00014767473714542585,5.722063937459591
1313,916,2407,asociadas al uso,3,complete-training RFECV,1,0.0001476350418841627,6.638354669333745
1314,1954,10428,estén,1,complete-training RFECV,1,0.00014735058921470999,5.722063937459591
1315,1299,5714,de distribución,2,complete-training RFECV,1,0.00014726234440679359,5.385591700838378
1316,1631,7455,derivados de la,3,complete-training RFECV,1,0.00014716671115234104,4.623451648791481
1317,1681,7778,directas,1,complete-training RFECV,1,0.0001470892383729107,5.385591700838378
1318,1147,4791,corresponda de,2,complete-training RFECV,1,0.00014708570078143947,6.232889561225582
1319,318,687,a 25 y,3,complete-training RFECV,1,0.00014696038871371347,6.638354669333745
1320,2140,13608,lo dispuesto,2,complete-training RFECV,1,0.00014596433988968793,4.4982885058374755
1321,2513,18445,pérdida,1,complete-training RFECV,1,0.00014549193014613197,5.945207488773801
1322,1206,5189,dar a conocer,3,complete-training RFECV,1,0.00014532081773357676,6.638354669333745
1323,2965,21620,total del,2,complete-training RFECV,1,0.00014532038619510486,5.945207488773801
1324,2413,17401,por chispa,2,complete-training RFECV,1,0.00014530418259392033,5.945207488773801
1325,1463,6485,de recursos,2,complete-training RFECV,1,0.000145134214170769,5.945207488773801
1326,1169,4943,cuales se,2,complete-training RFECV,1,0.0001450984361007345,5.539742380665636
1327,1733,8282,efectuarán,1,complete-training RFECV,1,0.00014500333750928012,5.945207488773801
1328,1755,8475,el cumplimiento de,3,complete-training RFECV,1,0.00014476272038608447,5.134277272557472
1329,2534,18706,que ingresen,2,complete-training RFECV,1,0.0001446553868372858,5.722063937459591
1330,3510,23412,éstos,1,complete-training RFECV,1,0.00014459499126138543,5.722063937459591
1331,285,654,961,1,complete-training RFECV,1,0.00014457356194759384,6.638354669333745
1332,2023,11499,gran establecimiento,2,complete-training RFECV,1,0.00014449224344947754,5.539742380665636
1333,3487,23384,áreas territoriales,2,complete-training RFECV,1,0.00014447077545935315,6.638354669333745
1334,394,763,a fin,2,complete-training RFECV,1,0.00014443784293909718,5.385591700838378
1335,1396,6168,de leña se,3,complete-training RFECV,1,0.00014429545461886739,6.638354669333745
1336,2440,17615,posterioridad a,2,complete-training RFECV,1,0.0001441849642416756,5.722063937459591
1337,1058,3926,competencias,1,complete-training RFECV,1,0.00014410106298357842,5.722063937459591
1338,1308,5741,de electricidad y,3,complete-training RFECV,1,0.00014399982050515954,4.623451648791481
1339,2345,16964,perjuicio de lo,3,complete-training RFECV,1,0.00014392264986574503,5.722063937459591
1340,2555,18922,quedan,1,complete-training RFECV,1,0.0001435490077635749,6.232889561225582
1341,2121,13241,las comunas,2,complete-training RFECV,1,0.00014348211754263373,5.539742380665636
1342,2264,16014,o puedan utilizar,3,complete-training RFECV,1,0.0001433845070982908,5.385591700838378
1343,3135,21982,un máximo,2,complete-training RFECV,1,0.00014298063940666272,6.638354669333745
1344,1430,6304,de monitoreo,2,complete-training RFECV,1,0.00014273800450857927,5.539742380665636
1345,2286,16261,operando a,2,complete-training RFECV,1,0.0001424985023530898,5.945207488773801
1346,2585,19128,redes sociales,2,complete-training RFECV,1,0.0001424599667949409,6.638354669333745
1347,2511,18388,puede combustionar leña,3,complete-training RFECV,1,0.00014232822663808687,5.722063937459591
1348,958,2840,black,1,complete-training RFECV,1,0.00014224563465371122,5.722063937459591
1349,2556,18925,quedan exentos,2,complete-training RFECV,1,0.00014191711595769904,6.638354669333745
1350,1031,3630,combustible sólido generalmente,3,complete-training RFECV,1,0.00014178515008804275,6.232889561225582
1351,2852,20984,subsecretaría,1,complete-training RFECV,1,0.00014175191017929737,6.638354669333745
1352,2933,21519,tipo,1,complete-training RFECV,1,0.00014161734348565018,5.028916756899646
1353,1261,5501,de carbono alrededor,3,complete-training RFECV,1,0.00014152698723750984,6.638354669333745
1354,1417,6254,de material,2,complete-training RFECV,1,0.00014143804229900848,4.623451648791481
1355,1067,4011,comunas más deficitarias,3,complete-training RFECV,1,0.00014138380438594815,6.232889561225582
1356,1673,7709,diciembre,1,complete-training RFECV,1,0.00014104098248944065,5.722063937459591
1357,2157,13900,los organismos,2,complete-training RFECV,1,0.00014102333678623792,5.385591700838378
1358,2457,17843,presupuestaria,1,complete-training RFECV,1,0.00014092482639038172,5.945207488773801
1359,1488,6613,de sus,2,complete-training RFECV,1,0.00014087808871758882,5.028916756899646
1360,1231,5335,de agosto,2,complete-training RFECV,1,0.0001408699631302404,5.722063937459591
1361,1717,8118,día entre de,3,complete-training RFECV,1,0.00014020570767633536,6.638354669333745
1362,2260,15891,o cuenta,2,complete-training RFECV,1,0.00014012826626172583,6.232889561225582
1363,240,549,55 del,2,complete-training RFECV,1,0.00014005572171917998,6.638354669333745
1364,3020,21741,tres,1,complete-training RFECV,1,0.00013988228975860456,6.232889561225582
1365,3052,21798,térmica,1,complete-training RFECV,1,0.00013964795368688824,5.028916756899646
1366,1410,6223,de los siguientes,3,complete-training RFECV,1,0.0001395467801411917,6.232889561225582
1367,2292,16380,otras actividades,2,complete-training RFECV,1,0.00013938669061958818,6.232889561225582
1368,2036,11691,horarios,1,complete-training RFECV,1,0.00013911445002516085,5.722063937459591
1369,2862,21116,supremo,1,complete-training RFECV,1,0.00013902479468878552,5.539742380665636
1370,1415,6240,de manejo,2,complete-training RFECV,1,0.00013894253843503134,6.232889561225582
1371,1781,8625,el método ramsbottom,3,complete-training RFECV,1,0.00013878078526154887,6.232889561225582
1372,1355,5974,de huevos,2,complete-training RFECV,1,0.000138665753624476,5.945207488773801
1373,2685,19729,rubro y podrá,3,complete-training RFECV,1,0.00013852249361589008,6.638354669333745
1374,2009,11295,galpón,1,complete-training RFECV,1,0.000138443479803082,5.722063937459591
1375,2184,14372,mediante resistencia eléctrica,3,complete-training RFECV,1,0.00013844167917316522,6.638354669333745
1376,434,803,a la fase,3,complete-training RFECV,1,0.00013833076707412065,6.638354669333745
1377,2813,20658,siguientes tipos,2,complete-training RFECV,1,0.00013816291960615717,6.638354669333745
1378,2605,19230,refi a la,3,complete-training RFECV,1,0.000138156150316969,6.638354669333745
1379,2275,16192,of federal regulations,3,complete-training RFECV,1,0.00013809947759066963,5.945207488773801
1380,2129,13346,las mediciones,2,complete-training RFECV,1,0.00013808313690665797,5.539742380665636
1381,1477,6552,de santiago deberá,3,complete-training RFECV,1,0.00013774453405096765,5.539742380665636
1382,1973,10877,federal,1,complete-training RFECV,1,0.0001374891698558814,5.722063937459591
1383,3246,22546,vialidad ciclo,2,complete-training RFECV,1,0.00013741425625542542,6.638354669333745
1384,1012,3424,chispa,1,complete-training RFECV,1,0.00013731926084628633,5.945207488773801
1385,1101,4308,conductas preventivas y,3,complete-training RFECV,1,0.00013694450812650312,6.638354669333745
1386,2004,11218,fuera de ruta,3,complete-training RFECV,1,0.00013667890801174681,5.385591700838378
1387,2526,18567,que de,2,complete-training RFECV,1,0.00013659399945512685,5.945207488773801
1388,564,965,a un,2,complete-training RFECV,1,0.00013642869105335472,5.722063937459591
1389,844,1980,antes de,2,complete-training RFECV,1,0.0001363858595148355,5.539742380665636
1390,640,1168,actualización del presente,3,complete-training RFECV,1,0.00013638081319357042,6.638354669333745
1391,2657,19569,respecto,1,complete-training RFECV,1,0.00013624160823765046,4.93360657709532
1392,1036,3688,combustibles sólidos,2,complete-training RFECV,1,0.0001359753872676395,5.722063937459591
1393,2054,12101,indicados en,2,complete-training RFECV,1,0.00013592088284792328,4.846595200105691
1394,1912,9817,equivalente,1,complete-training RFECV,1,0.00013585360421805427,5.2520603082138555
1395,2869,21141,sus competencias,2,complete-training RFECV,1,0.00013575498481011196,5.722063937459591
1396,1649,7552,desde el de,3,complete-training RFECV,1,0.00013575342094435385,5.945207488773801
1397,2570,19058,rechazados en un,3,complete-training RFECV,1,0.00013561760655030736,6.638354669333745
1398,666,1256,adición,1,complete-training RFECV,1,0.0001356112464128653,6.638354669333745
1399,757,1564,al seia puede,3,complete-training RFECV,1,0.0001353569376942528,6.638354669333745
1400,2841,20842,sociales y,2,complete-training RFECV,1,0.00013530698479515286,6.232889561225582
1401,2940,21555,toda actividad proceso,3,complete-training RFECV,1,0.00013517112341525486,6.638354669333745
1402,3468,23360,µg m3,2,complete-training RFECV,1,0.00013495456509721754,5.385591700838378
1403,2864,21127,sur,1,complete-training RFECV,1,0.0001345868060468299,5.945207488773801
1404,1774,8591,el límite de,3,complete-training RFECV,1,0.00013421133999178241,5.722063937459591
1405,3200,22279,utilizada como combustible,3,complete-training RFECV,1,0.00013355526381436534,6.638354669333745
1406,2898,21362,tecnología certificada,2,complete-training RFECV,1,0.00013324966791520274,6.638354669333745
1407,1545,6936,debiendo denunciarse al,3,complete-training RFECV,1,0.0001331414194337895,6.232889561225582
1408,2648,19493,requisitos generales,2,complete-training RFECV,1,0.0001330269047027181,6.638354669333745
1409,2361,17058,pero no,2,complete-training RFECV,1,0.00013283585804014806,6.232889561225582
1410,2334,16864,partículas,1,complete-training RFECV,1,0.00013255201214870205,4.93360657709532
1411,1964,10629,exentos,1,complete-training RFECV,1,0.0001322728308550556,6.638354669333745
1412,2789,20496,servicios competentes,2,complete-training RFECV,1,0.00013226948935676165,5.945207488773801
1413,1623,7429,dentro de la,3,complete-training RFECV,1,0.0001322127683456994,5.945207488773801
1414,159,301,2011 del ministerio,3,complete-training RFECV,1,0.00013195321716649215,5.134277272557472
1415,2922,21465,terminado el ciclo,3,complete-training RFECV,1,0.00013194761525251174,5.945207488773801
1416,2849,20931,su desplazamiento,2,complete-training RFECV,1,0.00013191044758978937,6.638354669333745
1417,1164,4909,críticos de contaminación,3,complete-training RFECV,1,0.00013176278701649606,6.232889561225582
1418,1780,8623,el método astm,3,complete-training RFECV,1,0.00013152941325608237,6.232889561225582
1419,1219,5276,de 2011,2,complete-training RFECV,1,0.00013146671851376395,5.028916756899646
1420,2082,12785,la evaluación,2,complete-training RFECV,1,0.00013132534286922147,5.722063937459591
1421,1190,5096,cumplir las,2,complete-training RFECV,1,0.00013128976414482541,5.945207488773801
1422,3046,21784,técnicas de,2,complete-training RFECV,1,0.0001312871419095171,6.638354669333745
1423,3008,21721,tratamiento,1,complete-training RFECV,1,0.00013117250940320228,6.638354669333745
1424,2154,13834,los gases licuados,3,complete-training RFECV,1,0.00013086184395090644,6.638354669333745
1425,569,971,a una acción,3,complete-training RFECV,1,0.00013058042304754858,6.638354669333745
1426,576,989,abierto que se,3,complete-training RFECV,1,0.0001305370503677662,6.638354669333745
1427,2765,20346,sectores,1,complete-training RFECV,1,0.00013013391893396066,5.722063937459591
1428,3504,23404,éstas debieran satisfacerse,3,complete-training RFECV,1,0.00013013342912150173,6.638354669333745
1429,391,760,a estudios realizados,3,complete-training RFECV,1,0.000130063497484779,6.638354669333745
1430,1148,4793,corresponda las,2,complete-training RFECV,1,0.00012988285745594124,6.232889561225582
1431,1177,5007,cuenca de,2,complete-training RFECV,1,0.00012960924120792192,5.539742380665636
1432,78,163,18 de 2001,3,complete-training RFECV,1,0.00012936258595919894,6.232889561225582
1433,2181,14311,mayor,1,complete-training RFECV,1,0.00012922463228585377,5.134277272557472
1434,2419,17437,por el fabricante,3,complete-training RFECV,1,0.00012921681431051507,5.945207488773801
1435,2531,18642,que establece,2,complete-training RFECV,1,0.00012901674002369643,5.385591700838378
1436,129,239,2000,1,complete-training RFECV,1,0.0001286618962088759,5.385591700838378
1437,2098,12993,la paralización,2,complete-training RFECV,1,0.00012862591994469512,6.232889561225582
1438,717,1448,al aumento,2,complete-training RFECV,1,0.00012841171031785053,6.232889561225582
1439,2317,16633,para la región,3,complete-training RFECV,1,0.0001281774086074792,4.692444520278432
1440,1381,6087,de la madera,3,complete-training RFECV,1,0.00012797628642768772,4.692444520278432
1441,2713,19976,se deberá,2,complete-training RFECV,1,0.0001278801414378564,5.134277272557472
1442,1827,9001,emisiones indirectas las,3,complete-training RFECV,1,0.00012760997104997946,6.232889561225582
1443,1680,7767,directa,1,complete-training RFECV,1,0.00012760350087065905,6.232889561225582
1444,241,550,55 del ds,3,complete-training RFECV,1,0.0001275575917608195,6.638354669333745
1445,3258,22603,vinculados,1,complete-training RFECV,1,0.000127521466899026,6.638354669333745
1446,805,1800,ambiente para,2,complete-training RFECV,1,0.00012735590466670519,5.945207488773801
1447,2612,19250,reformulación,1,complete-training RFECV,1,0.0001272965470377173,5.539742380665636
1448,870,2096,aplicará,1,complete-training RFECV,1,0.0001272894764233984,5.722063937459591
1449,3107,21908,un conjunto,2,complete-training RFECV,1,0.00012717605238381468,6.232889561225582
1450,2952,21587,todos,1,complete-training RFECV,1,0.00012706818756434352,5.2520603082138555
1451,3317,22988,y horarios,2,complete-training RFECV,1,0.00012692063380294373,6.638354669333745
1452,1682,7798,diseñada para,2,complete-training RFECV,1,0.00012666243103985554,6.232889561225582
1453,861,2073,aplicación de,2,complete-training RFECV,1,0.0001265812662762266,5.134277272557472
1454,1361,5990,de ignición por,3,complete-training RFECV,1,0.00012655813179018546,6.232889561225582
1455,1672,7705,dichos planes,2,complete-training RFECV,1,0.00012654935605622096,6.638354669333745
1456,1185,5070,cumplimiento del,2,complete-training RFECV,1,0.00012653412347103925,5.945207488773801
1457,3089,21870,umbral indicado,2,complete-training RFECV,1,0.00012630055670135486,6.638354669333745
1458,500,869,a los beneficios,3,complete-training RFECV,1,0.00012618399442148822,6.638354669333745
1459,1048,3761,comercialización,1,complete-training RFECV,1,0.00012609239726670246,5.945207488773801
1460,3102,21902,un combustible,2,complete-training RFECV,1,0.00012604987939111005,5.385591700838378
1461,651,1210,acumulado al,2,complete-training RFECV,1,0.0001260497351214749,5.945207488773801
1462,1351,5938,de gases precursores,3,complete-training RFECV,1,0.00012604567896108113,6.232889561225582
1463,3202,22298,utilizando,1,complete-training RFECV,1,0.00012597445936467677,6.638354669333745
1464,2344,16962,perjuicio de,2,complete-training RFECV,1,0.0001258593131760722,5.385591700838378
1465,619,1095,actividad como por,3,complete-training RFECV,1,0.00012488793466357843,6.638354669333745
1466,3286,22797,y combustibles,2,complete-training RFECV,1,0.00012485200211557391,4.623451648791481
1467,566,967,a un conjunto,3,complete-training RFECV,1,0.00012477125539584502,6.638354669333745
1468,583,1005,acciones,1,complete-training RFECV,1,0.00012464787411884193,4.846595200105691
1469,1864,9378,en la reducción,3,complete-training RFECV,1,0.00012462936973975394,5.722063937459591
1470,2321,16667,para motores de,3,complete-training RFECV,1,0.00012459082077088236,6.232889561225582
1471,3065,21828,términos,1,complete-training RFECV,1,0.0001244165719531394,5.2520603082138555
1472,346,715,a compensar,2,complete-training RFECV,1,0.00012422439118298586,6.232889561225582
1473,3099,21887,un aporte,2,complete-training RFECV,1,0.00012418101639789707,6.638354669333745
1474,1453,6439,de producción,2,complete-training RFECV,1,0.00012395875456962864,5.945207488773801
1475,189,415,24 meses,2,complete-training RFECV,1,0.0001238953692956555,5.028916756899646
1476,3279,22727,y actividades,2,complete-training RFECV,1,0.000123814943769988,5.722063937459591
1477,2530,18636,que entra en,3,complete-training RFECV,1,0.00012380827816449314,5.945207488773801
1478,2193,14607,menor a,2,complete-training RFECV,1,0.00012370957463352032,5.385591700838378
1479,43,93,13 del artículo,3,complete-training RFECV,1,0.00012369803597744468,6.638354669333745
1480,41,89,13 de 2011,3,complete-training RFECV,1,0.0001236030373371441,6.232889561225582
1481,2554,18913,que utilicen leña,3,complete-training RFECV,1,0.00012351444159116904,5.945207488773801
1482,42,92,13 del,2,complete-training RFECV,1,0.00012342843206759508,6.638354669333745
1483,2660,19577,respecto del,2,complete-training RFECV,1,0.00012333255746764212,6.232889561225582
1484,269,617,80,1,complete-training RFECV,1,0.00012304973561007494,5.539742380665636
1485,56,112,14 para los,3,complete-training RFECV,1,0.00012290178084219043,6.638354669333745
1486,209,463,36,1,complete-training RFECV,1,0.00012266827382442273,5.2520603082138555
1487,2623,19354,regulan,1,complete-training RFECV,1,0.0001223552701762783,6.232889561225582
1488,3178,22200,usando como,2,complete-training RFECV,1,0.00012223834995670298,6.638354669333745
1489,2656,19538,resolución de,2,complete-training RFECV,1,0.00012215221630927495,5.945207488773801
1490,1861,9344,en hoteles u,3,complete-training RFECV,1,0.00012206220786377175,6.638354669333745
1491,1272,5577,de combustión u,3,complete-training RFECV,1,0.00012171641924642857,6.638354669333745
1492,312,681,a 20,2,complete-training RFECV,1,0.00012171107989142852,6.232889561225582
1493,63,132,15 días para,3,complete-training RFECV,1,0.0001216800413742862,5.945207488773801
1494,571,975,a vehículos que,3,complete-training RFECV,1,0.0001216579119391379,6.638354669333745
1495,1059,3933,competentes,1,complete-training RFECV,1,0.00012160104806107638,5.2520603082138555
1496,2580,19116,recursos para,2,complete-training RFECV,1,0.00012150065091762649,6.232889561225582
1497,2600,19198,referencia la normativa,3,complete-training RFECV,1,0.00012146901927755142,6.638354669333745
1498,338,707,a cada,2,complete-training RFECV,1,0.00012135423588045296,6.638354669333745
1499,2502,18343,publicación,1,complete-training RFECV,1,0.00012132225930455259,5.539742380665636
1500,1220,5278,de 2011 del,3,complete-training RFECV,1,0.00012114146657320443,5.134277272557472
1501,2936,21534,tipos,1,complete-training RFECV,1,0.00012109081586556426,6.232889561225582
1502,2667,19621,restricción y,2,complete-training RFECV,1,0.00012107892695972375,6.638354669333745
1503,2639,19461,reproducción,1,complete-training RFECV,1,0.00012105326732161407,6.232889561225582
1504,1373,6045,de la calidad,3,complete-training RFECV,1,0.00012047439750698611,4.846595200105691
1505,1359,5986,de humos visibles,3,complete-training RFECV,1,0.00012037274556062086,6.638354669333745
1506,1353,5950,de gestión,2,complete-training RFECV,1,0.0001203217138514101,5.2520603082138555
1507,2518,18479,públicos,1,complete-training RFECV,1,0.00012001823842589573,5.385591700838378
1508,2581,19117,recursos para la,3,complete-training RFECV,1,0.00011996814775303575,6.232889561225582
1509,2339,16929,pellet de,2,complete-training RFECV,1,0.00011981280816869352,4.7665524924321545
1510,1153,4816,corresponderá,1,complete-training RFECV,1,0.00011977756130593748,5.722063937459591
1511,2110,13115,la subvención escolar,3,complete-training RFECV,1,0.000119687988021403,5.945207488773801
1512,234,527,48 debiendo,2,complete-training RFECV,1,0.00011949899081063444,6.638354669333745
1513,3125,21941,un fluido,2,complete-training RFECV,1,0.00011946921700443969,6.638354669333745
1514,2557,18942,quemas,1,complete-training RFECV,1,0.00011936314394559377,5.2520603082138555
1515,306,675,a 100,2,complete-training RFECV,1,0.00011921239039017293,6.638354669333745
1516,1178,5022,cuenta con resolución,3,complete-training RFECV,1,0.0001191704592751492,6.232889561225582
1517,3302,22895,y el,2,complete-training RFECV,1,0.00011899179193690676,4.692444520278432
1518,2,11,10 años,2,complete-training RFECV,1,0.00011879755211227026,5.722063937459591
1519,13,36,102 del presente,3,complete-training RFECV,1,0.00011869906193167544,5.945207488773801
1520,882,2201,aquel proceso,2,complete-training RFECV,1,0.00011849567152681134,6.638354669333745
1521,587,1011,acciones globales,2,complete-training RFECV,1,0.00011848293809894455,6.638354669333745
1522,1096,4264,concretas para,2,complete-training RFECV,1,0.00011843024971730912,6.638354669333745
1523,1977,10922,fin de,2,complete-training RFECV,1,0.00011831934538232863,4.93360657709532
1524,3148,22011,un servicio,2,complete-training RFECV,1,0.00011823665851941925,6.638354669333745
1525,2026,11507,grandes establecimientos existentes,3,complete-training RFECV,1,0.00011818877367299759,5.385591700838378
1526,2208,14787,miligramos kilowatt hora,3,complete-training RFECV,1,0.00011801391371803664,6.232889561225582
1527,3261,22634,vivienda,1,complete-training RFECV,1,0.00011787902384368117,4.7665524924321545
1528,3095,21877,un alternador,2,complete-training RFECV,1,0.00011779486281538041,6.638354669333745
1529,983,3111,campañas,1,complete-training RFECV,1,0.00011771987440678118,6.232889561225582
1530,773,1630,alimentación por,2,complete-training RFECV,1,0.00011761299017089828,6.638354669333745
1531,2313,16594,para generar,2,complete-training RFECV,1,0.00011753595587943831,6.232889561225582
1532,1337,5885,de evaluación de,3,complete-training RFECV,1,0.00011748332702830061,5.385591700838378
1533,1958,10516,evitados,1,complete-training RFECV,1,0.0001173793389627735,6.232889561225582
1534,1480,6560,de santiago gestionará,3,complete-training RFECV,1,0.00011724108182385708,6.232889561225582
1535,1388,6135,de las concentraciones,3,complete-training RFECV,1,0.00011719625518496537,5.722063937459591
1536,2070,12602,la cadena de,3,complete-training RFECV,1,0.00011714826567968603,5.722063937459591
1537,3119,21930,un empeoramiento de,3,complete-training RFECV,1,0.00011708788583932301,5.945207488773801
1538,2236,15269,método astm d3237,3,complete-training RFECV,1,0.00011699711936331942,6.638354669333745
1539,1777,8613,el ministerio del,3,complete-training RFECV,1,0.0001167686755900504,4.286979412170268
1540,1341,5908,de fiscalización de,3,complete-training RFECV,1,0.00011650306874519638,6.232889561225582
1541,1035,3676,combustibles líquidos,2,complete-training RFECV,1,0.00011627492985693214,5.385591700838378
1542,3283,22780,y carbón vegetal,3,complete-training RFECV,1,0.00011620141887749333,6.232889561225582
1543,1298,5710,de difusión anual,3,complete-training RFECV,1,0.0001161517530630719,6.638354669333745
1544,3303,22897,y el calor,3,complete-training RFECV,1,0.00011611524737399897,6.638354669333745
1545,132,243,2000 kerosene requisitos,3,complete-training RFECV,1,0.00011600282378611492,6.638354669333745
1546,363,732,a dicha,2,complete-training RFECV,1,0.00011592615155387522,5.385591700838378
1547,1039,3700,combustiona o puede,3,complete-training RFECV,1,0.00011592608925452074,5.539742380665636
1548,2596,19178,reducir emisiones,2,complete-training RFECV,1,0.00011589999887760373,6.638354669333745
1549,3208,22311,utilizar leña carbón,3,complete-training RFECV,1,0.00011569743815552303,5.385591700838378
1550,3513,23422,índice de cetano,3,complete-training RFECV,1,0.00011561512854048977,6.638354669333745
1551,732,1482,al exterior del,3,complete-training RFECV,1,0.00011552167076419647,5.945207488773801
1552,353,722,a conocer experiencias,3,complete-training RFECV,1,0.00011542396910957939,6.638354669333745
1553,3224,22372,vapores,1,complete-training RFECV,1,0.0001152297742166092,5.2520603082138555
1554,1358,5985,de humos,2,complete-training RFECV,1,0.00011518546075189608,6.638354669333745
1555,2198,14680,meses siguientes,2,complete-training RFECV,1,0.0001149555789252019,5.2520603082138555
1556,1978,10938,final,1,complete-training RFECV,1,0.00011485692472942697,5.945207488773801
1557,186,405,24,1,complete-training RFECV,1,0.00011485060711925836,4.441130091997526
1558,2609,19236,refieren,1,complete-training RFECV,1,0.00011479971334224404,6.232889561225582
1559,590,1022,acción,1,complete-training RFECV,1,0.00011479813771616462,6.232889561225582
1560,1895,9695,entra en operación,3,complete-training RFECV,1,0.00011464082370603569,5.945207488773801
1561,3219,22349,valores inferiores,2,complete-training RFECV,1,0.00011440503441818145,6.638354669333745
1562,2002,11202,fuentes estacionarias según,3,complete-training RFECV,1,0.00011434844372762751,6.232889561225582
1563,816,1851,amoníaco,1,complete-training RFECV,1,0.00011431651399593873,6.232889561225582
1564,1252,5467,de calefacción residencial,3,complete-training RFECV,1,0.00011429486017839359,5.945207488773801
1565,3198,22270,utiliza para combustionar,3,complete-training RFECV,1,0.00011426068318173652,6.638354669333745
1566,2041,11807,ignición por chispa,3,complete-training RFECV,1,0.0001141242323170327,6.232889561225582
1567,2504,18356,publicado anualmente,2,complete-training RFECV,1,0.0001140480148118411,6.638354669333745
1568,3031,21762,troncos,1,complete-training RFECV,1,0.00011338943700126443,6.638354669333745
1569,2985,21668,transformación en,2,complete-training RFECV,1,0.00011337916860347645,6.638354669333745
1570,2117,13171,la zona sujeta,3,complete-training RFECV,1,0.00011337757935538265,5.028916756899646
1571,1856,9303,en el proceso,3,complete-training RFECV,1,0.00011326457093844945,5.539742380665636
1572,2744,20180,se prohíbe,2,complete-training RFECV,1,0.00011319375283904479,5.134277272557472
1573,2464,17941,priorizarán los siguientes,3,complete-training RFECV,1,0.00011317876612271656,6.638354669333745
1574,3256,22593,vigentes en la,3,complete-training RFECV,1,0.00011305315154994599,6.638354669333745
1575,1029,3617,combustible gaseoso,2,complete-training RFECV,1,0.00011240086843375006,5.722063937459591
1576,1019,3514,clases,1,complete-training RFECV,1,0.00011235185742564059,5.945207488773801
1577,3033,21764,troncos ramas y,3,complete-training RFECV,1,0.00011233763501452751,6.638354669333745
1578,1393,6150,de las metas,3,complete-training RFECV,1,0.00011227583540245513,6.232889561225582
1579,2161,13998,los siguientes requisitos,3,complete-training RFECV,1,0.0001121956738212495,5.2520603082138555
1580,1676,7730,diferentes,1,complete-training RFECV,1,0.00011198172896079773,5.945207488773801
1581,1281,5621,de contaminación,2,complete-training RFECV,1,0.00011194566337300894,5.539742380665636
1582,1008,3388,cetano según,2,complete-training RFECV,1,0.00011168990068364282,6.638354669333745
1583,1915,9893,es toda,2,complete-training RFECV,1,0.00011160380277628369,6.232889561225582
1584,821,1868,américa,1,complete-training RFECV,1,0.00011159253990766695,5.945207488773801
1585,1139,4725,cooperación público,2,complete-training RFECV,1,0.00011144817205431369,6.638354669333745
1586,127,235,200 cerro,2,complete-training RFECV,1,0.00011142494941349304,6.638354669333745
1587,2322,16671,para mp10,2,complete-training RFECV,1,0.00011134631980128586,5.722063937459591
1588,1397,6173,de lo,2,complete-training RFECV,1,0.00011097029845815012,5.028916756899646
1589,1843,9161,emplazamiento,1,complete-training RFECV,1,0.00011093062903868366,5.945207488773801
1590,2974,21648,tragüen y ortúzar,3,complete-training RFECV,1,0.00011080827471368321,6.638354669333745
1591,1550,6949,decir en la,3,complete-training RFECV,1,0.00011067113193822034,6.638354669333745
1592,2910,21432,tendientes,1,complete-training RFECV,1,0.00011063082782757949,5.945207488773801
1593,772,1627,alimentación,1,complete-training RFECV,1,0.00011061501168396701,6.232889561225582
1594,3223,22368,vapor de agua,3,complete-training RFECV,1,0.00011054268796857507,6.232889561225582
1595,2739,20144,se ordenará la,3,complete-training RFECV,1,0.00011038327259994303,6.232889561225582
1596,1210,5237,de 1992,2,complete-training RFECV,1,0.00011024326684022675,5.722063937459591
1597,3228,22400,vegetación continuo que,3,complete-training RFECV,1,0.00011024120148784968,6.638354669333745
1598,1333,5855,de estabilidad,2,complete-training RFECV,1,0.00011022076454320191,6.232889561225582
1599,2323,16674,para mp2,2,complete-training RFECV,1,0.0001101678653369948,5.722063937459591
1600,1074,4067,con el,2,complete-training RFECV,1,0.0001100939206345727,3.9992973397184874
1601,2194,14624,menos,1,complete-training RFECV,1,0.00011001910217764061,4.93360657709532
1602,2285,16242,operación de,2,complete-training RFECV,1,0.00010982337400609848,5.945207488773801
1603,291,660,963,1,complete-training RFECV,1,0.00010922210414420558,6.638354669333745
1604,181,392,218,1,complete-training RFECV,1,0.00010918832628019607,5.945207488773801
1605,156,289,2009 del minsegpres,3,complete-training RFECV,1,0.00010901590253094519,5.945207488773801
1606,53,108,14 de la,3,complete-training RFECV,1,0.00010891777318351603,6.638354669333745
1607,2064,12433,intensificación de,2,complete-training RFECV,1,0.00010869967278462705,5.945207488773801
1608,1715,8094,durante la,2,complete-training RFECV,1,0.00010864889811022758,5.722063937459591
1609,1160,4895,cría,1,complete-training RFECV,1,0.00010857544580000254,6.232889561225582
1610,2929,21498,tiene evacuación directa,3,complete-training RFECV,1,0.00010856543475256403,6.638354669333745
1611,2927,21483,texto,1,complete-training RFECV,1,0.00010844077790125415,5.945207488773801
1612,3170,22149,uno o,2,complete-training RFECV,1,0.00010842910486328112,5.945207488773801
1613,2153,13814,los estándares,2,complete-training RFECV,1,0.0001082106732971951,5.539742380665636
1614,1344,5917,de forma cilíndrica,3,complete-training RFECV,1,0.000108124088756549,6.232889561225582
1615,2497,18285,provenientes del sistema,3,complete-training RFECV,1,0.00010776428701913657,6.232889561225582
1616,614,1086,acreditarán conforme,2,complete-training RFECV,1,0.00010760045059662846,6.232889561225582
1617,626,1110,actividades con,2,complete-training RFECV,1,0.00010753071064211623,6.638354669333745
1618,84,172,19 kw,2,complete-training RFECV,1,0.00010745588399863474,6.638354669333745
1619,2517,18475,público privada con,3,complete-training RFECV,1,0.00010710358916422515,6.638354669333745
1620,2145,13635,lo que no,3,complete-training RFECV,1,0.00010666636565031493,5.028916756899646
1621,3173,22174,urbanismo y,2,complete-training RFECV,1,0.00010656665641444299,5.945207488773801
1622,1724,8190,ecosistemas,1,complete-training RFECV,1,0.00010653528123717536,5.722063937459591
1623,3345,23111,y otras,2,complete-training RFECV,1,0.00010628110713167279,6.232889561225582
1624,1552,6964,declaración de,2,complete-training RFECV,1,0.00010623387255351807,5.539742380665636
1625,739,1501,al intendente regional,3,complete-training RFECV,1,0.00010616894051304142,6.232889561225582
1626,2466,17953,procedimiento,1,complete-training RFECV,1,0.0001058460951733195,5.539742380665636
1627,218,494,39 de,2,complete-training RFECV,1,0.00010557352366279801,5.539742380665636
1628,1795,8694,el proyecto definitivo,3,complete-training RFECV,1,0.00010551137347772218,6.232889561225582
1629,350,719,a concentraciones de,3,complete-training RFECV,1,0.00010514205253809847,6.638354669333745
1630,2159,13986,los servicios,2,complete-training RFECV,1,0.00010487751353496815,5.945207488773801
1631,1637,7476,desarrollará sobre,2,complete-training RFECV,1,0.00010486404960852992,6.638354669333745
1632,2450,17736,presentación,1,complete-training RFECV,1,0.00010479444165396407,6.232889561225582
1633,1188,5085,cumplir con lo,3,complete-training RFECV,1,0.00010478520130987642,6.232889561225582
1634,3311,22956,y fierro,2,complete-training RFECV,1,0.00010477948414735642,6.638354669333745
1635,3260,22621,visibles en,2,complete-training RFECV,1,0.00010464174225412535,6.638354669333745
1636,2405,17302,población,1,complete-training RFECV,1,0.0001045196750307841,5.539742380665636
1637,2872,21183,sus precursores,2,complete-training RFECV,1,0.00010442787736233877,6.638354669333745
1638,869,2095,aplicarse la normativa,3,complete-training RFECV,1,0.00010439956180819967,6.638354669333745
1639,1483,6572,de santiago tiene,3,complete-training RFECV,1,0.0001042897149162478,6.232889561225582
1640,2216,14812,ministerio secretaría general,3,complete-training RFECV,1,0.00010405697079520857,5.539742380665636
1641,2853,20987,subsidios,1,complete-training RFECV,1,0.00010404914173303927,5.945207488773801
1642,1959,10543,excepciones,1,complete-training RFECV,1,0.00010390558689013447,5.539742380665636
1643,741,1503,al interior del,3,complete-training RFECV,1,0.00010388752147221028,6.232889561225582
1644,1307,5740,de electricidad,2,complete-training RFECV,1,0.00010363933826755505,4.623451648791481
1645,766,1609,alerta,1,complete-training RFECV,1,0.00010355878103359582,5.945207488773801
1646,1745,8417,el año 2015,3,complete-training RFECV,1,0.00010354413113922589,5.722063937459591
1647,1234,5382,de angostura y,3,complete-training RFECV,1,0.000103497873181362,6.638354669333745
1648,1565,7012,decreto exento,2,complete-training RFECV,1,0.00010346294377718015,5.134277272557472
1649,494,863,a lo que,3,complete-training RFECV,1,0.00010328271168490013,6.638354669333745
1650,1909,9795,equipamiento,1,complete-training RFECV,1,0.00010306629937069652,6.638354669333745
1651,1961,10553,excepción de,2,complete-training RFECV,1,0.00010264310397971865,5.945207488773801
1652,2123,13252,las condiciones de,3,complete-training RFECV,1,0.00010252956754502359,5.722063937459591
1653,364,733,a dicha fecha,3,complete-training RFECV,1,0.00010215729951299826,5.945207488773801
1654,2003,11215,fuera,1,complete-training RFECV,1,0.00010179540350072762,5.134277272557472
1655,2059,12287,ingresen,1,complete-training RFECV,1,0.00010149992487229488,5.722063937459591
1656,1560,6987,decretados,1,complete-training RFECV,1,0.00010140727831125123,6.232889561225582
1657,595,1030,aceptará,1,complete-training RFECV,1,0.000101310888640656,6.638354669333745
1658,2587,19130,rediseño,1,complete-training RFECV,1,0.00010113498160172834,6.232889561225582
1659,1677,7741,difusión anual,2,complete-training RFECV,1,0.00010109537015564361,6.638354669333745
1660,2865,21133,sur los cerros,3,complete-training RFECV,1,0.0001010010642937436,6.638354669333745
1661,329,698,a 80,2,complete-training RFECV,1,0.00010088547284710427,6.232889561225582
1662,2552,18909,que usen un,3,complete-training RFECV,1,0.00010081346670313824,5.945207488773801
1663,1508,6703,de uso aeronáutico,3,complete-training RFECV,1,0.00010071714907769673,6.638354669333745
1664,3295,22851,y dado,2,complete-training RFECV,1,0.00010061401310086124,6.638354669333745
1665,337,706,a aquellos que,3,complete-training RFECV,1,0.00010051032469981215,6.638354669333745
1666,3479,23374,árbol y,2,complete-training RFECV,1,0.00010043913723654668,6.638354669333745
1667,1404,6202,de los estados,3,complete-training RFECV,1,0.00010009806633068543,5.722063937459591
1668,2569,19034,realizará en,2,complete-training RFECV,1,0.00010006513277827698,6.638354669333745
1669,1626,7441,denunciarse al juzgado,3,complete-training RFECV,1,9.970813946769355e-05,6.232889561225582
1670,93,187,1995 gasolina para,3,complete-training RFECV,1,9.96400117216027e-05,6.638354669333745
1671,1408,6213,de los niveles,3,complete-training RFECV,1,9.955737984155324e-05,5.385591700838378
1672,446,815,a la nch3246,3,complete-training RFECV,1,9.944581106192606e-05,6.638354669333745
1673,1699,7947,distribuya,1,complete-training RFECV,1,9.917765721255169e-05,5.539742380665636
1674,1522,6801,deberá aplicarse,2,complete-training RFECV,1,9.91690375041535e-05,6.638354669333745
1675,1949,10317,esto,1,complete-training RFECV,1,9.905446983893241e-05,5.722063937459591
1676,2483,18095,programa deberá implementarse,3,complete-training RFECV,1,9.886453738145861e-05,6.638354669333745
1677,1450,6418,de potencia menor,3,complete-training RFECV,1,9.880212210583344e-05,5.722063937459591
1678,1822,8924,emisiones a,2,complete-training RFECV,1,9.872244467626401e-05,5.945207488773801
1679,89,183,1995,1,complete-training RFECV,1,9.863436961165716e-05,6.232889561225582
1680,742,1505,al juzgado,2,complete-training RFECV,1,9.856049665112607e-05,6.232889561225582
1681,3314,22967,y frágil con,3,complete-training RFECV,1,9.854883923521296e-05,6.638354669333745
1682,233,526,48,1,complete-training RFECV,1,9.845119543434449e-05,6.638354669333745
1683,765,1604,alcanzarse íntegra,2,complete-training RFECV,1,9.843802075057554e-05,6.638354669333745
1684,2663,19587,respirable mp2,2,complete-training RFECV,1,9.841306592278205e-05,5.2520603082138555
1685,2839,20830,sobre vehículos transportables,3,complete-training RFECV,1,9.839633149060483e-05,6.638354669333745
1686,1870,9410,en las siguientes,3,complete-training RFECV,1,9.830478335552605e-05,5.945207488773801
1687,3242,22520,vez finalizada la,3,complete-training RFECV,1,9.829833308892965e-05,5.945207488773801
1688,2294,16390,otras medidas,2,complete-training RFECV,1,9.811969596408468e-05,6.638354669333745
1689,1138,4724,cooperación,1,complete-training RFECV,1,9.811656739187439e-05,6.232889561225582
1690,142,254,2002 mediciones,2,complete-training RFECV,1,9.811434775147905e-05,6.638354669333745
1691,3126,21942,un fluido térmico,3,complete-training RFECV,1,9.79635249810944e-05,6.638354669333745
1692,2697,19834,santiago en,2,complete-training RFECV,1,9.775795999905645e-05,5.722063937459591
1693,1648,7551,desde el año,3,complete-training RFECV,1,9.77302003755963e-05,5.945207488773801
1694,1342,5911,de fiscalización que,3,complete-training RFECV,1,9.75227684545282e-05,5.945207488773801
1695,278,635,85 corresponde a,3,complete-training RFECV,1,9.719350167681216e-05,6.638354669333745
1696,1833,9034,emisiones se,2,complete-training RFECV,1,9.717156040833115e-05,5.722063937459591
1697,1168,4940,cuales,1,complete-training RFECV,1,9.701330738321719e-05,5.385591700838378
1698,3044,21780,técnica y,2,complete-training RFECV,1,9.690358382680747e-05,6.232889561225582
1699,1765,8526,el día entre,3,complete-training RFECV,1,9.662455962665535e-05,6.638354669333745
1700,679,1316,agencia,1,complete-training RFECV,1,9.658785818521944e-05,5.539742380665636
1701,2672,19633,resultados de la,3,complete-training RFECV,1,9.655260933677728e-05,5.945207488773801
1702,3149,22012,un servicio de,3,complete-training RFECV,1,9.60683018955254e-05,6.638354669333745
1703,3277,22719,y a,2,complete-training RFECV,1,9.604141891480108e-05,5.539742380665636
1704,740,1502,al interior,2,complete-training RFECV,1,9.584314828398468e-05,5.945207488773801
1705,1018,3508,clase de hospedajes,3,complete-training RFECV,1,9.55239938599484e-05,6.638354669333745
1706,260,601,66 de,2,complete-training RFECV,1,9.53493445736812e-05,4.692444520278432
1707,1752,8466,el cordón de,3,complete-training RFECV,1,9.534448230146019e-05,6.638354669333745
1708,2373,17145,plan comunicacional,2,complete-training RFECV,1,9.530490767066196e-05,6.638354669333745
1709,3041,21777,tuvo la,2,complete-training RFECV,1,9.512474776094303e-05,6.638354669333745
1710,3061,21822,térmico y o,3,complete-training RFECV,1,9.511596623571461e-05,6.638354669333745
1711,504,873,a los costos,3,complete-training RFECV,1,9.488763769664578e-05,6.232889561225582
1712,2754,20256,se valoran,2,complete-training RFECV,1,9.477356850997724e-05,6.232889561225582
1713,2571,19069,recipiente metálico,2,complete-training RFECV,1,9.474973461859691e-05,6.638354669333745
1714,1025,3573,code of,2,complete-training RFECV,1,9.469312075464979e-05,5.722063937459591
1715,3428,23287,y ubicación en,3,complete-training RFECV,1,9.439811273791364e-05,6.638354669333745
1716,1414,6237,de madera y,3,complete-training RFECV,1,9.424825849972241e-05,5.722063937459591
1717,2447,17672,ppm de,2,complete-training RFECV,1,9.41616767006174e-05,5.945207488773801
1718,2945,21572,todas de 2001,3,complete-training RFECV,1,9.410610748852807e-05,6.638354669333745
1719,374,743,a educar,2,complete-training RFECV,1,9.399873064836237e-05,6.638354669333745
1720,2126,13284,las emisiones de,3,complete-training RFECV,1,9.399388202014799e-05,5.134277272557472
1721,2920,21461,terminaciones y,2,complete-training RFECV,1,9.398186220301416e-05,6.638354669333745
1722,3507,23407,éste,1,complete-training RFECV,1,9.395752871504478e-05,6.232889561225582
1723,3227,22398,vegetación,1,complete-training RFECV,1,9.372443295557059e-05,5.539742380665636
1724,707,1405,aire en,2,complete-training RFECV,1,9.332204131508997e-05,5.539742380665636
1725,1288,5645,de corral para,3,complete-training RFECV,1,9.313174475739028e-05,5.722063937459591
1726,1286,5639,de cooperación público,3,complete-training RFECV,1,9.304096244400896e-05,6.638354669333745
1727,557,957,a temáticas de,3,complete-training RFECV,1,9.299200667776184e-05,6.638354669333745
1728,1679,7754,dinámica de,2,complete-training RFECV,1,9.296813347270173e-05,6.638354669333745
1729,719,1459,al conjunto,2,complete-training RFECV,1,9.295975163824481e-05,6.638354669333745
1730,1892,9684,entendiendo,1,complete-training RFECV,1,9.293650561167259e-05,6.232889561225582
1731,829,1905,ante la,2,complete-training RFECV,1,9.290442413918711e-05,5.2520603082138555
1732,2058,12247,informe,1,complete-training RFECV,1,9.28734589864829e-05,5.2520603082138555
1733,3342,23084,y o carbón,3,complete-training RFECV,1,9.275500615587074e-05,6.638354669333745
1734,33,76,12 meses a,3,complete-training RFECV,1,9.263182213233213e-05,6.232889561225582
1735,1241,5407,de aspirado,2,complete-training RFECV,1,9.236748127593404e-05,5.539742380665636
1736,1302,5726,de educación,2,complete-training RFECV,1,9.231014230600335e-05,5.2520603082138555
1737,3298,22876,y dentro del,3,complete-training RFECV,1,9.224520388566225e-05,5.945207488773801
1738,926,2427,astm d3237,2,complete-training RFECV,1,9.216274376891666e-05,6.638354669333745
1739,1950,10318,esto es,2,complete-training RFECV,1,9.203474461560628e-05,5.945207488773801
1740,2382,17195,plan se,2,complete-training RFECV,1,9.196797884280284e-05,5.945207488773801
1741,90,184,1995 de,2,complete-training RFECV,1,9.191971446364725e-05,6.638354669333745
1742,2802,20570,si,1,complete-training RFECV,1,9.185464818538748e-05,5.028916756899646
1743,3230,22405,vegetal,1,complete-training RFECV,1,9.178156614780334e-05,4.7665524924321545
1744,2558,18943,quemas agrícolas,2,complete-training RFECV,1,9.166336355396419e-05,5.385591700838378
1745,2984,21667,transformación de la,3,complete-training RFECV,1,9.153560791828334e-05,6.232889561225582
1746,213,478,37 del,2,complete-training RFECV,1,9.143301168154842e-05,6.232889561225582
1747,2803,20585,sido,1,complete-training RFECV,1,9.14087590365827e-05,5.722063937459591
1748,3358,23146,y por,2,complete-training RFECV,1,9.128984720322798e-05,6.638354669333745
1749,2441,17624,postura y o,3,complete-training RFECV,1,9.12045785505921e-05,6.638354669333745
1750,828,1904,ante,1,complete-training RFECV,1,9.115760077576638e-05,5.134277272557472
1751,2485,18129,prohibición,1,complete-training RFECV,1,9.106818982032924e-05,5.385591700838378
1752,1141,4748,coordinará,1,complete-training RFECV,1,9.10361805621499e-05,5.539742380665636
1753,137,248,2001 de la,3,complete-training RFECV,1,9.101605467110134e-05,6.638354669333745
1754,758,1565,al servicio,2,complete-training RFECV,1,9.06679698202419e-05,6.638354669333745
1755,904,2292,artículo 136 letra,3,complete-training RFECV,1,9.061385462426955e-05,6.638354669333745
1756,2838,20829,sobre vehículos,2,complete-training RFECV,1,9.057052310375187e-05,6.638354669333745
1757,846,1985,antes de su,3,complete-training RFECV,1,9.05640677114174e-05,6.638354669333745
1758,80,166,18 meses para,3,complete-training RFECV,1,9.045935609937741e-05,6.638354669333745
1759,3215,22335,valor presente de,3,complete-training RFECV,1,9.037556642221698e-05,6.638354669333745
1760,1107,4338,conformidad a,2,complete-training RFECV,1,9.035706687330995e-05,5.945207488773801
1761,1425,6281,de meses desde,3,complete-training RFECV,1,9.018723474076709e-05,5.722063937459591
1762,2529,18621,que el proyecto,3,complete-training RFECV,1,9.01851318534941e-05,6.232889561225582
1763,582,1001,acatamiento de las,3,complete-training RFECV,1,9.015549428508806e-05,6.638354669333745
1764,3489,23387,áreas verdes y,3,complete-training RFECV,1,9.011728890136258e-05,6.232889561225582
1765,8,26,10 según corresponda,3,complete-training RFECV,1,9.00676200689188e-05,6.638354669333745
1766,3129,21945,un horizonte,2,complete-training RFECV,1,8.992568346289625e-05,6.232889561225582
1767,951,2734,base de cooperación,3,complete-training RFECV,1,8.969049642715736e-05,6.638354669333745
1768,589,1014,acciones programáticas,2,complete-training RFECV,1,8.966202972236856e-05,6.638354669333745
1769,1303,5729,de educación rm,3,complete-training RFECV,1,8.923215831838523e-05,5.722063937459591
1770,2135,13453,latente,1,complete-training RFECV,1,8.915225088007343e-05,5.2520603082138555
1771,1652,7558,desde otras,2,complete-training RFECV,1,8.898276223084757e-05,6.638354669333745
1772,607,1059,acreditaciones históricas asociadas,3,complete-training RFECV,1,8.893047095907452e-05,6.638354669333745
1773,691,1341,agosto de cada,3,complete-training RFECV,1,8.889126985879179e-05,5.722063937459591
1774,3217,22338,valoran,1,complete-training RFECV,1,8.888827425205804e-05,6.232889561225582
1775,1547,6939,debiendo medirse,2,complete-training RFECV,1,8.87981541337774e-05,6.638354669333745
1776,1428,6302,de modo,2,complete-training RFECV,1,8.875348995513049e-05,6.638354669333745
1777,2237,15276,método ramsbottom,2,complete-training RFECV,1,8.767727754941961e-05,6.232889561225582
1778,392,761,a excepción,2,complete-training RFECV,1,8.76651827731955e-05,6.232889561225582
1779,1215,5257,de 2001,2,complete-training RFECV,1,8.763116521430798e-05,5.945207488773801
1780,1512,6735,de vida,2,complete-training RFECV,1,8.756028174197819e-05,5.945207488773801
1781,3082,21855,ubicación en coordenadas,3,complete-training RFECV,1,8.746532533460343e-05,6.638354669333745
1782,2475,18033,producido deben,2,complete-training RFECV,1,8.744339959521503e-05,6.638354669333745
1783,509,878,a los mecanismos,3,complete-training RFECV,1,8.727333410786507e-05,6.638354669333745
1784,1290,5655,de cría de,3,complete-training RFECV,1,8.723695460721713e-05,6.232889561225582
1785,3096,21880,un alto contenido,3,complete-training RFECV,1,8.707363091034981e-05,6.638354669333745
1786,820,1866,ampliando su,2,complete-training RFECV,1,8.701334461887527e-05,6.638354669333745
1787,51,102,136 letra del,3,complete-training RFECV,1,8.698446799486875e-05,6.638354669333745
1788,3112,21914,un contenido,2,complete-training RFECV,1,8.662312509649364e-05,6.638354669333745
1789,2311,16586,para facilitar,2,complete-training RFECV,1,8.658746640131659e-05,6.638354669333745
1790,76,155,174,1,complete-training RFECV,1,8.657769183731135e-05,6.638354669333745
1791,917,2413,asociados,1,complete-training RFECV,1,8.642099793334367e-05,5.539742380665636
1792,1117,4433,considerará el desarrollo,3,complete-training RFECV,1,8.637922411383977e-05,6.638354669333745
1793,905,2305,artículo 42,2,complete-training RFECV,1,8.630020216068088e-05,6.232889561225582
1794,2716,20002,se determinaron,2,complete-training RFECV,1,8.620430840182456e-05,6.638354669333745
1795,837,1963,anteriores permiten evaluar,3,complete-training RFECV,1,8.618075943846691e-05,6.638354669333745
1796,633,1134,actividades que ingresen,3,complete-training RFECV,1,8.614093922305627e-05,6.638354669333745
1797,3049,21788,técnicos,1,complete-training RFECV,1,8.596188637668109e-05,5.385591700838378
1798,3326,23022,y los fenómenos,3,complete-training RFECV,1,8.590925073358164e-05,6.638354669333745
1799,1015,3492,ciudadanía,1,complete-training RFECV,1,8.59056601333989e-05,5.945207488773801
1800,361,730,a dar,2,complete-training RFECV,1,8.589112363821816e-05,6.638354669333745
1801,1283,5631,de contenidos,2,complete-training RFECV,1,8.587145966149596e-05,6.638354669333745
1802,67,140,16,1,complete-training RFECV,1,8.5697323681909e-05,6.232889561225582
1803,2428,17492,por material,2,complete-training RFECV,1,8.538379335658472e-05,5.385591700838378
1804,699,1380,agua caliente,2,complete-training RFECV,1,8.517986365316761e-05,6.232889561225582
1805,918,2414,asociados a,2,complete-training RFECV,1,8.495838348124316e-05,5.945207488773801
1806,1225,5297,de 30,2,complete-training RFECV,1,8.483549288595935e-05,5.945207488773801
1807,3220,22363,valparaíso,1,complete-training RFECV,1,8.470531593224038e-05,6.638354669333745
1808,3270,22685,web del ministerio,3,complete-training RFECV,1,8.452368984681593e-05,5.945207488773801
1809,3236,22465,vendan en,2,complete-training RFECV,1,8.436048638889857e-05,6.638354669333745
1810,2983,21666,transformación de,2,complete-training RFECV,1,8.399437429817143e-05,6.232889561225582
1811,2525,18557,que corresponde al,3,complete-training RFECV,1,8.3825654044709e-05,6.638354669333745
1812,2726,20059,se estructurará a,3,complete-training RFECV,1,8.368488523571848e-05,6.638354669333745
1813,3481,23376,árboles,1,complete-training RFECV,1,8.364201741499891e-05,6.638354669333745
1814,1454,6445,de programas,2,complete-training RFECV,1,8.361539814902061e-05,5.722063937459591
1815,1395,6162,de latencia o,3,complete-training RFECV,1,8.35619076782111e-05,6.638354669333745
1816,162,312,2014 del consejo,3,complete-training RFECV,1,8.34488595231941e-05,6.638354669333745
1817,2503,18355,publicado,1,complete-training RFECV,1,8.335299778451347e-05,5.385591700838378
1818,3273,22692,wgs84 de su,3,complete-training RFECV,1,8.333009986282374e-05,6.638354669333745
1819,994,3220,carga de,2,complete-training RFECV,1,8.320106773755601e-05,6.232889561225582
1820,2973,21642,traduce en un,3,complete-training RFECV,1,8.318072639689218e-05,6.638354669333745
1821,2310,16582,para este efecto,3,complete-training RFECV,1,8.29305922356963e-05,6.232889561225582
1822,2542,18811,que pueden,2,complete-training RFECV,1,8.292599488737367e-05,6.232889561225582
1823,2863,21121,supremo 66,2,complete-training RFECV,1,8.287462379993802e-05,6.232889561225582
1824,422,791,a la corporación,3,complete-training RFECV,1,8.284281604930086e-05,6.638354669333745
1825,2386,17209,planes de reducción,3,complete-training RFECV,1,8.276181934132393e-05,5.385591700838378
1826,2045,11858,impactos,1,complete-training RFECV,1,8.253695647022667e-05,5.539742380665636
1827,3047,21785,técnicas de los,3,complete-training RFECV,1,8.229959898721797e-05,6.638354669333745
1828,955,2822,bien que no,3,complete-training RFECV,1,8.217750705289939e-05,6.638354669333745
1829,694,1367,agrícolas,1,complete-training RFECV,1,8.205853203938188e-05,5.2520603082138555
1830,3323,23016,y lavado,2,complete-training RFECV,1,8.190342640903227e-05,5.539742380665636
1831,718,1451,al año,2,complete-training RFECV,1,8.170608326392491e-05,5.722063937459591
1832,1369,6028,de instrumentos protocolos,3,complete-training RFECV,1,8.148417073946978e-05,6.638354669333745
1833,344,713,a combustión,2,complete-training RFECV,1,8.132608116022391e-05,6.638354669333745
1834,86,177,1992,1,complete-training RFECV,1,8.128271637870177e-05,5.722063937459591
1835,1506,6699,de unidades de,3,complete-training RFECV,1,8.113072911811288e-05,6.638354669333745
1836,1173,4980,cuantificados,1,complete-training RFECV,1,8.104098014195288e-05,6.232889561225582
1837,3475,23369,ámbito de sus,3,complete-training RFECV,1,8.099737237556144e-05,6.232889561225582
1838,2840,20839,sociales,1,complete-training RFECV,1,8.085967749250564e-05,5.945207488773801
1839,1072,4041,con anterioridad,2,complete-training RFECV,1,8.05916835885271e-05,5.945207488773801
1840,1690,7877,disponible en,2,complete-training RFECV,1,8.050318055339083e-05,6.232889561225582
1841,2823,20706,sin perjuicio de,3,complete-training RFECV,1,8.034969367926086e-05,5.385591700838378
1842,3411,23265,y telecomunicaciones a,3,complete-training RFECV,1,8.011278971539481e-05,5.722063937459591
1843,2999,21694,transporte de pasajeros,3,complete-training RFECV,1,8.01087091901322e-05,5.539742380665636
1844,171,351,2018,1,complete-training RFECV,1,8.00736426335616e-05,6.638354669333745
1845,1691,7881,disponibles,1,complete-training RFECV,1,7.98216326853221e-05,5.385591700838378
1846,909,2348,artículos 63,2,complete-training RFECV,1,7.973214512154209e-05,6.232889561225582
1847,1489,6614,de sus actualizaciones,3,complete-training RFECV,1,7.925402748948589e-05,6.638354669333745
1848,3350,23124,y parque,2,complete-training RFECV,1,7.911120365607819e-05,6.638354669333745
1849,1729,8228,efecto,1,complete-training RFECV,1,7.90831695027119e-05,5.028916756899646
1850,2907,21414,temperatura global,2,complete-training RFECV,1,7.907012639504047e-05,6.638354669333745
1851,2052,12094,indicador de cumplimiento,3,complete-training RFECV,1,7.9050096817854e-05,6.638354669333745
1852,754,1560,al sector transporte,3,complete-training RFECV,1,7.885375015293194e-05,5.722063937459591
1853,1640,7488,desarrollo de instrumentos,3,complete-training RFECV,1,7.881365351083615e-05,6.638354669333745
1854,1291,5667,de cumplir el,3,complete-training RFECV,1,7.853520049710092e-05,6.638354669333745
1855,1263,5512,de carne,2,complete-training RFECV,1,7.840670444771466e-05,6.232889561225582
1856,328,697,a 560 kw,3,complete-training RFECV,1,7.839022183116973e-05,6.232889561225582
1857,466,835,a la superintendencia,3,complete-training RFECV,1,7.8299611958014e-05,5.028916756899646
1858,989,3187,carbon bc en,3,complete-training RFECV,1,7.812190693324448e-05,6.638354669333745
1859,755,1561,al seia,2,complete-training RFECV,1,7.802476861649685e-05,5.539742380665636
1860,3221,22366,vapor,1,complete-training RFECV,1,7.791360253114692e-05,5.722063937459591
1861,1144,4763,cordón de,2,complete-training RFECV,1,7.790276510006323e-05,6.638354669333745
1862,2024,11501,gran establecimiento existente,3,complete-training RFECV,1,7.775042295077567e-05,5.722063937459591
1863,1331,5852,de esta medida,3,complete-training RFECV,1,7.75888088162941e-05,5.539742380665636
1864,533,914,a pellet,2,complete-training RFECV,1,7.757889762593399e-05,6.232889561225582
1865,1575,7087,definidas,1,complete-training RFECV,1,7.753168512431488e-05,6.638354669333745
1866,1181,5037,cumplan con,2,complete-training RFECV,1,7.749629431467963e-05,5.2520603082138555
1867,351,720,a conocer,2,complete-training RFECV,1,7.739544176355332e-05,6.232889561225582
1868,1440,6357,de nuestras conductas,3,complete-training RFECV,1,7.737970521563602e-05,6.638354669333745
1869,2109,13114,la subvención,2,complete-training RFECV,1,7.729197254178025e-05,5.945207488773801
1870,2472,18004,procesos de,2,complete-training RFECV,1,7.724672006138645e-05,5.945207488773801
1871,845,1981,antes de agregar,3,complete-training RFECV,1,7.70437138240104e-05,6.638354669333745
1872,1470,6520,de restricción,2,complete-training RFECV,1,7.696159754763913e-05,5.539742380665636
1873,2949,21583,todo lo,2,complete-training RFECV,1,7.681420398591255e-05,5.028916756899646
1874,2738,20140,se observa en,3,complete-training RFECV,1,7.680397070865621e-05,5.722063937459591
1875,1753,8470,el cual,2,complete-training RFECV,1,7.671524994130456e-05,5.385591700838378
1876,1988,11044,for,1,complete-training RFECV,1,7.667372890309366e-05,6.232889561225582
1877,3056,21814,térmica superficial,2,complete-training RFECV,1,7.657476050326688e-05,6.638354669333745
1878,2966,21624,total estimada,2,complete-training RFECV,1,7.653190891104959e-05,6.638354669333745
1879,2018,11429,generar,1,complete-training RFECV,1,7.652543608642008e-05,6.232889561225582
1880,273,623,80 producido por,3,complete-training RFECV,1,7.643706703486109e-05,6.638354669333745
1881,781,1666,altamente,1,complete-training RFECV,1,7.64270782093406e-05,6.232889561225582
1882,1455,6448,de pronóstico,2,complete-training RFECV,1,7.638149540754405e-05,5.945207488773801
1883,789,1703,ambiental de,2,complete-training RFECV,1,7.617635159496312e-05,5.134277272557472
1884,2902,21373,telecomunicaciones a,2,complete-training RFECV,1,7.614548703367874e-05,5.722063937459591
1885,1603,7274,del minsegpres,2,complete-training RFECV,1,7.61396067065654e-05,5.722063937459591
1886,3368,23180,y que sean,3,complete-training RFECV,1,7.611014911104887e-05,6.638354669333745
1887,3009,21725,tratar extraída,2,complete-training RFECV,1,7.607797128567561e-05,6.638354669333745
1888,1493,6633,de terminaciones y,3,complete-training RFECV,1,7.594895358850136e-05,6.638354669333745
1889,3117,21924,un ducto,2,complete-training RFECV,1,7.588225863300967e-05,6.232889561225582
1890,474,843,a las fuentes,3,complete-training RFECV,1,7.584228151594503e-05,6.638354669333745
1891,276,627,8178,1,complete-training RFECV,1,7.58259241168153e-05,6.638354669333745
1892,2668,19626,resultado,1,complete-training RFECV,1,7.551188107674728e-05,6.232889561225582
1893,784,1672,alternador o,2,complete-training RFECV,1,7.53053494217646e-05,6.638354669333745
1894,3309,22947,y expendio de,3,complete-training RFECV,1,7.528441684527193e-05,6.638354669333745
1895,1006,3346,cerro,1,complete-training RFECV,1,7.49867182500595e-05,5.945207488773801
1896,3003,21713,transportes,1,complete-training RFECV,1,7.492228574534012e-05,4.073405311872209
1897,2366,17093,período en,2,complete-training RFECV,1,7.436426751443306e-05,6.638354669333745
1898,621,1098,actividad física,2,complete-training RFECV,1,7.43448827799564e-05,5.945207488773801
1899,1701,8001,dióxido de,2,complete-training RFECV,1,7.431926473773505e-05,5.385591700838378
1900,2834,20780,so,1,complete-training RFECV,1,7.431894528126002e-05,5.385591700838378
1901,2356,17033,permitido será,2,complete-training RFECV,1,7.424570781858265e-05,6.638354669333745
1902,20,44,11 de 2008,3,complete-training RFECV,1,7.408480358070201e-05,6.638354669333745
1903,1579,7114,definitivo deba ser,3,complete-training RFECV,1,7.403792995486005e-05,6.638354669333745
1904,997,3266,caso de los,3,complete-training RFECV,1,7.402476722715851e-05,6.232889561225582
1905,3401,23249,y sus conexiones,3,complete-training RFECV,1,7.390060878290119e-05,6.638354669333745
1906,2800,20559,señalados en,2,complete-training RFECV,1,7.38890380071018e-05,5.385591700838378
1907,1515,6754,de zona,2,complete-training RFECV,1,7.35041864384949e-05,5.945207488773801
1908,1155,4830,costa,1,complete-training RFECV,1,7.331531560893472e-05,6.232889561225582
1909,1087,4173,con posterioridad,2,complete-training RFECV,1,7.303072404431904e-05,5.539742380665636
1910,1968,10686,existente,1,complete-training RFECV,1,7.294201712626301e-05,5.2520603082138555
1911,1743,8403,el aumento,2,complete-training RFECV,1,7.289840389190213e-05,5.539742380665636
1912,1469,6517,de reparto en,3,complete-training RFECV,1,7.285211579446538e-05,6.638354669333745
1913,1490,6615,de sus competencias,3,complete-training RFECV,1,7.281572568787004e-05,6.232889561225582
1914,1819,8918,emergencia por,2,complete-training RFECV,1,7.273518330224365e-05,6.232889561225582
1915,1727,8224,educar respecto de,3,complete-training RFECV,1,7.270899548154054e-05,6.638354669333745
1916,1135,4647,continuo ajustándose,2,complete-training RFECV,1,7.259526649115112e-05,6.638354669333745
1917,3480,23375,árbol y aglomerada,3,complete-training RFECV,1,7.258064451814424e-05,6.638354669333745
1918,2247,15570,no sea,2,complete-training RFECV,1,7.247077403773219e-05,5.028916756899646
1919,810,1824,ambiente sobre el,3,complete-training RFECV,1,7.246977674621669e-05,6.638354669333745
1920,575,988,abierto que,2,complete-training RFECV,1,7.243617578489525e-05,6.638354669333745
1921,2188,14449,medidas de,2,complete-training RFECV,1,7.239593643658674e-05,4.846595200105691
1922,3071,21837,u,1,complete-training RFECV,1,7.232004236844375e-05,5.134277272557472
1923,1429,6303,de modo que,3,complete-training RFECV,1,7.224807772319965e-05,6.638354669333745
1924,2948,21580,todo el,2,complete-training RFECV,1,7.197245781176625e-05,6.232889561225582
1925,341,710,a calderas grupos,3,complete-training RFECV,1,7.190806167752321e-05,6.638354669333745
1926,459,828,a la región,3,complete-training RFECV,1,7.189843452098444e-05,5.945207488773801
1927,3463,23346,zona sujeta al,3,complete-training RFECV,1,7.182903336923142e-05,5.028916756899646
1928,3380,23211,y se implementará,3,complete-training RFECV,1,7.18088449935523e-05,6.638354669333745
1929,1112,4394,considera,1,complete-training RFECV,1,7.177552444557957e-05,6.232889561225582
1930,1561,6988,decretados por,2,complete-training RFECV,1,7.15263873352022e-05,6.232889561225582
1931,1523,6818,deberá cumplir,2,complete-training RFECV,1,7.14645445166927e-05,5.385591700838378
1932,544,929,a realizar los,3,complete-training RFECV,1,7.131118823100756e-05,6.638354669333745
1933,1240,5404,de artefactos,2,complete-training RFECV,1,7.128674143911152e-05,5.945207488773801
1934,2341,16947,periodo,1,complete-training RFECV,1,7.117503717092393e-05,5.539742380665636
1935,3444,23309,y utilizando tecnología,3,complete-training RFECV,1,7.113145322502426e-05,6.638354669333745
1936,793,1714,ambiental en establecimientos,3,complete-training RFECV,1,7.095135324555543e-05,6.638354669333745
1937,975,3032,calidad de,2,complete-training RFECV,1,7.07768096027708e-05,5.539742380665636
1938,906,2318,artículo 63,2,complete-training RFECV,1,7.07205836578548e-05,5.539742380665636
1939,2616,19294,regirá,1,complete-training RFECV,1,7.065352243337558e-05,5.945207488773801
1940,253,583,61,1,complete-training RFECV,1,7.056200854104002e-05,5.722063937459591
1941,1857,9304,en el punto,3,complete-training RFECV,1,7.034009732656447e-05,6.638354669333745
1942,472,841,a las estipulaciones,3,complete-training RFECV,1,7.010782582851149e-05,6.638354669333745
1943,1507,6702,de uso,2,complete-training RFECV,1,7.010432848460858e-05,4.93360657709532
1944,3145,22007,un reporte,2,complete-training RFECV,1,6.998401432395801e-05,6.638354669333745
1945,1446,6385,de partida por,3,complete-training RFECV,1,6.977291629530029e-05,6.232889561225582
1946,3074,21841,u otras,2,complete-training RFECV,1,6.974262114766291e-05,6.232889561225582
1947,636,1150,actualiza,1,complete-training RFECV,1,6.971876856227311e-05,5.722063937459591
1948,1569,7042,decreto seguirán,2,complete-training RFECV,1,6.963705073161334e-05,5.945207488773801
1949,2909,21417,templador tiene evacuación,3,complete-training RFECV,1,6.95324682110854e-05,6.638354669333745
1950,2486,18131,prohibición a vehículos,3,complete-training RFECV,1,6.947458596726935e-05,6.638354669333745
1951,711,1425,aire y,2,complete-training RFECV,1,6.941857339331431e-05,5.722063937459591
1952,2801,20568,señalar que,2,complete-training RFECV,1,6.933493280404658e-05,6.232889561225582
1953,3482,23378,árboles o arbustos,3,complete-training RFECV,1,6.931012074230968e-05,6.638354669333745
1954,3240,22485,verdes y,2,complete-training RFECV,1,6.904615363005677e-05,6.232889561225582
1955,1398,6174,de lo anterior,3,complete-training RFECV,1,6.902639225274545e-05,5.722063937459591
1956,155,287,2009 del,2,complete-training RFECV,1,6.881936720319701e-05,5.539742380665636
1957,2597,19184,reducir los,2,complete-training RFECV,1,6.859492011394825e-05,6.638354669333745
1958,705,1394,aire 2013 2015,3,complete-training RFECV,1,6.858581298995614e-05,6.232889561225582
1959,3373,23200,y resultados de,3,complete-training RFECV,1,6.853290574897429e-05,6.638354669333745
1960,339,708,a cada fuente,3,complete-training RFECV,1,6.846443679146369e-05,6.638354669333745
1961,2846,20868,solo,1,complete-training RFECV,1,6.844116364134305e-05,5.385591700838378
1962,2746,20207,se realizará,2,complete-training RFECV,1,6.82370024539096e-05,5.945207488773801
1963,1697,7918,distintos,1,complete-training RFECV,1,6.818872237490054e-05,5.945207488773801
1964,2930,21505,tiene un contenido,3,complete-training RFECV,1,6.811453332447656e-05,6.638354669333745
1965,2761,20301,sean más eficientes,3,complete-training RFECV,1,6.790193210081693e-05,6.638354669333745
1966,713,1433,ajustándose a,2,complete-training RFECV,1,6.78133458415282e-05,6.638354669333745
1967,3222,22367,vapor de,2,complete-training RFECV,1,6.772109166674486e-05,5.945207488773801
1968,2645,19480,requerimientos asociados,2,complete-training RFECV,1,6.757710517072718e-05,6.638354669333745
1969,1026,3574,code of federal,3,complete-training RFECV,1,6.756475053339419e-05,5.722063937459591
1970,854,2043,análisis,1,complete-training RFECV,1,6.753236739684594e-05,4.93360657709532
1971,2414,17419,por decreto,2,complete-training RFECV,1,6.751080207728982e-05,5.722063937459591
1972,858,2069,aplicables,1,complete-training RFECV,1,6.74901349385907e-05,6.638354669333745
1973,601,1046,acondicionamiento térmico,2,complete-training RFECV,1,6.748138337082265e-05,6.232889561225582
1974,1588,7210,del cumplimiento de,3,complete-training RFECV,1,6.728151777853235e-05,5.945207488773801
1975,1077,4087,con elementos que,3,complete-training RFECV,1,6.715448775092385e-05,6.638354669333745
1976,263,605,66 del 2009,3,complete-training RFECV,1,6.712170155983476e-05,6.638354669333745
1977,2747,20209,se realizará en,3,complete-training RFECV,1,6.709553214557985e-05,6.638354669333745
1978,565,966,a un alternador,3,complete-training RFECV,1,6.703602426673349e-05,6.638354669333745
1979,1894,9686,entendiendo por tal,3,complete-training RFECV,1,6.693617737777303e-05,6.232889561225582
1980,150,278,2008 del,2,complete-training RFECV,1,6.69037678011711e-05,6.232889561225582
1981,1533,6861,deberán acreditar,2,complete-training RFECV,1,6.689044110230426e-05,5.722063937459591
1982,959,2849,brasero recipiente metálico,3,complete-training RFECV,1,6.676809276611748e-05,6.638354669333745
1983,2845,20855,soldaduras visibles,2,complete-training RFECV,1,6.676131199382401e-05,6.638354669333745
1984,2431,17511,por más de,3,complete-training RFECV,1,6.671022869620258e-05,6.232889561225582
1985,671,1283,adoptarán,1,complete-training RFECV,1,6.656969463696232e-05,6.232889561225582
1986,215,483,373 de fecha,3,complete-training RFECV,1,6.653528010204696e-05,6.232889561225582
1987,3387,23222,y siempre y,3,complete-training RFECV,1,6.652524931673724e-05,6.638354669333745
1988,1376,6060,de la cuenca,3,complete-training RFECV,1,6.642165266465724e-05,5.945207488773801
1989,1630,7453,derivados de,2,complete-training RFECV,1,6.638627088269549e-05,4.558913127653909
1990,169,341,2016 del,2,complete-training RFECV,1,6.630420853813176e-05,5.945207488773801
1991,1347,5928,de funcionamiento,2,complete-training RFECV,1,6.627234021402537e-05,5.722063937459591
1992,2433,17539,por tal,2,complete-training RFECV,1,6.625099142638848e-05,6.232889561225582
1993,1222,5293,de 2024 los,3,complete-training RFECV,1,6.619666767103616e-05,6.638354669333745
1994,3272,22691,wgs84 de,2,complete-training RFECV,1,6.612547229365435e-05,6.638354669333745
1995,1811,8852,electrógenos nuevos deberán,3,complete-training RFECV,1,6.605553316073929e-05,6.638354669333745
1996,1785,8656,el petróleo diésel,3,complete-training RFECV,1,6.604085057764422e-05,5.945207488773801
1997,936,2538,autoridad,1,complete-training RFECV,1,6.59763303828454e-05,6.232889561225582
1998,2787,20488,servicio de,2,complete-training RFECV,1,6.592705265203287e-05,6.232889561225582
1999,761,1576,al uso de,3,complete-training RFECV,1,6.574370842520292e-05,6.638354669333745
2000,2512,18429,puntuales y grupales,3,complete-training RFECV,1,6.574341833507475e-05,6.232889561225582
2001,677,1308,afectas a,2,complete-training RFECV,1,6.569851688629098e-05,6.638354669333745
2002,1233,5364,de alimentos,2,complete-training RFECV,1,6.568258249954445e-05,5.945207488773801
2003,2769,20393,según la,2,complete-training RFECV,1,6.567994283108003e-05,6.232889561225582
2004,1140,4730,coordenadas wgs84,2,complete-training RFECV,1,6.555061570997973e-05,6.638354669333745
2005,3130,21951,un indicador,2,complete-training RFECV,1,6.549065604931536e-05,6.638354669333745
2006,2631,19407,remoción de nh,3,complete-training RFECV,1,6.541715983314787e-05,6.638354669333745
2007,649,1198,acuerdo al,2,complete-training RFECV,1,6.541035617745149e-05,5.385591700838378
2008,1007,3373,certificado,1,complete-training RFECV,1,6.528108943493033e-05,5.945207488773801
2009,463,832,a la siguiente,3,complete-training RFECV,1,6.502589014076957e-05,5.945207488773801
2010,1908,9779,episodios de,2,complete-training RFECV,1,6.501714800727228e-05,5.945207488773801
2011,986,3170,capítulo la,2,complete-training RFECV,1,6.488410858843379e-05,6.638354669333745
2012,3393,23233,y sociedad,2,complete-training RFECV,1,6.4878508894228e-05,6.638354669333745
2013,3404,23252,y sus modificaciones,3,complete-training RFECV,1,6.487146750319997e-05,5.385591700838378
2014,2634,19439,reporte de,2,complete-training RFECV,1,6.485871299333147e-05,6.232889561225582
2015,214,480,373,1,complete-training RFECV,1,6.483489061271747e-05,5.722063937459591
2016,1876,9498,en relación,2,complete-training RFECV,1,6.481447277645331e-05,6.232889561225582
2017,2877,21231,sólidos que,2,complete-training RFECV,1,6.466614928700369e-05,6.638354669333745
2018,2822,20705,sin perjuicio,2,complete-training RFECV,1,6.465608691686322e-05,5.134277272557472
2019,660,1239,adicional a,2,complete-training RFECV,1,6.454244174333945e-05,6.232889561225582
2020,1834,9060,emisiones y,2,complete-training RFECV,1,6.452273293520618e-05,5.385591700838378
2021,2499,18307,proyecto o actividad,3,complete-training RFECV,1,6.428139755301395e-05,6.232889561225582
2022,2779,20465,ser presentado ante,3,complete-training RFECV,1,6.418182886525672e-05,6.638354669333745
2023,1778,8616,el mma,2,complete-training RFECV,1,6.417347875245582e-05,6.638354669333745
2024,3179,22201,usando como referencia,3,complete-training RFECV,1,6.415350849265381e-05,6.638354669333745
2025,1100,4307,conductas preventivas,2,complete-training RFECV,1,6.409645079797498e-05,6.638354669333745
2026,1022,3558,cobertura,1,complete-training RFECV,1,6.40800603082624e-05,6.232889561225582
2027,2687,19743,rán con los,3,complete-training RFECV,1,6.4027559173672e-05,5.945207488773801
2028,2842,20844,sociales y campañas,3,complete-training RFECV,1,6.392597105159929e-05,6.638354669333745
2029,522,891,a miembros,2,complete-training RFECV,1,6.39190349014732e-05,6.638354669333745
2030,115,212,1999,1,complete-training RFECV,1,6.391080293736647e-05,5.539742380665636
2031,1259,5496,de capacitación y,3,complete-training RFECV,1,6.372525417830829e-05,6.638354669333745
2032,1482,6569,de santiago se,3,complete-training RFECV,1,6.368575679760435e-05,5.539742380665636
2033,1245,5420,de azufre del,3,complete-training RFECV,1,6.364598515460262e-05,6.638354669333745
2034,179,375,2025 de la,3,complete-training RFECV,1,6.351239416011551e-05,6.638354669333745
2035,2908,21415,templador,1,complete-training RFECV,1,6.336145870866371e-05,6.638354669333745
2036,3257,22594,vigentes las,2,complete-training RFECV,1,6.331348542143297e-05,6.638354669333745
2037,591,1023,acción del,2,complete-training RFECV,1,6.313292852564373e-05,6.638354669333745
2038,752,1553,al reducir,2,complete-training RFECV,1,6.30815443779945e-05,6.638354669333745
2039,1585,7167,del aire y,3,complete-training RFECV,1,6.304586002629663e-05,5.722063937459591
2040,635,1143,acto administrativo que,3,complete-training RFECV,1,6.303676938990114e-05,6.638354669333745
2041,928,2446,atmosférica dirigido,2,complete-training RFECV,1,6.300266850134372e-05,6.638354669333745
2042,1612,7341,del predio o,3,complete-training RFECV,1,6.285772696934916e-05,6.638354669333745
2043,1047,3750,comercial,1,complete-training RFECV,1,6.27613390991489e-05,5.2520603082138555
2044,2957,21606,ton,1,complete-training RFECV,1,6.262304338859004e-05,6.638354669333745
2045,943,2658,año se,2,complete-training RFECV,1,6.260409905170355e-05,6.638354669333745
2046,792,1713,ambiental en,2,complete-training RFECV,1,6.259156753278398e-05,6.638354669333745
2047,453,822,a la potencia,3,complete-training RFECV,1,6.253720630853779e-05,6.638354669333745
2048,823,1883,and materials,2,complete-training RFECV,1,6.248799612124556e-05,6.232889561225582
2049,1593,7248,del guano,2,complete-training RFECV,1,6.246658450218401e-05,5.2520603082138555
2050,2611,19245,reformula y,2,complete-training RFECV,1,6.24334307042763e-05,5.722063937459591
2051,29,68,12 413,2,complete-training RFECV,1,6.237727749766668e-05,6.638354669333745
2052,420,789,a la conectividad,3,complete-training RFECV,1,6.232811419521401e-05,6.638354669333745
2053,2438,17586,posee templador tiene,3,complete-training RFECV,1,6.223457664533345e-05,6.638354669333745
2054,437,806,a la generación,3,complete-training RFECV,1,6.209376972459721e-05,6.232889561225582
2055,871,2104,aplicarán,1,complete-training RFECV,1,6.20198720402032e-05,5.385591700838378
2056,1874,9463,en operación,2,complete-training RFECV,1,6.2006046245489e-05,5.385591700838378
2057,2775,20418,seia deberán cumplir,3,complete-training RFECV,1,6.196912268466234e-05,6.638354669333745
2058,3210,22313,utilizará la,2,complete-training RFECV,1,6.192791135653979e-05,6.638354669333745
2059,2833,20774,situación base todas,3,complete-training RFECV,1,6.17848724500342e-05,6.638354669333745
2060,727,1476,al diseño de,3,complete-training RFECV,1,6.171989623633657e-05,6.638354669333745
2061,3018,21738,través del,2,complete-training RFECV,1,6.170826510390871e-05,5.945207488773801
2062,2444,17632,potencia máxima del,3,complete-training RFECV,1,6.168464663954645e-05,6.638354669333745
2063,493,862,a lo largo,3,complete-training RFECV,1,6.138620948149766e-05,6.638354669333745
2064,700,1382,agua caliente sanitaria,3,complete-training RFECV,1,6.131948219366885e-05,6.638354669333745
2065,2993,21683,transporte 61,2,complete-training RFECV,1,6.125254533148947e-05,6.638354669333745
2066,2795,20547,señalada,1,complete-training RFECV,1,6.119218863537888e-05,6.638354669333745
2067,1675,7724,diesel engines,2,complete-training RFECV,1,6.117068508223256e-05,6.232889561225582
2068,2695,19809,santiago aprobada por,3,complete-training RFECV,1,6.114888183158817e-05,6.638354669333745
2069,230,520,43,1,complete-training RFECV,1,6.088207684747954e-05,6.232889561225582
2070,3259,22614,visible,1,complete-training RFECV,1,6.085324083638351e-05,5.945207488773801
2071,2978,21656,transferencia,1,complete-training RFECV,1,6.084673306655049e-05,6.232889561225582
2072,2255,15796,nº 12,2,complete-training RFECV,1,6.079010957945448e-05,5.945207488773801
2073,893,2240,aquellos límites de,3,complete-training RFECV,1,6.074107149660583e-05,5.945207488773801
2074,2689,19753,salamandra,1,complete-training RFECV,1,6.0445240868150466e-05,6.638354669333745
2075,901,2274,artefactos,1,complete-training RFECV,1,6.008223210431909e-05,5.385591700838378
2076,2797,20555,señalado en el,3,complete-training RFECV,1,6.00204369054673e-05,6.232889561225582
2077,605,1057,acreditaciones,1,complete-training RFECV,1,6.00113263975577e-05,6.638354669333745
2078,1326,5835,de episodios constatados,3,complete-training RFECV,1,5.987476572006287e-05,6.638354669333745
2079,3349,23122,y para el,3,complete-training RFECV,1,5.984014539127491e-05,6.638354669333745
2080,2981,21662,transferir,1,complete-training RFECV,1,5.9549512703732e-05,6.638354669333745
2081,2880,21244,sólo podrán,2,complete-training RFECV,1,5.950512408068041e-05,5.945207488773801
2082,2814,20660,siguientes áreas,2,complete-training RFECV,1,5.944517310482389e-05,6.638354669333745
2083,631,1130,actividades o,2,complete-training RFECV,1,5.940868430360333e-05,6.638354669333745
2084,334,703,a aquella,2,complete-training RFECV,1,5.931259621792528e-05,6.638354669333745
2085,2770,20396,según las,2,complete-training RFECV,1,5.917276668368453e-05,5.945207488773801
2086,831,1916,antecedentes destacan la,3,complete-training RFECV,1,5.9166561215857866e-05,6.638354669333745
2087,1095,4263,concretas,1,complete-training RFECV,1,5.9096503582850914e-05,6.638354669333745
2088,1474,6540,de salud rm,3,complete-training RFECV,1,5.9077174108616275e-05,5.945207488773801
2089,3316,22982,y gestión para,3,complete-training RFECV,1,5.905586772059101e-05,6.638354669333745
2090,2305,16539,para efectos,2,complete-training RFECV,1,5.8924591317796154e-05,5.722063937459591
2091,3308,22944,y existentes,2,complete-training RFECV,1,5.888469384403622e-05,6.232889561225582
2092,336,705,a aquellos,2,complete-training RFECV,1,5.8845018378541104e-05,6.638354669333745
2093,1491,6631,de terceros que,3,complete-training RFECV,1,5.881200343906731e-05,6.638354669333745
2094,1198,5145,cálculo,1,complete-training RFECV,1,5.874347970297163e-05,5.722063937459591
2095,1084,4144,con los criterios,3,complete-training RFECV,1,5.871933269151731e-05,6.638354669333745
2096,1661,7625,determinación indicada en,3,complete-training RFECV,1,5.870765699402091e-05,6.638354669333745
2097,245,564,58,1,complete-training RFECV,1,5.8704891734797006e-05,5.722063937459591
2098,1793,8684,el programa de,3,complete-training RFECV,1,5.866718283452626e-05,5.385591700838378
2099,532,913,a partir del,3,complete-training RFECV,1,5.8654019413329943e-05,5.722063937459591
2100,962,2914,cadena,1,complete-training RFECV,1,5.858991984842441e-05,5.722063937459591
2101,609,1075,acreditar sus,2,complete-training RFECV,1,5.8508191567917185e-05,5.945207488773801
2102,794,1715,ambiental local,2,complete-training RFECV,1,5.8412342443071975e-05,5.945207488773801
2103,1710,8067,ds nº 18,3,complete-training RFECV,1,5.827235819747366e-05,6.638354669333745
2104,795,1725,ambiental respectiva solo,3,complete-training RFECV,1,5.825419659547132e-05,6.638354669333745
2105,1338,5896,de favorecer la,3,complete-training RFECV,1,5.821998764012362e-05,6.638354669333745
2106,1754,8474,el cumplimiento,2,complete-training RFECV,1,5.8207625339077585e-05,5.134277272557472
2107,720,1460,al conjunto de,3,complete-training RFECV,1,5.815676793456594e-05,6.638354669333745
2108,3389,23225,y similares anteriores,3,complete-training RFECV,1,5.8008701439400756e-05,6.638354669333745
2109,2919,21460,terminaciones,1,complete-training RFECV,1,5.8007081689723015e-05,6.638354669333745
2110,1580,7117,definitivo se,2,complete-training RFECV,1,5.7838153702971884e-05,6.638354669333745
2111,1027,3595,color,1,complete-training RFECV,1,5.773865737874601e-05,6.638354669333745
2112,991,3199,carbono negro,2,complete-training RFECV,1,5.75395611494227e-05,5.722063937459591
2113,1941,10175,estacionarias según,2,complete-training RFECV,1,5.717652951175793e-05,6.232889561225582
2114,657,1227,adelante indistintamente,2,complete-training RFECV,1,5.705627974532631e-05,6.638354669333745
2115,1402,6189,de los antecedentes,3,complete-training RFECV,1,5.703890029275765e-05,6.638354669333745
2116,2583,19119,red ha,2,complete-training RFECV,1,5.700612038174873e-05,6.638354669333745
2117,2768,20392,según el método,3,complete-training RFECV,1,5.700127322345934e-05,6.638354669333745
2118,664,1252,adicionalmente la,2,complete-training RFECV,1,5.690479161088976e-05,6.638354669333745
2119,2836,20804,sobre bases generales,3,complete-training RFECV,1,5.687472270040731e-05,6.232889561225582
2120,593,1025,acción que,2,complete-training RFECV,1,5.6728151632412054e-05,6.638354669333745
2121,1412,6228,de los vehículos,3,complete-training RFECV,1,5.665749692732475e-05,6.232889561225582
2122,1053,3809,como emisiones indirectas,3,complete-training RFECV,1,5.6635025009729424e-05,6.638354669333745
2123,1758,8488,el decreto,2,complete-training RFECV,1,5.656862087970748e-05,5.385591700838378
2124,3496,23395,época del año,3,complete-training RFECV,1,5.656526107859093e-05,6.638354669333745
2125,1046,3741,combustión que,2,complete-training RFECV,1,5.650030399535211e-05,6.638354669333745
2126,3291,22839,y cuando,2,complete-training RFECV,1,5.648575838692683e-05,5.722063937459591
2127,548,938,a restablecer,2,complete-training RFECV,1,5.6462874823333684e-05,6.638354669333745
2128,2686,19738,ruta deberá cumplir,3,complete-training RFECV,1,5.6363472332856254e-05,6.232889561225582
2129,2482,18083,programa de compensación,3,complete-training RFECV,1,5.6356304776476626e-05,5.539742380665636
2130,2654,19528,resoluciones,1,complete-training RFECV,1,5.633462110324543e-05,6.232889561225582
2131,3225,22389,varias,1,complete-training RFECV,1,5.631073585033958e-05,6.638354669333745
2132,1542,6930,debido,1,complete-training RFECV,1,5.619970017758072e-05,6.232889561225582
2133,2671,19632,resultados de,2,complete-training RFECV,1,5.6130709241214023e-05,5.385591700838378
2134,1202,5164,d3231,1,complete-training RFECV,1,5.609114156591173e-05,6.638354669333745
2135,2462,17920,principalmente,1,complete-training RFECV,1,5.6035711887043524e-05,5.385591700838378
2136,3324,23017,y lavado de,3,complete-training RFECV,1,5.6025063731974945e-05,5.539742380665636
2137,283,652,95 de,2,complete-training RFECV,1,5.597402311352507e-05,6.638354669333745
2138,1005,3303,categoría de fuente,3,complete-training RFECV,1,5.588381868168348e-05,6.638354669333745
2139,2005,11235,funcionamiento,1,complete-training RFECV,1,5.572690503379617e-05,5.539742380665636
2140,1464,6487,de recursos para,3,complete-training RFECV,1,5.572048897820425e-05,6.232889561225582
2141,2033,11681,hora,1,complete-training RFECV,1,5.567334276581674e-05,5.722063937459591
2142,2577,19093,reconstrucción y,2,complete-training RFECV,1,5.5562289451320443e-05,6.638354669333745
2143,3449,23318,y zona,2,complete-training RFECV,1,5.548882716211097e-05,5.945207488773801
2144,3465,23349,zona y,2,complete-training RFECV,1,5.545003656667714e-05,6.232889561225582
2145,2586,19129,redes sociales y,3,complete-training RFECV,1,5.526919729216695e-05,6.638354669333745
2146,2748,20211,se referirán,2,complete-training RFECV,1,5.525769781704009e-05,6.638354669333745
2147,3063,21826,término de,2,complete-training RFECV,1,5.517251303097828e-05,6.638354669333745
2148,2063,12432,intensificación,1,complete-training RFECV,1,5.491230187410925e-05,5.945207488773801
2149,1229,5332,de acuerdo al,3,complete-training RFECV,1,5.489116271837256e-05,5.385591700838378
2150,704,1393,aire 2013,2,complete-training RFECV,1,5.488008059166628e-05,6.232889561225582
2151,3035,21766,tránsito,1,complete-training RFECV,1,5.487787751001681e-05,6.232889561225582
2152,1120,4438,considere,1,complete-training RFECV,1,5.483337840423339e-05,5.945207488773801
2153,515,884,a los plazos,3,complete-training RFECV,1,5.483212023449461e-05,6.638354669333745
2154,1124,4523,contabilizar,1,complete-training RFECV,1,5.48116454214853e-05,6.638354669333745
2155,3265,22672,vías,1,complete-training RFECV,1,5.4571166839283216e-05,5.945207488773801
2156,345,714,a combustión incompleta,3,complete-training RFECV,1,5.451400796749362e-05,6.638354669333745
2157,801,1772,ambiente en adelante,3,complete-training RFECV,1,5.4487348606591736e-05,6.638354669333745
2158,1799,8730,el sector residencial,3,complete-training RFECV,1,5.43203671538808e-05,6.232889561225582
2159,2336,16910,patios de,2,complete-training RFECV,1,5.4315658997133526e-05,6.638354669333745
2160,491,860,a lo global,3,complete-training RFECV,1,5.422088337019737e-05,6.638354669333745
2161,624,1103,actividad restringida y,3,complete-training RFECV,1,5.421593802587831e-05,6.638354669333745
2162,1052,3807,como emisiones,2,complete-training RFECV,1,5.411726845748744e-05,6.232889561225582
2163,2326,16735,paralización fuentes estacionarias,3,complete-training RFECV,1,5.3846600164774566e-05,6.232889561225582
2164,759,1571,al sur,2,complete-training RFECV,1,5.380189293976279e-05,6.638354669333745
2165,320,689,a 30 litros,3,complete-training RFECV,1,5.375975402398038e-05,6.638354669333745
2166,3502,23402,éstas,1,complete-training RFECV,1,5.375637404100559e-05,6.232889561225582
2167,2821,20698,sin embargo,2,complete-training RFECV,1,5.3715946631506665e-05,5.385591700838378
2168,3354,23135,y permisos otorgados,3,complete-training RFECV,1,5.363671807091432e-05,6.638354669333745
2169,1520,6790,deben,1,complete-training RFECV,1,5.348003680103456e-05,5.945207488773801
2170,864,2077,aplicación de las,3,complete-training RFECV,1,5.346035853981878e-05,6.638354669333745
2171,2640,19462,reproducción de,2,complete-training RFECV,1,5.341587996874577e-05,6.232889561225582
2172,1253,5471,de calefactores,2,complete-training RFECV,1,5.341422981624293e-05,5.028916756899646
2173,3247,22550,viceversa,1,complete-training RFECV,1,5.338013095371069e-05,6.638354669333745
2174,3440,23303,y urbanismo rm,3,complete-training RFECV,1,5.3171723716475105e-05,6.232889561225582
2175,730,1480,al expediente permitieron,3,complete-training RFECV,1,5.30757945397074e-05,6.638354669333745
2176,3080,21853,ubicación,1,complete-training RFECV,1,5.30373334494153e-05,6.638354669333745
2177,1910,9796,equipamiento y,2,complete-training RFECV,1,5.287719192241779e-05,6.638354669333745
2178,1278,5605,de conformidad,2,complete-training RFECV,1,5.280725999145962e-05,5.722063937459591
2179,1538,6906,deberán presentar,2,complete-training RFECV,1,5.276955178046685e-05,5.2520603082138555
2180,712,1426,aire y descontaminación,3,complete-training RFECV,1,5.2749258107747055e-05,6.232889561225582
2181,3139,21994,un plan,2,complete-training RFECV,1,5.2747401235783966e-05,5.134277272557472
2182,695,1368,agrícolas a,2,complete-training RFECV,1,5.272865101134372e-05,6.232889561225582
2183,1213,5243,de 1996,2,complete-training RFECV,1,5.25976085967464e-05,5.722063937459591
2184,1097,4275,condes,1,complete-training RFECV,1,5.250768339622357e-05,6.638354669333745
2185,1823,8934,emisiones asociadas,2,complete-training RFECV,1,5.2448231768783896e-05,5.945207488773801
2186,849,2012,anual siendo,2,complete-training RFECV,1,5.244255238877411e-05,6.638354669333745
2187,293,662,963 todas de,3,complete-training RFECV,1,5.2387037455781835e-05,6.638354669333745
2188,610,1076,acreditar sus emisiones,3,complete-training RFECV,1,5.229311446980786e-05,5.945207488773801
2189,450,819,a la nch64,3,complete-training RFECV,1,5.2285148816813315e-05,6.638354669333745
2190,489,858,a lo estipulado,3,complete-training RFECV,1,5.2280754591767605e-05,6.232889561225582
2191,208,462,34 comunas sólo,3,complete-training RFECV,1,5.218985410967597e-05,6.638354669333745
2192,2239,15357,nch62,1,complete-training RFECV,1,5.215723008334864e-05,5.945207488773801
2193,3160,22104,una reducción de,3,complete-training RFECV,1,5.21215353000251e-05,5.945207488773801
2194,139,250,2001 del ministerio,3,complete-training RFECV,1,5.194498744998981e-05,5.945207488773801
2195,785,1678,alto,1,complete-training RFECV,1,5.1767122269448914e-05,5.134277272557472
2196,1627,7448,deportivas,1,complete-training RFECV,1,5.159551826183533e-05,6.232889561225582
2197,1204,5169,d613,1,complete-training RFECV,1,5.15705914202104e-05,6.638354669333745
2198,460,829,a la relación,3,complete-training RFECV,1,5.139916320773704e-05,6.638354669333745
2199,702,1391,ahorros en el,3,complete-training RFECV,1,5.135881671647151e-05,6.638354669333745
2200,602,1047,acondicionamiento térmico de,3,complete-training RFECV,1,5.1099896574741166e-05,6.232889561225582
2201,1494,6643,de todo tipo,3,complete-training RFECV,1,5.101361665366431e-05,6.638354669333745
2202,3399,23240,y su alrededor,3,complete-training RFECV,1,5.100250524690428e-05,6.232889561225582
2203,82,170,19 300 sobre,3,complete-training RFECV,1,5.0841757030285074e-05,6.232889561225582
2204,103,197,1997 a,2,complete-training RFECV,1,5.084161200600652e-05,6.638354669333745
2205,2710,19960,se considerará,2,complete-training RFECV,1,5.080418564199858e-05,6.638354669333745
2206,2022,11498,gran,1,complete-training RFECV,1,5.0774257777163905e-05,5.385591700838378
2207,2049,11904,implementarse,1,complete-training RFECV,1,5.073037347713382e-05,6.638354669333745
2208,414,783,a la atmósfera,3,complete-training RFECV,1,5.065346800332184e-05,6.638354669333745
2209,2786,20485,servicio,1,complete-training RFECV,1,5.0590789744269555e-05,5.722063937459591
2210,321,690,a 300,2,complete-training RFECV,1,5.051945463038686e-05,6.232889561225582
2211,2728,20065,se exceptúan,2,complete-training RFECV,1,5.0258183584622146e-05,5.722063937459591
2212,526,903,a nuevos,2,complete-training RFECV,1,5.0248554822722485e-05,6.638354669333745
2213,2421,17454,por emisiones indirectas,3,complete-training RFECV,1,5.01592243444986e-05,6.638354669333745
2214,3110,21911,un consolidado al,3,complete-training RFECV,1,5.008715597200255e-05,6.638354669333745
2215,931,2456,atmosférica para,2,complete-training RFECV,1,5.006844436388621e-05,5.134277272557472
2216,376,745,a efecto,2,complete-training RFECV,1,4.964062945976928e-05,6.638354669333745
2217,396,765,a fuentes,2,complete-training RFECV,1,4.960994030599096e-05,6.232889561225582
2218,3434,23297,y una visión,3,complete-training RFECV,1,4.95576423093252e-05,6.638354669333745
2219,2546,18852,que se indican,3,complete-training RFECV,1,4.9550747071756134e-05,5.945207488773801
2220,2963,21615,total de 12,3,complete-training RFECV,1,4.927634259088888e-05,6.638354669333745
2221,3284,22791,y clases,2,complete-training RFECV,1,4.923324622853322e-05,6.638354669333745
2222,1866,9383,en la siguiente,3,complete-training RFECV,1,4.919197928069853e-05,5.2520603082138555
2223,1042,3707,combustionar leña y,3,complete-training RFECV,1,4.902469525361786e-05,5.722063937459591
2224,3025,21752,trianuales como lo,3,complete-training RFECV,1,4.900401195488463e-05,6.638354669333745
2225,2962,21614,total de 11,3,complete-training RFECV,1,4.894889652200908e-05,6.638354669333745
2226,307,676,a 100 m3,3,complete-training RFECV,1,4.8865439169889434e-05,6.638354669333745
2227,37,84,120 µg m3,3,complete-training RFECV,1,4.86787056445077e-05,6.638354669333745
2228,1860,9336,en forma exclusiva,3,complete-training RFECV,1,4.8669445582309396e-05,5.945207488773801
2229,746,1517,al miocardio,2,complete-training RFECV,1,4.866883711448544e-05,6.638354669333745
2230,1751,8465,el cordón,2,complete-training RFECV,1,4.842337351383232e-05,6.232889561225582
2231,1544,6935,debiendo denunciarse,2,complete-training RFECV,1,4.821381969874752e-05,6.232889561225582
2232,563,964,a través del,3,complete-training RFECV,1,4.818615266832747e-05,5.945207488773801
2233,3448,23315,y verificar sus,3,complete-training RFECV,1,4.8158412881002325e-05,6.638354669333745
2234,141,252,2002 del,2,complete-training RFECV,1,4.792483831260631e-05,6.232889561225582
2235,1726,8216,educación física y,3,complete-training RFECV,1,4.788403685898584e-05,6.232889561225582
2236,145,265,2005 combustible,2,complete-training RFECV,1,4.7863089758819205e-05,6.232889561225582
2237,135,246,2001,1,complete-training RFECV,1,4.747683411551002e-05,5.945207488773801
2238,1409,6222,de los resultados,3,complete-training RFECV,1,4.737541461096738e-05,6.638354669333745
2239,400,769,a gasolina,2,complete-training RFECV,1,4.737528033999969e-05,6.638354669333745
2240,1798,8727,el sector,2,complete-training RFECV,1,4.730592017527407e-05,5.2520603082138555
2241,1142,4759,cordillera de,2,complete-training RFECV,1,4.7071968693943355e-05,5.945207488773801
2242,722,1468,al cumplimiento de,3,complete-training RFECV,1,4.706870644107796e-05,6.232889561225582
2243,2400,17260,plazo de 12,3,complete-training RFECV,1,4.698109006458018e-05,4.846595200105691
2244,271,621,80 ppm de,3,complete-training RFECV,1,4.69595159273115e-05,6.638354669333745
2245,2362,17060,pero no viceversa,3,complete-training RFECV,1,4.671982935362899e-05,6.638354669333745
2246,128,238,200 de altitud,3,complete-training RFECV,1,4.644571475411573e-05,6.638354669333745
2247,1324,5833,de episodio crítico,3,complete-training RFECV,1,4.6431195105512465e-05,6.232889561225582
2248,696,1369,agrícolas a fin,3,complete-training RFECV,1,4.643049262229057e-05,6.232889561225582
2249,1709,8064,ds nº,2,complete-training RFECV,1,4.637722729863203e-05,5.539742380665636
2250,2627,19383,relacionados a inversión,3,complete-training RFECV,1,4.633624294677105e-05,6.638354669333745
2251,2056,12147,industrial,1,complete-training RFECV,1,4.609847447104464e-05,4.846595200105691
2252,812,1835,ambiente y sus,3,complete-training RFECV,1,4.6037794155522444e-05,5.539742380665636
2253,623,1101,actividad proceso operación,3,complete-training RFECV,1,4.603027277104194e-05,6.638354669333745
2254,2588,19135,reducciones,1,complete-training RFECV,1,4.6018204047871805e-05,5.722063937459591
2255,3329,23029,y límites,2,complete-training RFECV,1,4.564137320401454e-05,6.638354669333745
2256,856,2057,análisis indicándose la,3,complete-training RFECV,1,4.544683694045426e-05,6.638354669333745
2257,3498,23397,épocas de,2,complete-training RFECV,1,4.5313821543828075e-05,6.638354669333745
2258,7,25,10 según,2,complete-training RFECV,1,4.5154960247432786e-05,6.638354669333745
2259,1660,7611,detalle,1,complete-training RFECV,1,4.5147337769775636e-05,6.638354669333745
2260,3064,21827,término de vida,3,complete-training RFECV,1,4.509215294989077e-05,6.638354669333745
2261,764,1597,alcanzar las metas,3,complete-training RFECV,1,4.501240377984504e-05,6.638354669333745
2262,600,1043,acompañaron estudios,2,complete-training RFECV,1,4.4932285641818313e-05,6.638354669333745
2263,282,648,94,1,complete-training RFECV,1,4.480919285507145e-05,6.638354669333745
2264,1439,6344,de normas,2,complete-training RFECV,1,4.474295210926094e-05,6.232889561225582
2265,3454,23332,zona de,2,complete-training RFECV,1,4.466756140785728e-05,5.722063937459591
2266,1900,9730,entrega,1,complete-training RFECV,1,4.4538056185094174e-05,5.945207488773801
2267,3381,23213,y sectores,2,complete-training RFECV,1,4.436229920459176e-05,6.638354669333745
2268,3079,21852,ubica entre la,3,complete-training RFECV,1,4.4236529390953405e-05,6.638354669333745
2269,3288,22809,y comercial que,3,complete-training RFECV,1,4.4085770786693466e-05,6.638354669333745
2270,3458,23337,zona latente o,3,complete-training RFECV,1,4.397580986474674e-05,6.638354669333745
2271,3136,21985,un nivel de,3,complete-training RFECV,1,4.397528548958951e-05,6.232889561225582
2272,898,2255,arbustos,1,complete-training RFECV,1,4.388673205211817e-05,6.638354669333745
2273,1104,4332,conforme a lo,3,complete-training RFECV,1,4.3774435758550586e-05,5.722063937459591
2274,1796,8695,el proyecto está,3,complete-training RFECV,1,4.3773089496731744e-05,6.638354669333745
2275,1711,8074,ducto,1,complete-training RFECV,1,4.373978937256658e-05,6.232889561225582
2276,3128,21944,un gran establecimiento,3,complete-training RFECV,1,4.36635381070399e-05,6.638354669333745
2277,1137,4687,control,1,complete-training RFECV,1,4.354796271294975e-05,4.7665524924321545
2278,2559,18948,quemas en,2,complete-training RFECV,1,4.342602138400388e-05,6.638354669333745
2279,1064,3998,compuestos orgánicos volátiles,3,complete-training RFECV,1,4.3314179258763756e-05,6.232889561225582
2280,987,3181,caracterización del material,3,complete-training RFECV,1,4.286146252487549e-05,6.638354669333745
2281,650,1202,acuerdo al método,3,complete-training RFECV,1,4.282355297928952e-05,6.232889561225582
2282,481,850,a leña el,3,complete-training RFECV,1,4.2765363500566874e-05,6.638354669333745
2283,164,325,2015 del ministerio,3,complete-training RFECV,1,4.269492032847547e-05,6.232889561225582
2284,70,144,16 disponibles en,3,complete-training RFECV,1,4.266277803395664e-05,6.638354669333745
2285,1479,6558,de santiago fue,3,complete-training RFECV,1,4.2637967112754184e-05,6.638354669333745
2286,136,247,2001 de,2,complete-training RFECV,1,4.2536389396940054e-05,6.638354669333745
2287,54,109,14 incluido,2,complete-training RFECV,1,4.227633366287952e-05,6.638354669333745
2288,756,1562,al seia deberán,3,complete-training RFECV,1,4.218945702392601e-05,6.232889561225582
2289,769,1622,alguno de acuerdo,3,complete-training RFECV,1,4.218064353241323e-05,6.638354669333745
2290,1349,5935,de gases,2,complete-training RFECV,1,4.2072874384956136e-05,5.134277272557472
2291,580,999,acatamiento,1,complete-training RFECV,1,4.206980881708718e-05,6.638354669333745
2292,289,658,962 y,2,complete-training RFECV,1,4.2012533685848935e-05,6.638354669333745
2293,255,586,63,1,complete-training RFECV,1,4.199638669007279e-05,5.2520603082138555
2294,3245,22527,vi 14,2,complete-training RFECV,1,4.195202560833513e-05,5.539742380665636
2295,1772,8581,el kerosene,2,complete-training RFECV,1,4.154725358199707e-05,5.945207488773801
2296,2684,19726,rodean la cuenca,3,complete-training RFECV,1,4.143765080138798e-05,5.945207488773801
2297,94,188,1996,1,complete-training RFECV,1,4.1391648678985686e-05,5.722063937459591
2298,192,425,25 años,2,complete-training RFECV,1,4.139138721947229e-05,6.638354669333745
2299,1247,5440,de biciestacionamientos,2,complete-training RFECV,1,4.0958854609258804e-05,6.638354669333745
2300,950,2731,base aquellas,2,complete-training RFECV,1,4.095169395619968e-05,6.638354669333745
2301,2749,20212,se referirán a,3,complete-training RFECV,1,4.0937512997466736e-05,6.638354669333745
2302,1657,7579,después,1,complete-training RFECV,1,4.092137744756926e-05,5.2520603082138555
2303,1756,8477,el cálculo y,3,complete-training RFECV,1,4.0563146653729346e-05,6.638354669333745
2304,2353,17022,permiten evaluar,2,complete-training RFECV,1,4.04355317677469e-05,6.638354669333745
2305,3371,23189,y rediseño,2,complete-training RFECV,1,4.0180126878302974e-05,6.638354669333745
2306,2698,19848,santiago gestionará,2,complete-training RFECV,1,3.9956790210876424e-05,6.232889561225582
2307,2007,11272,física,1,complete-training RFECV,1,3.9851194013905766e-05,5.539742380665636
2308,2476,18061,productora de,2,complete-training RFECV,1,3.9823585105162794e-05,5.945207488773801
2309,1375,6059,de la costa,3,complete-training RFECV,1,3.981166702321642e-05,6.232889561225582
2310,2150,13762,los contaminantes,2,complete-training RFECV,1,3.972419880910956e-05,5.134277272557472
2311,1556,6970,declarada oficial,2,complete-training RFECV,1,3.969754187410157e-05,5.028916756899646
2312,920,2417,asociados al,2,complete-training RFECV,1,3.9691794559044085e-05,6.232889561225582
2313,304,673,a 10,2,complete-training RFECV,1,3.967685391874197e-05,6.638354669333745
2314,579,995,abre la cuenca,3,complete-training RFECV,1,3.956326885579904e-05,6.638354669333745
2315,464,833,a la situación,3,complete-training RFECV,1,3.944091390063909e-05,6.638354669333745
2316,981,3061,calles,1,complete-training RFECV,1,3.934745183721393e-05,5.539742380665636
2317,40,88,13 de,2,complete-training RFECV,1,3.907848739179753e-05,5.539742380665636
2318,1343,5916,de forma,2,complete-training RFECV,1,3.89287379080703e-05,5.722063937459591
2319,101,195,1996 ds 131,3,complete-training RFECV,1,3.8866957653607e-05,6.638354669333745
2320,2516,18455,públicas,1,complete-training RFECV,1,3.8751694239561525e-05,5.2520603082138555
2321,2434,17545,por un,2,complete-training RFECV,1,3.8692813745665023e-05,5.722063937459591
2322,3439,23302,y urbanismo que,3,complete-training RFECV,1,3.864089395490532e-05,6.232889561225582
2323,3156,22061,una fuente o,3,complete-training RFECV,1,3.861693086767791e-05,6.638354669333745
2324,1350,5937,de gases de,3,complete-training RFECV,1,3.850890978131436e-05,5.539742380665636
2325,2951,21585,todo tipo,2,complete-training RFECV,1,3.8491873150793e-05,6.232889561225582
2326,409,778,a inversión y,3,complete-training RFECV,1,3.845633880669232e-05,6.638354669333745
2327,2273,16132,observa en,2,complete-training RFECV,1,3.835792484125696e-05,5.722063937459591
2328,87,180,1993,1,complete-training RFECV,1,3.79878506865011e-05,6.638354669333745
2329,2325,16733,paralización de las,3,complete-training RFECV,1,3.78457464218605e-05,6.232889561225582
2330,954,2814,bien del tipo,3,complete-training RFECV,1,3.780590335277784e-05,6.638354669333745
2331,1319,5812,de energía,2,complete-training RFECV,1,3.7709988509237845e-05,5.028916756899646
2332,2669,19627,resultado de,2,complete-training RFECV,1,3.7298451728165176e-05,6.638354669333745
2333,1759,8493,el desarrollo,2,complete-training RFECV,1,3.712821382702419e-05,5.945207488773801
2334,1422,6269,de medidas,2,complete-training RFECV,1,3.6863110360938205e-05,5.945207488773801
2335,1170,4951,cualquier,1,complete-training RFECV,1,3.6764017098082027e-05,5.539742380665636
2336,2561,18971,ramsbottom,1,complete-training RFECV,1,3.6745359184574066e-05,6.232889561225582
2337,2573,19076,recomendar modificar la,3,complete-training RFECV,1,3.6701117558952366e-05,5.945207488773801
2338,1242,5408,de aspirado y,3,complete-training RFECV,1,3.664185476579918e-05,5.539742380665636
2339,3053,21802,térmica global mayor,3,complete-training RFECV,1,3.6613926073173783e-05,6.638354669333745
2340,3162,22120,una vez,2,complete-training RFECV,1,3.64798673567698e-05,5.2520603082138555
2341,2636,19447,representa mediante,2,complete-training RFECV,1,3.631982287151173e-05,6.638354669333745
2342,2708,19944,se aplicarán las,3,complete-training RFECV,1,3.6316760082916457e-05,5.945207488773801
2343,2773,20411,según se,2,complete-training RFECV,1,3.623359883569575e-05,6.232889561225582
2344,3356,23139,y plazos que,3,complete-training RFECV,1,3.6151943265959326e-05,6.638354669333745
2345,1768,8541,el estado de,3,complete-training RFECV,1,3.602969964563529e-05,5.539742380665636
2346,3060,21820,térmico de viviendas,3,complete-training RFECV,1,3.5848259503662346e-05,6.232889561225582
2347,3051,21794,técnicos para dicho,3,complete-training RFECV,1,3.582174355846462e-05,6.638354669333745
2348,438,807,a la hora,3,complete-training RFECV,1,3.582043262423268e-05,6.638354669333745
2349,130,240,2000 del,2,complete-training RFECV,1,3.5803772148266654e-05,5.722063937459591
2350,1656,7573,desplazamiento idealmente realizándolas,3,complete-training RFECV,1,3.579158180426985e-05,5.945207488773801
2351,48,99,135 letra del,3,complete-training RFECV,1,3.568695325506085e-05,6.638354669333745
2352,511,880,a los municipios,3,complete-training RFECV,1,3.564947933547777e-05,6.232889561225582
2353,362,731,a dar a,3,complete-training RFECV,1,3.5633084218675364e-05,6.638354669333745
2354,899,2264,arrojó,1,complete-training RFECV,1,3.5596191574162474e-05,5.945207488773801
2355,1953,10398,está,1,complete-training RFECV,1,3.5538844334678045e-05,5.722063937459591
2356,238,538,50 ppm de,3,complete-training RFECV,1,3.549515810496961e-05,6.638354669333745
2357,395,764,a fin de,3,complete-training RFECV,1,3.5422843522938755e-05,5.385591700838378
2358,1366,6005,de incumplimiento corresponderá,3,complete-training RFECV,1,3.537131514690712e-05,6.232889561225582
2359,973,3025,calentar,1,complete-training RFECV,1,3.535431278718677e-05,6.638354669333745
2360,1330,5850,de esta exigencia,3,complete-training RFECV,1,3.529267854221876e-05,5.945207488773801
2361,2180,14307,mayo al 31,3,complete-training RFECV,1,3.528263970658703e-05,5.722063937459591
2362,133,244,2000 petróleo,2,complete-training RFECV,1,3.5267453641863575e-05,6.638354669333745
2363,3339,23068,y municipales debiendo,3,complete-training RFECV,1,3.511566641354747e-05,6.638354669333745
2364,842,1974,anterioridad al de,3,complete-training RFECV,1,3.507836559194236e-05,6.638354669333745
2365,1812,8868,eliminación de,2,complete-training RFECV,1,3.505912253841312e-05,6.232889561225582
2366,360,729,a continuación en,3,complete-training RFECV,1,3.504210144614219e-05,6.638354669333745
2367,2008,11273,física abordando,2,complete-training RFECV,1,3.503678379750361e-05,5.945207488773801
2368,372,741,a diésel,2,complete-training RFECV,1,3.495488563267263e-05,6.638354669333745
2369,3072,21838,u otra,2,complete-training RFECV,1,3.491453855431881e-05,6.232889561225582
2370,1423,6270,de medidas aplicables,3,complete-training RFECV,1,3.4888888790863365e-05,6.638354669333745
2371,3204,22304,utilizar compensación,2,complete-training RFECV,1,3.488337145637469e-05,6.638354669333745
2372,680,1317,agencia ambiental,2,complete-training RFECV,1,3.477326703123588e-05,6.232889561225582
2373,1859,9335,en forma,2,complete-training RFECV,1,3.4750465357652394e-05,5.945207488773801
2374,3278,22724,y acciones,2,complete-training RFECV,1,3.472115206002197e-05,5.722063937459591
2375,2220,14923,modificaciones y,2,complete-training RFECV,1,3.47204565144251e-05,5.722063937459591
2376,1224,5296,de 24 meses,3,complete-training RFECV,1,3.46920276299149e-05,5.2520603082138555
2377,1236,5390,de análisis técnicos,3,complete-training RFECV,1,3.468909421960791e-05,6.232889561225582
2378,3301,22889,y económica para,3,complete-training RFECV,1,3.4675443450519404e-05,6.638354669333745
2379,1145,4770,corral,1,complete-training RFECV,1,3.461367199523041e-05,5.539742380665636
2380,1066,4003,comunas de zona,3,complete-training RFECV,1,3.460940174015478e-05,6.638354669333745
2381,903,2291,artículo 136,2,complete-training RFECV,1,3.454763432632446e-05,6.638354669333745
2382,1571,7050,decreto supremo,2,complete-training RFECV,1,3.449223638098485e-05,5.539742380665636
2383,2582,19118,red,1,complete-training RFECV,1,3.4491475423944935e-05,5.539742380665636
2384,2628,19387,relación con,2,complete-training RFECV,1,3.448894212264963e-05,5.945207488773801
2385,2638,19460,represente riesgo alguno,3,complete-training RFECV,1,3.446401847740237e-05,6.638354669333745
2386,2782,20478,seremi de salud,3,complete-training RFECV,1,3.443738083909584e-05,5.945207488773801
2387,2563,18993,realización,1,complete-training RFECV,1,3.442881977171354e-05,6.232889561225582
2388,915,2405,asociadas al,2,complete-training RFECV,1,3.439106517265395e-05,6.232889561225582
2389,152,284,2009 ambos del,3,complete-training RFECV,1,3.4363310217244175e-05,6.638354669333745
2390,1607,7317,del petróleo diésel,3,complete-training RFECV,1,3.4289974769057894e-05,6.638354669333745
2391,1086,4150,con los mismos,3,complete-training RFECV,1,3.423862656839912e-05,6.232889561225582
2392,72,148,17,1,complete-training RFECV,1,3.4235296086825895e-05,5.945207488773801
2393,1666,7665,diario oficial en,3,complete-training RFECV,1,3.421903984755803e-05,6.638354669333745
2394,2296,16418,otros derivados,2,complete-training RFECV,1,3.41953128888616e-05,4.7665524924321545
2395,2688,19751,sag y,2,complete-training RFECV,1,3.4167778440515376e-05,6.638354669333745
2396,197,434,30 de,2,complete-training RFECV,1,3.407855386250884e-05,6.638354669333745
2397,123,226,20 mm para,3,complete-training RFECV,1,3.405044259015427e-05,6.638354669333745
2398,3493,23392,énfasis en la,3,complete-training RFECV,1,3.400296014815843e-05,6.638354669333745
2399,3450,23319,y zona latente,3,complete-training RFECV,1,3.3974174368512424e-05,5.945207488773801
2400,2394,17245,planteles deberán cumplir,3,complete-training RFECV,1,3.389941060910141e-05,6.638354669333745
2401,1314,5770,de emisiones no,3,complete-training RFECV,1,3.38792474129061e-05,6.232889561225582
2402,3408,23261,y también con,3,complete-training RFECV,1,3.387123691988545e-05,6.638354669333745
2403,3081,21854,ubicación en,2,complete-training RFECV,1,3.370953039217543e-05,6.638354669333745
2404,1070,4026,comunicada oportunamente a,3,complete-training RFECV,1,3.365782500595559e-05,6.638354669333745
2405,2602,19225,referirán,1,complete-training RFECV,1,3.359885715543409e-05,6.638354669333745
2406,1434,6317,de mp10,2,complete-training RFECV,1,3.3545590878196745e-05,5.2520603082138555
2407,3237,22466,vendan en el,3,complete-training RFECV,1,3.34710124524636e-05,6.638354669333745
2408,681,1319,agencia de,2,complete-training RFECV,1,3.341245365570069e-05,5.945207488773801
2409,1033,3651,combustibles de,2,complete-training RFECV,1,3.338242341748643e-05,6.232889561225582
2410,2778,20451,ser aprobados o,3,complete-training RFECV,1,3.336613031134332e-05,6.638354669333745
2411,2077,12703,la cuenca de,3,complete-training RFECV,1,3.330677174357385e-05,5.539742380665636
2412,662,1250,adicionalmente contribuirán,2,complete-training RFECV,1,3.3300484571677776e-05,6.638354669333745
2413,693,1350,agregar compuestos,2,complete-training RFECV,1,3.321895605875837e-05,6.638354669333745
2414,3017,21737,través de una,3,complete-training RFECV,1,3.318881491828346e-05,6.638354669333745
2415,2743,20179,se prohibirá el,3,complete-training RFECV,1,3.317258943837839e-05,6.638354669333745
2416,2537,18729,que los,2,complete-training RFECV,1,3.312220973701037e-05,5.2520603082138555
2417,121,221,1º de mayo,3,complete-training RFECV,1,3.308735114494914e-05,6.638354669333745
2418,1573,7068,deficitarias,1,complete-training RFECV,1,3.292999851701641e-05,6.232889561225582
2419,2375,17158,plan de difusión,3,complete-training RFECV,1,3.28869220149667e-05,6.232889561225582
2420,2496,18272,protocolos y,2,complete-training RFECV,1,3.271520564784703e-05,6.638354669333745
2421,403,772,a grandes establecimientos,3,complete-training RFECV,1,3.261433307683716e-05,6.638354669333745
2422,452,821,a la normativa,3,complete-training RFECV,1,3.2607058139374704e-05,5.539742380665636
2423,1730,8244,efecto se considerará,3,complete-training RFECV,1,3.244409307414427e-05,6.638354669333745
2424,3386,23220,y servicios públicos,3,complete-training RFECV,1,3.236896042312626e-05,6.638354669333745
2425,3367,23178,y que por,3,complete-training RFECV,1,3.2355333459967705e-05,6.638354669333745
2426,200,443,30 ppm,2,complete-training RFECV,1,3.232260748289261e-05,6.638354669333745
2427,2643,19470,requerida para,2,complete-training RFECV,1,3.2122326958813114e-05,6.232889561225582
2428,3327,23023,y los montos,3,complete-training RFECV,1,3.2080978838189754e-05,6.638354669333745
2429,1372,6043,de la cadena,3,complete-training RFECV,1,3.203626977521891e-05,6.232889561225582
2430,2299,16464,pabellón,1,complete-training RFECV,1,3.2003165260569205e-05,5.945207488773801
2431,2443,17629,potencia menor,2,complete-training RFECV,1,3.200295354547442e-05,5.722063937459591
2432,2619,19307,registro deberá,2,complete-training RFECV,1,3.19809593411187e-05,6.638354669333745
2433,2404,17293,plomo,1,complete-training RFECV,1,3.194219898198272e-05,5.945207488773801
2434,3067,21830,términos de eficiencia,3,complete-training RFECV,1,3.192442182534096e-05,6.638354669333745
2435,721,1467,al cumplimiento,2,complete-training RFECV,1,3.17624194091213e-05,5.945207488773801
2436,1405,6204,de los galpones,3,complete-training RFECV,1,3.1680679349920484e-05,5.945207488773801
2437,3191,22224,uso de calefactores,3,complete-training RFECV,1,3.1679411059847144e-05,5.539742380665636
2438,729,1479,al expediente,2,complete-training RFECV,1,3.164417432635847e-05,6.638354669333745
2439,170,342,2016 del ministerio,3,complete-training RFECV,1,3.163428800589968e-05,5.945207488773801
2440,3315,22972,y gaseosos indicados,3,complete-training RFECV,1,3.16037504543548e-05,6.638354669333745
2441,819,1865,ampliando,1,complete-training RFECV,1,3.154743868166973e-05,6.638354669333745
2442,875,2138,apoyo,1,complete-training RFECV,1,3.143614063523138e-05,6.232889561225582
2443,55,110,14 incluido en,3,complete-training RFECV,1,3.143137592557273e-05,6.638354669333745
2444,370,739,a disponibilidad,2,complete-training RFECV,1,3.1383406623055886e-05,6.638354669333745
2445,3313,22964,y fiscalizar,2,complete-training RFECV,1,3.126872443237297e-05,6.638354669333745
2446,2359,17046,permitirá la,2,complete-training RFECV,1,3.115618415049704e-05,5.945207488773801
2447,698,1379,agua,1,complete-training RFECV,1,3.114231876799765e-05,5.722063937459591
2448,1741,8371,el acto administrativo,3,complete-training RFECV,1,3.064403596550436e-05,6.638354669333745
2449,584,1006,acciones concretas,2,complete-training RFECV,1,3.055609595715322e-05,6.638354669333745
2450,236,532,50,1,complete-training RFECV,1,3.0453017553609775e-05,5.539742380665636
2451,385,754,a esta exigencia,3,complete-training RFECV,1,3.035213563915495e-05,6.232889561225582
2452,1407,6210,de los meses,3,complete-training RFECV,1,3.0337051181461854e-05,6.638354669333745
2453,1438,6339,de no,2,complete-training RFECV,1,3.0322637353562236e-05,6.232889561225582
2454,606,1058,acreditaciones históricas,2,complete-training RFECV,1,3.031873196796436e-05,6.638354669333745
2455,2048,11890,implementar,1,complete-training RFECV,1,3.0275031725367387e-05,5.028916756899646
2456,3087,21860,ubicadas fuera de,3,complete-training RFECV,1,3.0202086981490712e-05,6.638354669333745
2457,223,506,40 y,2,complete-training RFECV,1,3.016828752695332e-05,6.638354669333745
2458,800,1759,ambiente deberá,2,complete-training RFECV,1,2.996469962400764e-05,5.385591700838378
2459,1688,7874,disponibilidad presupuestaria,2,complete-training RFECV,1,2.9835436388634865e-05,5.945207488773801
2460,2757,20265,sea acreditable,2,complete-training RFECV,1,2.982362369419586e-05,6.638354669333745
2461,1167,4934,cual se,2,complete-training RFECV,1,2.9702667547430732e-05,5.539742380665636
2462,3377,23207,y sanción,2,complete-training RFECV,1,2.9640000581996373e-05,6.232889561225582
2463,517,886,a los que,3,complete-training RFECV,1,2.9601733423463963e-05,6.638354669333745
2464,2868,21140,sus atribuciones legales,3,complete-training RFECV,1,2.9550610233346693e-05,5.945207488773801
2465,539,923,a promedios horarios,3,complete-training RFECV,1,2.9545457317842516e-05,6.638354669333745
2466,1254,5473,de calefactores en,3,complete-training RFECV,1,2.9492457356055146e-05,6.638354669333745
2467,763,1592,alcanzar,1,complete-training RFECV,1,2.948810347996633e-05,5.385591700838378
2468,44,94,131,1,complete-training RFECV,1,2.9391597913032982e-05,5.722063937459591
2469,1653,7559,desde otras fuentes,3,complete-training RFECV,1,2.9299324916801098e-05,6.638354669333745
2470,3206,22308,utilizar las,2,complete-training RFECV,1,2.9268733512072386e-05,6.638354669333745
2471,1172,4964,cuando corresponda,2,complete-training RFECV,1,2.925609098873851e-05,6.232889561225582
2472,402,771,a grandes,2,complete-training RFECV,1,2.9136904534289206e-05,6.638354669333745
2473,1838,9087,emisión dependa,2,complete-training RFECV,1,2.9057098939174524e-05,6.638354669333745
2474,3351,23126,y partículas,2,complete-training RFECV,1,2.905611835042048e-05,6.638354669333745
2475,886,2216,aquellas comunas,2,complete-training RFECV,1,2.8990506796385838e-05,5.539742380665636
2476,375,744,a educar respecto,3,complete-training RFECV,1,2.8872903138228012e-05,6.638354669333745
2477,2741,20164,se presenten,2,complete-training RFECV,1,2.8766046238280524e-05,6.232889561225582
2478,2162,13999,los siguientes tipos,3,complete-training RFECV,1,2.8766046238280452e-05,6.638354669333745
2479,3334,23050,y modelo establecida,3,complete-training RFECV,1,2.8692294396216005e-05,6.232889561225582
2480,715,1442,al 31,2,complete-training RFECV,1,2.8626143614821092e-05,5.722063937459591
2481,2938,21544,titulares de,2,complete-training RFECV,1,2.848437004761406e-05,5.2520603082138555
2482,2896,21348,tanto se,2,complete-training RFECV,1,2.847123916199189e-05,6.638354669333745
2483,521,890,a los ya,3,complete-training RFECV,1,2.844578215764099e-05,6.638354669333745
2484,1285,5634,de control de,3,complete-training RFECV,1,2.8314071782348322e-05,5.945207488773801
2485,1416,6241,de manejo pabellón,3,complete-training RFECV,1,2.8205486068756925e-05,6.638354669333745
2486,747,1521,al momento,2,complete-training RFECV,1,2.820548606875689e-05,6.232889561225582
2487,3043,21779,técnica,1,complete-training RFECV,1,2.810577743284108e-05,6.232889561225582
2488,50,101,136 letra,2,complete-training RFECV,1,2.801345529227053e-05,6.638354669333745
2489,676,1307,afectas,1,complete-training RFECV,1,2.7947443300245133e-05,6.232889561225582
2490,3171,22150,uno o más,3,complete-training RFECV,1,2.7856647379481198e-05,5.945207488773801
2491,427,796,a la ejecución,3,complete-training RFECV,1,2.7808780347435618e-05,6.638354669333745
2492,1962,10572,exceptúan,1,complete-training RFECV,1,2.7798814892639204e-05,5.722063937459591
2493,3292,22840,y cuando cumplan,3,complete-training RFECV,1,2.7773978139959887e-05,6.638354669333745
2494,1484,6573,de santiago y,3,complete-training RFECV,1,2.774946308256344e-05,4.93360657709532
2495,2831,20762,situaciones de,2,complete-training RFECV,1,2.7742421888316264e-05,5.2520603082138555
2496,173,358,2020 el,2,complete-training RFECV,1,2.761517447056358e-05,6.232889561225582
2497,2731,20089,se hará,2,complete-training RFECV,1,2.724661991743166e-05,5.945207488773801
2498,2218,14871,mismos,1,complete-training RFECV,1,2.7189536993158324e-05,5.722063937459591
2499,1993,11105,fosforados a,2,complete-training RFECV,1,2.7027458650485965e-05,6.638354669333745
2500,313,682,a 20 mwt,3,complete-training RFECV,1,2.700724056318881e-05,6.232889561225582
2501,2287,16285,oportunamente,1,complete-training RFECV,1,2.69155996955387e-05,6.232889561225582
2502,3474,23368,ámbito de,2,complete-training RFECV,1,2.6835956353114112e-05,6.232889561225582
2503,1191,5100,cumplir los,2,complete-training RFECV,1,2.6737250517750284e-05,5.134277272557472
2504,2615,19285,regional ministerial,2,complete-training RFECV,1,2.636656547983756e-05,5.945207488773801
2505,2173,14237,marco,1,complete-training RFECV,1,2.609067937740523e-05,5.2520603082138555
2506,3325,23020,y los,2,complete-training RFECV,1,2.6022911046176775e-05,5.385591700838378
2507,3234,22448,vehículos motor,2,complete-training RFECV,1,2.5866900181910915e-05,6.638354669333745
2508,1268,5533,de chile e,3,complete-training RFECV,1,2.5598258115933573e-05,6.232889561225582
2509,541,925,a que está,3,complete-training RFECV,1,2.5473258644052842e-05,6.638354669333745
2510,1367,6012,de información,2,complete-training RFECV,1,2.54574205932542e-05,5.945207488773801
2511,3048,21786,técnicas para,2,complete-training RFECV,1,2.5431374723908696e-05,6.638354669333745
2512,73,149,17 debiendo,2,complete-training RFECV,1,2.5275008713268487e-05,6.638354669333745
2513,518,887,a los servicios,3,complete-training RFECV,1,2.5206247483725366e-05,6.638354669333745
2514,1485,6592,de servicios de,3,complete-training RFECV,1,2.5199280071947815e-05,5.722063937459591
2515,1816,8891,eléctrica,1,complete-training RFECV,1,2.514641641132409e-05,5.945207488773801
2516,1436,6329,de nh,2,complete-training RFECV,1,2.4834525740446132e-05,6.232889561225582
2517,661,1249,adicionalmente,1,complete-training RFECV,1,2.4799761394458733e-05,5.945207488773801
2518,1689,7876,disponible,1,complete-training RFECV,1,2.4760620920119855e-05,5.945207488773801
2519,2722,20036,se encuentre,2,complete-training RFECV,1,2.4741182372656885e-05,5.722063937459591
2520,2914,21443,tener uno,2,complete-training RFECV,1,2.4640322055996476e-05,6.638354669333745
2521,1510,6720,de vegetación,2,complete-training RFECV,1,2.4464948949984118e-05,5.539742380665636
2522,1643,7507,descontaminación atmosférica para,3,complete-training RFECV,1,2.43166645085966e-05,5.134277272557472
2523,1525,6832,deberá formalizarse,2,complete-training RFECV,1,2.4194754721589504e-05,6.638354669333745
2524,85,176,1990 del ministerio,3,complete-training RFECV,1,2.3735071363945453e-05,6.638354669333745
2525,2560,18953,quince,1,complete-training RFECV,1,2.3467477999275684e-05,6.232889561225582
2526,3187,22215,usen un combustible,3,complete-training RFECV,1,2.3349988627471835e-05,5.945207488773801
2527,2844,20849,society for,2,complete-training RFECV,1,2.3160440547255748e-05,6.232889561225582
2528,2594,19165,reducción en emisiones,3,complete-training RFECV,1,2.3100790355716186e-05,5.945207488773801
2529,1659,7604,destinados,1,complete-training RFECV,1,2.30404544829371e-05,5.539742380665636
2530,3122,21934,un estado de,3,complete-training RFECV,1,2.276929499703943e-05,6.638354669333745
2531,294,663,965,1,complete-training RFECV,1,2.2747712556945432e-05,6.638354669333745
2532,655,1221,adecuado,1,complete-training RFECV,1,2.2703526395618686e-05,6.232889561225582
2533,172,357,2020,1,complete-training RFECV,1,2.2313765320880757e-05,5.722063937459591
2534,31,74,12 los beneficios,3,complete-training RFECV,1,2.219480001696622e-05,6.638354669333745
2535,608,1068,acreditar,1,complete-training RFECV,1,2.2182065173195364e-05,5.2520603082138555
2536,1620,7411,demás,1,complete-training RFECV,1,2.2106399605275988e-05,6.232889561225582
2537,415,784,a la calefacción,3,complete-training RFECV,1,2.193317983508906e-05,6.638354669333745
2538,1530,6839,deberá incorporar dentro,3,complete-training RFECV,1,2.1408080520699465e-05,6.638354669333745
2539,98,192,1996 del ministerio,3,complete-training RFECV,1,2.115878173350213e-05,6.232889561225582
2540,2564,18994,realización de,2,complete-training RFECV,1,2.1031738986440348e-05,6.232889561225582
2541,525,897,a mwt que,3,complete-training RFECV,1,2.070489792266435e-05,6.232889561225582
2542,3158,22086,una piscina,2,complete-training RFECV,1,2.0663202740271862e-05,6.638354669333745
2543,850,2020,anuales,1,complete-training RFECV,1,2.0621432209203717e-05,5.385591700838378
2544,1478,6554,de santiago el,3,complete-training RFECV,1,2.060087580211901e-05,5.385591700838378
2545,1448,6412,de porcinos,2,complete-training RFECV,1,2.0557695879196812e-05,5.945207488773801
2546,1591,7220,del ds,2,complete-training RFECV,1,2.0307643690295358e-05,5.2520603082138555
2547,3383,23216,y sedimento debe,3,complete-training RFECV,1,2.0035067751581645e-05,6.638354669333745
2548,536,919,a planteles deberán,3,complete-training RFECV,1,2.0012358198071614e-05,6.638354669333745
2549,217,486,38,1,complete-training RFECV,1,2.000473009608245e-05,5.945207488773801
2550,938,2577,aves,1,complete-training RFECV,1,1.946581653827014e-05,5.539742380665636
2551,1567,7036,decreto se,2,complete-training RFECV,1,1.9187717330748374e-05,5.134277272557472
2552,2338,16928,pellet,1,complete-training RFECV,1,1.882859848145145e-05,4.7665524924321545
2553,2901,21372,telecomunicaciones,1,complete-training RFECV,1,1.8624008986310007e-05,4.073405311872209
2554,2717,20010,se distribuya,2,complete-training RFECV,1,1.7685604660322898e-05,5.539742380665636
2555,158,300,2011 del,2,complete-training RFECV,1,1.7671544129631303e-05,5.134277272557472
2556,247,569,59 de 1998,3,complete-training RFECV,1,1.7129152988720042e-05,5.539742380665636
2557,1524,6821,deberá cumplir los,3,complete-training RFECV,1,1.6544638021521177e-05,5.722063937459591
2558,1602,7273,del ministerio secretaría,3,complete-training RFECV,1,1.5808457295283138e-05,5.539742380665636
2559,937,2572,avance de,2,complete-training RFECV,1,1.5431595043309455e-05,6.232889561225582
2560,3319,22991,y hornos de,3,complete-training RFECV,1,1.4857144520154052e-05,6.232889561225582
2561,2884,21255,tabla iii,2,complete-training RFECV,1,1.3853480144519668e-05,5.945207488773801
2562,3000,21699,transporte público,2,complete-training RFECV,1,1.3212559125898614e-05,5.539742380665636
2563,1587,7209,del cumplimiento,2,complete-training RFECV,1,1.26183106119923e-05,5.722063937459591
2564,2314,16596,para generar electricidad,3,complete-training RFECV,1,1.2063020194043887e-05,6.638354669333745
2565,2455,17794,presente decreto se,3,complete-training RFECV,1,1.2058768544627846e-05,5.134277272557472
2566,3189,22217,uso aeronáutico,2,complete-training RFECV,1,1.1950339212259045e-05,6.638354669333745
2567,3366,23171,y que deban,3,complete-training RFECV,1,1.1769441931739218e-05,6.232889561225582
2568,835,1952,anterior se mantienen,3,complete-training RFECV,1,1.1577686144589999e-05,6.638354669333745
2569,2890,21295,tales,1,complete-training RFECV,1,1.1346270221871114e-05,5.2520603082138555
2570,873,2106,aplicarán las siguientes,3,complete-training RFECV,1,1.1274274213331863e-05,5.722063937459591
2571,577,991,abordando objetivos,2,complete-training RFECV,1,1.0445907526262607e-05,5.945207488773801
2572,1471,6527,de ringelmann,2,complete-training RFECV,1,1.0410692536558697e-05,6.638354669333745
2573,1197,5131,cuyas emisiones se,3,complete-training RFECV,1,1.0119015514094276e-05,6.638354669333745
2574,617,1090,actividad al contar,3,complete-training RFECV,1,9.653473769237766e-06,6.638354669333745
2575,2991,21678,transportables para,2,complete-training RFECV,1,9.491868160540405e-06,6.638354669333745
2576,865,2081,aplicación produzca,2,complete-training RFECV,1,9.148445311620394e-06,6.638354669333745
2577,2489,18155,promedio,1,complete-training RFECV,1,9.119960349601485e-06,5.945207488773801
2578,1175,4991,cuanto,1,complete-training RFECV,1,8.627208777659608e-06,6.232889561225582
2579,79,164,18 meses,2,complete-training RFECV,1,8.501940765474593e-06,5.945207488773801
2580,2358,17040,permitidos usando,2,complete-training RFECV,1,8.44708200629899e-06,6.638354669333745
2581,3168,22143,uniones,1,complete-training RFECV,1,8.318440562453156e-06,6.638354669333745
2582,1878,9528,en toda la,3,complete-training RFECV,1,8.180386469293504e-06,5.385591700838378
2583,1085,4147,con los faldeos,3,complete-training RFECV,1,8.087839336810685e-06,6.638354669333745
2584,441,810,a la medición,3,complete-training RFECV,1,7.702471224773112e-06,6.638354669333745
2585,3100,21893,un beneficio,2,complete-training RFECV,1,7.613089772146968e-06,6.638354669333745
2586,24,49,11 supuestos,2,complete-training RFECV,1,7.517185404607311e-06,6.638354669333745
2587,3355,23136,y petróleos,2,complete-training RFECV,1,7.382165268275199e-06,6.638354669333745
2588,2422,17462,por incumplimiento de,3,complete-training RFECV,1,7.314008562405317e-06,6.638354669333745
2589,2377,17161,plan de reducción,3,complete-training RFECV,1,6.992026975407463e-06,6.232889561225582
2590,1258,5484,de calificación ambiental,3,complete-training RFECV,1,6.975223678055962e-06,5.945207488773801
2591,1926,10064,establecida,1,complete-training RFECV,1,6.861215264545078e-06,5.385591700838378
2592,1980,10948,finalidad es,2,complete-training RFECV,1,6.50465840869595e-06,5.945207488773801
2593,2753,20255,se utilizará la,3,complete-training RFECV,1,6.410126448862281e-06,6.638354669333745
2594,1123,4501,consulta,1,complete-training RFECV,1,6.406142591371988e-06,5.945207488773801
2595,1584,7160,del aire en,3,complete-training RFECV,1,6.34722440855923e-06,5.539742380665636
2596,120,218,1999 petróleo combustible,3,complete-training RFECV,1,6.3279642862679534e-06,6.638354669333745
2597,1467,6496,de referencia,2,complete-training RFECV,1,6.012825463120594e-06,5.945207488773801
2598,603,1049,acoplado a,2,complete-training RFECV,1,5.887161052383084e-06,6.638354669333745
2599,1537,6898,deberán informar,2,complete-training RFECV,1,5.606964757392187e-06,5.945207488773801
2600,220,503,40 del presente,3,complete-training RFECV,1,5.598874801759941e-06,6.638354669333745
2601,492,861,a lo indicado,3,complete-training RFECV,1,5.3985570491874e-06,5.945207488773801
2602,2829,20757,sitio,1,complete-training RFECV,1,5.3165078213003555e-06,5.945207488773801
2603,49,100,136,1,complete-training RFECV,1,5.140742600003491e-06,6.638354669333745
2604,1180,5036,cumplan,1,complete-training RFECV,1,5.030974630526889e-06,5.134277272557472
2605,627,1111,actividades con combustión,3,complete-training RFECV,1,4.9786316954522965e-06,6.638354669333745
2606,2855,21010,sujeta al plan,3,complete-training RFECV,1,4.388002226948661e-06,5.028916756899646
2607,1024,3564,cocción de,2,complete-training RFECV,1,4.121741833352537e-06,5.945207488773801
2608,160,305,2013,1,complete-training RFECV,1,4.094431417700143e-06,5.945207488773801
2609,462,831,a la seremi,3,complete-training RFECV,1,4.065214260645157e-06,6.232889561225582
2610,275,626,811 de 1993,3,complete-training RFECV,1,4.024753487255004e-06,6.638354669333745
2611,57,113,14 se,2,complete-training RFECV,1,3.8118385016602722e-06,5.945207488773801
2612,232,524,47 de,2,complete-training RFECV,1,3.7989200759173683e-06,6.232889561225582
2613,251,575,60 kilómetros,2,complete-training RFECV,1,3.7850206726638877e-06,6.638354669333745
2614,556,956,a temáticas,2,complete-training RFECV,1,3.674512248113792e-06,6.638354669333745
2615,1625,7437,dentro del plazo,3,complete-training RFECV,1,3.6710615665253514e-06,5.722063937459591
2616,3212,22321,valle,1,complete-training RFECV,1,3.57076272256723e-06,6.638354669333745
2617,1195,5127,cuyas,1,complete-training RFECV,1,3.5478156506124615e-06,5.722063937459591
2618,1531,6855,deberá ser,2,complete-training RFECV,1,3.3918890241341167e-06,5.539742380665636
2619,874,2114,aportan con 10,3,complete-training RFECV,1,3.3182078059524874e-06,6.232889561225582
2620,317,686,a 25 kw,3,complete-training RFECV,1,3.189314897723367e-06,6.638354669333745
2621,770,1625,alhué cerro,2,complete-training RFECV,1,3.125643131936123e-06,6.638354669333745
2622,146,266,2005 combustible sólido,3,complete-training RFECV,1,3.036939455219581e-06,6.232889561225582
2623,1179,5031,cuenten,1,complete-training RFECV,1,2.9380792772767845e-06,5.945207488773801
2624,413,782,a la aplicación,3,complete-training RFECV,1,2.928314453473864e-06,6.232889561225582
2625,3403,23251,y sus modifi,3,complete-training RFECV,1,2.8674666927383094e-06,6.638354669333745
2626,3306,22914,y emisiones,2,complete-training RFECV,1,2.847045135132786e-06,6.232889561225582
2627,3216,22337,valor referido en,3,complete-training RFECV,1,2.7405974464070793e-06,6.638354669333745
2628,2955,21601,tomando,1,complete-training RFECV,1,2.6200049763090613e-06,5.945207488773801
2629,458,827,a la reducción,3,complete-training RFECV,1,2.6063596601714762e-06,6.638354669333745
2630,1570,7046,decreto solo,2,complete-training RFECV,1,2.599119252885554e-06,6.638354669333745
2631,1696,7911,dispuesto en la,3,complete-training RFECV,1,2.5269972096268544e-06,4.846595200105691
2632,3285,22792,y clases parte,3,complete-training RFECV,1,2.4694816172985503e-06,6.638354669333745
2633,3432,23292,y una,2,complete-training RFECV,1,2.4609199429393156e-06,5.539742380665636
2634,3464,23347,zona sur,2,complete-training RFECV,1,2.38835719791709e-06,6.638354669333745
2635,594,1029,acentúa en los,3,complete-training RFECV,1,2.343719418475757e-06,6.638354669333745
2636,77,161,18,1,complete-training RFECV,1,2.30064750904939e-06,5.539742380665636
2637,355,724,a consecuencia de,3,complete-training RFECV,1,2.2681522059356914e-06,6.638354669333745
2638,1767,8536,el espacio en,3,complete-training RFECV,1,2.2631547569924884e-06,6.232889561225582
2639,1582,7150,del agies,2,complete-training RFECV,1,2.154117245877413e-06,6.232889561225582
2640,3075,21842,u otras actividades,3,complete-training RFECV,1,2.1373991435453834e-06,6.638354669333745
2641,3193,22248,uso residencial que,3,complete-training RFECV,1,2.0698986674489e-06,5.945207488773801
2642,3488,23385,áreas verdes,2,complete-training RFECV,1,1.9926720433977e-06,5.945207488773801
2643,888,2220,aquellas emisiones,2,complete-training RFECV,1,1.987571243543739e-06,5.945207488773801
2644,1624,7431,dentro de los,3,complete-training RFECV,1,1.963643917452006e-06,5.2520603082138555
2645,622,1099,actividad física abordando,3,complete-training RFECV,1,1.963254940718215e-06,5.945207488773801
2646,960,2874,buses,1,complete-training RFECV,1,1.9171822297410355e-06,5.385591700838378
2647,439,808,a la implementación,3,complete-training RFECV,1,1.9160895816328555e-06,6.232889561225582
2648,878,2151,aprobación del,2,complete-training RFECV,1,1.911041487907942e-06,6.638354669333745
2649,2979,21657,transferencia de,2,complete-training RFECV,1,1.7797892417611166e-06,6.232889561225582
2650,628,1115,actividades directamente,2,complete-training RFECV,1,1.7790757382142141e-06,6.232889561225582
2651,144,264,2005,1,complete-training RFECV,1,1.6971942634431751e-06,5.722063937459591
2652,1872,9446,en materia,2,complete-training RFECV,1,1.5938788257743012e-06,5.945207488773801
2653,2370,17116,petróleo diésel requisitos,3,complete-training RFECV,1,1.4991112169177759e-06,6.638354669333745
2654,3477,23372,ámbitos que no,3,complete-training RFECV,1,1.4982402305514872e-06,6.638354669333745
2655,779,1661,alta,1,complete-training RFECV,1,1.4950730468845126e-06,6.232889561225582
2656,140,251,2002,1,complete-training RFECV,1,1.4727851415765684e-06,5.539742380665636
2657,2617,19297,regirá para,2,complete-training RFECV,1,1.4440655478382068e-06,6.232889561225582
2658,122,224,20,1,complete-training RFECV,1,1.220369244829728e-06,5.385591700838378
2659,3503,23403,éstas debieran,2,complete-training RFECV,1,1.1146532501119368e-06,6.638354669333745
2660,984,3132,cantillana supera los,3,complete-training RFECV,1,1.0196653178629974e-06,6.638354669333745
2661,19,43,11 de,2,complete-training RFECV,1,9.006791683432977e-07,6.638354669333745
2662,643,1185,actualmente principalmente las,3,complete-training RFECV,1,8.898148918381525e-07,6.638354669333745
2663,1923,10017,estabilidad,1,complete-training RFECV,1,8.500089158468193e-07,5.539742380665636
2664,2889,21290,tal que la,3,complete-training RFECV,1,8.18076013107589e-07,6.638354669333745
2665,1967,10664,exigida,1,complete-training RFECV,1,7.728450110091241e-07,6.232889561225582
2666,3471,23363,µg m3 para,3,complete-training RFECV,1,7.012530916866691e-07,6.232889561225582
2667,3243,22521,vez que,2,complete-training RFECV,1,7.008208782672959e-07,5.945207488773801
2668,243,558,560 kw,2,complete-training RFECV,1,6.884370747998679e-07,6.232889561225582
2669,658,1231,además,1,complete-training RFECV,1,6.795306937612257e-07,5.722063937459591
2670,404,773,a impactos,2,complete-training RFECV,1,6.171383165107098e-07,6.638354669333745
2671,1218,5274,de 2009 del,3,complete-training RFECV,1,6.075935783294187e-07,5.539742380665636
2672,684,1324,agies,1,complete-training RFECV,1,5.912314465040011e-07,5.722063937459591
2673,447,816,a la nch61,3,complete-training RFECV,1,5.331021688959785e-07,6.638354669333745
2674,399,768,a gas natural,3,complete-training RFECV,1,5.306087412959984e-07,6.638354669333745
2675,3426,23285,y trianuales como,3,complete-training RFECV,1,5.192820408348741e-07,6.638354669333745
2676,1143,4761,cordillera de los,3,complete-training RFECV,1,4.882138885272736e-07,6.232889561225582
2677,2632,19415,remover los contaminantes,3,complete-training RFECV,1,4.6745529047576495e-07,6.638354669333745
2678,1976,10921,fin,1,complete-training RFECV,1,4.4819216279555134e-07,4.7665524924321545
2679,377,746,a efecto por,3,complete-training RFECV,1,4.1687480895687557e-07,6.638354669333745
2680,782,1668,altamente costo efectivo,3,complete-training RFECV,1,4.002442035126876e-07,6.638354669333745
2681,2178,14272,material particulado fino,3,complete-training RFECV,1,3.8028550058474285e-07,5.134277272557472
2682,1432,6312,de mortalidad prematura,3,complete-training RFECV,1,3.6934851431869897e-07,6.232889561225582
2683,349,718,a concentraciones,2,complete-training RFECV,1,2.479363604548002e-07,6.638354669333745
2684,735,1491,al hecho cada,3,complete-training RFECV,1,2.42904021746415e-07,6.638354669333745
2685,149,272,2006 permitió,2,complete-training RFECV,1,1.9305844961925742e-07,6.638354669333745
2686,2730,20088,se han identificado,3,complete-training RFECV,1,1.7365559160684352e-07,6.638354669333745
2687,1790,8676,el procedimiento,2,complete-training RFECV,1,1.722151997666289e-07,5.945207488773801
2688,2025,11503,gran establecimiento que,3,complete-training RFECV,1,1.5898562408680407e-07,6.232889561225582
2689,126,233,20 µg m3,3,complete-training RFECV,1,1.3922679627947247e-07,6.232889561225582
2690,1284,5633,de control,2,complete-training RFECV,1,1.3358904534401306e-07,5.722063937459591
2691,2646,19486,requería reformularse y,3,complete-training RFECV,1,1.323237559994415e-07,6.638354669333745
2692,2567,19019,realizar la compensación,3,complete-training RFECV,1,1.0305379803515042e-07,6.638354669333745
2693,3352,23131,y perfeccionarse en,3,complete-training RFECV,1,8.641144305305229e-08,6.638354669333745
2694,697,1375,agrícolas entre,2,complete-training RFECV,1,5.222953526507116e-08,6.638354669333745
2695,2432,17534,por su,2,complete-training RFECV,1,3.566646796706284e-08,5.945207488773801
2696,1817,8907,embargo y,2,complete-training RFECV,1,3.466158334795595e-08,6.638354669333745
2697,1386,6120,de la temperatura,3,complete-training RFECV,1,3.0923544115816694e-08,6.638354669333745
2698,2302,16484,para alcanzar,2,complete-training RFECV,1,2.504060659447831e-08,5.945207488773801
2699,2830,20761,situaciones,1,complete-training RFECV,1,2.063018500084109e-08,5.2520603082138555
2700,3111,21913,un contaminante climático,3,complete-training RFECV,1,1.2560613916690146e-08,6.638354669333745
2701,1382,6094,de la norma,3,complete-training RFECV,1,2.4012333828929545e-17,5.722063937459591
2702,3414,23270,y telecomunicaciones desarrollará,3,complete-training RFECV,1,1.836014651874285e-17,6.638354669333745
2703,3078,21849,u otros similares,3,complete-training RFECV,1,1.2138508496719804e-17,6.638354669333745
2704,708,1410,aire existe un,3,complete-training RFECV,1,1.1449708158126339e-17,6.638354669333745
2705,907,2319,artículo 63 del,3,complete-training RFECV,1,9.379978653346867e-18,5.945207488773801
2706,1771,8563,el gráfico,2,complete-training RFECV,1,7.600167827826577e-18,5.539742380665636
2707,2678,19672,revisión,1,complete-training RFECV,1,6.1752796461869634e-18,5.539742380665636
2708,97,191,1996 del,2,complete-training RFECV,1,5.99376306456496e-18,5.945207488773801
2709,2170,14087,m3,1,complete-training RFECV,1,5.3383602132110755e-18,5.2520603082138555
2710,182,394,218 de 2015,3,complete-training RFECV,1,4.623114661918935e-18,5.945207488773801
2711,476,845,a las normas,3,complete-training RFECV,1,4.5516420380401355e-18,6.638354669333745
2712,297,666,977,1,complete-training RFECV,1,4.426024997362266e-18,6.638354669333745
2713,475,844,a las medidas,3,complete-training RFECV,1,4.15935862924076e-18,6.232889561225582
2714,1275,5586,de compensar emisiones,3,complete-training RFECV,1,3.800725062871774e-18,6.638354669333745
2715,424,793,a la disminución,3,complete-training RFECV,1,3.1288437299523224e-18,6.638354669333745
2716,2675,19666,revisa,1,complete-training RFECV,1,3.1250406683070327e-18,5.722063937459591
2717,2630,19404,remoción,1,complete-training RFECV,1,3.1140331280875653e-18,5.945207488773801
2718,1306,5738,de elaboración,2,complete-training RFECV,1,3.084887014539007e-18,5.385591700838378
2719,295,664,965 mm,2,complete-training RFECV,1,2.976515106209242e-18,6.638354669333745
2720,2397,17250,planteles existentes que,3,complete-training RFECV,1,2.9626243254386875e-18,6.638354669333745
2721,449,818,a la nch63,3,complete-training RFECV,1,2.6993566608647505e-18,6.638354669333745
2722,2956,21602,tomando como,2,complete-training RFECV,1,2.3331663194313922e-18,6.638354669333745
2723,277,634,85 corresponde,2,complete-training RFECV,1,2.279841554555316e-18,6.638354669333745
2724,786,1679,alto contenido,2,complete-training RFECV,1,2.2716559654371313e-18,6.638354669333745
2725,60,122,15 16,2,complete-training RFECV,1,1.6362287775846553e-18,6.638354669333745
2726,2892,21313,también es necesario,3,complete-training RFECV,1,1.5689758243495731e-18,6.232889561225582
2727,2871,21170,sus modificaciones,2,complete-training RFECV,1,1.5470796066182493e-18,5.385591700838378
2728,2335,16872,partículas en suspensión,3,complete-training RFECV,1,1.5247455851603791e-18,5.945207488773801
2729,1304,5734,de eficiencia,2,complete-training RFECV,1,1.4912579782536303e-18,5.539742380665636
2730,3184,22209,usd para,2,complete-training RFECV,1,1.4869787719528687e-18,6.232889561225582
2731,3159,22103,una reducción,2,complete-training RFECV,1,1.482739576621877e-18,5.945207488773801
2732,239,543,54,1,complete-training RFECV,1,1.468692832742757e-18,6.232889561225582
2733,95,189,1996 de,2,complete-training RFECV,1,1.4521224343190874e-18,6.638354669333745
2734,311,680,a 19 kw,3,complete-training RFECV,1,1.1956035206429698e-18,6.638354669333745
2735,2549,18885,que sean definidas,3,complete-training RFECV,1,1.1671944301765235e-18,6.638354669333745
2736,3455,23333,zona de baja,3,complete-training RFECV,1,1.1597705517950566e-18,5.945207488773801
2737,1235,5386,de análisis,2,complete-training RFECV,1,1.1552171494510784e-18,5.539742380665636
2738,34,79,12 meses desde,3,complete-training RFECV,1,1.1308814452253202e-18,5.2520603082138555
2739,2174,14255,masas de vegetación,3,complete-training RFECV,1,1.1276002007021476e-18,5.722063937459591
2740,889,2224,aquellas fuentes,2,complete-training RFECV,1,1.1054185745307767e-18,5.945207488773801
2741,838,1966,anteriores se,2,complete-training RFECV,1,1.0738926835476198e-18,6.638354669333745
2742,202,445,300,1,complete-training RFECV,1,9.488739784354895e-19,5.385591700838378
2743,745,1516,al ministerio del,3,complete-training RFECV,1,8.507054570850634e-19,5.945207488773801
2744,3058,21818,térmico,1,complete-training RFECV,1,7.9706901376198e-19,5.945207488773801
2745,2293,16381,otras actividades directamente,3,complete-training RFECV,1,7.851889857268416e-19,6.232889561225582
2746,12,34,102,1,complete-training RFECV,1,7.730346443459284e-19,5.945207488773801
2747,2492,18253,propósito,1,complete-training RFECV,1,7.692138680430658e-19,6.232889561225582
2748,1076,4078,con el objetivo,3,complete-training RFECV,1,7.6918344444585095e-19,5.945207488773801
2749,3287,22806,y combustibles realizará,3,complete-training RFECV,1,7.663875325409324e-19,6.638354669333745
2750,596,1031,aceptará un,2,complete-training RFECV,1,7.646195302131551e-19,6.638354669333745
2751,3032,21763,troncos ramas,2,complete-training RFECV,1,7.539225394371614e-19,6.638354669333745
2752,201,444,30 ppm de,3,complete-training RFECV,1,5.777213803344007e-19,6.638354669333745
2753,419,788,a la comunidad,3,complete-training RFECV,1,5.774540158547924e-19,6.232889561225582
2754,386,755,a establecimientos,2,complete-training RFECV,1,5.624794091158367e-19,6.638354669333745
2755,573,981,abastecimiento vehicular deberán,3,complete-training RFECV,1,5.624607953576991e-19,6.638354669333745
2756,3054,21804,térmica mayor o,3,complete-training RFECV,1,5.609590680614698e-19,6.638354669333745
2757,1919,9971,especificaciones y,2,complete-training RFECV,1,5.11314829508525e-19,6.638354669333745
2758,1257,5483,de calificación,2,complete-training RFECV,1,4.118428170535592e-19,5.945207488773801
2759,348,717,a compensar por,3,complete-training RFECV,1,3.8435568487501446e-19,6.638354669333745
2760,868,2092,aplicar los resultados,3,complete-training RFECV,1,3.8336081528948133e-19,6.638354669333745
2761,3057,21816,térmica y,2,complete-training RFECV,1,3.675278248695054e-19,6.638354669333745
2762,3375,23205,y san,2,complete-training RFECV,1,3.6385599476477386e-19,6.232889561225582
2763,1748,8444,el ciclo de,3,complete-training RFECV,1,3.584214416561124e-19,5.945207488773801
2764,723,1469,al cumplimiento del,3,complete-training RFECV,1,3.539184682839853e-19,6.638354669333745
2765,1527,6834,deberá implementar,2,complete-training RFECV,1,3.096397540415135e-19,6.638354669333745
2766,3514,23423,íntegra,1,complete-training RFECV,1,2.9270500721470474e-19,6.638354669333745
2767,1669,7680,dicha situación,2,complete-training RFECV,1,2.897046714438508e-19,6.638354669333745
2768,1509,6715,de vapores,2,complete-training RFECV,1,2.503017162156056e-19,5.385591700838378
2769,1586,7202,del contaminante más,3,complete-training RFECV,1,2.292481074624094e-19,6.232889561225582
2770,2094,12946,la nch63 2000,3,complete-training RFECV,1,2.1510940264639197e-19,6.638354669333745
2771,1309,5742,de ella,2,complete-training RFECV,1,2.0285949926662848e-19,6.638354669333745
2772,3131,21955,un informe anual,3,complete-training RFECV,1,2.005296473319866e-19,6.638354669333745
2773,592,1024,acción del calor,3,complete-training RFECV,1,1.9942973135682805e-19,6.638354669333745
2774,47,98,135 letra,2,complete-training RFECV,1,1.9536677978723815e-19,6.638354669333745
2775,1902,9757,epa,1,complete-training RFECV,1,1.9430317257426996e-19,5.385591700838378
2776,3442,23307,y urbanización de,3,complete-training RFECV,1,1.8782730955792616e-19,6.638354669333745
2777,3376,23206,y san bernardo,3,complete-training RFECV,1,1.871538760731304e-19,6.232889561225582
2778,1841,9105,emisión máxima,2,complete-training RFECV,1,1.8102721187330559e-19,5.945207488773801
2779,3343,23096,y o mp2,3,complete-training RFECV,1,1.7938289662118401e-19,6.638354669333745
2780,384,753,a esta,2,complete-training RFECV,1,1.7204420834986909e-19,6.232889561225582
2781,1769,8544,el fabricante,2,complete-training RFECV,1,1.7149450003115e-19,5.722063937459591
2782,366,735,a dicha práctica,3,complete-training RFECV,1,1.7097553784961144e-19,6.638354669333745
2783,806,1802,ambiente para la,3,complete-training RFECV,1,1.6140688837585977e-19,6.638354669333745
2784,1495,6659,de transporte público,3,complete-training RFECV,1,1.582066265065016e-19,5.945207488773801
2785,3029,21759,trimestralmente,1,complete-training RFECV,1,1.4269612445936362e-19,6.638354669333745
2786,3010,21726,tratar extraída del,3,complete-training RFECV,1,1.1252739017816188e-19,6.638354669333745
2787,3205,22307,utilizar equipos de,3,complete-training RFECV,1,9.791285551618381e-20,6.638354669333745
2788,2994,21685,transporte 80 de,3,complete-training RFECV,1,9.53485551600609e-20,6.638354669333745
2789,1984,11002,fiscalizada por,2,complete-training RFECV,1,9.399827218686873e-20,6.232889561225582
2790,3164,22134,unidades,1,complete-training RFECV,1,9.371586675092924e-20,6.638354669333745
2791,314,683,a 20mwt,2,complete-training RFECV,1,9.222168857221635e-20,6.638354669333745
2792,1075,4076,con el ministerio,3,complete-training RFECV,1,9.203903924035074e-20,5.028916756899646
2793,2589,19141,reducciones podrán realizarse,3,complete-training RFECV,1,9.159643613095511e-20,6.638354669333745
2794,3086,21859,ubicadas fuera,2,complete-training RFECV,1,9.159643613095504e-20,6.638354669333745
2795,553,950,a suelos de,3,complete-training RFECV,1,9.116804446600516e-20,6.638354669333745
2796,1692,7884,disponibles las,2,complete-training RFECV,1,9.080377456741503e-20,5.945207488773801
2797,2633,19427,reparto en,2,complete-training RFECV,1,9.05787118685628e-20,6.638354669333745
2798,319,688,a 30,2,complete-training RFECV,1,9.004417963288051e-20,6.638354669333745
2799,265,609,67 siendo,2,complete-training RFECV,1,8.751630742548071e-20,6.638354669333745
2800,811,1828,ambiente y,2,complete-training RFECV,1,8.188670067771485e-20,4.846595200105691
2801,1511,6722,de vegetación que,3,complete-training RFECV,1,6.295417255560161e-20,5.945207488773801
2802,980,3054,calificación ambiental con,3,complete-training RFECV,1,5.3218061607329035e-20,6.232889561225582
2803,478,847,a las tecnologías,3,complete-training RFECV,1,4.86957171880175e-20,6.638354669333745
2804,2409,17360,podrán considerar las,3,complete-training RFECV,1,4.218008966858889e-20,6.638354669333745
2805,3470,23362,µg m3 en,3,complete-training RFECV,1,2.993063185996483e-20,6.638354669333745
2806,2535,18709,que inicia operaciones,3,complete-training RFECV,1,2.688549389945975e-20,6.232889561225582
2807,618,1092,actividad asociadas,2,complete-training RFECV,1,2.6725364299260376e-20,6.638354669333745
2808,3,16,10 años11 atribuibles,3,complete-training RFECV,1,0.0,6.638354669333745
2809,4,19,10 del,2,complete-training RFECV,1,0.0,6.638354669333745
2810,5,20,10 del 47,3,complete-training RFECV,1,0.0,6.638354669333745
2811,6,23,10 mwt,2,complete-training RFECV,1,0.0,6.638354669333745
2812,9,27,10 µg,2,complete-training RFECV,1,0.0,6.232889561225582
2813,10,29,100,1,complete-training RFECV,1,0.0,6.232889561225582
2814,11,31,100 de 1990,3,complete-training RFECV,1,0.0,6.638354669333745
2815,18,41,11 a,2,complete-training RFECV,1,0.0,6.638354669333745
2816,21,45,11 estaciones,2,complete-training RFECV,1,0.0,6.638354669333745
2817,22,47,11 muestra,2,complete-training RFECV,1,0.0,6.638354669333745
2818,23,48,11 muestra en,3,complete-training RFECV,1,0.0,6.638354669333745
2819,25,53,112 de 2002,3,complete-training RFECV,1,0.0,6.638354669333745
2820,26,64,1171,1,complete-training RFECV,1,0.0,6.232889561225582
2821,27,66,1171 de 2014,3,complete-training RFECV,1,0.0,6.232889561225582
2822,36,83,120 µg,2,complete-training RFECV,1,0.0,6.638354669333745
2823,39,86,13 aprobada,2,complete-training RFECV,1,0.0,6.638354669333745
2824,45,95,131 de,2,complete-training RFECV,1,0.0,5.722063937459591
2825,46,97,135,1,complete-training RFECV,1,0.0,6.638354669333745
2826,58,119,149 de,2,complete-training RFECV,1,0.0,6.638354669333745
2827,62,131,15 días después,3,complete-training RFECV,1,0.0,6.638354669333745
2828,64,133,15 manual,2,complete-training RFECV,1,0.0,6.638354669333745
2829,65,134,15 manual de,3,complete-training RFECV,1,0.0,6.638354669333745
2830,66,139,150 µg m3,3,complete-training RFECV,1,0.0,6.638354669333745
2831,68,142,16 de 1998,3,complete-training RFECV,1,0.0,6.638354669333745
2832,69,143,16 disponibles,2,complete-training RFECV,1,0.0,6.638354669333745
2833,71,147,160 de 2008,3,complete-training RFECV,1,0.0,6.638354669333745
2834,74,150,17 debiendo informarse,3,complete-training RFECV,1,0.0,6.638354669333745
2835,75,152,17 disponible en,3,complete-training RFECV,1,0.0,6.638354669333745
2836,83,171,19 300 y,3,complete-training RFECV,1,0.0,6.638354669333745
2837,91,185,1995 de minsegpres,3,complete-training RFECV,1,0.0,6.638354669333745
2838,92,186,1995 gasolina,2,complete-training RFECV,1,0.0,6.638354669333745
2839,96,190,1996 de minsegpres,3,complete-training RFECV,1,0.0,6.638354669333745
2840,99,193,1996 del mismo,3,complete-training RFECV,1,0.0,6.638354669333745
2841,100,194,1996 ds,2,complete-training RFECV,1,0.0,6.638354669333745
2842,102,196,1997,1,complete-training RFECV,1,0.0,5.945207488773801
2843,104,198,1997 a la,3,complete-training RFECV,1,0.0,6.638354669333745
2844,105,199,1997 del,2,complete-training RFECV,1,0.0,6.638354669333745
2845,106,200,1997 del ministerio,3,complete-training RFECV,1,0.0,6.638354669333745
2846,107,201,1997 y,2,complete-training RFECV,1,0.0,6.638354669333745
2847,108,202,1997 y trianuales,3,complete-training RFECV,1,0.0,6.638354669333745
2848,110,204,1998 al,2,complete-training RFECV,1,0.0,6.638354669333745
2849,111,205,1998 al 2015,3,complete-training RFECV,1,0.0,6.638354669333745
2850,114,208,1998 del,2,complete-training RFECV,1,0.0,6.232889561225582
2851,116,213,1999 del,2,complete-training RFECV,1,0.0,6.232889561225582
2852,117,214,1999 del ministerio,3,complete-training RFECV,1,0.0,6.232889561225582
2853,118,215,1999 hasta,2,complete-training RFECV,1,0.0,6.638354669333745
2854,119,216,1999 hasta el,3,complete-training RFECV,1,0.0,6.638354669333745
2855,124,228,20 mwt podrán,3,complete-training RFECV,1,0.0,6.638354669333745
2856,125,231,20 según corresponda,3,complete-training RFECV,1,0.0,6.638354669333745
2857,131,242,2000 kerosene,2,complete-training RFECV,1,0.0,6.638354669333745
2858,134,245,2000 petróleo diésel,3,complete-training RFECV,1,0.0,6.638354669333745
2859,138,249,2001 del,2,complete-training RFECV,1,0.0,5.945207488773801
2860,143,255,2002 mediciones realizadas,3,complete-training RFECV,1,0.0,6.638354669333745
2861,147,269,2006,1,complete-training RFECV,1,0.0,6.232889561225582
2862,148,270,2006 del,2,complete-training RFECV,1,0.0,6.638354669333745
2863,165,327,2015 es,2,complete-training RFECV,1,0.0,6.638354669333745
2864,174,363,2020 para,2,complete-training RFECV,1,0.0,6.638354669333745
2865,175,368,2024,1,complete-training RFECV,1,0.0,6.232889561225582
2866,176,369,2024 los,2,complete-training RFECV,1,0.0,6.638354669333745
2867,178,373,2025,1,complete-training RFECV,1,0.0,5.945207488773801
2868,180,391,215 14 de,3,complete-training RFECV,1,0.0,6.638354669333745
2869,185,403,237 para,2,complete-training RFECV,1,0.0,6.638354669333745
2870,188,411,24 horas p98,3,complete-training RFECV,1,0.0,6.638354669333745
2871,190,421,24 meses y,3,complete-training RFECV,1,0.0,6.638354669333745
2872,193,426,25 años de,3,complete-training RFECV,1,0.0,6.638354669333745
2873,194,429,25 medida,2,complete-training RFECV,1,0.0,6.638354669333745
2874,195,432,25 y atm,3,complete-training RFECV,1,0.0,6.638354669333745
2875,198,436,30 días,2,complete-training RFECV,1,0.0,6.232889561225582
2876,199,438,30 días después,3,complete-training RFECV,1,0.0,6.638354669333745
2877,203,450,300 kwt las,3,complete-training RFECV,1,0.0,6.638354669333745
2878,204,452,300 sobre bases,3,complete-training RFECV,1,0.0,6.232889561225582
2879,210,469,36 y 37,3,complete-training RFECV,1,0.0,6.638354669333745
2880,212,475,37,1,complete-training RFECV,1,0.0,5.945207488773801
2881,216,485,373 del 2000,3,complete-training RFECV,1,0.0,6.638354669333745
2882,224,507,40 y 41,3,complete-training RFECV,1,0.0,6.638354669333745
2883,225,508,41,1,complete-training RFECV,1,0.0,6.638354669333745
2884,226,510,41 anteriores de,3,complete-training RFECV,1,0.0,6.638354669333745
2885,227,514,413,1,complete-training RFECV,1,0.0,6.638354669333745
2886,228,515,413 casos,2,complete-training RFECV,1,0.0,6.638354669333745
2887,229,518,42 del,2,complete-training RFECV,1,0.0,6.232889561225582
2888,231,521,43 del,2,complete-training RFECV,1,0.0,6.232889561225582
2889,235,530,49 seguido,2,complete-training RFECV,1,0.0,6.638354669333745
2890,237,533,50 del,2,complete-training RFECV,1,0.0,6.638354669333745
2891,242,557,560,1,complete-training RFECV,1,0.0,6.232889561225582
2892,244,563,569 de fecha,3,complete-training RFECV,1,0.0,6.232889561225582
2893,249,572,60 de emisiones,3,complete-training RFECV,1,0.0,6.638354669333745
2894,250,574,60 del ds,3,complete-training RFECV,1,0.0,6.638354669333745
2895,252,581,606 de,2,complete-training RFECV,1,0.0,6.638354669333745
2896,254,585,61 del presente,3,complete-training RFECV,1,0.0,6.232889561225582
2897,256,590,63 del presente,3,complete-training RFECV,1,0.0,5.945207488773801
2898,257,595,63 y,2,complete-training RFECV,1,0.0,6.638354669333745
2899,258,599,65 del presente,3,complete-training RFECV,1,0.0,6.638354669333745
2900,262,604,66 del,2,complete-training RFECV,1,0.0,6.638354669333745
2901,264,607,67 de,2,complete-training RFECV,1,0.0,5.945207488773801
2902,266,610,67 siendo este,3,complete-training RFECV,1,0.0,6.638354669333745
2903,267,614,684,1,complete-training RFECV,1,0.0,6.638354669333745
2904,268,616,684 clp tipo,3,complete-training RFECV,1,0.0,6.638354669333745
2905,270,618,80 de,2,complete-training RFECV,1,0.0,6.638354669333745
2906,272,622,80 producido,2,complete-training RFECV,1,0.0,6.638354669333745
2907,279,638,850 uf al,3,complete-training RFECV,1,0.0,6.638354669333745
2908,280,639,892,1,complete-training RFECV,1,0.0,6.638354669333745
2909,281,644,90 del total,3,complete-training RFECV,1,0.0,6.638354669333745
2910,284,653,95 de emisiones,3,complete-training RFECV,1,0.0,6.638354669333745
2911,286,655,961 962,2,complete-training RFECV,1,0.0,6.638354669333745
2912,288,657,962,1,complete-training RFECV,1,0.0,6.638354669333745
2913,290,659,962 y 963,3,complete-training RFECV,1,0.0,6.638354669333745
2914,292,661,963 todas,2,complete-training RFECV,1,0.0,6.638354669333745
2915,298,667,977 mm,2,complete-training RFECV,1,0.0,6.638354669333745
2916,299,668,977 mm usd,3,complete-training RFECV,1,0.0,6.638354669333745
2917,300,669,98,1,complete-training RFECV,1,0.0,6.638354669333745
2918,301,670,98 para,2,complete-training RFECV,1,0.0,6.638354669333745
2919,302,671,98 para cada,3,complete-training RFECV,1,0.0,6.638354669333745
2920,305,674,a 10 mwt,3,complete-training RFECV,1,0.0,6.638354669333745
2921,308,677,a 12,2,complete-training RFECV,1,0.0,6.638354669333745
2922,309,678,a 12 años,3,complete-training RFECV,1,0.0,6.638354669333745
2923,310,679,a 19,2,complete-training RFECV,1,0.0,6.638354669333745
2924,315,684,a 20mwt deberán,3,complete-training RFECV,1,0.0,6.638354669333745
2925,322,691,a 300 kwt,3,complete-training RFECV,1,0.0,6.232889561225582
2926,323,692,a 50,2,complete-training RFECV,1,0.0,6.638354669333745
2927,324,693,a 50 kilowatts,3,complete-training RFECV,1,0.0,6.638354669333745
2928,325,694,a 56,2,complete-training RFECV,1,0.0,6.638354669333745
2929,326,695,a 56 kw,3,complete-training RFECV,1,0.0,6.638354669333745
2930,327,696,a 560,2,complete-training RFECV,1,0.0,6.232889561225582
2931,330,699,a agilizar,2,complete-training RFECV,1,0.0,6.638354669333745
2932,331,700,a agilizar los,3,complete-training RFECV,1,0.0,6.638354669333745
2933,332,701,a aquel,2,complete-training RFECV,1,0.0,6.232889561225582
2934,335,704,a aquella unidad,3,complete-training RFECV,1,0.0,6.638354669333745
2935,342,711,a cero,2,complete-training RFECV,1,0.0,6.638354669333745
2936,343,712,a cero dirección,3,complete-training RFECV,1,0.0,6.638354669333745
2937,347,716,a compensar en,3,complete-training RFECV,1,0.0,6.638354669333745
2938,352,721,a conocer a,3,complete-training RFECV,1,0.0,6.638354669333745
2939,365,734,a dicha información,3,complete-training RFECV,1,0.0,6.638354669333745
2940,367,736,a dicha situación,3,complete-training RFECV,1,0.0,6.638354669333745
2941,368,737,a diferencia,2,complete-training RFECV,1,0.0,6.638354669333745
2942,369,738,a diferencia de,3,complete-training RFECV,1,0.0,6.638354669333745
2943,371,740,a disponibilidad presupuestaria,3,complete-training RFECV,1,0.0,6.638354669333745
2944,373,742,a diésel como,3,complete-training RFECV,1,0.0,6.638354669333745
2945,378,747,a efectos,2,complete-training RFECV,1,0.0,6.638354669333745
2946,379,748,a efectos de,3,complete-training RFECV,1,0.0,6.638354669333745
2947,380,749,a escala,2,complete-training RFECV,1,0.0,6.638354669333745
2948,381,750,a escala residencial,3,complete-training RFECV,1,0.0,6.638354669333745
2949,382,751,a espacios,2,complete-training RFECV,1,0.0,6.638354669333745
2950,383,752,a espacios urbanizados,3,complete-training RFECV,1,0.0,6.638354669333745
2951,387,756,a establecimientos de,3,complete-training RFECV,1,0.0,6.638354669333745
2952,388,757,a este,2,complete-training RFECV,1,0.0,6.638354669333745
2953,389,758,a este decreto,3,complete-training RFECV,1,0.0,6.638354669333745
2954,390,759,a estudios,2,complete-training RFECV,1,0.0,6.638354669333745
2955,398,767,a gas,2,complete-training RFECV,1,0.0,6.638354669333745
2956,401,770,a gasolina plantas,3,complete-training RFECV,1,0.0,6.638354669333745
2957,405,774,a impactos en,3,complete-training RFECV,1,0.0,6.638354669333745
2958,406,775,a instalaciones,2,complete-training RFECV,1,0.0,6.638354669333745
2959,407,776,a instalaciones de,3,complete-training RFECV,1,0.0,6.638354669333745
2960,408,777,a inversión,2,complete-training RFECV,1,0.0,6.638354669333745
2961,411,780,a la adecuada,3,complete-training RFECV,1,0.0,6.638354669333745
2962,412,781,a la agricultura,3,complete-training RFECV,1,0.0,6.638354669333745
2963,417,786,a la ciudad,3,complete-training RFECV,1,0.0,6.638354669333745
2964,418,787,a la ciudadanía,3,complete-training RFECV,1,0.0,6.232889561225582
2965,421,790,a la consulta,3,complete-training RFECV,1,0.0,6.638354669333745
2966,423,792,a la descontaminación,3,complete-training RFECV,1,0.0,6.638354669333745
2967,425,794,a la educación,3,complete-training RFECV,1,0.0,6.638354669333745
2968,426,795,a la eficiencia,3,complete-training RFECV,1,0.0,6.638354669333745
2969,428,797,a la emisiones,3,complete-training RFECV,1,0.0,6.638354669333745
2970,430,799,a la especificación,3,complete-training RFECV,1,0.0,6.638354669333745
2971,431,800,a la evolución,3,complete-training RFECV,1,0.0,6.638354669333745
2972,433,802,a la exigencia,3,complete-training RFECV,1,0.0,6.232889561225582
2973,440,809,a la industria,3,complete-training RFECV,1,0.0,6.638354669333745
2974,442,811,a la metodología,3,complete-training RFECV,1,0.0,6.232889561225582
2975,443,812,a la misma,3,complete-training RFECV,1,0.0,6.638354669333745
2976,444,813,a la nch2907,3,complete-training RFECV,1,0.0,6.638354669333745
2977,445,814,a la nch2965,3,complete-training RFECV,1,0.0,6.638354669333745
2978,451,820,a la norma,3,complete-training RFECV,1,0.0,5.945207488773801
2979,454,823,a la prestación,3,complete-training RFECV,1,0.0,5.945207488773801
2980,455,824,a la prevención,3,complete-training RFECV,1,0.0,6.638354669333745
2981,456,825,a la propulsión,3,complete-training RFECV,1,0.0,6.638354669333745
2982,457,826,a la publicación,3,complete-training RFECV,1,0.0,6.638354669333745
2983,461,830,a la secretaría,3,complete-training RFECV,1,0.0,6.232889561225582
2984,465,834,a la superación,3,complete-training RFECV,1,0.0,6.638354669333745
2985,467,836,a la sustentabilidad,3,complete-training RFECV,1,0.0,6.638354669333745
2986,469,838,a las anteriores,3,complete-training RFECV,1,0.0,6.638354669333745
2987,470,839,a las aplicadas,3,complete-training RFECV,1,0.0,6.638354669333745
2988,471,840,a las emisiones,3,complete-training RFECV,1,0.0,6.638354669333745
2989,473,842,a las exigencias,3,complete-training RFECV,1,0.0,6.638354669333745
2990,477,846,a las reducciones,3,complete-training RFECV,1,0.0,6.638354669333745
2991,480,849,a leña artefacto,3,complete-training RFECV,1,0.0,6.638354669333745
2992,482,851,a leña en,3,complete-training RFECV,1,0.0,6.638354669333745
2993,483,852,a leña las,3,complete-training RFECV,1,0.0,6.638354669333745
2994,484,853,a leña pellet,3,complete-training RFECV,1,0.0,6.638354669333745
2995,485,854,a leña y,3,complete-training RFECV,1,0.0,5.945207488773801
2996,490,859,a lo exigido,3,complete-training RFECV,1,0.0,6.638354669333745
2997,495,864,a lo reportado,3,complete-training RFECV,1,0.0,6.638354669333745
2998,498,867,a los 12,3,complete-training RFECV,1,0.0,6.638354669333745
2999,499,868,a los alimentos,3,complete-training RFECV,1,0.0,6.638354669333745
3000,501,870,a los calefactores,3,complete-training RFECV,1,0.0,6.638354669333745
3001,502,871,a los consumidores,3,complete-training RFECV,1,0.0,6.232889561225582
3002,503,872,a los contaminantes,3,complete-training RFECV,1,0.0,6.638354669333745
3003,505,874,a los criterios,3,complete-training RFECV,1,0.0,6.638354669333745
3004,506,875,a los exigidos,3,complete-training RFECV,1,0.0,6.638354669333745
3005,507,876,a los grandes,3,complete-training RFECV,1,0.0,6.638354669333745
3006,508,877,a los límites,3,complete-training RFECV,1,0.0,6.638354669333745
3007,510,879,a los meses,3,complete-training RFECV,1,0.0,6.638354669333745
3008,512,881,a los métodos,3,complete-training RFECV,1,0.0,5.945207488773801
3009,513,882,a los niveles,3,complete-training RFECV,1,0.0,6.638354669333745
3010,514,883,a los parámetros,3,complete-training RFECV,1,0.0,6.638354669333745
3011,516,885,a los procedimientos,3,complete-training RFECV,1,0.0,6.638354669333745
3012,519,888,a los sistemas,3,complete-training RFECV,1,0.0,6.638354669333745
3013,520,889,a los valores,3,complete-training RFECV,1,0.0,6.232889561225582
3014,524,896,a mwt,2,complete-training RFECV,1,0.0,5.945207488773801
3015,527,905,a o,2,complete-training RFECV,1,0.0,6.232889561225582
3016,528,907,a otras,2,complete-training RFECV,1,0.0,6.638354669333745
3017,529,909,a otro,2,complete-training RFECV,1,0.0,6.638354669333745
3018,534,915,a pellet de,3,complete-training RFECV,1,0.0,6.232889561225582
3019,535,918,a planteles,2,complete-training RFECV,1,0.0,6.638354669333745
3020,537,920,a plena,2,complete-training RFECV,1,0.0,6.638354669333745
3021,538,922,a promedios,2,complete-training RFECV,1,0.0,6.638354669333745
3022,542,926,a que esté,3,complete-training RFECV,1,0.0,6.638354669333745
3023,547,936,a requerimiento,2,complete-training RFECV,1,0.0,6.638354669333745
3024,551,946,a su,2,complete-training RFECV,1,0.0,6.232889561225582
3025,552,947,a su recorrido,3,complete-training RFECV,1,0.0,6.638354669333745
3026,558,959,a terrenos montañosos,3,complete-training RFECV,1,0.0,6.638354669333745
3027,559,960,a todos,2,complete-training RFECV,1,0.0,6.638354669333745
3028,560,961,a todos los,3,complete-training RFECV,1,0.0,6.638354669333745
3029,567,969,a un sistema,3,complete-training RFECV,1,0.0,6.638354669333745
3030,572,979,abastecimiento,1,complete-training RFECV,1,0.0,6.638354669333745
3031,574,987,abierto calefactores hechizos,3,complete-training RFECV,1,0.0,6.638354669333745
3032,578,993,abre,1,complete-training RFECV,1,0.0,6.638354669333745
3033,581,1000,acatamiento de,2,complete-training RFECV,1,0.0,6.638354669333745
3034,585,1007,acciones concretas para,3,complete-training RFECV,1,0.0,6.638354669333745
3035,586,1010,acciones futuras,2,complete-training RFECV,1,0.0,6.638354669333745
3036,588,1012,acciones orientadas,2,complete-training RFECV,1,0.0,6.638354669333745
3037,597,1032,aceptará un índice,3,complete-training RFECV,1,0.0,6.638354669333745
3038,598,1037,acerca del,2,complete-training RFECV,1,0.0,6.638354669333745
3039,599,1039,aciones,1,complete-training RFECV,1,0.0,6.638354669333745
3040,604,1056,acreditable su implementación,3,complete-training RFECV,1,0.0,6.638354669333745
3041,611,1079,acreditarse,1,complete-training RFECV,1,0.0,6.638354669333745
3042,612,1081,acreditarse la reducción,3,complete-training RFECV,1,0.0,6.638354669333745
3043,613,1085,acreditarán,1,complete-training RFECV,1,0.0,6.232889561225582
3044,616,1089,actividad al,2,complete-training RFECV,1,0.0,6.232889561225582
3045,620,1097,actividad de la,3,complete-training RFECV,1,0.0,6.638354669333745
3046,632,1131,actividades o establecimientos,3,complete-training RFECV,1,0.0,6.638354669333745
3047,634,1138,actividades y,2,complete-training RFECV,1,0.0,6.232889561225582
3048,638,1165,actualización del,2,complete-training RFECV,1,0.0,5.722063937459591
3049,639,1166,actualización del ds,3,complete-training RFECV,1,0.0,6.638354669333745
3050,641,1169,actualización quedó,2,complete-training RFECV,1,0.0,6.638354669333745
3051,642,1184,actualmente principalmente,2,complete-training RFECV,1,0.0,6.638354669333745
3052,652,1212,acumularlo,1,complete-training RFECV,1,0.0,6.638354669333745
3053,653,1219,adecuadamente el,2,complete-training RFECV,1,0.0,6.638354669333745
3054,659,1233,además deberán estar,3,complete-training RFECV,1,0.0,6.638354669333745
3055,663,1251,adicionalmente contribuirán a,3,complete-training RFECV,1,0.0,6.638354669333745
3056,665,1253,adicionalmente la reducción,3,complete-training RFECV,1,0.0,6.638354669333745
3057,667,1258,adición de biodiésel,3,complete-training RFECV,1,0.0,6.638354669333745
3058,668,1264,administrado por la,3,complete-training RFECV,1,0.0,6.638354669333745
3059,669,1265,administrativas,1,complete-training RFECV,1,0.0,6.232889561225582
3060,670,1275,adobe que,2,complete-training RFECV,1,0.0,6.638354669333745
3061,672,1285,adoptarán durante las,3,complete-training RFECV,1,0.0,6.638354669333745
3062,674,1293,aeronaves y vehículos,3,complete-training RFECV,1,0.0,6.638354669333745
3063,675,1305,afectar el,2,complete-training RFECV,1,0.0,6.638354669333745
3064,678,1311,afectas tendrán un,3,complete-training RFECV,1,0.0,6.638354669333745
3065,683,1321,agente,1,complete-training RFECV,1,0.0,6.638354669333745
3066,685,1325,agies arrojó,2,complete-training RFECV,1,0.0,6.638354669333745
3067,686,1336,aglomerada,1,complete-training RFECV,1,0.0,6.638354669333745
3068,687,1337,aglomerada con,2,complete-training RFECV,1,0.0,6.638354669333745
3069,689,1339,agosto,1,complete-training RFECV,1,0.0,5.722063937459591
3070,692,1348,agregar,1,complete-training RFECV,1,0.0,6.232889561225582
3071,701,1386,agua mediante la,3,complete-training RFECV,1,0.0,6.638354669333745
3072,706,1404,aire durante la,3,complete-training RFECV,1,0.0,6.638354669333745
3073,709,1416,aire que invalide,3,complete-training RFECV,1,0.0,6.638354669333745
3074,710,1421,aire sobre,2,complete-training RFECV,1,0.0,6.638354669333745
3075,726,1475,al diseño,2,complete-training RFECV,1,0.0,6.638354669333745
3076,728,1477,al día,2,complete-training RFECV,1,0.0,6.232889561225582
3077,733,1484,al final,2,complete-training RFECV,1,0.0,6.638354669333745
3078,736,1494,al ingresar,2,complete-training RFECV,1,0.0,6.638354669333745
3079,738,1499,al intendente,2,complete-training RFECV,1,0.0,5.945207488773801
3080,744,1513,al menos el,3,complete-training RFECV,1,0.0,5.945207488773801
3081,748,1524,al motor y,3,complete-training RFECV,1,0.0,6.638354669333745
3082,749,1527,al oriente,2,complete-training RFECV,1,0.0,6.638354669333745
3083,750,1528,al oriente con,3,complete-training RFECV,1,0.0,6.638354669333745
3084,751,1551,al recambio,2,complete-training RFECV,1,0.0,6.638354669333745
3085,762,1580,alberga a la,3,complete-training RFECV,1,0.0,6.638354669333745
3086,767,1611,alerta o nivel,3,complete-training RFECV,1,0.0,6.638354669333745
3087,775,1635,alimentos provisto,2,complete-training RFECV,1,0.0,6.638354669333745
3088,776,1640,almacenamiento,1,complete-training RFECV,1,0.0,5.722063937459591
3089,777,1654,alojamiento de,2,complete-training RFECV,1,0.0,6.638354669333745
3090,780,1662,alta contaminación,2,complete-training RFECV,1,0.0,6.638354669333745
3091,783,1669,altamente rentable,2,complete-training RFECV,1,0.0,6.638354669333745
3092,796,1732,ambiental y que,3,complete-training RFECV,1,0.0,6.638354669333745
3093,799,1752,ambiente con,2,complete-training RFECV,1,0.0,5.945207488773801
3094,802,1774,ambiente en coordinación,3,complete-training RFECV,1,0.0,6.232889561225582
3095,803,1775,ambiente en el,3,complete-training RFECV,1,0.0,6.232889561225582
3096,808,1817,ambiente se dio,3,complete-training RFECV,1,0.0,6.232889561225582
3097,817,1854,amoníaco y,2,complete-training RFECV,1,0.0,6.638354669333745
3098,818,1860,ampliaciones de,2,complete-training RFECV,1,0.0,6.638354669333745
3099,825,1898,animales,1,complete-training RFECV,1,0.0,5.945207488773801
3100,826,1900,animales donde,2,complete-training RFECV,1,0.0,6.638354669333745
3101,827,1901,animales donde puedan,3,complete-training RFECV,1,0.0,6.638354669333745
3102,839,1967,anteriores se podrán,3,complete-training RFECV,1,0.0,6.638354669333745
3103,853,2035,anualmente en,2,complete-training RFECV,1,0.0,6.638354669333745
3104,855,2054,análisis general,2,complete-training RFECV,1,0.0,6.638354669333745
3105,857,2062,análisis técnicos establecidos,3,complete-training RFECV,1,0.0,6.232889561225582
3106,859,2071,aplicables durante el,3,complete-training RFECV,1,0.0,6.638354669333745
3107,862,2075,aplicación de instrumentos,3,complete-training RFECV,1,0.0,6.638354669333745
3108,863,2076,aplicación de la,3,complete-training RFECV,1,0.0,5.945207488773801
3109,866,2084,aplicadas al,2,complete-training RFECV,1,0.0,6.638354669333745
3110,867,2086,aplicadas durante,2,complete-training RFECV,1,0.0,6.638354669333745
3111,877,2149,aprobación de dichos,3,complete-training RFECV,1,0.0,6.638354669333745
3112,900,2273,artefacto que combustiona,3,complete-training RFECV,1,0.0,6.232889561225582
3113,911,2394,asocia,1,complete-training RFECV,1,0.0,6.232889561225582
3114,912,2398,asocia al aumento,3,complete-training RFECV,1,0.0,6.638354669333745
3115,919,2415,asociados a la,3,complete-training RFECV,1,0.0,6.232889561225582
3116,921,2421,aspirado y,2,complete-training RFECV,1,0.0,5.539742380665636
3117,929,2447,atmosférica dirigido a,3,complete-training RFECV,1,0.0,6.638354669333745
3118,930,2452,atmosférica en,2,complete-training RFECV,1,0.0,6.638354669333745
3119,932,2457,atmosférica para la,3,complete-training RFECV,1,0.0,5.134277272557472
3120,934,2489,atribuciones legales la,3,complete-training RFECV,1,0.0,6.638354669333745
3121,946,2695,baja emisión las,3,complete-training RFECV,1,0.0,6.638354669333745
3122,957,2835,biomasa,1,complete-training RFECV,1,0.0,6.232889561225582
3123,964,2924,caldera,1,complete-training RFECV,1,0.0,5.945207488773801
3124,966,2939,calderas grupos,2,complete-training RFECV,1,0.0,6.638354669333745
3125,993,3213,carbón vegetal y,3,complete-training RFECV,1,0.0,5.134277272557472
3126,1014,3443,científicos,1,complete-training RFECV,1,0.0,6.232889561225582
3127,1017,3507,clase de,2,complete-training RFECV,1,0.0,6.638354669333745
3128,1023,3563,cocción,1,complete-training RFECV,1,0.0,5.945207488773801
3129,1044,3714,combustión cerrada,2,complete-training RFECV,1,0.0,6.232889561225582
3130,1049,3776,comerciantes,1,complete-training RFECV,1,0.0,6.232889561225582
3131,1062,3982,comprometidas,1,complete-training RFECV,1,0.0,6.638354669333745
3132,1069,4022,comunicación redes,2,complete-training RFECV,1,0.0,6.638354669333745
3133,1109,4348,conjunto de,2,complete-training RFECV,1,0.0,5.539742380665636
3134,1114,4413,considerando las,2,complete-training RFECV,1,0.0,5.722063937459591
3135,1121,4453,consolidado al final,3,complete-training RFECV,1,0.0,6.638354669333745
3136,1154,4819,corresponderá al,2,complete-training RFECV,1,0.0,6.232889561225582
3137,1163,4906,críticos alerta preemergencia,3,complete-training RFECV,1,0.0,6.638354669333745
3138,1166,4931,cual la actualización,3,complete-training RFECV,1,0.0,6.638354669333745
3139,1184,5064,cumplimiento de la,3,complete-training RFECV,1,0.0,5.385591700838378
3140,1216,5268,de 2008,2,complete-training RFECV,1,0.0,5.945207488773801
3141,1230,5333,de afectar,2,complete-training RFECV,1,0.0,6.638354669333745
3142,1237,5398,de aptitud,2,complete-training RFECV,1,0.0,6.638354669333745
3143,1248,5445,de biodiésel no,3,complete-training RFECV,1,0.0,6.638354669333745
3144,1264,5513,de carne deberán,3,complete-training RFECV,1,0.0,6.638354669333745
3145,1265,5519,de cerdos,2,complete-training RFECV,1,0.0,6.638354669333745
3146,1266,5529,de chacabuco la,3,complete-training RFECV,1,0.0,6.638354669333745
3147,1267,5532,de chile,2,complete-training RFECV,1,0.0,5.945207488773801
3148,1277,5604,de concentración de,3,complete-training RFECV,1,0.0,6.638354669333745
3149,1280,5612,de construcción operación,3,complete-training RFECV,1,0.0,6.232889561225582
3150,1297,5701,de dichos planes,3,complete-training RFECV,1,0.0,6.638354669333745
3151,1305,5737,de eficiencia térmica,3,complete-training RFECV,1,0.0,6.232889561225582
3152,1312,5751,de emisiones a,3,complete-training RFECV,1,0.0,6.638354669333745
3153,1313,5755,de emisiones asociadas,3,complete-training RFECV,1,0.0,6.638354669333745
3154,1318,5804,de emisión señalados,3,complete-training RFECV,1,0.0,6.232889561225582
3155,1323,5830,de entrar,2,complete-training RFECV,1,0.0,6.232889561225582
3156,1332,5854,de esta propiedad,3,complete-training RFECV,1,0.0,6.638354669333745
3157,1334,5866,de estacionamiento sentidos,3,complete-training RFECV,1,0.0,6.638354669333745
3158,1346,5921,de fuente estacionaria,3,complete-training RFECV,1,0.0,6.638354669333745
3159,1348,5934,de gas y,3,complete-training RFECV,1,0.0,6.638354669333745
3160,1356,5982,de humedad menor,3,complete-training RFECV,1,0.0,6.638354669333745
3161,1364,6001,de incineración de,3,complete-training RFECV,1,0.0,6.638354669333745
3162,1365,6004,de incumplimiento,2,complete-training RFECV,1,0.0,6.232889561225582
3163,1374,6056,de la contaminación,3,complete-training RFECV,1,0.0,5.945207488773801
3164,1378,6070,de la evaluación,3,complete-training RFECV,1,0.0,6.638354669333745
3165,1383,6104,de la red,3,complete-training RFECV,1,0.0,6.232889561225582
3166,1394,6160,de las siguientes,3,complete-training RFECV,1,0.0,6.232889561225582
3167,1399,6175,de lo dispuesto,3,complete-training RFECV,1,0.0,5.945207488773801
3168,1406,6205,de los gases,3,complete-training RFECV,1,0.0,6.232889561225582
3169,1411,6225,de los subsidios,3,complete-training RFECV,1,0.0,6.638354669333745
3170,1421,6259,de mayo de,3,complete-training RFECV,1,0.0,6.232889561225582
3171,1426,6293,de ministros para,3,complete-training RFECV,1,0.0,6.638354669333745
3172,1431,6310,de monóxido de,3,complete-training RFECV,1,0.0,6.232889561225582
3173,1435,6322,de mp2 diaria,3,complete-training RFECV,1,0.0,6.638354669333745
3174,1441,6358,de nuevos,2,complete-training RFECV,1,0.0,6.232889561225582
3175,1443,6362,de obras de,3,complete-training RFECV,1,0.0,6.638354669333745
3176,1444,6379,de ozono troposférico,3,complete-training RFECV,1,0.0,6.638354669333745
3177,1447,6398,de petróleo,2,complete-training RFECV,1,0.0,6.232889561225582
3178,1458,6454,de proyectos,2,complete-training RFECV,1,0.0,5.945207488773801
3179,1460,6465,de purín o,3,complete-training RFECV,1,0.0,6.638354669333745
3180,1468,6502,de refrigeración,2,complete-training RFECV,1,0.0,6.638354669333745
3181,1472,6528,de ruta,2,complete-training RFECV,1,0.0,5.385591700838378
3182,1481,6561,de santiago indicados,3,complete-training RFECV,1,0.0,6.638354669333745
3183,1492,6632,de terminaciones,2,complete-training RFECV,1,0.0,6.638354669333745
3184,1497,6662,de transportes del,3,complete-training RFECV,1,0.0,6.638354669333745
3185,1499,6668,de troncos,2,complete-training RFECV,1,0.0,6.638354669333745
3186,1500,6670,de tránsito,2,complete-training RFECV,1,0.0,6.232889561225582
3187,1501,6671,de tránsito podrá,3,complete-training RFECV,1,0.0,6.638354669333745
3188,1503,6683,de un mes,3,complete-training RFECV,1,0.0,6.638354669333745
3189,1516,6766,deba,1,complete-training RFECV,1,0.0,6.638354669333745
3190,1528,6835,deberá implementar medidas,3,complete-training RFECV,1,0.0,6.638354669333745
3191,1529,6836,deberá implementarse,2,complete-training RFECV,1,0.0,6.638354669333745
3192,1534,6865,deberán anualmente,2,complete-training RFECV,1,0.0,6.638354669333745
3193,1539,6913,deberán realizar,2,complete-training RFECV,1,0.0,5.539742380665636
3194,1540,6914,deberán realizar el,3,complete-training RFECV,1,0.0,5.945207488773801
3195,1541,6926,debidamente a,2,complete-training RFECV,1,0.0,6.638354669333745
3196,1549,6947,decir,1,complete-training RFECV,1,0.0,5.945207488773801
3197,1554,6968,declaración de zona,3,complete-training RFECV,1,0.0,6.638354669333745
3198,1558,6980,declarará la,2,complete-training RFECV,1,0.0,6.638354669333745
3199,1559,6986,declaró zona saturada,3,complete-training RFECV,1,0.0,5.945207488773801
3200,1564,7006,decreto el valor,3,complete-training RFECV,1,0.0,6.638354669333745
3201,1566,7013,decreto exento 174,3,complete-training RFECV,1,0.0,6.638354669333745
3202,1568,7040,decreto se prohíbe,3,complete-training RFECV,1,0.0,5.722063937459591
3203,1572,7055,decreto toda,2,complete-training RFECV,1,0.0,6.638354669333745
3204,1574,7085,definida en,2,complete-training RFECV,1,0.0,6.638354669333745
3205,1576,7093,definidos,1,complete-training RFECV,1,0.0,5.722063937459591
3206,1589,7216,del decreto,2,complete-training RFECV,1,0.0,6.232889561225582
3207,1605,7303,del país,2,complete-training RFECV,1,0.0,5.722063937459591
3208,1606,7315,del petróleo,2,complete-training RFECV,1,0.0,6.232889561225582
3209,1610,7329,del plantel,2,complete-training RFECV,1,0.0,5.539742380665636
3210,1618,7391,del árbol,2,complete-training RFECV,1,0.0,6.638354669333745
3211,1619,7403,demostrar que,2,complete-training RFECV,1,0.0,6.232889561225582
3212,1632,7460,deróguense las disposiciones,3,complete-training RFECV,1,0.0,6.638354669333745
3213,1638,7480,desarrolle,1,complete-training RFECV,1,0.0,6.638354669333745
3214,1644,7524,descontaminación tiene efectos,3,complete-training RFECV,1,0.0,6.638354669333745
3215,1645,7529,descrita en,2,complete-training RFECV,1,0.0,6.232889561225582
3216,1655,7572,desplazamiento idealmente,2,complete-training RFECV,1,0.0,5.945207488773801
3217,1658,7603,destinado para la,3,complete-training RFECV,1,0.0,6.232889561225582
3218,1674,7719,dictar normas complementarias,3,complete-training RFECV,1,0.0,6.638354669333745
3219,1678,7742,difusión anual que,3,complete-training RFECV,1,0.0,6.638354669333745
3220,1686,7833,disminución de las,3,complete-training RFECV,1,0.0,5.945207488773801
3221,1687,7847,dispondrá las,2,complete-training RFECV,1,0.0,6.232889561225582
3222,1702,8016,doméstico e industrial,3,complete-training RFECV,1,0.0,5.945207488773801
3223,1708,8062,ds de,2,complete-training RFECV,1,0.0,6.232889561225582
3224,1723,8187,económicos siempre y,3,complete-training RFECV,1,0.0,6.638354669333745
3225,1728,8226,efectivo en,2,complete-training RFECV,1,0.0,6.638354669333745
3226,1736,8296,eficiencia declarada,2,complete-training RFECV,1,0.0,6.638354669333745
3227,1737,8315,eficientes y menos,3,complete-training RFECV,1,0.0,6.638354669333745
3228,1738,8319,ejecución de un,3,complete-training RFECV,1,0.0,6.638354669333745
3229,1739,8325,ejecuten,1,complete-training RFECV,1,0.0,5.945207488773801
3230,1760,8494,el desarrollo de,3,complete-training RFECV,1,0.0,5.945207488773801
3231,1805,8812,elaborar propuestas regulatorias,3,complete-training RFECV,1,0.0,6.638354669333745
3232,1810,8849,electrógenos ni,2,complete-training RFECV,1,0.0,6.638354669333745
3233,1813,8871,ellas,1,complete-training RFECV,1,0.0,6.232889561225582
3234,1820,8921,emergencia será,2,complete-training RFECV,1,0.0,6.638354669333745
3235,1824,8940,emisiones cedidas por,3,complete-training RFECV,1,0.0,6.638354669333745
3236,1828,9018,emisiones por,2,complete-training RFECV,1,0.0,6.232889561225582
3237,1837,9082,emisión de mp,3,complete-training RFECV,1,0.0,6.638354669333745
3238,1842,9130,emisión se hará,3,complete-training RFECV,1,0.0,6.638354669333745
3239,1844,9174,emplean,1,complete-training RFECV,1,0.0,5.945207488773801
3240,1858,9310,en el siguiente,3,complete-training RFECV,1,0.0,6.638354669333745
3241,1901,9749,entren en,2,complete-training RFECV,1,0.0,5.945207488773801
3242,1904,9763,epa indicados en,3,complete-training RFECV,1,0.0,5.945207488773801
3243,1938,10135,establecimientos que no,3,complete-training RFECV,1,0.0,5.945207488773801
3244,1955,10459,evacuación,1,complete-training RFECV,1,0.0,6.232889561225582
3245,1965,10631,exentos de cumplir,3,complete-training RFECV,1,0.0,6.638354669333745
3246,1995,11129,fue,1,complete-training RFECV,1,0.0,4.846595200105691
3247,2006,11264,fundido,1,complete-training RFECV,1,0.0,6.638354669333745
3248,2050,11923,implicará pérdida,2,complete-training RFECV,1,0.0,5.945207488773801
3249,2065,12470,intertanto se,2,complete-training RFECV,1,0.0,6.232889561225582
3250,2213,14805,ministerio de vivienda,3,complete-training RFECV,1,0.0,5.028916756899646
3251,2258,15834,o actividad sin,3,complete-training RFECV,1,0.0,6.638354669333745
3252,2263,15948,o la,2,complete-training RFECV,1,0.0,6.232889561225582
3253,2300,16480,panificadores,1,complete-training RFECV,1,0.0,6.638354669333745
3254,2319,16654,para los motores,3,complete-training RFECV,1,0.0,6.638354669333745
3255,2337,16917,país,1,complete-training RFECV,1,0.0,5.722063937459591
3256,2342,16953,periodo máximo,2,complete-training RFECV,1,0.0,6.638354669333745
3257,2360,17057,pero,1,complete-training RFECV,1,0.0,6.232889561225582
3258,2367,17095,período estival,2,complete-training RFECV,1,0.0,6.638354669333745
3259,2371,17134,piso deberán realizar,3,complete-training RFECV,1,0.0,6.232889561225582
3260,2378,17183,plan maestro,2,complete-training RFECV,1,0.0,6.232889561225582
3261,2383,17204,plan y su,3,complete-training RFECV,1,0.0,6.638354669333745
3262,2387,17213,planes podrán ser,3,complete-training RFECV,1,0.0,6.638354669333745
3263,2391,17236,plantel que,2,complete-training RFECV,1,0.0,6.638354669333745
3264,2395,17246,planteles en,2,complete-training RFECV,1,0.0,6.232889561225582
3265,2396,17249,planteles existentes,2,complete-training RFECV,1,0.0,6.638354669333745
3266,2401,17267,plazo de meses,3,complete-training RFECV,1,0.0,5.539742380665636
3267,2402,17274,plazo máximo de,3,complete-training RFECV,1,0.0,6.232889561225582
3268,2403,17277,plazo si,2,complete-training RFECV,1,0.0,6.232889561225582
3269,2407,17340,podrá establecer,2,complete-training RFECV,1,0.0,5.945207488773801
3270,2410,17382,podrán utilizar,2,complete-training RFECV,1,0.0,6.232889561225582
3271,2412,17392,por actividades,2,complete-training RFECV,1,0.0,6.638354669333745
3272,2415,17425,por ds,2,complete-training RFECV,1,0.0,6.232889561225582
3273,2417,17432,por el calentamiento,3,complete-training RFECV,1,0.0,6.638354669333745
3274,2418,17433,por el daño,3,complete-training RFECV,1,0.0,6.638354669333745
3275,2437,17582,posee,1,complete-training RFECV,1,0.0,5.945207488773801
3276,2449,17710,preemergencia,1,complete-training RFECV,1,0.0,5.539742380665636
3277,2465,17943,privada con,2,complete-training RFECV,1,0.0,6.638354669333745
3278,2471,18003,procesos con combustión,3,complete-training RFECV,1,0.0,5.945207488773801
3279,2493,18257,protección ambiental,2,complete-training RFECV,1,0.0,5.945207488773801
3280,2520,18497,que adopte,2,complete-training RFECV,1,0.0,5.945207488773801
3281,2533,18694,que impliquen,2,complete-training RFECV,1,0.0,5.945207488773801
3282,2540,18776,que permitan asegurar,3,complete-training RFECV,1,0.0,6.638354669333745
3283,2545,18831,que se cometan,3,complete-training RFECV,1,0.0,6.232889561225582
3284,2547,18860,que se presenten,3,complete-training RFECV,1,0.0,6.232889561225582
3285,2550,18889,que será comunicada,3,complete-training RFECV,1,0.0,6.638354669333745
3286,2562,18972,ramón,1,complete-training RFECV,1,0.0,6.638354669333745
3287,2565,19010,realizan,1,complete-training RFECV,1,0.0,5.945207488773801
3288,2578,19109,recuperación y o,3,complete-training RFECV,1,0.0,6.638354669333745
3289,2579,19113,recursos,1,complete-training RFECV,1,0.0,5.945207488773801
3290,2584,19120,red ha experimentado,3,complete-training RFECV,1,0.0,6.638354669333745
3291,2593,19160,reducción del,2,complete-training RFECV,1,0.0,5.945207488773801
3292,2604,19229,refi a,2,complete-training RFECV,1,0.0,6.638354669333745
3293,2624,19367,regulations,1,complete-training RFECV,1,0.0,5.945207488773801
3294,2625,19369,regulations diesel engines,3,complete-training RFECV,1,0.0,6.232889561225582
3295,2629,19388,relación con el,3,complete-training RFECV,1,0.0,6.232889561225582
3296,2635,19441,reporte semanal,2,complete-training RFECV,1,0.0,6.638354669333745
3297,2637,19448,representa mediante el,3,complete-training RFECV,1,0.0,6.638354669333745
3298,2642,19464,reproductoras,1,complete-training RFECV,1,0.0,6.638354669333745
3299,2644,19479,requerimientos,1,complete-training RFECV,1,0.0,6.232889561225582
3300,2650,19500,residencial a,2,complete-training RFECV,1,0.0,6.232889561225582
3301,2664,19589,respirable mp2 como,3,complete-training RFECV,1,0.0,5.945207488773801
3302,2673,19634,resultados de las,3,complete-training RFECV,1,0.0,6.232889561225582
3303,2676,19667,revisa reformula,2,complete-training RFECV,1,0.0,5.722063937459591
3304,2692,19789,san bernardo,2,complete-training RFECV,1,0.0,5.722063937459591
3305,2696,19821,santiago deberá cumplir,3,complete-training RFECV,1,0.0,5.945207488773801
3306,2701,19896,satisfacerse desde,2,complete-training RFECV,1,0.0,6.638354669333745
3307,2707,19930,se adoptarán,2,complete-training RFECV,1,0.0,6.232889561225582
3308,2709,19950,se asocia,2,complete-training RFECV,1,0.0,6.232889561225582
3309,2727,20062,se exceptúa,2,complete-training RFECV,1,0.0,5.945207488773801
3310,2733,20099,se implementará,2,complete-training RFECV,1,0.0,6.638354669333745
3311,2742,20170,se priorizarán,2,complete-training RFECV,1,0.0,6.638354669333745
3312,2745,20183,se prohíbe la,3,complete-training RFECV,1,0.0,6.232889561225582
3313,2752,20222,se representa mediante,3,complete-training RFECV,1,0.0,6.638354669333745
3314,2755,20257,se valoran los,3,complete-training RFECV,1,0.0,6.232889561225582
3315,2762,20304,seca aquella que,3,complete-training RFECV,1,0.0,6.638354669333745
3316,2776,20435,sentidos y horarios,3,complete-training RFECV,1,0.0,6.638354669333745
3317,2785,20483,seremi no,2,complete-training RFECV,1,0.0,5.945207488773801
3318,2790,20505,servicios públicos deberán,3,complete-training RFECV,1,0.0,6.232889561225582
3319,2794,20544,señala,1,complete-training RFECV,1,0.0,6.232889561225582
3320,2798,20557,señalado en las,3,complete-training RFECV,1,0.0,6.638354669333745
3321,2806,20599,siempre y cuando,3,complete-training RFECV,1,0.0,5.722063937459591
3322,2808,20620,siguiente gráfico,2,complete-training RFECV,1,0.0,6.232889561225582
3323,2820,20684,sin adición de,3,complete-training RFECV,1,0.0,6.638354669333745
3324,2824,20714,sinóptica,1,complete-training RFECV,1,0.0,6.638354669333745
3325,2876,21230,sólidos especificaciones y,3,complete-training RFECV,1,0.0,6.638354669333745
3326,2881,21248,sólo se,2,complete-training RFECV,1,0.0,6.638354669333745
3327,2893,21317,también se prohibirá,3,complete-training RFECV,1,0.0,6.638354669333745
3328,2895,21344,tanto no se,3,complete-training RFECV,1,0.0,6.638354669333745
3329,2899,21364,tecnologías,1,complete-training RFECV,1,0.0,6.232889561225582
3330,2900,21370,tecnológicos lo,2,complete-training RFECV,1,0.0,6.638354669333745
3331,2903,21375,telecomunicaciones conforme,2,complete-training RFECV,1,0.0,5.945207488773801
3332,2904,21381,telecomunicaciones deberán,2,complete-training RFECV,1,0.0,5.945207488773801
3333,2912,21435,tendientes a dar,3,complete-training RFECV,1,0.0,6.638354669333745
3334,2915,21444,tener uno o,3,complete-training RFECV,1,0.0,6.638354669333745
3335,2921,21462,terminaciones y soldaduras,3,complete-training RFECV,1,0.0,6.638354669333745
3336,2931,21511,tienen un,2,complete-training RFECV,1,0.0,6.638354669333745
3337,2932,21514,tierra en,2,complete-training RFECV,1,0.0,6.638354669333745
3338,2935,21527,tipo de residuos,3,complete-training RFECV,1,0.0,6.638354669333745
3339,2943,21568,todas aquellas,2,complete-training RFECV,1,0.0,6.232889561225582
3340,2953,21589,todos aquellos proyectos,3,complete-training RFECV,1,0.0,6.638354669333745
3341,2954,21590,todos los,2,complete-training RFECV,1,0.0,5.539742380665636
3342,2958,21607,ton año,2,complete-training RFECV,1,0.0,6.638354669333745
3343,2959,21610,toneladas anuales,2,complete-training RFECV,1,0.0,6.638354669333745
3344,2964,21618,total de material,3,complete-training RFECV,1,0.0,6.638354669333745
3345,2967,21625,total estimada para,3,complete-training RFECV,1,0.0,6.638354669333745
3346,2968,21628,totales,1,complete-training RFECV,1,0.0,6.638354669333745
3347,2969,21630,totales anuales directas,3,complete-training RFECV,1,0.0,6.638354669333745
3348,2970,21634,toxicidad,1,complete-training RFECV,1,0.0,6.638354669333745
3349,2971,21640,traduce,1,complete-training RFECV,1,0.0,6.638354669333745
3350,2972,21641,traduce en,2,complete-training RFECV,1,0.0,6.638354669333745
3351,2976,21654,transcurso del,2,complete-training RFECV,1,0.0,6.638354669333745
3352,2977,21655,transcurso del período,3,complete-training RFECV,1,0.0,6.638354669333745
3353,2980,21661,transferencias de contaminantes,3,complete-training RFECV,1,0.0,6.638354669333745
3354,2987,21673,transformación relevante en,3,complete-training RFECV,1,0.0,6.638354669333745
3355,2988,21674,transformándolo,1,complete-training RFECV,1,0.0,6.638354669333745
3356,2990,21677,transportables,1,complete-training RFECV,1,0.0,6.638354669333745
3357,2995,21690,transporte comercial,2,complete-training RFECV,1,0.0,6.638354669333745
3358,2996,21691,transporte comercial y,3,complete-training RFECV,1,0.0,6.638354669333745
3359,2997,21692,transporte de,2,complete-training RFECV,1,0.0,5.539742380665636
3360,2998,21693,transporte de carga,3,complete-training RFECV,1,0.0,6.638354669333745
3361,3001,21702,transporte público y,3,complete-training RFECV,1,0.0,6.638354669333745
3362,3002,21707,transporte u,2,complete-training RFECV,1,0.0,6.638354669333745
3363,3006,21718,trasporte,1,complete-training RFECV,1,0.0,6.638354669333745
3364,3007,21719,trasporte es,2,complete-training RFECV,1,0.0,6.638354669333745
3365,3014,21734,través de su,3,complete-training RFECV,1,0.0,6.638354669333745
3366,3015,21735,través de terceros,3,complete-training RFECV,1,0.0,6.232889561225582
3367,3016,21736,través de un,3,complete-training RFECV,1,0.0,6.232889561225582
3368,3019,21740,través del tubo,3,complete-training RFECV,1,0.0,6.638354669333745
3369,3021,21742,tres meses,2,complete-training RFECV,1,0.0,6.638354669333745
3370,3023,21747,trianual de,2,complete-training RFECV,1,0.0,6.232889561225582
3371,3027,21756,trianuales de ozono,3,complete-training RFECV,1,0.0,6.638354669333745
3372,3028,21758,trianuales y norma,3,complete-training RFECV,1,0.0,6.638354669333745
3373,3030,21761,trimestralmente a la,3,complete-training RFECV,1,0.0,6.638354669333745
3374,3034,21765,troposférico,1,complete-training RFECV,1,0.0,6.638354669333745
3375,3036,21768,tránsito podrá establecer,3,complete-training RFECV,1,0.0,6.638354669333745
3376,3037,21769,tránsito que,2,complete-training RFECV,1,0.0,6.638354669333745
3377,3038,21771,tubo,1,complete-training RFECV,1,0.0,6.232889561225582
3378,3040,21775,tuvo como,2,complete-training RFECV,1,0.0,6.638354669333745
3379,3042,21778,tuvo la fracción,3,complete-training RFECV,1,0.0,6.638354669333745
3380,3045,21782,técnica y financiamiento,3,complete-training RFECV,1,0.0,6.638354669333745
3381,3050,21793,técnicos para,2,complete-training RFECV,1,0.0,6.232889561225582
3382,3068,21831,términos de emisión,3,complete-training RFECV,1,0.0,6.638354669333745
3383,3069,21834,términos de ventilación,3,complete-training RFECV,1,0.0,6.638354669333745
3384,3070,21836,términos tecnológicos lo,3,complete-training RFECV,1,0.0,6.638354669333745
3385,3073,21839,u otra clase,3,complete-training RFECV,1,0.0,6.638354669333745
3386,3076,21844,u otro,2,complete-training RFECV,1,0.0,6.638354669333745
3387,3077,21846,u otros,2,complete-training RFECV,1,0.0,5.945207488773801
3388,3085,21858,ubicadas al interior,3,complete-training RFECV,1,0.0,6.638354669333745
3389,3088,21868,uf al año,3,complete-training RFECV,1,0.0,6.638354669333745
3390,3091,21873,un adecuado,2,complete-training RFECV,1,0.0,6.638354669333745
3391,3093,21875,un agente,2,complete-training RFECV,1,0.0,6.638354669333745
3392,3094,21876,un agente capaz,3,complete-training RFECV,1,0.0,6.638354669333745
3393,3098,21885,un análisis,2,complete-training RFECV,1,0.0,6.638354669333745
3394,3101,21894,un beneficio neto,3,complete-training RFECV,1,0.0,6.638354669333745
3395,3104,21904,un combustible líquido,3,complete-training RFECV,1,0.0,6.232889561225582
3396,3105,21906,un compromiso,2,complete-training RFECV,1,0.0,6.638354669333745
3397,3106,21907,un compromiso país,3,complete-training RFECV,1,0.0,6.638354669333745
3398,3108,21909,un conjunto de,3,complete-training RFECV,1,0.0,6.232889561225582
3399,3113,21917,un control eficaz,3,complete-training RFECV,1,0.0,6.638354669333745
3400,3115,21922,un diagnóstico que,3,complete-training RFECV,1,0.0,6.638354669333745
3401,3116,21923,un diagnóstico y,3,complete-training RFECV,1,0.0,6.638354669333745
3402,3118,21928,un efecto positivo,3,complete-training RFECV,1,0.0,6.638354669333745
3403,3120,21931,un equipo,2,complete-training RFECV,1,0.0,6.638354669333745
3404,3121,21933,un estado,2,complete-training RFECV,1,0.0,6.638354669333745
3405,3123,21938,un estándar,2,complete-training RFECV,1,0.0,6.232889561225582
3406,3124,21940,un estándar superior,3,complete-training RFECV,1,0.0,6.638354669333745
3407,3127,21943,un gran,2,complete-training RFECV,1,0.0,6.638354669333745
3408,3132,21963,un lote,2,complete-training RFECV,1,0.0,6.638354669333745
3409,3133,21965,un lugar,2,complete-training RFECV,1,0.0,5.945207488773801
3410,3134,21971,un mejoramiento,2,complete-training RFECV,1,0.0,6.638354669333745
3411,3138,21990,un período de,3,complete-training RFECV,1,0.0,6.638354669333745
3412,3144,22006,un registro administrado,3,complete-training RFECV,1,0.0,6.638354669333745
3413,3147,22009,un sector,2,complete-training RFECV,1,0.0,6.638354669333745
3414,3151,22015,un sistema seco,3,complete-training RFECV,1,0.0,6.638354669333745
3415,3152,22023,un transformándolo en,3,complete-training RFECV,1,0.0,6.638354669333745
3416,3153,22025,un valor anual,3,complete-training RFECV,1,0.0,6.638354669333745
3417,3157,22069,una inversión térmica,3,complete-training RFECV,1,0.0,6.638354669333745
3418,3165,22135,unidades de,2,complete-training RFECV,1,0.0,6.638354669333745
3419,3167,22142,unidos us epa,3,complete-training RFECV,1,0.0,6.638354669333745
3420,3169,22145,uno de,2,complete-training RFECV,1,0.0,6.232889561225582
3421,3174,22175,urbanismo y construcciones,3,complete-training RFECV,1,0.0,6.232889561225582
3422,3177,22199,usando,1,complete-training RFECV,1,0.0,6.638354669333745
3423,3195,22256,utilicen leña,2,complete-training RFECV,1,0.0,5.945207488773801
3424,3196,22259,utilicen leña y,3,complete-training RFECV,1,0.0,6.638354669333745
3425,3201,22280,utilizada la,2,complete-training RFECV,1,0.0,6.638354669333745
3426,3207,22310,utilizar leña,2,complete-training RFECV,1,0.0,5.385591700838378
3427,3209,22312,utilizará,1,complete-training RFECV,1,0.0,6.638354669333745
3428,3211,22314,utilizará la metodología,3,complete-training RFECV,1,0.0,6.638354669333745
3429,3214,22333,valor permitido será,3,complete-training RFECV,1,0.0,6.638354669333745
3430,3226,22391,varias actividades económicas,3,complete-training RFECV,1,0.0,6.638354669333745
3431,3251,22576,vigencia las,2,complete-training RFECV,1,0.0,5.945207488773801
3432,3252,22577,vigencia las disposiciones,3,complete-training RFECV,1,0.0,5.945207488773801
3433,3255,22592,vigentes en,2,complete-training RFECV,1,0.0,6.638354669333745
3434,3267,22675,vías por,2,complete-training RFECV,1,0.0,6.638354669333745
3435,3271,22690,wgs84,1,complete-training RFECV,1,0.0,6.638354669333745
3436,3280,22728,y actividades deportivas,3,complete-training RFECV,1,0.0,6.232889561225582
3437,3289,22817,y concientización,2,complete-training RFECV,1,0.0,6.638354669333745
3438,3293,22844,y cumplir,2,complete-training RFECV,1,0.0,6.232889561225582
3439,3294,22846,y cuya,2,complete-training RFECV,1,0.0,5.945207488773801
3440,3318,22989,y horarios exclusivos,3,complete-training RFECV,1,0.0,6.638354669333745
3441,3321,22998,y la de,3,complete-training RFECV,1,0.0,6.638354669333745
3442,3328,23027,y lugares,2,complete-training RFECV,1,0.0,6.638354669333745
3443,3330,23030,y límites máximos,3,complete-training RFECV,1,0.0,6.638354669333745
3444,3331,23031,y maquinaria,2,complete-training RFECV,1,0.0,6.638354669333745
3445,3332,23042,y medidas a,3,complete-training RFECV,1,0.0,6.638354669333745
3446,3333,23046,y menos contaminantes,3,complete-training RFECV,1,0.0,6.638354669333745
3447,3335,23052,y monóxido,2,complete-training RFECV,1,0.0,5.722063937459591
3448,3337,23062,y mp2 medidas,3,complete-training RFECV,1,0.0,6.638354669333745
3449,3341,23083,y o ampliación,3,complete-training RFECV,1,0.0,6.638354669333745
3450,3359,23152,y previa,2,complete-training RFECV,1,0.0,6.232889561225582
3451,3360,23155,y principalmente por,3,complete-training RFECV,1,0.0,6.638354669333745
3452,3361,23162,y productividad,2,complete-training RFECV,1,0.0,6.638354669333745
3453,3362,23163,y productividad perdida,3,complete-training RFECV,1,0.0,6.638354669333745
3454,3364,23167,y publique en,3,complete-training RFECV,1,0.0,6.638354669333745
3455,3372,23199,y resultados,2,complete-training RFECV,1,0.0,6.638354669333745
3456,3374,23202,y riesgos en,3,complete-training RFECV,1,0.0,6.638354669333745
3457,3378,23208,y sanción en,3,complete-training RFECV,1,0.0,6.232889561225582
3458,3382,23214,y sectores económicos,3,complete-training RFECV,1,0.0,6.638354669333745
3459,3385,23218,y servicios ambientales,3,complete-training RFECV,1,0.0,6.638354669333745
3460,3388,23223,y siguientes,2,complete-training RFECV,1,0.0,6.638354669333745
3461,3390,23228,y so2,2,complete-training RFECV,1,0.0,6.232889561225582
3462,3391,23229,y so2 a,3,complete-training RFECV,1,0.0,6.638354669333745
3463,3392,23231,y social,2,complete-training RFECV,1,0.0,6.638354669333745
3464,3394,23234,y sociedad civil,3,complete-training RFECV,1,0.0,6.638354669333745
3465,3402,23250,y sus emisiones,3,complete-training RFECV,1,0.0,6.638354669333745
3466,3405,23253,y sus modifinse,3,complete-training RFECV,1,0.0,6.638354669333745
3467,3406,23255,y sus precursores,3,complete-training RFECV,1,0.0,6.638354669333745
3468,3407,23258,y talagante,2,complete-training RFECV,1,0.0,6.638354669333745
3469,3409,23262,y tecnologías,2,complete-training RFECV,1,0.0,6.638354669333745
3470,3412,23266,y telecomunicaciones conforme,3,complete-training RFECV,1,0.0,5.945207488773801
3471,3413,23268,y telecomunicaciones deberá,3,complete-training RFECV,1,0.0,6.638354669333745
3472,3415,23271,y telecomunicaciones diseñará,3,complete-training RFECV,1,0.0,6.638354669333745
3473,3416,23272,y telecomunicaciones en,3,complete-training RFECV,1,0.0,5.945207488773801
3474,3417,23273,y telecomunicaciones evaluarán,3,complete-training RFECV,1,0.0,6.638354669333745
3475,3418,23274,y telecomunicaciones propondrá,3,complete-training RFECV,1,0.0,6.638354669333745
3476,3419,23275,y telecomunicaciones que,3,complete-training RFECV,1,0.0,6.638354669333745
3477,3420,23276,y telecomunicaciones rm,3,complete-training RFECV,1,0.0,5.945207488773801
3478,3421,23278,y telecomunicaciones y,3,complete-training RFECV,1,0.0,5.722063937459591
3479,3422,23279,y todos,2,complete-training RFECV,1,0.0,6.638354669333745
3480,3423,23281,y transporte,2,complete-training RFECV,1,0.0,6.232889561225582
3481,3424,23282,y transporte de,3,complete-training RFECV,1,0.0,6.638354669333745
3482,3425,23283,y transporte urbano,3,complete-training RFECV,1,0.0,6.638354669333745
3483,3430,23289,y un anexo,3,complete-training RFECV,1,0.0,6.638354669333745
3484,3433,23295,y una razón,3,complete-training RFECV,1,0.0,6.638354669333745
3485,3436,23299,y urbanismo el,3,complete-training RFECV,1,0.0,6.232889561225582
3486,3437,23300,y urbanismo evaluará,3,complete-training RFECV,1,0.0,6.638354669333745
3487,3438,23301,y urbanismo podrá,3,complete-training RFECV,1,0.0,6.638354669333745
3488,3441,23306,y urbanización,2,complete-training RFECV,1,0.0,6.638354669333745
3489,3445,23310,y vasculares,2,complete-training RFECV,1,0.0,6.638354669333745
3490,3446,23311,y vasculares desarrollo,3,complete-training RFECV,1,0.0,6.638354669333745
3491,3447,23312,y vehículos,2,complete-training RFECV,1,0.0,6.638354669333745
3492,3451,23323,ya mencionados,2,complete-training RFECV,1,0.0,6.638354669333745
3493,3452,23325,ya no,2,complete-training RFECV,1,0.0,6.638354669333745
3494,3456,23334,zona de cobertura,3,complete-training RFECV,1,0.0,6.638354669333745
3495,3459,23338,zona latente por,3,complete-training RFECV,1,0.0,5.945207488773801
3496,3461,23340,zona saturada hecha,3,complete-training RFECV,1,0.0,6.638354669333745
3497,3466,23351,zona y se,3,complete-training RFECV,1,0.0,6.638354669333745
3498,3469,23361,µg m3 con,3,complete-training RFECV,1,0.0,6.638354669333745
3499,3472,23364,µg m3 requerida,3,complete-training RFECV,1,0.0,6.638354669333745
3500,3473,23367,ámbito,1,complete-training RFECV,1,0.0,6.232889561225582
3501,3478,23373,árbol,1,complete-training RFECV,1,0.0,6.638354669333745
3502,3483,23379,área,1,complete-training RFECV,1,0.0,6.232889561225582
3503,3484,23380,área geográfi,2,complete-training RFECV,1,0.0,6.638354669333745
3504,3485,23381,área geográfi si,3,complete-training RFECV,1,0.0,6.638354669333745
3505,3490,23388,áreas y,2,complete-training RFECV,1,0.0,6.638354669333745
3506,3491,23389,áreas y espacios,3,complete-training RFECV,1,0.0,6.638354669333745
3507,3492,23391,énfasis en,2,complete-training RFECV,1,0.0,6.638354669333745
3508,3494,23393,época,1,complete-training RFECV,1,0.0,6.638354669333745
3509,3495,23394,época del,2,complete-training RFECV,1,0.0,6.638354669333745
3510,3499,23398,épocas de estabilidad,3,complete-training RFECV,1,0.0,6.638354669333745
3511,3500,23399,ésta,1,complete-training RFECV,1,0.0,6.638354669333745
3512,3505,23405,éstas podrán,2,complete-training RFECV,1,0.0,6.638354669333745
3513,3506,23406,éstas podrán efectuarlo,3,complete-training RFECV,1,0.0,6.638354669333745
3514,3508,23409,éste deberá incorporar,3,complete-training RFECV,1,0.0,6.638354669333745
3515,3509,23411,éste se encuentre,3,complete-training RFECV,1,0.0,6.638354669333745
3516,3511,23420,índice,1,complete-training RFECV,1,0.0,6.638354669333745
3517,3515,23424,íntegra o,2,complete-training RFECV,1,0.0,6.638354669333745
3518,3516,23432,óxidos,1,complete-training RFECV,1,0.0,6.232889561225582
3519,3517,23435,última,1,complete-training RFECV,1,0.0,6.638354669333745
3520,3520,23443,último responsable,2,complete-training RFECV,1,0.0,6.638354669333745
3521,3521,23447,últimos años en,3,complete-training RFECV,1,0.0,6.638354669333745
3522,3522,23452,única,1,complete-training RFECV,1,0.0,5.722063937459591
3523,3523,23453,única contemplada,2,complete-training RFECV,1,0.0,6.638354669333745
