feature_index,ngram_text,ngram_length,idf_value
0,000,1,6.232889561225582
1,000 biciestacionamientos,2,6.638354669333745
2,000 biciestacionamientos públicos,3,6.638354669333745
3,000 cerros,2,6.638354669333745
4,000 cerros roble,3,6.638354669333745
5,013,1,6.638354669333745
6,013 mm,2,6.638354669333745
7,013 mm usd,3,6.638354669333745
8,10,1,4.692444520278432
9,10 850,2,6.638354669333745
10,10 850 uf,3,6.638354669333745
11,10 años,2,5.722063937459591
12,10 años atribuibles,3,6.638354669333745
13,10 años desde,3,6.638354669333745
14,10 años tipo,3,6.638354669333745
15,10 años11,2,6.638354669333745
16,10 años11 atribuibles,3,6.638354669333745
17,10 de,2,6.638354669333745
18,10 de 2012,3,6.638354669333745
19,10 del,2,6.638354669333745
20,10 del 47,3,6.638354669333745
21,10 es,2,6.638354669333745
22,10 es un,3,6.638354669333745
23,10 mwt,2,6.638354669333745
24,10 mwt deberán,3,6.638354669333745
25,10 según,2,6.638354669333745
26,10 según corresponda,3,6.638354669333745
27,10 µg,2,6.232889561225582
28,10 µg m3,3,6.232889561225582
29,100,1,6.232889561225582
30,100 de,2,6.638354669333745
31,100 de 1990,3,6.638354669333745
32,100 m3,2,6.638354669333745
33,100 m3 deberán,3,6.638354669333745
34,102,1,5.945207488773801
35,102 del,2,5.945207488773801
36,102 del presente,3,5.945207488773801
37,1065,1,5.945207488773801
38,1065 procedures,2,5.945207488773801
39,1065 procedures code,3,5.945207488773801
40,11,1,5.539742380665636
41,11 a,2,6.638354669333745
42,11 a superficie,3,6.638354669333745
43,11 de,2,6.638354669333745
44,11 de 2008,3,6.638354669333745
45,11 estaciones,2,6.638354669333745
46,11 estaciones a,3,6.638354669333745
47,11 muestra,2,6.638354669333745
48,11 muestra en,3,6.638354669333745
49,11 supuestos,2,6.638354669333745
50,11 supuestos generales,3,6.638354669333745
51,112,1,6.638354669333745
52,112 de,2,6.638354669333745
53,112 de 2002,3,6.638354669333745
54,113,1,6.638354669333745
55,113 de,2,6.638354669333745
56,113 de 2002,3,6.638354669333745
57,114,1,6.638354669333745
58,114 de,2,6.638354669333745
59,114 de 2002,3,6.638354669333745
60,115,1,6.232889561225582
61,115 clp,2,6.638354669333745
62,115 de,2,6.638354669333745
63,115 de 2002,3,6.638354669333745
64,1171,1,6.232889561225582
65,1171 de,2,6.232889561225582
66,1171 de 2014,3,6.232889561225582
67,12,1,3.9992973397184874
68,12 413,2,6.638354669333745
69,12 413 casos,3,6.638354669333745
70,12 años,2,6.638354669333745
71,12 de,2,5.539742380665636
72,12 de 2011,3,5.539742380665636
73,12 los,2,6.638354669333745
74,12 los beneficios,3,6.638354669333745
75,12 meses,2,4.286979412170268
76,12 meses a,3,6.232889561225582
77,12 meses contados,3,5.722063937459591
78,12 meses de,3,6.638354669333745
79,12 meses desde,3,5.2520603082138555
80,12 meses después,3,6.232889561225582
81,12 meses siguientes,3,5.722063937459591
82,120,1,6.638354669333745
83,120 µg,2,6.638354669333745
84,120 µg m3,3,6.638354669333745
85,13,1,5.2520603082138555
86,13 aprobada,2,6.638354669333745
87,13 aprobada mediante,3,6.638354669333745
88,13 de,2,5.539742380665636
89,13 de 2011,3,6.232889561225582
90,13 de de,3,6.638354669333745
91,13 de septiembre,3,6.232889561225582
92,13 del,2,6.638354669333745
93,13 del artículo,3,6.638354669333745
94,131,1,5.722063937459591
95,131 de,2,5.722063937459591
96,131 de 1996,3,5.722063937459591
97,135,1,6.638354669333745
98,135 letra,2,6.638354669333745
99,135 letra del,3,6.638354669333745
100,136,1,6.638354669333745
101,136 letra,2,6.638354669333745
102,136 letra del,3,6.638354669333745
103,14,1,5.2520603082138555
104,14 compensando,2,6.638354669333745
105,14 compensando estas,3,6.638354669333745
106,14 de,2,6.232889561225582
107,14 de acuerdo,3,6.638354669333745
108,14 de la,3,6.638354669333745
109,14 incluido,2,6.638354669333745
110,14 incluido en,3,6.638354669333745
111,14 para,2,6.638354669333745
112,14 para los,3,6.638354669333745
113,14 se,2,5.945207488773801
114,14 se deberá,3,5.945207488773801
115,140,1,6.638354669333745
116,140 674,2,6.638354669333745
117,140 674 habitantes,3,6.638354669333745
118,149,1,6.638354669333745
119,149 de,2,6.638354669333745
120,149 de 2006,3,6.638354669333745
121,15,1,4.7665524924321545
122,15 16,2,6.638354669333745
123,15 16 disponibles,3,6.638354669333745
124,15 554,2,6.638354669333745
125,15 554 km2,3,6.638354669333745
126,15 de,2,5.722063937459591
127,15 de diciembre,3,6.232889561225582
128,15 de octubre,3,6.638354669333745
129,15 de septiembre,3,6.638354669333745
130,15 días,2,5.722063937459591
131,15 días después,3,6.638354669333745
132,15 días para,3,5.945207488773801
133,15 manual,2,6.638354669333745
134,15 manual de,3,6.638354669333745
135,15 minutos,2,6.638354669333745
136,15 minutos continuos,3,6.638354669333745
137,150,1,6.638354669333745
138,150 µg,2,6.638354669333745
139,150 µg m3,3,6.638354669333745
140,16,1,6.232889561225582
141,16 de,2,6.638354669333745
142,16 de 1998,3,6.638354669333745
143,16 disponibles,2,6.638354669333745
144,16 disponibles en,3,6.638354669333745
145,160,1,6.638354669333745
146,160 de,2,6.638354669333745
147,160 de 2008,3,6.638354669333745
148,17,1,5.945207488773801
149,17 debiendo,2,6.638354669333745
150,17 debiendo informarse,3,6.638354669333745
151,17 disponible,2,6.638354669333745
152,17 disponible en,3,6.638354669333745
153,17 y,2,6.638354669333745
154,17 y vi,3,6.638354669333745
155,174,1,6.638354669333745
156,174 de,2,6.638354669333745
157,174 de 2001,3,6.638354669333745
158,177,1,6.638354669333745
159,177 de,2,6.638354669333745
160,177 de 2016,3,6.638354669333745
161,18,1,5.539742380665636
162,18 de,2,6.232889561225582
163,18 de 2001,3,6.232889561225582
164,18 meses,2,5.945207488773801
165,18 meses de,3,6.638354669333745
166,18 meses para,3,6.638354669333745
167,18 meses siguientes,3,6.638354669333745
168,19,1,5.722063937459591
169,19 300,2,5.945207488773801
170,19 300 sobre,3,6.232889561225582
171,19 300 y,3,6.638354669333745
172,19 kw,2,6.638354669333745
173,19 kw e,3,6.638354669333745
174,1990,1,6.638354669333745
175,1990 del,2,6.638354669333745
176,1990 del ministerio,3,6.638354669333745
177,1992,1,5.722063937459591
178,1992 del,2,5.722063937459591
179,1992 del ministerio,3,5.722063937459591
180,1993,1,6.638354669333745
181,1993 del,2,6.638354669333745
182,1993 del ministerio,3,6.638354669333745
183,1995,1,6.232889561225582
184,1995 de,2,6.638354669333745
185,1995 de minsegpres,3,6.638354669333745
186,1995 gasolina,2,6.638354669333745
187,1995 gasolina para,3,6.638354669333745
188,1996,1,5.722063937459591
189,1996 de,2,6.638354669333745
190,1996 de minsegpres,3,6.638354669333745
191,1996 del,2,5.945207488773801
192,1996 del ministerio,3,6.232889561225582
193,1996 del mismo,3,6.638354669333745
194,1996 ds,2,6.638354669333745
195,1996 ds 131,3,6.638354669333745
196,1997,1,5.945207488773801
197,1997 a,2,6.638354669333745
198,1997 a la,3,6.638354669333745
199,1997 del,2,6.638354669333745
200,1997 del ministerio,3,6.638354669333745
201,1997 y,2,6.638354669333745
202,1997 y trianuales,3,6.638354669333745
203,1998,1,5.028916756899646
204,1998 al,2,6.638354669333745
205,1998 al 2015,3,6.638354669333745
206,1998 de,2,5.539742380665636
207,1998 de minsegpres,3,5.539742380665636
208,1998 del,2,6.232889561225582
209,1998 del ministerio,3,6.232889561225582
210,1998 diversos,2,6.638354669333745
211,1998 diversos estudios,3,6.638354669333745
212,1999,1,5.539742380665636
213,1999 del,2,6.232889561225582
214,1999 del ministerio,3,6.232889561225582
215,1999 hasta,2,6.638354669333745
216,1999 hasta el,3,6.638354669333745
217,1999 petróleo,2,6.638354669333745
218,1999 petróleo combustible,3,6.638354669333745
219,1º,1,6.232889561225582
220,1º de,2,6.638354669333745
221,1º de mayo,3,6.638354669333745
222,1º el,2,6.638354669333745
223,1º el petróleo,3,6.638354669333745
224,20,1,5.385591700838378
225,20 mm,2,6.638354669333745
226,20 mm para,3,6.638354669333745
227,20 mwt,2,6.232889561225582
228,20 mwt podrán,3,6.638354669333745
229,20 mwt y,3,6.638354669333745
230,20 según,2,6.638354669333745
231,20 según corresponda,3,6.638354669333745
232,20 µg,2,6.232889561225582
233,20 µg m3,3,6.232889561225582
234,200,1,6.232889561225582
235,200 cerro,2,6.638354669333745
236,200 cerro ramón,3,6.638354669333745
237,200 de,2,6.638354669333745
238,200 de altitud,3,6.638354669333745
239,2000,1,5.385591700838378
240,2000 del,2,5.722063937459591
241,2000 del ministerio,3,5.722063937459591
242,2000 kerosene,2,6.638354669333745
243,2000 kerosene requisitos,3,6.638354669333745
244,2000 petróleo,2,6.638354669333745
245,2000 petróleo diésel,3,6.638354669333745
246,2001,1,5.945207488773801
247,2001 de,2,6.638354669333745
248,2001 de la,3,6.638354669333745
249,2001 del,2,5.945207488773801
250,2001 del ministerio,3,5.945207488773801
251,2002,1,5.539742380665636
252,2002 del,2,6.232889561225582
253,2002 del ministerio,3,6.232889561225582
254,2002 mediciones,2,6.638354669333745
255,2002 mediciones realizadas,3,6.638354669333745
256,2002 tragüen,2,6.638354669333745
257,2002 tragüen y,3,6.638354669333745
258,2003,1,6.638354669333745
259,2003 y,2,6.638354669333745
260,2003 y el,3,6.638354669333745
261,2004,1,6.638354669333745
262,2004 proyectado,2,6.638354669333745
263,2004 proyectado según,3,6.638354669333745
264,2005,1,5.722063937459591
265,2005 combustible,2,6.232889561225582
266,2005 combustible sólido,3,6.232889561225582
267,2005 del,2,6.232889561225582
268,2005 del ministerio,3,6.232889561225582
269,2006,1,6.232889561225582
270,2006 del,2,6.638354669333745
271,2006 del ministerio,3,6.638354669333745
272,2006 permitió,2,6.638354669333745
273,2006 permitió identificar,3,6.638354669333745
274,2007,1,6.638354669333745
275,2008,1,5.722063937459591
276,2008 de,2,6.638354669333745
277,2008 de la,3,6.638354669333745
278,2008 del,2,6.232889561225582
279,2008 del ministerio,3,6.232889561225582
280,2008 se,2,6.638354669333745
281,2008 se incluye,3,6.638354669333745
282,2009,1,4.4982885058374755
283,2009 ambos,2,6.638354669333745
284,2009 ambos del,3,6.638354669333745
285,2009 de,2,5.385591700838378
286,2009 de minsegpres,3,5.539742380665636
287,2009 del,2,5.539742380665636
288,2009 del ministerio,3,6.232889561225582
289,2009 del minsegpres,3,5.945207488773801
290,2009 minsegpres,2,6.638354669333745
291,2009 que,2,6.232889561225582
292,2009 que revisa,3,6.232889561225582
293,2009 se,2,6.638354669333745
294,2009 se suman,3,6.638354669333745
295,2011,1,4.93360657709532
296,2011 biocombustibles,2,6.638354669333745
297,2011 biocombustibles sólidos,3,6.638354669333745
298,2011 de,2,6.638354669333745
299,2011 de ministerio,3,6.638354669333745
300,2011 del,2,5.134277272557472
301,2011 del ministerio,3,5.134277272557472
302,2012,1,5.945207488773801
303,2012 del,2,5.945207488773801
304,2012 del ministerio,3,5.945207488773801
305,2013,1,5.945207488773801
306,2013 2015,2,6.232889561225582
307,2013 2015 ministerio,3,6.232889561225582
308,2013 del,2,6.638354669333745
309,2013 del ministerio,3,6.638354669333745
310,2014,1,5.385591700838378
311,2014 del,2,5.539742380665636
312,2014 del consejo,3,6.638354669333745
313,2014 del ministerio,3,5.722063937459591
314,2014 geasur,2,6.638354669333745
315,2014 geasur 2015,3,6.638354669333745
316,2014 y,2,6.638354669333745
317,2014 y los,3,6.638354669333745
318,2015,1,4.623451648791481
319,2015 como,2,6.232889561225582
320,2015 como año,3,6.638354669333745
321,2015 como uno,3,6.638354669333745
322,2015 de,2,6.638354669333745
323,2015 de 140,3,6.638354669333745
324,2015 del,2,5.945207488773801
325,2015 del ministerio,3,6.232889561225582
326,2015 del mismo,3,6.638354669333745
327,2015 es,2,6.638354669333745
328,2015 es en,3,6.638354669333745
329,2015 ministerio,2,6.232889561225582
330,2015 ministerio del,3,6.232889561225582
331,2015 que,2,6.638354669333745
332,2015 que los,3,6.638354669333745
333,2015 se,2,6.638354669333745
334,2015 se han,3,6.638354669333745
335,2015 y,2,6.232889561225582
336,2015 y el,3,6.638354669333745
337,2015 y poch,3,6.638354669333745
338,2016,1,5.2520603082138555
339,2016 2017,2,6.638354669333745
340,2016 2017 y,3,6.638354669333745
341,2016 del,2,5.945207488773801
342,2016 del ministerio,3,5.945207488773801
343,2016 podemos,2,6.638354669333745
344,2016 podemos indicar,3,6.638354669333745
345,2016 y,2,6.638354669333745
346,2016 y que,3,6.638354669333745
347,2017,1,5.945207488773801
348,2017 y,2,6.232889561225582
349,2017 y 2026,3,6.638354669333745
350,2017 y en,3,6.638354669333745
351,2018,1,6.638354669333745
352,2019,1,6.232889561225582
353,2019 ante,2,6.638354669333745
354,2019 ante la,3,6.638354669333745
355,2019 siempre,2,6.638354669333745
356,2019 siempre y,3,6.638354669333745
357,2020,1,5.722063937459591
358,2020 el,2,6.232889561225582
359,2020 el listado,3,6.638354669333745
360,2020 el ministerio,3,6.638354669333745
361,2020 la,2,6.638354669333745
362,2020 la maquinaria,3,6.638354669333745
363,2020 para,2,6.638354669333745
364,2020 para los,3,6.638354669333745
365,2022,1,6.638354669333745
366,2022 la,2,6.638354669333745
367,2022 la maquinaria,3,6.638354669333745
368,2024,1,6.232889561225582
369,2024 los,2,6.638354669333745
370,2024 los grupos,3,6.638354669333745
371,2024 y,2,6.638354669333745
372,2024 y 2025,3,6.638354669333745
373,2025,1,5.945207488773801
374,2025 de,2,6.638354669333745
375,2025 de la,3,6.638354669333745
376,2025 respectivamente,2,6.638354669333745
377,2025 respectivamente con,3,6.638354669333745
378,2026,1,6.232889561225582
379,2026 con,2,6.638354669333745
380,2026 con un,3,6.638354669333745
381,2026 tal,2,6.638354669333745
382,2026 tal como,3,6.638354669333745
383,20mwt,1,6.638354669333745
384,20mwt deberán,2,6.638354669333745
385,20mwt deberán acreditar,3,6.638354669333745
386,21,1,6.638354669333745
387,21 con,2,6.638354669333745
388,21 con el,3,6.638354669333745
389,215,1,6.638354669333745
390,215 14,2,6.638354669333745
391,215 14 de,3,6.638354669333745
392,218,1,5.945207488773801
393,218 de,2,5.945207488773801
394,218 de 2015,3,5.945207488773801
395,22,1,6.638354669333745
396,22 de,2,6.638354669333745
397,22 de 15,3,6.638354669333745
398,23,1,5.722063937459591
399,23 de,2,5.722063937459591
400,23 de noviembre,3,6.232889561225582
401,23 de septiembre,3,6.232889561225582
402,237,1,6.638354669333745
403,237 para,2,6.638354669333745
404,237 para el,3,6.638354669333745
405,24,1,4.441130091997526
406,24 de,2,6.638354669333745
407,24 de diciembre,3,6.638354669333745
408,24 horas,2,5.2520603082138555
409,24 horas a,3,6.638354669333745
410,24 horas así,3,6.638354669333745
411,24 horas p98,3,6.638354669333745
412,24 horas p99,3,6.638354669333745
413,24 horas para,3,6.232889561225582
414,24 horas y,3,6.638354669333745
415,24 meses,2,5.028916756899646
416,24 meses a,3,6.638354669333745
417,24 meses contados,3,5.945207488773801
418,24 meses desde,3,6.232889561225582
419,24 meses para,3,6.638354669333745
420,24 meses siguientes,3,6.638354669333745
421,24 meses y,3,6.638354669333745
422,25,1,5.539742380665636
423,25 115,2,6.638354669333745
424,25 115 clp,3,6.638354669333745
425,25 años,2,6.638354669333745
426,25 años de,3,6.638354669333745
427,25 kw,2,6.638354669333745
428,25 kw de,3,6.638354669333745
429,25 medida,2,6.638354669333745
430,25 medida en,3,6.638354669333745
431,25 y,2,6.638354669333745
432,25 y atm,3,6.638354669333745
433,30,1,5.2520603082138555
434,30 de,2,6.638354669333745
435,30 de junio,3,6.638354669333745
436,30 días,2,6.232889561225582
437,30 días desde,3,6.638354669333745
438,30 días después,3,6.638354669333745
439,30 litros,2,6.638354669333745
440,30 litros deberán,3,6.638354669333745
441,30 mg,2,6.638354669333745
442,30 mg m3n,3,6.638354669333745
443,30 ppm,2,6.638354669333745
444,30 ppm de,3,6.638354669333745
445,300,1,5.385591700838378
446,300 kilómetros,2,6.638354669333745
447,300 kilómetros de,3,6.638354669333745
448,300 kwt,2,6.232889561225582
449,300 kwt deberán,3,6.638354669333745
450,300 kwt las,3,6.638354669333745
451,300 sobre,2,6.232889561225582
452,300 sobre bases,3,6.232889561225582
453,300 y,2,6.638354669333745
454,300 y el,3,6.638354669333745
455,31,1,5.2520603082138555
456,31 de,2,5.2520603082138555
457,31 de 2016,3,6.232889561225582
458,31 de agosto,3,5.722063937459591
459,31 de diciembre,3,6.638354669333745
460,34,1,6.638354669333745
461,34 comunas,2,6.638354669333745
462,34 comunas sólo,3,6.638354669333745
463,36,1,5.2520603082138555
464,36 37,2,6.638354669333745
465,36 37 38,3,6.638354669333745
466,36 meses,2,5.722063937459591
467,36 meses desde,3,5.722063937459591
468,36 y,2,6.232889561225582
469,36 y 37,3,6.638354669333745
470,36 y artículo,3,6.638354669333745
471,361,1,6.232889561225582
472,361 de,2,6.232889561225582
473,361 de 1999,3,6.638354669333745
474,361 de fecha,3,6.638354669333745
475,37,1,5.945207488773801
476,37 38,2,6.638354669333745
477,37 38 40,3,6.638354669333745
478,37 del,2,6.232889561225582
479,37 del presente,3,6.232889561225582
480,373,1,5.722063937459591
481,373 de,2,5.945207488773801
482,373 de 2000,3,6.638354669333745
483,373 de fecha,3,6.232889561225582
484,373 del,2,6.638354669333745
485,373 del 2000,3,6.638354669333745
486,38,1,5.945207488773801
487,38 40,2,6.638354669333745
488,38 40 y,3,6.638354669333745
489,38 de,2,6.638354669333745
490,38 de emisiones,3,6.638354669333745
491,38 y,2,6.638354669333745
492,38 y el,3,6.638354669333745
493,39,1,5.385591700838378
494,39 de,2,5.539742380665636
495,39 de 2011,3,6.232889561225582
496,39 de 2012,3,6.232889561225582
497,39 de emisiones,3,6.638354669333745
498,39 del,2,6.638354669333745
499,39 del presente,3,6.638354669333745
500,40,1,5.385591700838378
501,40 del,2,6.232889561225582
502,40 del código,3,6.638354669333745
503,40 del presente,3,6.638354669333745
504,40 part,2,5.945207488773801
505,40 part 1065,3,5.945207488773801
506,40 y,2,6.638354669333745
507,40 y 41,3,6.638354669333745
508,41,1,6.638354669333745
509,41 anteriores,2,6.638354669333745
510,41 anteriores de,3,6.638354669333745
511,411,1,6.638354669333745
512,411 habitantes,2,6.638354669333745
513,411 habitantes al,3,6.638354669333745
514,413,1,6.638354669333745
515,413 casos,2,6.638354669333745
516,413 casos evitados,3,6.638354669333745
517,42,1,6.232889561225582
518,42 del,2,6.232889561225582
519,42 del presente,3,6.232889561225582
520,43,1,6.232889561225582
521,43 del,2,6.232889561225582
522,43 del presente,3,6.232889561225582
523,47,1,6.232889561225582
524,47 de,2,6.232889561225582
525,47 de 1992,3,6.232889561225582
526,48,1,6.638354669333745
527,48 debiendo,2,6.638354669333745
528,48 debiendo medirse,3,6.638354669333745
529,49,1,6.638354669333745
530,49 seguido,2,6.638354669333745
531,49 seguido por,3,6.638354669333745
532,50,1,5.539742380665636
533,50 del,2,6.638354669333745
534,50 del material,3,6.638354669333745
535,50 kilowatts,2,6.638354669333745
536,50 kilowatts kw,3,6.638354669333745
537,50 ppm,2,6.638354669333745
538,50 ppm de,3,6.638354669333745
539,50 toneladas,2,6.638354669333745
540,50 toneladas anuales,3,6.638354669333745
541,50 µg,2,6.638354669333745
542,50 µg m3,3,6.638354669333745
543,54,1,6.232889561225582
544,54 de,2,6.638354669333745
545,54 de 1997,3,6.638354669333745
546,54 deberán,2,6.638354669333745
547,54 deberán estar,3,6.638354669333745
548,55,1,6.638354669333745
549,55 del,2,6.638354669333745
550,55 del ds,3,6.638354669333745
551,554,1,6.638354669333745
552,554 km2,2,6.638354669333745
553,554 km2 donde,3,6.638354669333745
554,56,1,6.638354669333745
555,56 kw,2,6.638354669333745
556,56 kw e,3,6.638354669333745
557,560,1,6.232889561225582
558,560 kw,2,6.232889561225582
559,560 kw se,3,6.638354669333745
560,560 kw si,3,6.638354669333745
561,569,1,6.232889561225582
562,569 de,2,6.232889561225582
563,569 de fecha,3,6.232889561225582
564,58,1,5.722063937459591
565,58 de,2,6.638354669333745
566,58 de 2003,3,6.638354669333745
567,59,1,5.539742380665636
568,59 de,2,5.539742380665636
569,59 de 1998,3,5.539742380665636
570,60,1,5.539742380665636
571,60 de,2,6.638354669333745
572,60 de emisiones,3,6.638354669333745
573,60 del,2,6.638354669333745
574,60 del ds,3,6.638354669333745
575,60 kilómetros,2,6.638354669333745
576,60 kilómetros de,3,6.638354669333745
577,600,1,6.638354669333745
578,600 de,2,6.638354669333745
579,600 de 2008,3,6.638354669333745
580,606,1,6.638354669333745
581,606 de,2,6.638354669333745
582,606 de fecha,3,6.638354669333745
583,61,1,5.722063937459591
584,61 del,2,6.232889561225582
585,61 del presente,3,6.232889561225582
586,63,1,5.2520603082138555
587,63 al,2,6.638354669333745
588,63 al 65,3,6.638354669333745
589,63 del,2,5.945207488773801
590,63 del presente,3,5.945207488773801
591,63 mediante,2,6.638354669333745
592,63 mediante mantención,3,6.638354669333745
593,63 se,2,6.638354669333745
594,63 se fomentará,3,6.638354669333745
595,63 y,2,6.638354669333745
596,63 y siguientes,3,6.638354669333745
597,65,1,6.638354669333745
598,65 del,2,6.638354669333745
599,65 del presente,3,6.638354669333745
600,66,1,4.623451648791481
601,66 de,2,4.692444520278432
602,66 de 2009,3,4.7665524924321545
603,66 de de,3,6.638354669333745
604,66 del,2,6.638354669333745
605,66 del 2009,3,6.638354669333745
606,67,1,5.722063937459591
607,67 de,2,5.945207488773801
608,67 de 2014,3,5.945207488773801
609,67 siendo,2,6.638354669333745
610,67 siendo este,3,6.638354669333745
611,674,1,6.638354669333745
612,674 habitantes,2,6.638354669333745
613,674 habitantes con,3,6.638354669333745
614,684,1,6.638354669333745
615,684 clp,2,6.638354669333745
616,684 clp tipo,3,6.638354669333745
617,80,1,5.539742380665636
618,80 de,2,6.638354669333745
619,80 de emisiones,3,6.638354669333745
620,80 ppm,2,6.638354669333745
621,80 ppm de,3,6.638354669333745
622,80 producido,2,6.638354669333745
623,80 producido por,3,6.638354669333745
624,811,1,6.638354669333745
625,811 de,2,6.638354669333745
626,811 de 1993,3,6.638354669333745
627,8178,1,6.638354669333745
628,8178 motores,2,6.638354669333745
629,8178 motores de,3,6.638354669333745
630,83,1,5.945207488773801
631,83 del,2,5.945207488773801
632,83 del presente,3,5.945207488773801
633,85,1,6.638354669333745
634,85 corresponde,2,6.638354669333745
635,85 corresponde a,3,6.638354669333745
636,850,1,6.638354669333745
637,850 uf,2,6.638354669333745
638,850 uf al,3,6.638354669333745
639,892,1,6.638354669333745
640,892 411,2,6.638354669333745
641,892 411 habitantes,3,6.638354669333745
642,90,1,6.638354669333745
643,90 del,2,6.638354669333745
644,90 del total,3,6.638354669333745
645,92,1,6.638354669333745
646,92 e,2,6.638354669333745
647,92 e industrial,3,6.638354669333745
648,94,1,6.638354669333745
649,94 de,2,6.638354669333745
650,94 de 1995,3,6.638354669333745
651,95,1,6.638354669333745
652,95 de,2,6.638354669333745
653,95 de emisiones,3,6.638354669333745
654,961,1,6.638354669333745
655,961 962,2,6.638354669333745
656,961 962 y,3,6.638354669333745
657,962,1,6.638354669333745
658,962 y,2,6.638354669333745
659,962 y 963,3,6.638354669333745
660,963,1,6.638354669333745
661,963 todas,2,6.638354669333745
662,963 todas de,3,6.638354669333745
663,965,1,6.638354669333745
664,965 mm,2,6.638354669333745
665,965 mm usd,3,6.638354669333745
666,977,1,6.638354669333745
667,977 mm,2,6.638354669333745
668,977 mm usd,3,6.638354669333745
669,98,1,6.638354669333745
670,98 para,2,6.638354669333745
671,98 para cada,3,6.638354669333745
672,a,1,1.790238304735265
673,a 10,2,6.638354669333745
674,a 10 mwt,3,6.638354669333745
675,a 100,2,6.638354669333745
676,a 100 m3,3,6.638354669333745
677,a 12,2,6.638354669333745
678,a 12 años,3,6.638354669333745
679,a 19,2,6.638354669333745
680,a 19 kw,3,6.638354669333745
681,a 20,2,6.232889561225582
682,a 20 mwt,3,6.232889561225582
683,a 20mwt,2,6.638354669333745
684,a 20mwt deberán,3,6.638354669333745
685,a 25,2,6.232889561225582
686,a 25 kw,3,6.638354669333745
687,a 25 y,3,6.638354669333745
688,a 30,2,6.638354669333745
689,a 30 litros,3,6.638354669333745
690,a 300,2,6.232889561225582
691,a 300 kwt,3,6.232889561225582
692,a 50,2,6.638354669333745
693,a 50 kilowatts,3,6.638354669333745
694,a 56,2,6.638354669333745
695,a 56 kw,3,6.638354669333745
696,a 560,2,6.232889561225582
697,a 560 kw,3,6.232889561225582
698,a 80,2,6.232889561225582
699,a agilizar,2,6.638354669333745
700,a agilizar los,3,6.638354669333745
701,a aquel,2,6.232889561225582
702,a aquel gran,3,6.232889561225582
703,a aquella,2,6.638354669333745
704,a aquella unidad,3,6.638354669333745
705,a aquellos,2,6.638354669333745
706,a aquellos que,3,6.638354669333745
707,a cada,2,6.638354669333745
708,a cada fuente,3,6.638354669333745
709,a calderas,2,6.638354669333745
710,a calderas grupos,3,6.638354669333745
711,a cero,2,6.638354669333745
712,a cero dirección,3,6.638354669333745
713,a combustión,2,6.638354669333745
714,a combustión incompleta,3,6.638354669333745
715,a compensar,2,6.232889561225582
716,a compensar en,3,6.638354669333745
717,a compensar por,3,6.638354669333745
718,a concentraciones,2,6.638354669333745
719,a concentraciones de,3,6.638354669333745
720,a conocer,2,6.232889561225582
721,a conocer a,3,6.638354669333745
722,a conocer experiencias,3,6.638354669333745
723,a consecuencia,2,6.638354669333745
724,a consecuencia de,3,6.638354669333745
725,a contar,2,4.7665524924321545
726,a contar de,3,4.846595200105691
727,a contar del,3,6.638354669333745
728,a continuación,2,5.539742380665636
729,a continuación en,3,6.638354669333745
730,a dar,2,6.638354669333745
731,a dar a,3,6.638354669333745
732,a dicha,2,5.385591700838378
733,a dicha fecha,3,5.945207488773801
734,a dicha información,3,6.638354669333745
735,a dicha práctica,3,6.638354669333745
736,a dicha situación,3,6.638354669333745
737,a diferencia,2,6.638354669333745
738,a diferencia de,3,6.638354669333745
739,a disponibilidad,2,6.638354669333745
740,a disponibilidad presupuestaria,3,6.638354669333745
741,a diésel,2,6.638354669333745
742,a diésel como,3,6.638354669333745
743,a educar,2,6.638354669333745
744,a educar respecto,3,6.638354669333745
745,a efecto,2,6.638354669333745
746,a efecto por,3,6.638354669333745
747,a efectos,2,6.638354669333745
748,a efectos de,3,6.638354669333745
749,a escala,2,6.638354669333745
750,a escala residencial,3,6.638354669333745
751,a espacios,2,6.638354669333745
752,a espacios urbanizados,3,6.638354669333745
753,a esta,2,6.232889561225582
754,a esta exigencia,3,6.232889561225582
755,a establecimientos,2,6.638354669333745
756,a establecimientos de,3,6.638354669333745
757,a este,2,6.638354669333745
758,a este decreto,3,6.638354669333745
759,a estudios,2,6.638354669333745
760,a estudios realizados,3,6.638354669333745
761,a excepción,2,6.232889561225582
762,a excepción de,3,6.232889561225582
763,a fin,2,5.385591700838378
764,a fin de,3,5.385591700838378
765,a fuentes,2,6.232889561225582
766,a fuentes estacionarias,3,6.232889561225582
767,a gas,2,6.638354669333745
768,a gas natural,3,6.638354669333745
769,a gasolina,2,6.638354669333745
770,a gasolina plantas,3,6.638354669333745
771,a grandes,2,6.638354669333745
772,a grandes establecimientos,3,6.638354669333745
773,a impactos,2,6.638354669333745
774,a impactos en,3,6.638354669333745
775,a instalaciones,2,6.638354669333745
776,a instalaciones de,3,6.638354669333745
777,a inversión,2,6.638354669333745
778,a inversión y,3,6.638354669333745
779,a la,2,2.77762495829315
780,a la adecuada,3,6.638354669333745
781,a la agricultura,3,6.638354669333745
782,a la aplicación,3,6.232889561225582
783,a la atmósfera,3,6.638354669333745
784,a la calefacción,3,6.638354669333745
785,a la capacidad,3,6.638354669333745
786,a la ciudad,3,6.638354669333745
787,a la ciudadanía,3,6.232889561225582
788,a la comunidad,3,6.232889561225582
789,a la conectividad,3,6.638354669333745
790,a la consulta,3,6.638354669333745
791,a la corporación,3,6.638354669333745
792,a la descontaminación,3,6.638354669333745
793,a la disminución,3,6.638354669333745
794,a la educación,3,6.638354669333745
795,a la eficiencia,3,6.638354669333745
796,a la ejecución,3,6.638354669333745
797,a la emisiones,3,6.638354669333745
798,a la entrada,3,5.2520603082138555
799,a la especificación,3,6.638354669333745
800,a la evolución,3,6.638354669333745
801,a la excepción,3,6.638354669333745
802,a la exigencia,3,6.232889561225582
803,a la fase,3,6.638354669333745
804,a la fecha,3,4.93360657709532
805,a la gasolina,3,6.638354669333745
806,a la generación,3,6.232889561225582
807,a la hora,3,6.638354669333745
808,a la implementación,3,6.232889561225582
809,a la industria,3,6.638354669333745
810,a la medición,3,6.638354669333745
811,a la metodología,3,6.232889561225582
812,a la misma,3,6.638354669333745
813,a la nch2907,3,6.638354669333745
814,a la nch2965,3,6.638354669333745
815,a la nch3246,3,6.638354669333745
816,a la nch61,3,6.638354669333745
817,a la nch62,3,6.638354669333745
818,a la nch63,3,6.638354669333745
819,a la nch64,3,6.638354669333745
820,a la norma,3,5.945207488773801
821,a la normativa,3,5.539742380665636
822,a la potencia,3,6.638354669333745
823,a la prestación,3,5.945207488773801
824,a la prevención,3,6.638354669333745
825,a la propulsión,3,6.638354669333745
826,a la publicación,3,6.638354669333745
827,a la reducción,3,6.638354669333745
828,a la región,3,5.945207488773801
829,a la relación,3,6.638354669333745
830,a la secretaría,3,6.232889561225582
831,a la seremi,3,6.232889561225582
832,a la siguiente,3,5.945207488773801
833,a la situación,3,6.638354669333745
834,a la superación,3,6.638354669333745
835,a la superintendencia,3,5.028916756899646
836,a la sustentabilidad,3,6.638354669333745
837,a las,2,4.846595200105691
838,a las anteriores,3,6.638354669333745
839,a las aplicadas,3,6.638354669333745
840,a las emisiones,3,6.638354669333745
841,a las estipulaciones,3,6.638354669333745
842,a las exigencias,3,6.638354669333745
843,a las fuentes,3,6.638354669333745
844,a las medidas,3,6.232889561225582
845,a las normas,3,6.638354669333745
846,a las reducciones,3,6.638354669333745
847,a las tecnologías,3,6.638354669333745
848,a leña,2,5.134277272557472
849,a leña artefacto,3,6.638354669333745
850,a leña el,3,6.638354669333745
851,a leña en,3,6.638354669333745
852,a leña las,3,6.638354669333745
853,a leña pellet,3,6.638354669333745
854,a leña y,3,5.945207488773801
855,a lo,2,3.964206019907217
856,a lo dispuesto,3,4.846595200105691
857,a lo establecido,3,4.623451648791481
858,a lo estipulado,3,6.232889561225582
859,a lo exigido,3,6.638354669333745
860,a lo global,3,6.638354669333745
861,a lo indicado,3,5.945207488773801
862,a lo largo,3,6.638354669333745
863,a lo que,3,6.638354669333745
864,a lo reportado,3,6.638354669333745
865,a lo señalado,3,6.232889561225582
866,a los,2,3.897514645408545
867,a los 12,3,6.638354669333745
868,a los alimentos,3,6.638354669333745
869,a los beneficios,3,6.638354669333745
870,a los calefactores,3,6.638354669333745
871,a los consumidores,3,6.232889561225582
872,a los contaminantes,3,6.638354669333745
873,a los costos,3,6.232889561225582
874,a los criterios,3,6.638354669333745
875,a los exigidos,3,6.638354669333745
876,a los grandes,3,6.638354669333745
877,a los límites,3,6.638354669333745
878,a los mecanismos,3,6.638354669333745
879,a los meses,3,6.638354669333745
880,a los municipios,3,6.232889561225582
881,a los métodos,3,5.945207488773801
882,a los niveles,3,6.638354669333745
883,a los parámetros,3,6.638354669333745
884,a los plazos,3,6.638354669333745
885,a los procedimientos,3,6.638354669333745
886,a los que,3,6.638354669333745
887,a los servicios,3,6.638354669333745
888,a los sistemas,3,6.638354669333745
889,a los valores,3,6.232889561225582
890,a los ya,3,6.638354669333745
891,a miembros,2,6.638354669333745
892,a miembros de,3,6.638354669333745
893,a minutos,2,6.638354669333745
894,a motores,2,6.638354669333745
895,a motores de,3,6.638354669333745
896,a mwt,2,5.945207488773801
897,a mwt que,3,6.232889561225582
898,a mwt y,3,6.638354669333745
899,a nivel,2,6.638354669333745
900,a nivel agregado,3,6.638354669333745
901,a nuevas,2,6.638354669333745
902,a nuevas inscripciones,3,6.638354669333745
903,a nuevos,2,6.638354669333745
904,a nuevos productos,3,6.638354669333745
905,a o,2,6.232889561225582
906,a o a,3,6.232889561225582
907,a otras,2,6.638354669333745
908,a otras obligaciones,3,6.638354669333745
909,a otro,2,6.638354669333745
910,a otro fi,3,6.638354669333745
911,a partir,2,4.441130091997526
912,a partir de,3,4.692444520278432
913,a partir del,3,5.722063937459591
914,a pellet,2,6.232889561225582
915,a pellet de,3,6.232889561225582
916,a planes,2,6.638354669333745
917,a planes de,3,6.638354669333745
918,a planteles,2,6.638354669333745
919,a planteles deberán,3,6.638354669333745
920,a plena,2,6.638354669333745
921,a plena carga,3,6.638354669333745
922,a promedios,2,6.638354669333745
923,a promedios horarios,3,6.638354669333745
924,a que,2,5.539742380665636
925,a que está,3,6.638354669333745
926,a que esté,3,6.638354669333745
927,a que se,3,5.945207488773801
928,a realizar,2,6.638354669333745
929,a realizar los,3,6.638354669333745
930,a reducir,2,5.945207488773801
931,a reducir diferencia,3,6.638354669333745
932,a reducir emisiones,3,6.638354669333745
933,a reducir los,3,6.638354669333745
934,a regir,2,6.638354669333745
935,a regir los,3,6.638354669333745
936,a requerimiento,2,6.638354669333745
937,a requerimiento del,3,6.638354669333745
938,a restablecer,2,6.638354669333745
939,a restablecer la,3,6.638354669333745
940,a restricción,2,5.945207488773801
941,a restricción vehicular,3,5.945207488773801
942,a se,2,6.638354669333745
943,a se prohíbe,3,6.638354669333745
944,a ser,2,6.638354669333745
945,a ser usado,3,6.638354669333745
946,a su,2,6.232889561225582
947,a su recorrido,3,6.638354669333745
948,a su responsabilidad,3,6.638354669333745
949,a suelos,2,6.638354669333745
950,a suelos de,3,6.638354669333745
951,a superficie,2,6.638354669333745
952,a superficie destinada,3,6.638354669333745
953,a sus,2,4.93360657709532
954,a sus atribuciones,3,5.134277272557472
955,a sus competencias,3,6.232889561225582
956,a temáticas,2,6.638354669333745
957,a temáticas de,3,6.638354669333745
958,a terrenos,2,6.638354669333745
959,a terrenos montañosos,3,6.638354669333745
960,a todos,2,6.638354669333745
961,a todos los,3,6.638354669333745
962,a través,2,4.3357695763397
963,a través de,3,4.4982885058374755
964,a través del,3,5.945207488773801
965,a un,2,5.722063937459591
966,a un alternador,3,6.638354669333745
967,a un conjunto,3,6.638354669333745
968,a un mismo,3,6.638354669333745
969,a un sistema,3,6.638354669333745
970,a una,2,5.945207488773801
971,a una acción,3,6.638354669333745
972,a una fuente,3,6.638354669333745
973,a una profundidad,3,6.638354669333745
974,a vehículos,2,6.638354669333745
975,a vehículos que,3,6.638354669333745
976,a1,1,6.232889561225582
977,a1 y,2,6.232889561225582
978,a1 y cumplir,3,6.232889561225582
979,abastecimiento,1,6.638354669333745
980,abastecimiento vehicular,2,6.638354669333745
981,abastecimiento vehicular deberán,3,6.638354669333745
982,abatimiento,1,6.638354669333745
983,abatimiento de,2,6.638354669333745
984,abatimiento de carbono,3,6.638354669333745
985,abierto,1,6.232889561225582
986,abierto calefactores,2,6.638354669333745
987,abierto calefactores hechizos,3,6.638354669333745
988,abierto que,2,6.638354669333745
989,abierto que se,3,6.638354669333745
990,abordando,1,5.945207488773801
991,abordando objetivos,2,5.945207488773801
992,abordando objetivos de,3,5.945207488773801
993,abre,1,6.638354669333745
994,abre la,2,6.638354669333745
995,abre la cuenca,3,6.638354669333745
996,abril,1,6.638354669333745
997,abril de,2,6.638354669333745
998,abril de cada,3,6.638354669333745
999,acatamiento,1,6.638354669333745
1000,acatamiento de,2,6.638354669333745
1001,acatamiento de las,3,6.638354669333745
1002,acceso,1,6.638354669333745
1003,acceso a,2,6.638354669333745
1004,acceso a los,3,6.638354669333745
1005,acciones,1,4.846595200105691
1006,acciones concretas,2,6.638354669333745
1007,acciones concretas para,3,6.638354669333745
1008,acciones establecidas,2,6.638354669333745
1009,acciones establecidas en,3,6.638354669333745
1010,acciones futuras,2,6.638354669333745
1011,acciones globales,2,6.638354669333745
1012,acciones orientadas,2,6.638354669333745
1013,acciones orientadas a,3,6.638354669333745
1014,acciones programáticas,2,6.638354669333745
1015,acciones programáticas orientadas,3,6.638354669333745
1016,acciones propuestas,2,6.638354669333745
1017,acciones que,2,6.232889561225582
1018,acciones que permitan,3,6.638354669333745
1019,acciones que puedan,3,6.638354669333745
1020,acciones y,2,6.638354669333745
1021,acciones y estado,3,6.638354669333745
1022,acción,1,6.232889561225582
1023,acción del,2,6.638354669333745
1024,acción del calor,3,6.638354669333745
1025,acción que,2,6.638354669333745
1026,acción que conocidamente,3,6.638354669333745
1027,acentúa,1,6.638354669333745
1028,acentúa en,2,6.638354669333745
1029,acentúa en los,3,6.638354669333745
1030,aceptará,1,6.638354669333745
1031,aceptará un,2,6.638354669333745
1032,aceptará un índice,3,6.638354669333745
1033,acerca,1,5.945207488773801
1034,acerca de,2,6.232889561225582
1035,acerca de la,3,6.638354669333745
1036,acerca de las,3,6.638354669333745
1037,acerca del,2,6.638354669333745
1038,acerca del pronóstico,3,6.638354669333745
1039,aciones,1,6.638354669333745
1040,aciones y,2,6.638354669333745
1041,aciones y en,3,6.638354669333745
1042,acompañaron,1,6.638354669333745
1043,acompañaron estudios,2,6.638354669333745
1044,acompañaron estudios científicos,3,6.638354669333745
1045,acondicionamiento,1,6.232889561225582
1046,acondicionamiento térmico,2,6.232889561225582
1047,acondicionamiento térmico de,3,6.232889561225582
1048,acoplado,1,6.638354669333745
1049,acoplado a,2,6.638354669333745
1050,acoplado a un,3,6.638354669333745
1051,acordes,1,6.638354669333745
1052,acordes a,2,6.638354669333745
1053,acordes a su,3,6.638354669333745
1054,acreditable,1,6.638354669333745
1055,acreditable su,2,6.638354669333745
1056,acreditable su implementación,3,6.638354669333745
1057,acreditaciones,1,6.638354669333745
1058,acreditaciones históricas,2,6.638354669333745
1059,acreditaciones históricas asociadas,3,6.638354669333745
1060,acreditación,1,6.232889561225582
1061,acreditación del,2,6.638354669333745
1062,acreditación del cumplimiento,3,6.638354669333745
1063,acreditación se,2,6.638354669333745
1064,acreditación se hará,3,6.638354669333745
1065,acreditada,1,6.638354669333745
1066,acreditada por,2,6.638354669333745
1067,acreditada por los,3,6.638354669333745
1068,acreditar,1,5.2520603082138555
1069,acreditar dentro,2,6.638354669333745
1070,acreditar dentro del,3,6.638354669333745
1071,acreditar por,2,6.638354669333745
1072,acreditar por única,3,6.638354669333745
1073,acreditar que,2,6.638354669333745
1074,acreditar que el,3,6.638354669333745
1075,acreditar sus,2,5.945207488773801
1076,acreditar sus emisiones,3,5.945207488773801
1077,acreditar y,2,6.638354669333745
1078,acreditar y verificar,3,6.638354669333745
1079,acreditarse,1,6.638354669333745
1080,acreditarse la,2,6.638354669333745
1081,acreditarse la reducción,3,6.638354669333745
1082,acreditará,1,6.638354669333745
1083,acreditará el,2,6.638354669333745
1084,acreditará el uso,3,6.638354669333745
1085,acreditarán,1,6.232889561225582
1086,acreditarán conforme,2,6.232889561225582
1087,acreditarán conforme a,3,6.232889561225582
1088,actividad,1,4.7665524924321545
1089,actividad al,2,6.232889561225582
1090,actividad al contar,3,6.638354669333745
1091,actividad al sistema,3,6.638354669333745
1092,actividad asociadas,2,6.638354669333745
1093,actividad asociadas a,3,6.638354669333745
1094,actividad como,2,6.638354669333745
1095,actividad como por,3,6.638354669333745
1096,actividad de,2,6.638354669333745
1097,actividad de la,3,6.638354669333745
1098,actividad física,2,5.945207488773801
1099,actividad física abordando,3,5.945207488773801
1100,actividad proceso,2,6.638354669333745
1101,actividad proceso operación,3,6.638354669333745
1102,actividad restringida,2,6.638354669333745
1103,actividad restringida y,3,6.638354669333745
1104,actividad sin,2,6.638354669333745
1105,actividad sin combustión,3,6.638354669333745
1106,actividad y,2,6.638354669333745
1107,actividad y el,3,6.638354669333745
1108,actividades,1,4.240459396535375
1109,actividades comprometidas,2,6.638354669333745
1110,actividades con,2,6.638354669333745
1111,actividades con combustión,3,6.638354669333745
1112,actividades de,2,5.945207488773801
1113,actividades de fiscalización,3,5.945207488773801
1114,actividades deportivas,2,6.232889561225582
1115,actividades directamente,2,6.232889561225582
1116,actividades directamente relacionadas,3,6.232889561225582
1117,actividades económicas,2,6.638354669333745
1118,actividades económicas que,3,6.638354669333745
1119,actividades emisoras,2,6.638354669333745
1120,actividades emisoras que,3,6.638354669333745
1121,actividades en,2,6.232889561225582
1122,actividades en el,3,6.638354669333745
1123,actividades en medios,3,6.638354669333745
1124,actividades establecidas,2,6.638354669333745
1125,actividades establecidas en,3,6.638354669333745
1126,actividades normales,2,6.638354669333745
1127,actividades normales de,3,6.638354669333745
1128,actividades nuevas,2,6.638354669333745
1129,actividades nuevas y,3,6.638354669333745
1130,actividades o,2,6.638354669333745
1131,actividades o establecimientos,3,6.638354669333745
1132,actividades que,2,5.945207488773801
1133,actividades que estuvieran,3,6.638354669333745
1134,actividades que ingresen,3,6.638354669333745
1135,actividades que no,3,6.638354669333745
1136,actividades sin,2,6.638354669333745
1137,actividades sin combustión,3,6.638354669333745
1138,actividades y,2,6.232889561225582
1139,actividades y las,3,6.638354669333745
1140,actividades y sectores,3,6.638354669333745
1141,acto,1,6.638354669333745
1142,acto administrativo,2,6.638354669333745
1143,acto administrativo que,3,6.638354669333745
1144,actores,1,6.638354669333745
1145,actores públicos,2,6.638354669333745
1146,actores públicos privados,3,6.638354669333745
1147,actual,1,6.232889561225582
1148,actual sistema,2,6.638354669333745
1149,actual sistema de,3,6.638354669333745
1150,actualiza,1,5.722063937459591
1151,actualiza el,2,6.638354669333745
1152,actualiza el plan,3,6.638354669333745
1153,actualiza plan,2,5.945207488773801
1154,actualiza plan de,3,5.945207488773801
1155,actualizaciones,1,6.232889561225582
1156,actualizaciones contenida,2,6.638354669333745
1157,actualizaciones contenida en,3,6.638354669333745
1158,actualizaciones del,2,6.638354669333745
1159,actualizaciones del plan,3,6.638354669333745
1160,actualización,1,5.2520603082138555
1161,actualización de,2,6.638354669333745
1162,actualización de sus,3,6.638354669333745
1163,actualización deben,2,6.638354669333745
1164,actualización deben focalizarse,3,6.638354669333745
1165,actualización del,2,5.722063937459591
1166,actualización del ds,3,6.638354669333745
1167,actualización del plan,3,6.232889561225582
1168,actualización del presente,3,6.638354669333745
1169,actualización quedó,2,6.638354669333745
1170,actualización quedó estructurada,3,6.638354669333745
1171,actualizado,1,6.638354669333745
1172,actualizado y,2,6.638354669333745
1173,actualizado y reformulado,3,6.638354669333745
1174,actualizará,1,6.638354669333745
1175,actualizará dentro,2,6.638354669333745
1176,actualizará dentro de,3,6.638354669333745
1177,actualizó,1,6.638354669333745
1178,actualizó el,2,6.638354669333745
1179,actualizó el plan,3,6.638354669333745
1180,actualmente,1,5.945207488773801
1181,actualmente establecidas,2,6.638354669333745
1182,actualmente implementa,2,6.638354669333745
1183,actualmente implementa la,3,6.638354669333745
1184,actualmente principalmente,2,6.638354669333745
1185,actualmente principalmente las,3,6.638354669333745
1186,acuerdo,1,3.7761537884042773
1187,acuerdo 13,2,6.638354669333745
1188,acuerdo 13 de,3,6.638354669333745
1189,acuerdo 215,2,6.638354669333745
1190,acuerdo 215 14,3,6.638354669333745
1191,acuerdo a,2,4.073405311872209
1192,acuerdo a estudios,3,6.638354669333745
1193,acuerdo a la,3,5.134277272557472
1194,acuerdo a las,3,6.638354669333745
1195,acuerdo a lo,3,5.134277272557472
1196,acuerdo a los,3,5.539742380665636
1197,acuerdo a sus,3,6.232889561225582
1198,acuerdo al,2,5.385591700838378
1199,acuerdo al 10,3,6.638354669333745
1200,acuerdo al 39,3,6.638354669333745
1201,acuerdo al diseño,3,6.638354669333745
1202,acuerdo al método,3,6.232889561225582
1203,acuerdo al siguiente,3,6.638354669333745
1204,acuerdo climático,2,6.638354669333745
1205,acuerdo climático de,3,6.638354669333745
1206,acumulación,1,6.232889561225582
1207,acumulación al,2,6.232889561225582
1208,acumulación al proceso,3,6.232889561225582
1209,acumulado,1,5.945207488773801
1210,acumulado al,2,5.945207488773801
1211,acumulado al exterior,3,5.945207488773801
1212,acumularlo,1,6.638354669333745
1213,acumularlo con,2,6.638354669333745
1214,acumularlo con el,3,6.638354669333745
1215,adecuada,1,6.638354669333745
1216,adecuada implementación,2,6.638354669333745
1217,adecuada implementación de,3,6.638354669333745
1218,adecuadamente,1,6.638354669333745
1219,adecuadamente el,2,6.638354669333745
1220,adecuadamente el nivel,3,6.638354669333745
1221,adecuado,1,6.232889561225582
1222,adecuado en,2,6.638354669333745
1223,adecuado en la,3,6.638354669333745
1224,adecuado nivel,2,6.638354669333745
1225,adecuado nivel de,3,6.638354669333745
1226,adelante,1,6.232889561225582
1227,adelante indistintamente,2,6.638354669333745
1228,adelante indistintamente ley,3,6.638354669333745
1229,adelante se,2,6.638354669333745
1230,adelante se denominará,3,6.638354669333745
1231,además,1,5.722063937459591
1232,además deberán,2,6.638354669333745
1233,además deberán estar,3,6.638354669333745
1234,además se,2,5.945207488773801
1235,además se consideró,3,6.638354669333745
1236,además se encuentra,3,6.638354669333745
1237,además se propondrán,3,6.638354669333745
1238,adicional,1,6.232889561225582
1239,adicional a,2,6.232889561225582
1240,adicional a la,3,6.638354669333745
1241,adicional a los,3,6.638354669333745
1242,adicionales,1,5.945207488773801
1243,adicionales a,2,6.638354669333745
1244,adicionales a la,3,6.638354669333745
1245,adicionales entendiendo,2,6.638354669333745
1246,adicionales entendiendo por,3,6.638354669333745
1247,adicionales requeridas,2,6.638354669333745
1248,adicionales requeridas para,3,6.638354669333745
1249,adicionalmente,1,5.945207488773801
1250,adicionalmente contribuirán,2,6.638354669333745
1251,adicionalmente contribuirán a,3,6.638354669333745
1252,adicionalmente la,2,6.638354669333745
1253,adicionalmente la reducción,3,6.638354669333745
1254,adicionalmente se,2,6.638354669333745
1255,adicionalmente se valoran,3,6.638354669333745
1256,adición,1,6.638354669333745
1257,adición de,2,6.638354669333745
1258,adición de biodiésel,3,6.638354669333745
1259,administración,1,6.232889561225582
1260,administración del,2,6.232889561225582
1261,administración del estado,3,6.232889561225582
1262,administrado,1,6.638354669333745
1263,administrado por,2,6.638354669333745
1264,administrado por la,3,6.638354669333745
1265,administrativas,1,6.232889561225582
1266,administrativas términos,2,6.232889561225582
1267,administrativas términos de,3,6.232889561225582
1268,administrativo,1,6.638354669333745
1269,administrativo que,2,6.638354669333745
1270,administrativo que conforme,3,6.638354669333745
1271,admisiones,1,6.638354669333745
1272,admisiones hospitalarias,2,6.638354669333745
1273,admisiones hospitalarias en,3,6.638354669333745
1274,adobe,1,6.638354669333745
1275,adobe que,2,6.638354669333745
1276,adobe que posee,3,6.638354669333745
1277,adoptadas,1,6.638354669333745
1278,adoptadas para,2,6.638354669333745
1279,adoptadas para el,3,6.638354669333745
1280,adoptar,1,6.638354669333745
1281,adoptar las,2,6.638354669333745
1282,adoptar las medidas,3,6.638354669333745
1283,adoptarán,1,6.232889561225582
1284,adoptarán durante,2,6.638354669333745
1285,adoptarán durante las,3,6.638354669333745
1286,adoptarán si,2,6.638354669333745
1287,adoptarán si fuese,3,6.638354669333745
1288,adopte,1,5.945207488773801
1289,adopte dicha,2,5.945207488773801
1290,adopte dicha seremi,3,5.945207488773801
1291,aeronaves,1,6.638354669333745
1292,aeronaves y,2,6.638354669333745
1293,aeronaves y vehículos,3,6.638354669333745
1294,aeronáutico,1,6.638354669333745
1295,aerosoles,1,6.638354669333745
1296,aerosoles de,2,6.638354669333745
1297,aerosoles de carbono,3,6.638354669333745
1298,afecta,1,6.638354669333745
1299,afecta la,2,6.638354669333745
1300,afecta la capacidad,3,6.638354669333745
1301,afectan,1,6.638354669333745
1302,afectan de,2,6.638354669333745
1303,afectan de conformidad,3,6.638354669333745
1304,afectar,1,6.638354669333745
1305,afectar el,2,6.638354669333745
1306,afectar el clima,3,6.638354669333745
1307,afectas,1,6.232889561225582
1308,afectas a,2,6.638354669333745
1309,afectas a la,3,6.638354669333745
1310,afectas tendrán,2,6.638354669333745
1311,afectas tendrán un,3,6.638354669333745
1312,afectos,1,6.638354669333745
1313,afectos deberán,2,6.638354669333745
1314,afectos deberán presentar,3,6.638354669333745
1315,afines,1,6.638354669333745
1316,agencia,1,5.539742380665636
1317,agencia ambiental,2,6.232889561225582
1318,agencia ambiental de,3,6.232889561225582
1319,agencia de,2,5.945207488773801
1320,agencia de protección,3,5.945207488773801
1321,agente,1,6.638354669333745
1322,agente capaz,2,6.638354669333745
1323,agente capaz de,3,6.638354669333745
1324,agies,1,5.722063937459591
1325,agies arrojó,2,6.638354669333745
1326,agies arrojó para,3,6.638354669333745
1327,agies bajo,2,6.638354669333745
1328,agies bajo la,3,6.638354669333745
1329,agies de,2,6.638354669333745
1330,agies de los,3,6.638354669333745
1331,agies tiene,2,6.638354669333745
1332,agies tiene como,3,6.638354669333745
1333,agilizar,1,6.638354669333745
1334,agilizar los,2,6.638354669333745
1335,agilizar los viajes,3,6.638354669333745
1336,aglomerada,1,6.638354669333745
1337,aglomerada con,2,6.638354669333745
1338,aglomerada con o,3,6.638354669333745
1339,agosto,1,5.722063937459591
1340,agosto de,2,5.722063937459591
1341,agosto de cada,3,5.722063937459591
1342,agregado,1,6.638354669333745
1343,agregado como,2,6.638354669333745
1344,agregado como sector,3,6.638354669333745
1345,agregados,1,6.638354669333745
1346,agregados al,2,6.638354669333745
1347,agregados al expediente,3,6.638354669333745
1348,agregar,1,6.232889561225582
1349,agregar colorantes,2,6.638354669333745
1350,agregar compuestos,2,6.638354669333745
1351,agregar compuestos fosforados,3,6.638354669333745
1352,agricultura,1,5.722063937459591
1353,agricultura a,2,6.638354669333745
1354,agricultura a través,3,6.638354669333745
1355,agricultura diseñará,2,6.638354669333745
1356,agricultura diseñará un,3,6.638354669333745
1357,agricultura y,2,5.945207488773801
1358,agricultura y a,3,6.638354669333745
1359,agricultura y suelos,3,6.638354669333745
1360,agricultura y sus,3,6.638354669333745
1361,agroindustria,1,6.232889561225582
1362,agroindustria emisiones,2,6.638354669333745
1363,agroindustria emisiones evaporativas,3,6.638354669333745
1364,agrícola,1,6.638354669333745
1365,agrícola y,2,6.638354669333745
1366,agrícola y ganadero,3,6.638354669333745
1367,agrícolas,1,5.2520603082138555
1368,agrícolas a,2,6.232889561225582
1369,agrícolas a fin,3,6.232889561225582
1370,agrícolas e,2,6.638354669333745
1371,agrícolas e incendios,3,6.638354669333745
1372,agrícolas en,2,6.232889561225582
1373,agrícolas en la,3,6.638354669333745
1374,agrícolas en toda,3,6.638354669333745
1375,agrícolas entre,2,6.638354669333745
1376,agrícolas entre otras,3,6.638354669333745
1377,agrícolas ganaderos,2,6.638354669333745
1378,agrícolas ganaderos o,3,6.638354669333745
1379,agua,1,5.722063937459591
1380,agua caliente,2,6.232889561225582
1381,agua caliente calentar,3,6.638354669333745
1382,agua caliente sanitaria,3,6.638354669333745
1383,agua humo,2,6.638354669333745
1384,agua humo blanco,3,6.638354669333745
1385,agua mediante,2,6.638354669333745
1386,agua mediante la,3,6.638354669333745
1387,agua y,2,6.638354669333745
1388,agua y sedimento,3,6.638354669333745
1389,ahorros,1,6.638354669333745
1390,ahorros en,2,6.638354669333745
1391,ahorros en el,3,6.638354669333745
1392,aire,1,3.964206019907217
1393,aire 2013,2,6.232889561225582
1394,aire 2013 2015,3,6.232889561225582
1395,aire al,2,6.638354669333745
1396,aire al año,3,6.638354669333745
1397,aire con,2,6.638354669333745
1398,aire con las,3,6.638354669333745
1399,aire de,2,6.638354669333745
1400,aire de 150,3,6.638354669333745
1401,aire del,2,6.638354669333745
1402,aire del plan,3,6.638354669333745
1403,aire durante,2,6.638354669333745
1404,aire durante la,3,6.638354669333745
1405,aire en,2,5.539742380665636
1406,aire en el,3,6.638354669333745
1407,aire en la,3,5.945207488773801
1408,aire en un,3,6.638354669333745
1409,aire existe,2,6.638354669333745
1410,aire existe un,3,6.638354669333745
1411,aire para,2,5.945207488773801
1412,aire para cada,3,6.638354669333745
1413,aire para el,3,6.638354669333745
1414,aire para material,3,6.638354669333745
1415,aire que,2,6.638354669333745
1416,aire que invalide,3,6.638354669333745
1417,aire red,2,6.638354669333745
1418,aire red macam6,3,6.638354669333745
1419,aire se,2,6.638354669333745
1420,aire se pueden,3,6.638354669333745
1421,aire sobre,2,6.638354669333745
1422,aire sobre la,3,6.638354669333745
1423,aire vigentes,2,6.638354669333745
1424,aire vigentes asociadas,3,6.638354669333745
1425,aire y,2,5.722063937459591
1426,aire y descontaminación,3,6.232889561225582
1427,aire y la,3,6.638354669333745
1428,aire y logros,3,6.638354669333745
1429,ajuste,1,6.638354669333745
1430,ajuste a,2,6.638354669333745
1431,ajuste a las,3,6.638354669333745
1432,ajustándose,1,6.638354669333745
1433,ajustándose a,2,6.638354669333745
1434,ajustándose a la,3,6.638354669333745
1435,al,1,2.6967728616640554
1436,al 10,2,6.638354669333745
1437,al 10 de,3,6.638354669333745
1438,al 2015,2,6.638354669333745
1439,al 2015 se,3,6.638354669333745
1440,al 25,2,6.638354669333745
1441,al 25 medida,3,6.638354669333745
1442,al 31,2,5.722063937459591
1443,al 31 de,3,5.722063937459591
1444,al 39,2,6.638354669333745
1445,al 39 de,3,6.638354669333745
1446,al 65,2,6.638354669333745
1447,al 65 del,3,6.638354669333745
1448,al aumento,2,6.232889561225582
1449,al aumento de,3,6.638354669333745
1450,al aumento del,3,6.638354669333745
1451,al año,2,5.722063937459591
1452,al año 2002,3,6.232889561225582
1453,al año 2015,3,6.638354669333745
1454,al año 2026,3,6.638354669333745
1455,al cabo,2,6.638354669333745
1456,al cabo de,3,6.638354669333745
1457,al combustible,2,6.638354669333745
1458,al combustible utilizado,3,6.638354669333745
1459,al conjunto,2,6.638354669333745
1460,al conjunto de,3,6.638354669333745
1461,al contar,2,6.638354669333745
1462,al contar con,3,6.638354669333745
1463,al contenido,2,6.638354669333745
1464,al contenido de,3,6.638354669333745
1465,al control,2,6.638354669333745
1466,al control de,3,6.638354669333745
1467,al cumplimiento,2,5.945207488773801
1468,al cumplimiento de,3,6.232889561225582
1469,al cumplimiento del,3,6.638354669333745
1470,al de,2,6.232889561225582
1471,al de la,3,6.638354669333745
1472,al de mayo,3,6.638354669333745
1473,al definir,2,6.638354669333745
1474,al definir las,3,6.638354669333745
1475,al diseño,2,6.638354669333745
1476,al diseño de,3,6.638354669333745
1477,al día,2,6.232889561225582
1478,al efecto,2,6.638354669333745
1479,al expediente,2,6.638354669333745
1480,al expediente permitieron,3,6.638354669333745
1481,al exterior,2,5.722063937459591
1482,al exterior del,3,5.945207488773801
1483,al exterior destinado,3,6.638354669333745
1484,al final,2,6.638354669333745
1485,al final de,3,6.638354669333745
1486,al gran,2,6.638354669333745
1487,al gran establecimiento,3,6.638354669333745
1488,al grupo,2,6.638354669333745
1489,al grupo electrógeno,3,6.638354669333745
1490,al hecho,2,6.638354669333745
1491,al hecho cada,3,6.638354669333745
1492,al igual,2,6.638354669333745
1493,al igual que,3,6.638354669333745
1494,al ingresar,2,6.638354669333745
1495,al ingresar al,3,6.638354669333745
1496,al ingreso,2,6.232889561225582
1497,al ingreso de,3,6.638354669333745
1498,al ingreso del,3,6.638354669333745
1499,al intendente,2,5.945207488773801
1500,al intendente informar,3,6.638354669333745
1501,al intendente regional,3,6.232889561225582
1502,al interior,2,5.945207488773801
1503,al interior del,3,6.232889561225582
1504,al interior y,3,6.638354669333745
1505,al juzgado,2,6.232889561225582
1506,al juzgado que,3,6.232889561225582
1507,al listado,2,6.638354669333745
1508,al listado de,3,6.638354669333745
1509,al material,2,6.638354669333745
1510,al material particulado,3,6.638354669333745
1511,al menos,2,5.539742380665636
1512,al menos 20,3,6.638354669333745
1513,al menos el,3,5.945207488773801
1514,al menos para,3,6.638354669333745
1515,al ministerio,2,5.945207488773801
1516,al ministerio del,3,5.945207488773801
1517,al miocardio,2,6.638354669333745
1518,al miocardio inflamación,3,6.638354669333745
1519,al mismo,2,6.638354669333745
1520,al mismo año1,3,6.638354669333745
1521,al momento,2,6.232889561225582
1522,al momento de,3,6.232889561225582
1523,al motor,2,6.638354669333745
1524,al motor y,3,6.638354669333745
1525,al método,2,6.232889561225582
1526,al método de,3,6.232889561225582
1527,al oriente,2,6.638354669333745
1528,al oriente con,3,6.638354669333745
1529,al parque,2,6.638354669333745
1530,al parque vehicular,3,6.638354669333745
1531,al pellet,2,6.638354669333745
1532,al pellet de,3,6.638354669333745
1533,al plan,2,5.028916756899646
1534,al plan a,3,6.638354669333745
1535,al plan con,3,6.638354669333745
1536,al plan de,3,6.638354669333745
1537,al plan deberá,3,6.638354669333745
1538,al plan en,3,6.232889561225582
1539,al plan orientados,3,6.638354669333745
1540,al plan se,3,6.638354669333745
1541,al plan y,3,6.638354669333745
1542,al poder,2,6.638354669333745
1543,al poder calorífico,3,6.638354669333745
1544,al procedimiento,2,6.638354669333745
1545,al procedimiento que,3,6.638354669333745
1546,al proceso,2,5.722063937459591
1547,al proceso citado,3,6.638354669333745
1548,al proceso de,3,5.722063937459591
1549,al público,2,6.638354669333745
1550,al público en,3,6.638354669333745
1551,al recambio,2,6.638354669333745
1552,al recambio del,3,6.638354669333745
1553,al reducir,2,6.638354669333745
1554,al reducir las,3,6.638354669333745
1555,al residencial,2,6.638354669333745
1556,al sector,2,5.539742380665636
1557,al sector agroindustria,3,6.638354669333745
1558,al sector industrial,3,6.638354669333745
1559,al sector residencial,3,6.232889561225582
1560,al sector transporte,3,5.722063937459591
1561,al seia,2,5.539742380665636
1562,al seia deberán,3,6.232889561225582
1563,al seia la,3,6.638354669333745
1564,al seia puede,3,6.638354669333745
1565,al servicio,2,6.638354669333745
1566,al servicio agrícola,3,6.638354669333745
1567,al siguiente,2,6.638354669333745
1568,al siguiente cronograma,3,6.638354669333745
1569,al sistema,2,5.945207488773801
1570,al sistema de,3,5.945207488773801
1571,al sur,2,6.638354669333745
1572,al sur el,3,6.638354669333745
1573,al transporte,2,6.638354669333745
1574,al transporte de,3,6.638354669333745
1575,al uso,2,6.232889561225582
1576,al uso de,3,6.638354669333745
1577,al uso del,3,6.638354669333745
1578,alberga,1,6.638354669333745
1579,alberga a,2,6.638354669333745
1580,alberga a la,3,6.638354669333745
1581,alcanza,1,6.232889561225582
1582,alcanza alturas,2,6.638354669333745
1583,alcanza alturas sobre,3,6.638354669333745
1584,alcanza el,2,6.638354669333745
1585,alcanza el objetivo,3,6.638354669333745
1586,alcanzados,1,6.638354669333745
1587,alcanzados a,2,6.638354669333745
1588,alcanzados a la,3,6.638354669333745
1589,alcanzan,1,6.638354669333745
1590,alcanzan los,2,6.638354669333745
1591,alcanzan los valores,3,6.638354669333745
1592,alcanzar,1,5.385591700838378
1593,alcanzar la,2,6.232889561225582
1594,alcanzar la meta,3,6.638354669333745
1595,alcanzar la vida,3,6.638354669333745
1596,alcanzar las,2,6.232889561225582
1597,alcanzar las metas,3,6.638354669333745
1598,alcanzar las reducciones,3,6.638354669333745
1599,alcanzar total,2,6.638354669333745
1600,alcanzar total o,3,6.638354669333745
1601,alcanzar un,2,6.638354669333745
1602,alcanzar un nivel,3,6.638354669333745
1603,alcanzarse,1,6.638354669333745
1604,alcanzarse íntegra,2,6.638354669333745
1605,alcanzarse íntegra o,3,6.638354669333745
1606,alcanzaría,1,6.638354669333745
1607,alcanzaría la,2,6.638354669333745
1608,alcanzaría la meta,3,6.638354669333745
1609,alerta,1,5.945207488773801
1610,alerta o,2,6.638354669333745
1611,alerta o nivel,3,6.638354669333745
1612,alerta preemergencia,2,6.232889561225582
1613,alerta preemergencia y,3,6.232889561225582
1614,alguna,1,6.638354669333745
1615,alguna modificación,2,6.638354669333745
1616,alguna modificación es,3,6.638354669333745
1617,algunas,1,6.638354669333745
1618,algunas propiedades,2,6.638354669333745
1619,algunas propiedades de,3,6.638354669333745
1620,alguno,1,6.232889561225582
1621,alguno de,2,6.232889561225582
1622,alguno de acuerdo,3,6.638354669333745
1623,alguno de los,3,6.638354669333745
1624,alhué,1,6.638354669333745
1625,alhué cerro,2,6.638354669333745
1626,alhué cerro cantillana,3,6.638354669333745
1627,alimentación,1,6.232889561225582
1628,alimentación manual,2,6.638354669333745
1629,alimentación manual o,3,6.638354669333745
1630,alimentación por,2,6.638354669333745
1631,alimentación por más,3,6.638354669333745
1632,alimentos,1,5.722063937459591
1633,alimentos de,2,6.638354669333745
1634,alimentos de uso,3,6.638354669333745
1635,alimentos provisto,2,6.638354669333745
1636,alimentos provisto de,3,6.638354669333745
1637,alinean,1,6.638354669333745
1638,alinean con,2,6.638354669333745
1639,alinean con las,3,6.638354669333745
1640,almacenamiento,1,5.722063937459591
1641,almacenamiento camiones,2,6.638354669333745
1642,almacenamiento camiones y,3,6.638354669333745
1643,almacenamiento de,2,6.638354669333745
1644,almacenamiento de combustibles,3,6.638354669333745
1645,almacenamiento de techo,3,6.638354669333745
1646,almacenamiento sea,2,6.638354669333745
1647,almacenamiento sea igual,3,6.638354669333745
1648,almacenamiento y,2,6.232889561225582
1649,almacenamiento y o,3,6.232889561225582
1650,almacenen,1,6.638354669333745
1651,almacenen combustibles,2,6.638354669333745
1652,almacenen combustibles líquidos,3,6.638354669333745
1653,alojamiento,1,6.638354669333745
1654,alojamiento de,2,6.638354669333745
1655,alojamiento de los,3,6.638354669333745
1656,alrededor,1,5.945207488773801
1657,alrededor del,2,6.638354669333745
1658,alrededor del 80,3,6.638354669333745
1659,alrededor generando,2,6.638354669333745
1660,alrededor generando calor,3,6.638354669333745
1661,alta,1,6.232889561225582
1662,alta contaminación,2,6.638354669333745
1663,alta contaminación por,3,6.638354669333745
1664,alta estabilidad,2,6.638354669333745
1665,alta estabilidad con,3,6.638354669333745
1666,altamente,1,6.232889561225582
1667,altamente costo,2,6.638354669333745
1668,altamente costo efectivo,3,6.638354669333745
1669,altamente rentable,2,6.638354669333745
1670,altamente rentable desde,3,6.638354669333745
1671,alternador,1,6.638354669333745
1672,alternador o,2,6.638354669333745
1673,alternador o generador,3,6.638354669333745
1674,alternativas,1,6.638354669333745
1675,alternativas a,2,6.638354669333745
1676,alternativas a dicha,3,6.638354669333745
1677,altitud,1,6.638354669333745
1678,alto,1,5.134277272557472
1679,alto contenido,2,6.638354669333745
1680,alto contenido de,3,6.638354669333745
1681,alto de,2,6.638354669333745
1682,alto de acuerdo,3,6.638354669333745
1683,alto respecto,2,6.232889561225582
1684,alto respecto de,3,6.232889561225582
1685,alto siendo,2,6.638354669333745
1686,alto siendo interrumpida,3,6.638354669333745
1687,alto y,2,5.945207488773801
1688,alto y san,3,6.232889561225582
1689,alto y talagante,3,6.638354669333745
1690,altos,1,6.232889561225582
1691,altos niveles,2,6.232889561225582
1692,altos niveles de,3,6.638354669333745
1693,altos niveles son,3,6.638354669333745
1694,alturas,1,6.638354669333745
1695,alturas sobre,2,6.638354669333745
1696,alturas sobre 000,3,6.638354669333745
1697,ambiental,1,4.035664983889362
1698,ambiental 2016,2,6.638354669333745
1699,ambiental 2016 2017,3,6.638354669333745
1700,ambiental con,2,6.232889561225582
1701,ambiental con anterioridad,3,6.638354669333745
1702,ambiental con posterioridad,3,6.638354669333745
1703,ambiental de,2,5.134277272557472
1704,ambiental de aire,3,6.638354669333745
1705,ambiental de estados,3,6.638354669333745
1706,ambiental de los,3,5.722063937459591
1707,ambiental de mp2,3,6.638354669333745
1708,ambiental de una,3,6.638354669333745
1709,ambiental deberán,2,6.638354669333745
1710,ambiental deberán presentar,3,6.638354669333745
1711,ambiental efectos,2,6.638354669333745
1712,ambiental efectos en,3,6.638354669333745
1713,ambiental en,2,6.638354669333745
1714,ambiental en establecimientos,3,6.638354669333745
1715,ambiental local,2,5.945207488773801
1716,ambiental local con,3,6.638354669333745
1717,ambiental local en,3,6.638354669333745
1718,ambiental o,2,6.638354669333745
1719,ambiental o por,3,6.638354669333745
1720,ambiental para,2,5.945207488773801
1721,ambiental para material,3,5.945207488773801
1722,ambiental que,2,6.638354669333745
1723,ambiental que tiene,3,6.638354669333745
1724,ambiental respectiva,2,6.638354669333745
1725,ambiental respectiva solo,3,6.638354669333745
1726,ambiental seia,2,6.638354669333745
1727,ambiental tendientes,2,6.638354669333745
1728,ambiental tendientes a,3,6.638354669333745
1729,ambiental vigente,2,6.232889561225582
1730,ambiental vigente a,3,6.638354669333745
1731,ambiental y,2,6.638354669333745
1732,ambiental y que,3,6.638354669333745
1733,ambientales,1,6.232889561225582
1734,ambientales entre,2,6.638354669333745
1735,ambientales entre las,3,6.638354669333745
1736,ambientales que,2,6.638354669333745
1737,ambientales que se,3,6.638354669333745
1738,ambiente,1,2.820642343376841
1739,ambiente 2016,2,6.232889561225582
1740,ambiente 2017,2,6.638354669333745
1741,ambiente a,2,6.232889561225582
1742,ambiente a partir,3,6.638354669333745
1743,ambiente a través,3,6.638354669333745
1744,ambiente actualizará,2,6.638354669333745
1745,ambiente actualizará dentro,3,6.638354669333745
1746,ambiente antes,2,5.945207488773801
1747,ambiente antes de,3,6.232889561225582
1748,ambiente antes del,3,6.638354669333745
1749,ambiente apoyará,2,5.945207488773801
1750,ambiente apoyará a,3,6.232889561225582
1751,ambiente apoyará el,3,6.638354669333745
1752,ambiente con,2,5.945207488773801
1753,ambiente con anterioridad,3,6.638354669333745
1754,ambiente con el,3,6.232889561225582
1755,ambiente coordinará,2,6.638354669333745
1756,ambiente coordinará con,3,6.638354669333745
1757,ambiente de,2,6.232889561225582
1758,ambiente de la,3,6.232889561225582
1759,ambiente deberá,2,5.385591700838378
1760,ambiente deberá coordinar,3,6.638354669333745
1761,ambiente deberá desarrollar,3,6.638354669333745
1762,ambiente deberá entregar,3,6.638354669333745
1763,ambiente deberá establecer,3,6.638354669333745
1764,ambiente deberá informar,3,6.638354669333745
1765,ambiente deberá publicar,3,6.638354669333745
1766,ambiente deberán,2,6.232889561225582
1767,ambiente deberán contar,3,6.638354669333745
1768,ambiente deberán establecer,3,6.638354669333745
1769,ambiente el,2,6.638354669333745
1770,ambiente el ministerio,3,6.638354669333745
1771,ambiente en,2,4.7665524924321545
1772,ambiente en adelante,3,6.638354669333745
1773,ambiente en conjunto,3,5.722063937459591
1774,ambiente en coordinación,3,6.232889561225582
1775,ambiente en el,3,6.232889561225582
1776,ambiente en la,3,6.638354669333745
1777,ambiente en un,3,6.232889561225582
1778,ambiente encargará,2,6.638354669333745
1779,ambiente encargará un,3,6.638354669333745
1780,ambiente entidad,2,6.638354669333745
1781,ambiente entidad encargada,3,6.638354669333745
1782,ambiente estará,2,6.638354669333745
1783,ambiente estará encargada,3,6.638354669333745
1784,ambiente informará,2,6.232889561225582
1785,ambiente informará anualmente,3,6.638354669333745
1786,ambiente informará diariamente,3,6.638354669333745
1787,ambiente iniciará,2,6.638354669333745
1788,ambiente iniciará la,3,6.638354669333745
1789,ambiente junto,2,6.638354669333745
1790,ambiente junto con,3,6.638354669333745
1791,ambiente la,2,6.232889561225582
1792,ambiente la información,3,6.638354669333745
1793,ambiente la que,3,6.638354669333745
1794,ambiente levantará,2,6.638354669333745
1795,ambiente levantará un,3,6.638354669333745
1796,ambiente los,2,6.638354669333745
1797,ambiente los límites,3,6.638354669333745
1798,ambiente mediante,2,6.638354669333745
1799,ambiente mediante los,3,6.638354669333745
1800,ambiente para,2,5.945207488773801
1801,ambiente para estos,3,6.638354669333745
1802,ambiente para la,3,6.638354669333745
1803,ambiente para tales,3,6.638354669333745
1804,ambiente por,2,6.232889561225582
1805,ambiente por única,3,6.232889561225582
1806,ambiente propondrá,2,6.638354669333745
1807,ambiente propondrá el,3,6.638354669333745
1808,ambiente que,2,6.232889561225582
1809,ambiente que aprueba,3,6.232889561225582
1810,ambiente que declara,3,6.638354669333745
1811,ambiente que dio,3,6.638354669333745
1812,ambiente que establece,3,6.638354669333745
1813,ambiente que fija,3,6.638354669333745
1814,ambiente se,2,5.385591700838378
1815,ambiente se da,3,6.638354669333745
1816,ambiente se declaró,3,6.232889561225582
1817,ambiente se dio,3,6.232889561225582
1818,ambiente se informará,3,6.638354669333745
1819,ambiente señala,2,6.638354669333745
1820,ambiente señala como,3,6.638354669333745
1821,ambiente sin,2,6.638354669333745
1822,ambiente sin perjuicio,3,6.638354669333745
1823,ambiente sobre,2,6.638354669333745
1824,ambiente sobre el,3,6.638354669333745
1825,ambiente un,2,5.945207488773801
1826,ambiente un informe,3,6.232889561225582
1827,ambiente un plan,3,6.638354669333745
1828,ambiente y,2,4.846595200105691
1829,ambiente y a,3,6.638354669333745
1830,ambiente y al,3,6.638354669333745
1831,ambiente y el,3,6.232889561225582
1832,ambiente y fiscalizados,3,6.638354669333745
1833,ambiente y la,3,6.638354669333745
1834,ambiente y los,3,6.638354669333745
1835,ambiente y sus,3,5.539742380665636
1836,ambos,1,6.638354669333745
1837,ambos del,2,6.638354669333745
1838,ambos del minsegpres,3,6.638354669333745
1839,ambulante,1,6.638354669333745
1840,ambulante sistema,2,6.638354669333745
1841,ambulante sistema móvil,3,6.638354669333745
1842,ambulantes,1,6.638354669333745
1843,ambulantes para,2,6.638354669333745
1844,ambulantes para uso,3,6.638354669333745
1845,american,1,6.232889561225582
1846,american society,2,6.232889561225582
1847,american society for,3,6.232889561225582
1848,amonio,1,6.638354669333745
1849,amonio de,2,6.638354669333745
1850,amonio de las,3,6.638354669333745
1851,amoníaco,1,6.232889561225582
1852,amoníaco en,2,6.638354669333745
1853,amoníaco en el,3,6.638354669333745
1854,amoníaco y,2,6.638354669333745
1855,amoníaco y otros,3,6.638354669333745
1856,amplia,1,6.638354669333745
1857,amplia y,2,6.638354669333745
1858,amplia y extensa,3,6.638354669333745
1859,ampliaciones,1,6.638354669333745
1860,ampliaciones de,2,6.638354669333745
1861,ampliaciones de proyectos,3,6.638354669333745
1862,ampliación,1,6.638354669333745
1863,ampliación es,2,6.638354669333745
1864,ampliación es y,3,6.638354669333745
1865,ampliando,1,6.638354669333745
1866,ampliando su,2,6.638354669333745
1867,ampliando su cobertura,3,6.638354669333745
1868,américa,1,5.945207488773801
1869,américa us,2,5.945207488773801
1870,américa us epa,3,5.945207488773801
1871,américo,1,6.232889561225582
1872,américo vespucio,2,6.232889561225582
1873,américo vespucio con,3,6.638354669333745
1874,analizar,1,5.945207488773801
1875,analizar el,2,6.232889561225582
1876,analizar el caso,3,6.232889561225582
1877,analizar si,2,6.638354669333745
1878,analizar si la,3,6.638354669333745
1879,analizará,1,6.638354669333745
1880,analizará la,2,6.638354669333745
1881,analizará la pertinencia,3,6.638354669333745
1882,and,1,6.232889561225582
1883,and materials,2,6.232889561225582
1884,andes,1,6.232889561225582
1885,andes con,2,6.638354669333745
1886,andes con cerros,3,6.638354669333745
1887,andes y,2,6.638354669333745
1888,andes y de,3,6.638354669333745
1889,anexo,1,6.638354669333745
1890,anexo con,2,6.638354669333745
1891,anexo con la,3,6.638354669333745
1892,angostura,1,6.638354669333745
1893,angostura y,2,6.638354669333745
1894,angostura y chada,3,6.638354669333745
1895,anillo,1,6.232889561225582
1896,anillo américo,2,6.232889561225582
1897,anillo américo vespucio,3,6.232889561225582
1898,animales,1,5.945207488773801
1899,animales avícolas,2,6.638354669333745
1900,animales donde,2,6.638354669333745
1901,animales donde puedan,3,6.638354669333745
1902,animales sistema,2,6.638354669333745
1903,animales sistema de,3,6.638354669333745
1904,ante,1,5.134277272557472
1905,ante la,2,5.2520603082138555
1906,ante la posibilidad,3,6.638354669333745
1907,ante la seremi,3,5.945207488773801
1908,ante la superintendencia,3,5.945207488773801
1909,ante medidas,2,6.638354669333745
1910,ante medidas que,3,6.638354669333745
1911,antecedente,1,6.638354669333745
1912,antecedente el,2,6.638354669333745
1913,antecedente el ds,3,6.638354669333745
1914,antecedentes,1,5.385591700838378
1915,antecedentes destacan,2,6.638354669333745
1916,antecedentes destacan la,3,6.638354669333745
1917,antecedentes fundantes,2,6.638354669333745
1918,antecedentes fundantes del,3,6.638354669333745
1919,antecedentes internacionales,2,6.638354669333745
1920,antecedentes internacionales indican,3,6.638354669333745
1921,antecedentes los,2,6.638354669333745
1922,antecedentes los que,3,6.638354669333745
1923,antecedentes recopilados,2,6.638354669333745
1924,antecedentes recopilados se,3,6.638354669333745
1925,antecedentes suficientes,2,6.638354669333745
1926,antecedentes suficientes para,3,6.638354669333745
1927,anteproyecto,1,5.722063937459591
1928,anteproyecto de,2,6.638354669333745
1929,anteproyecto de tal,3,6.638354669333745
1930,anteproyecto para,2,6.638354669333745
1931,anteproyecto para una,3,6.638354669333745
1932,anteproyecto se,2,6.638354669333745
1933,anteproyecto se acompañaron,3,6.638354669333745
1934,anterior,1,4.196007633964541
1935,anterior el,2,6.638354669333745
1936,anterior el control,3,6.638354669333745
1937,anterior es,2,6.638354669333745
1938,anterior es necesario,3,6.638354669333745
1939,anterior la,2,6.638354669333745
1940,anterior la conaf,3,6.638354669333745
1941,anterior las,2,6.638354669333745
1942,anterior las calderas,3,6.638354669333745
1943,anterior los,2,6.232889561225582
1944,anterior los servicios,3,6.638354669333745
1945,anterior los titulares,3,6.638354669333745
1946,anterior no,2,6.638354669333745
1947,anterior no se,3,6.638354669333745
1948,anterior permite,2,6.638354669333745
1949,anterior permite concluir,3,6.638354669333745
1950,anterior se,2,4.93360657709532
1951,anterior se estará,3,5.028916756899646
1952,anterior se mantienen,3,6.638354669333745
1953,anterior sea,2,6.638354669333745
1954,anterior sea en,3,6.638354669333745
1955,anterior sus,2,6.638354669333745
1956,anterior sus emisiones,3,6.638354669333745
1957,anteriores,1,5.2520603082138555
1958,anteriores al,2,6.638354669333745
1959,anteriores al año,3,6.638354669333745
1960,anteriores de,2,6.638354669333745
1961,anteriores de acuerdo,3,6.638354669333745
1962,anteriores permiten,2,6.638354669333745
1963,anteriores permiten evaluar,3,6.638354669333745
1964,anteriores que,2,6.638354669333745
1965,anteriores que forman,3,6.638354669333745
1966,anteriores se,2,6.638354669333745
1967,anteriores se podrán,3,6.638354669333745
1968,anteriores y,2,6.638354669333745
1969,anteriores y en,3,6.638354669333745
1970,anterioridad,1,5.945207488773801
1971,anterioridad a,2,6.638354669333745
1972,anterioridad a la,3,6.638354669333745
1973,anterioridad al,2,6.232889561225582
1974,anterioridad al de,3,6.638354669333745
1975,anterioridad al hecho,3,6.638354669333745
1976,anteriormente,1,6.638354669333745
1977,anteriormente en,2,6.638354669333745
1978,anteriormente en la,3,6.638354669333745
1979,antes,1,5.134277272557472
1980,antes de,2,5.539742380665636
1981,antes de agregar,3,6.638354669333745
1982,antes de entrar,3,6.638354669333745
1983,antes de iniciar,3,6.638354669333745
1984,antes de meses,3,6.638354669333745
1985,antes de su,3,6.638354669333745
1986,antes del,2,6.232889561225582
1987,antes del 1º,3,6.638354669333745
1988,antes del 30,3,6.638354669333745
1989,antes mencionados,2,6.638354669333745
1990,antes mencionados sin,3,6.638354669333745
1991,anticipada,1,6.638354669333745
1992,antigüedad,1,6.232889561225582
1993,antigüedad al,2,6.638354669333745
1994,antigüedad al interior,3,6.638354669333745
1995,antigüedad superior,2,6.638354669333745
1996,antigüedad superior a,3,6.638354669333745
1997,anual,1,4.846595200105691
1998,anual asignada,2,6.638354669333745
1999,anual asignada se,3,6.638354669333745
2000,anual autorizada,2,6.638354669333745
2001,anual autorizada conforme,3,6.638354669333745
2002,anual autorizada de,3,6.638354669333745
2003,anual de,2,5.945207488773801
2004,anual de cumplimiento,3,6.638354669333745
2005,anual de las,3,6.232889561225582
2006,anual en,2,6.638354669333745
2007,anual en materias,3,6.638354669333745
2008,anual para,2,6.638354669333745
2009,anual para mp2,3,6.638354669333745
2010,anual que,2,6.638354669333745
2011,anual que definirá,3,6.638354669333745
2012,anual siendo,2,6.638354669333745
2013,anual siendo la,3,6.638354669333745
2014,anual y,2,6.638354669333745
2015,anual y de,3,6.638354669333745
2016,anual y hora,3,6.638354669333745
2017,anualal,1,6.638354669333745
2018,anualal año,2,6.638354669333745
2019,anualal año 2024,3,6.638354669333745
2020,anuales,1,5.385591700838378
2021,anuales de,2,5.945207488773801
2022,anuales de emisión,3,6.232889561225582
2023,anuales de solventes,3,6.638354669333745
2024,anuales desde,2,6.638354669333745
2025,anuales desde 1997,3,6.638354669333745
2026,anuales directas,2,6.638354669333745
2027,anuales directas e,3,6.638354669333745
2028,anuales en,2,6.638354669333745
2029,anuales en los,3,6.638354669333745
2030,anualmente,1,5.385591700838378
2031,anualmente al,2,6.638354669333745
2032,anualmente al ministerio,3,6.638354669333745
2033,anualmente determinar,2,6.638354669333745
2034,anualmente determinar los,3,6.638354669333745
2035,anualmente en,2,6.638354669333745
2036,anualmente en la,3,6.638354669333745
2037,anualmente la,2,6.638354669333745
2038,anualmente la entrega,3,6.638354669333745
2039,anualmente los,2,6.638354669333745
2040,anualmente los reportes,3,6.638354669333745
2041,anualmente mediante,2,6.638354669333745
2042,anualmente mediante la,3,6.638354669333745
2043,análisis,1,4.93360657709532
2044,análisis autorizados,2,6.638354669333745
2045,análisis autorizados por,3,6.638354669333745
2046,análisis como,2,6.638354669333745
2047,análisis como mejora,3,6.638354669333745
2048,análisis conjunto,2,6.638354669333745
2049,análisis conjunto con,3,6.638354669333745
2050,análisis costo,2,6.638354669333745
2051,análisis costo beneficio,3,6.638354669333745
2052,análisis de,2,6.638354669333745
2053,análisis de filtros,3,6.638354669333745
2054,análisis general,2,6.638354669333745
2055,análisis general del,3,6.638354669333745
2056,análisis indicándose,2,6.638354669333745
2057,análisis indicándose la,3,6.638354669333745
2058,análisis se,2,6.232889561225582
2059,análisis se deberán,3,6.638354669333745
2060,análisis se mencionan,3,6.638354669333745
2061,análisis técnicos,2,6.232889561225582
2062,análisis técnicos establecidos,3,6.232889561225582
2063,aparato,1,6.232889561225582
2064,aparato construido,2,6.638354669333745
2065,aparato construido de,3,6.638354669333745
2066,aparato que,2,6.638354669333745
2067,aparato que combustiona,3,6.638354669333745
2068,aplicable,1,6.232889561225582
2069,aplicables,1,6.638354669333745
2070,aplicables durante,2,6.638354669333745
2071,aplicables durante el,3,6.638354669333745
2072,aplicación,1,4.93360657709532
2073,aplicación de,2,5.134277272557472
2074,aplicación de esta,3,6.232889561225582
2075,aplicación de instrumentos,3,6.638354669333745
2076,aplicación de la,3,5.945207488773801
2077,aplicación de las,3,6.638354669333745
2078,aplicación de subsidios,3,6.638354669333745
2079,aplicación del,2,6.638354669333745
2080,aplicación del ppda,3,6.638354669333745
2081,aplicación produzca,2,6.638354669333745
2082,aplicación produzca o,3,6.638354669333745
2083,aplicadas,1,6.232889561225582
2084,aplicadas al,2,6.638354669333745
2085,aplicadas al sector,3,6.638354669333745
2086,aplicadas durante,2,6.638354669333745
2087,aplicadas durante todo,3,6.638354669333745
2088,aplicar,1,6.232889561225582
2089,aplicar estos,2,6.638354669333745
2090,aplicar estos resultados,3,6.638354669333745
2091,aplicar los,2,6.638354669333745
2092,aplicar los resultados,3,6.638354669333745
2093,aplicarse,1,6.638354669333745
2094,aplicarse la,2,6.638354669333745
2095,aplicarse la normativa,3,6.638354669333745
2096,aplicará,1,5.722063937459591
2097,aplicará al,2,6.232889561225582
2098,aplicará al combustible,3,6.638354669333745
2099,aplicará al gran,3,6.638354669333745
2100,aplicará durante,2,6.638354669333745
2101,aplicará durante todo,3,6.638354669333745
2102,aplicará en,2,6.638354669333745
2103,aplicará en establecimientos,3,6.638354669333745
2104,aplicarán,1,5.385591700838378
2105,aplicarán las,2,5.722063937459591
2106,aplicarán las siguientes,3,5.722063937459591
2107,aplicarán los,2,6.232889561225582
2108,aplicarán los estándares,3,6.232889561225582
2109,aporta,1,6.638354669333745
2110,aporta tan,2,6.638354669333745
2111,aporta tan solo,3,6.638354669333745
2112,aportan,1,5.722063937459591
2113,aportan con,2,6.232889561225582
2114,aportan con 10,3,6.232889561225582
2115,aportan en,2,6.232889561225582
2116,aportan en menor,3,6.232889561225582
2117,aporte,1,5.945207488773801
2118,aporte a,2,6.638354669333745
2119,aporte a la,3,6.638354669333745
2120,aporte de,2,6.638354669333745
2121,aporte de éstos,3,6.638354669333745
2122,aporte en,2,6.638354669333745
2123,aporte en los,3,6.638354669333745
2124,aportes,1,6.638354669333745
2125,aportes del,2,6.638354669333745
2126,aportes del sector,3,6.638354669333745
2127,apoyar,1,6.638354669333745
2128,apoyar la,2,6.638354669333745
2129,apoyar la toma,3,6.638354669333745
2130,apoyará,1,5.945207488773801
2131,apoyará a,2,6.232889561225582
2132,apoyará a los,3,6.232889561225582
2133,apoyará el,2,6.638354669333745
2134,apoyará el aumento,3,6.638354669333745
2135,apoye,1,6.638354669333745
2136,apoye tales,2,6.638354669333745
2137,apoye tales iniciativas,3,6.638354669333745
2138,apoyo,1,6.232889561225582
2139,apoyo de,2,6.232889561225582
2140,apoyo de la,3,6.232889561225582
2141,aprecia,1,6.638354669333745
2142,aprecia claramente,2,6.638354669333745
2143,aprecia claramente la,3,6.638354669333745
2144,aprendizaje,1,5.945207488773801
2145,aprendizaje que,2,5.945207488773801
2146,aprendizaje que impliquen,3,5.945207488773801
2147,aprobación,1,5.945207488773801
2148,aprobación de,2,6.232889561225582
2149,aprobación de dichos,3,6.638354669333745
2150,aprobación de recursos,3,6.638354669333745
2151,aprobación del,2,6.638354669333745
2152,aprobación del respectivo,3,6.638354669333745
2153,aprobada,1,6.232889561225582
2154,aprobada mediante,2,6.638354669333745
2155,aprobada mediante acuerdo,3,6.638354669333745
2156,aprobada por,2,6.638354669333745
2157,aprobada por el,3,6.638354669333745
2158,aprobado,1,6.232889561225582
2159,aprobado por,2,6.232889561225582
2160,aprobado por el,3,6.638354669333745
2161,aprobado por la,3,6.638354669333745
2162,aprobados,1,5.945207488773801
2163,aprobados con,2,6.638354669333745
2164,aprobados con exigencias,3,6.638354669333745
2165,aprobados o,2,6.638354669333745
2166,aprobados o rechazados,3,6.638354669333745
2167,aprobados por,2,6.638354669333745
2168,aprobados por la,3,6.638354669333745
2169,aprobarse,1,6.638354669333745
2170,aprobarse o,2,6.638354669333745
2171,aprobarse o acreditarse,3,6.638354669333745
2172,aprueba,1,6.232889561225582
2173,aprueba el,2,6.232889561225582
2174,aprueba el reglamento,3,6.232889561225582
2175,apruebe,1,6.638354669333745
2176,apruebe los,2,6.638354669333745
2177,apruebe los protocolos,3,6.638354669333745
2178,aprueben,1,6.638354669333745
2179,aprueben los,2,6.638354669333745
2180,aprueben los planes,3,6.638354669333745
2181,apruébese,1,6.638354669333745
2182,apruébese el,2,6.638354669333745
2183,apruébese el plan,3,6.638354669333745
2184,aptitud,1,6.638354669333745
2185,aptitud preferentemente,2,6.638354669333745
2186,aptitud preferentemente forestal,3,6.638354669333745
2187,aptos,1,6.232889561225582
2188,aptos para,2,6.232889561225582
2189,aptos para cumplir,3,6.638354669333745
2190,aptos para desplazarse,3,6.638354669333745
2191,aquel,1,5.2520603082138555
2192,aquel calefactor,2,6.638354669333745
2193,aquel calefactor que,3,6.638354669333745
2194,aquel gran,2,6.232889561225582
2195,aquel gran establecimiento,3,6.232889561225582
2196,aquel grupo,2,6.638354669333745
2197,aquel grupo electrógeno,3,6.638354669333745
2198,aquel plantel,2,6.232889561225582
2199,aquel plantel nuevo,3,6.638354669333745
2200,aquel plantel que,3,6.638354669333745
2201,aquel proceso,2,6.638354669333745
2202,aquel proceso cuyas,3,6.638354669333745
2203,aquella,1,5.539742380665636
2204,aquella caldera,2,6.638354669333745
2205,aquella caldera que,3,6.638354669333745
2206,aquella fuente,2,6.232889561225582
2207,aquella fuente estacionaria,3,6.232889561225582
2208,aquella que,2,5.945207488773801
2209,aquella que entre,3,6.232889561225582
2210,aquella que tiene,3,6.638354669333745
2211,aquella unidad,2,6.638354669333745
2212,aquella unidad utilizada,3,6.638354669333745
2213,aquellas,1,4.558913127653909
2214,aquellas calderas,2,6.638354669333745
2215,aquellas calderas que,3,6.638354669333745
2216,aquellas comunas,2,5.539742380665636
2217,aquellas comunas donde,3,5.945207488773801
2218,aquellas comunas emplazadas,3,6.638354669333745
2219,aquellas comunas más,3,6.638354669333745
2220,aquellas emisiones,2,5.945207488773801
2221,aquellas emisiones atmosféricas,3,6.638354669333745
2222,aquellas emisiones generadas,3,6.638354669333745
2223,aquellas emisiones que,3,6.638354669333745
2224,aquellas fuentes,2,5.945207488773801
2225,aquellas fuentes estacionarias,3,6.638354669333745
2226,aquellas fuentes que,3,6.638354669333745
2227,aquellas fuentes reguladas,3,6.638354669333745
2228,aquellas montadas,2,6.638354669333745
2229,aquellas montadas sobre,3,6.638354669333745
2230,aquellas realizadas,2,6.638354669333745
2231,aquellas realizadas o,3,6.638354669333745
2232,aquellas resoluciones,2,6.638354669333745
2233,aquellas resoluciones certificaciones,3,6.638354669333745
2234,aquellos,1,4.623451648791481
2235,aquellos calefactores,2,6.638354669333745
2236,aquellos calefactores certificados,3,6.638354669333745
2237,aquellos establecimientos,2,6.232889561225582
2238,aquellos establecimientos que,3,6.232889561225582
2239,aquellos límites,2,5.945207488773801
2240,aquellos límites de,3,5.945207488773801
2241,aquellos planteles,2,6.638354669333745
2242,aquellos planteles de,3,6.638354669333745
2243,aquellos productos,2,6.638354669333745
2244,aquellos productos sólidos,3,6.638354669333745
2245,aquellos proyectos,2,5.722063937459591
2246,aquellos proyectos o,3,6.232889561225582
2247,aquellos proyectos que,3,6.638354669333745
2248,aquellos proyectos y,3,6.638354669333745
2249,aquellos que,2,6.232889561225582
2250,aquellos que posean,3,6.638354669333745
2251,aquellos que sean,3,6.638354669333745
2252,arbitraje,1,5.722063937459591
2253,arbitraje debe,2,5.722063937459591
2254,arbitraje debe usarse,3,5.722063937459591
2255,arbustos,1,6.638354669333745
2256,arbustos utilizada,2,6.638354669333745
2257,arbustos utilizada como,3,6.638354669333745
2258,armado,1,6.638354669333745
2259,armado que,2,6.638354669333745
2260,armado que tiene,3,6.638354669333745
2261,armador,1,6.638354669333745
2262,armador importador,2,6.638354669333745
2263,armador importador o,3,6.638354669333745
2264,arrojó,1,5.945207488773801
2265,arrojó el,2,6.638354669333745
2266,arrojó el valor,3,6.638354669333745
2267,arrojó para,2,6.638354669333745
2268,arrojó para el,3,6.638354669333745
2269,arrojó que,2,6.638354669333745
2270,arrojó que los,3,6.638354669333745
2271,artefacto,1,6.232889561225582
2272,artefacto que,2,6.232889561225582
2273,artefacto que combustiona,3,6.232889561225582
2274,artefactos,1,5.385591700838378
2275,artefactos a,2,6.638354669333745
2276,artefactos a pellet,3,6.638354669333745
2277,artefactos de,2,6.232889561225582
2278,artefactos de calefacción,3,6.232889561225582
2279,artefactos que,2,6.232889561225582
2280,artefactos que combustionen,3,6.638354669333745
2281,artefactos que se,3,6.638354669333745
2282,artefactos similares,2,6.638354669333745
2283,artefactos similares que,3,6.638354669333745
2284,artículo,1,3.524839360123371
2285,artículo 10,2,6.638354669333745
2286,artículo 10 del,3,6.638354669333745
2287,artículo 102,2,5.945207488773801
2288,artículo 102 del,3,5.945207488773801
2289,artículo 135,2,6.638354669333745
2290,artículo 135 letra,3,6.638354669333745
2291,artículo 136,2,6.638354669333745
2292,artículo 136 letra,3,6.638354669333745
2293,artículo 1º,2,6.638354669333745
2294,artículo 1º el,3,6.638354669333745
2295,artículo 36,2,6.638354669333745
2296,artículo 36 y,3,6.638354669333745
2297,artículo 37,2,6.638354669333745
2298,artículo 37 del,3,6.638354669333745
2299,artículo 38,2,6.638354669333745
2300,artículo 38 y,3,6.638354669333745
2301,artículo 39,2,6.638354669333745
2302,artículo 39 del,3,6.638354669333745
2303,artículo 40,2,6.638354669333745
2304,artículo 40 del,3,6.638354669333745
2305,artículo 42,2,6.232889561225582
2306,artículo 42 del,3,6.232889561225582
2307,artículo 43,2,6.232889561225582
2308,artículo 43 del,3,6.232889561225582
2309,artículo 54,2,6.638354669333745
2310,artículo 54 deberán,3,6.638354669333745
2311,artículo 55,2,6.638354669333745
2312,artículo 55 del,3,6.638354669333745
2313,artículo 58,2,5.945207488773801
2314,artículo 60,2,5.945207488773801
2315,artículo 60 del,3,6.638354669333745
2316,artículo 61,2,5.945207488773801
2317,artículo 61 del,3,6.232889561225582
2318,artículo 63,2,5.539742380665636
2319,artículo 63 del,3,5.945207488773801
2320,artículo 63 mediante,3,6.638354669333745
2321,artículo 63 se,3,6.638354669333745
2322,artículo 83,2,5.945207488773801
2323,artículo 83 del,3,5.945207488773801
2324,artículo anterior,2,5.945207488773801
2325,artículo anterior las,3,6.638354669333745
2326,artículo anterior no,3,6.638354669333745
2327,artículo comenzarán,2,6.638354669333745
2328,artículo comenzarán a,3,6.638354669333745
2329,artículo conforme,2,6.638354669333745
2330,artículo conforme se,3,6.638354669333745
2331,artículo del,2,6.638354669333745
2332,artículo del 47,3,6.638354669333745
2333,artículo los,2,6.638354669333745
2334,artículo los proyectos,3,6.638354669333745
2335,artículo no,2,6.638354669333745
2336,artículo no se,3,6.638354669333745
2337,artículo precedente,2,6.232889561225582
2338,artículo precedente el,3,6.638354669333745
2339,artículo precedente para,3,6.638354669333745
2340,artículo quinquies,2,6.638354669333745
2341,artículo quinquies los,3,6.638354669333745
2342,artículo sexies,2,6.638354669333745
2343,artículo sexies a,3,6.638354669333745
2344,artículos,1,5.2520603082138555
2345,artículos 36,2,6.232889561225582
2346,artículos 36 37,3,6.638354669333745
2347,artículos 36 y,3,6.638354669333745
2348,artículos 63,2,6.232889561225582
2349,artículos 63 al,3,6.638354669333745
2350,artículos 63 y,3,6.638354669333745
2351,artículos anteriores,2,6.638354669333745
2352,artículos anteriores se,3,6.638354669333745
2353,artículos precedentes,2,6.638354669333745
2354,artículos precedentes deberán,3,6.638354669333745
2355,artículos siguientes,2,6.638354669333745
2356,asegurando,1,6.638354669333745
2357,asegurando la,2,6.638354669333745
2358,asegurando la conservación,3,6.638354669333745
2359,asegurar,1,5.945207488773801
2360,asegurar el,2,6.232889561225582
2361,asegurar el acceso,3,6.638354669333745
2362,asegurar el buen,3,6.638354669333745
2363,asegurar que,2,6.638354669333745
2364,asegurar que se,3,6.638354669333745
2365,asegure,1,6.232889561225582
2366,asegure dicho,2,6.638354669333745
2367,asegure dicho cumplimiento,3,6.638354669333745
2368,asegure una,2,6.638354669333745
2369,asegure una mejoría,3,6.638354669333745
2370,aseguren,1,6.638354669333745
2371,aseguren la,2,6.638354669333745
2372,aseguren la captura,3,6.638354669333745
2373,asignación,1,6.638354669333745
2374,asignación de,2,6.638354669333745
2375,asignación de recursos,3,6.638354669333745
2376,asignada,1,6.638354669333745
2377,asignada se,2,6.638354669333745
2378,asignada se calculará,3,6.638354669333745
2379,asimismo,1,5.385591700838378
2380,asimismo buscarán,2,6.638354669333745
2381,asimismo buscarán otros,3,6.638354669333745
2382,asimismo deberán,2,6.638354669333745
2383,asimismo deberán presentar,3,6.638354669333745
2384,asimismo la,2,6.232889561225582
2385,asimismo la intendencia,3,6.638354669333745
2386,asimismo la seremi,3,6.638354669333745
2387,asimismo los,2,6.638354669333745
2388,asimismo los comerciantes,3,6.638354669333745
2389,asimismo mediante,2,6.638354669333745
2390,asimismo mediante la,3,6.638354669333745
2391,asma,1,6.638354669333745
2392,asma aumento,2,6.638354669333745
2393,asma aumento de,3,6.638354669333745
2394,asocia,1,6.232889561225582
2395,asocia a,2,6.638354669333745
2396,asocia a un,3,6.638354669333745
2397,asocia al,2,6.638354669333745
2398,asocia al aumento,3,6.638354669333745
2399,asociadas,1,4.93360657709532
2400,asociadas a,2,5.2520603082138555
2401,asociadas a cada,3,6.638354669333745
2402,asociadas a la,3,5.722063937459591
2403,asociadas a los,3,6.638354669333745
2404,asociadas a planes,3,6.638354669333745
2405,asociadas al,2,6.232889561225582
2406,asociadas al aumento,3,6.638354669333745
2407,asociadas al uso,3,6.638354669333745
2408,asociadas y,2,6.638354669333745
2409,asociadas y su,3,6.638354669333745
2410,asociado,1,6.638354669333745
2411,asociado observándose,2,6.638354669333745
2412,asociado observándose los,3,6.638354669333745
2413,asociados,1,5.539742380665636
2414,asociados a,2,5.945207488773801
2415,asociados a la,3,6.232889561225582
2416,asociados a las,3,6.638354669333745
2417,asociados al,2,6.232889561225582
2418,asociados al cumplimiento,3,6.638354669333745
2419,asociados al recambio,3,6.638354669333745
2420,aspirado,1,5.539742380665636
2421,aspirado y,2,5.539742380665636
2422,aspirado y lavado,3,5.539742380665636
2423,astm,1,5.722063937459591
2424,astm american,2,6.232889561225582
2425,astm american society,3,6.232889561225582
2426,astm d3231,2,6.638354669333745
2427,astm d3237,2,6.638354669333745
2428,así,1,5.2520603082138555
2429,así como,2,5.385591700838378
2430,así como asegurar,3,6.638354669333745
2431,así como cualesquiera,3,6.638354669333745
2432,así como las,3,6.638354669333745
2433,así como los,3,6.638354669333745
2434,así como también,3,6.638354669333745
2435,así como tampoco,3,6.638354669333745
2436,así para,2,6.638354669333745
2437,así para la,3,6.638354669333745
2438,aterosclerosis,1,6.638354669333745
2439,aterosclerosis incremento,2,6.638354669333745
2440,aterosclerosis incremento en,3,6.638354669333745
2441,atm,1,6.638354669333745
2442,atmosférica,1,4.035664983889362
2443,atmosférica de,2,6.232889561225582
2444,atmosférica de la,3,6.638354669333745
2445,atmosférica de santiago,3,6.638354669333745
2446,atmosférica dirigido,2,6.638354669333745
2447,atmosférica dirigido a,3,6.638354669333745
2448,atmosférica donde,2,6.638354669333745
2449,atmosférica donde el,3,6.638354669333745
2450,atmosférica el,2,6.638354669333745
2451,atmosférica el que,3,6.638354669333745
2452,atmosférica en,2,6.638354669333745
2453,atmosférica en las,3,6.638354669333745
2454,atmosférica los,2,6.638354669333745
2455,atmosférica los contaminantes,3,6.638354669333745
2456,atmosférica para,2,5.134277272557472
2457,atmosférica para la,3,5.134277272557472
2458,atmosférica por,2,5.539742380665636
2459,atmosférica por material,3,5.945207488773801
2460,atmosférica por mp2,3,6.232889561225582
2461,atmosférica que,2,6.638354669333745
2462,atmosférica que regirá,3,6.638354669333745
2463,atmosférica se,2,6.638354669333745
2464,atmosférica se indican,3,6.638354669333745
2465,atmosféricas,1,6.638354669333745
2466,atmosféricas existentes,2,6.638354669333745
2467,atmosféricas existentes en,3,6.638354669333745
2468,atmósfera,1,6.232889561225582
2469,atmósfera a,2,6.638354669333745
2470,atmósfera a partir,3,6.638354669333745
2471,atmósfera al,2,6.638354669333745
2472,atmósfera al menos,3,6.638354669333745
2473,atrapados,1,6.638354669333745
2474,atrapados dentro,2,6.638354669333745
2475,atrapados dentro de,3,6.638354669333745
2476,atribuciones,1,4.7665524924321545
2477,atribuciones de,2,6.638354669333745
2478,atribuciones de los,3,6.638354669333745
2479,atribuciones debiendo,2,6.638354669333745
2480,atribuciones debiendo denunciarse,3,6.638354669333745
2481,atribuciones dispondrá,2,5.945207488773801
2482,atribuciones dispondrá la,3,6.638354669333745
2483,atribuciones dispondrá las,3,6.232889561225582
2484,atribuciones en,2,6.638354669333745
2485,atribuciones en la,3,6.638354669333745
2486,atribuciones legales,2,5.722063937459591
2487,atribuciones legales de,3,6.638354669333745
2488,atribuciones legales fiscalizará,3,6.638354669333745
2489,atribuciones legales la,3,6.638354669333745
2490,atribuciones para,2,6.638354669333745
2491,atribuciones para la,3,6.638354669333745
2492,atribuibles,1,6.232889561225582
2493,atribuibles al,2,6.638354669333745
2494,atribuibles al igual,3,6.638354669333745
2495,atribuibles principalmente,2,6.638354669333745
2496,atribuibles principalmente al,3,6.638354669333745
2497,aumento,1,4.846595200105691
2498,aumento de,2,5.945207488773801
2499,aumento de la,3,6.638354669333745
2500,aumento de riesgo,3,6.638354669333745
2501,aumento de áreas,3,6.638354669333745
2502,aumento del,2,6.232889561225582
2503,aumento del azufre,3,6.638354669333745
2504,aumento del transporte,3,6.638354669333745
2505,aumento en,2,6.638354669333745
2506,aumento en las,3,6.638354669333745
2507,aumento generalizado,2,6.638354669333745
2508,aumento generalizado de,3,6.638354669333745
2509,aumento no,2,6.638354669333745
2510,aumento no programado,3,6.638354669333745
2511,aumento o,2,6.638354669333745
2512,aumento o reducción,3,6.638354669333745
2513,aumento que,2,6.638354669333745
2514,aumento que tuvo,3,6.638354669333745
2515,aumento sobre,2,6.638354669333745
2516,aumento sobre la,3,6.638354669333745
2517,aunque,1,6.232889561225582
2518,aunque aportan,2,6.232889561225582
2519,aunque aportan en,3,6.232889561225582
2520,automatizada,1,6.638354669333745
2521,automatizada para,2,6.638354669333745
2522,automatizada para la,3,6.638354669333745
2523,automotores,1,6.638354669333745
2524,automotores locomotoras,2,6.638354669333745
2525,automotores locomotoras u,3,6.638354669333745
2526,automotriz,1,6.638354669333745
2527,automotriz en,2,6.638354669333745
2528,automotriz en términos,3,6.638354669333745
2529,automática,1,6.638354669333745
2530,automática de,2,6.638354669333745
2531,automática de combustión,3,6.638354669333745
2532,automóviles,1,6.638354669333745
2533,automóviles buses,2,6.638354669333745
2534,automóviles buses y,3,6.638354669333745
2535,autopistas,1,6.638354669333745
2536,autopistas y,2,6.638354669333745
2537,autopistas y las,3,6.638354669333745
2538,autoridad,1,6.232889561225582
2539,autoridad pública,2,6.638354669333745
2540,autoridad pública o,3,6.638354669333745
2541,autoridad sanitaria,2,6.638354669333745
2542,autoridad sanitaria dicte,3,6.638354669333745
2543,autorización,1,6.232889561225582
2544,autorización expresa,2,6.638354669333745
2545,autorización expresa de,3,6.638354669333745
2546,autorización para,2,6.638354669333745
2547,autorización para disponer,3,6.638354669333745
2548,autorizada,1,6.638354669333745
2549,autorizada conforme,2,6.638354669333745
2550,autorizada conforme a,3,6.638354669333745
2551,autorizada de,2,6.638354669333745
2552,autorizada de material,3,6.638354669333745
2553,autorizadas,1,6.232889561225582
2554,autorizadas para,2,6.638354669333745
2555,autorizadas para cada,3,6.638354669333745
2556,autorizadas por,2,6.638354669333745
2557,autorizadas por la,3,6.638354669333745
2558,autorizados,1,6.232889561225582
2559,autorizados por,2,6.232889561225582
2560,autorizados por la,3,6.232889561225582
2561,autorizando,1,6.638354669333745
2562,autorizando hasta,2,6.638354669333745
2563,autorizando hasta un,3,6.638354669333745
2564,autorizar,1,6.232889561225582
2565,autorizar la,2,6.638354669333745
2566,autorizar la modalidad,3,6.638354669333745
2567,autorizar quemas,2,6.638354669333745
2568,autorizar quemas en,3,6.638354669333745
2569,avance,1,5.945207488773801
2570,avance a,2,6.638354669333745
2571,avance a la,3,6.638354669333745
2572,avance de,2,6.232889561225582
2573,avance de las,3,6.232889561225582
2574,avanzado,1,6.638354669333745
2575,avanzado en,2,6.638354669333745
2576,avanzado en la,3,6.638354669333745
2577,aves,1,5.539742380665636
2578,aves al,2,6.638354669333745
2579,aves al interior,3,6.638354669333745
2580,aves de,2,5.539742380665636
2581,aves de corral,3,5.539742380665636
2582,aves en,2,6.232889561225582
2583,aves en piso,3,6.232889561225582
2584,avícolas,1,6.638354669333745
2585,ayuda,1,6.232889561225582
2586,ayuda a,2,6.638354669333745
2587,ayuda a restablecer,3,6.638354669333745
2588,ayuda de,2,6.638354669333745
2589,ayuda de ligantes,3,6.638354669333745
2590,azufre,1,5.028916756899646
2591,azufre a,2,6.638354669333745
2592,azufre a partir,3,6.638354669333745
2593,azufre del,2,6.638354669333745
2594,azufre del petróleo,3,6.638354669333745
2595,azufre en,2,6.232889561225582
2596,azufre en el,3,6.638354669333745
2597,azufre en la,3,6.638354669333745
2598,azufre máximo,2,6.638354669333745
2599,azufre o,2,6.638354669333745
2600,azufre o gaseoso,3,6.638354669333745
2601,azufre producto,2,6.638354669333745
2602,azufre producto de,3,6.638354669333745
2603,azufre so2,2,6.638354669333745
2604,azufre óxidos,2,6.638354669333745
2605,azufre óxidos de,3,6.638354669333745
2606,azul,1,6.638354669333745
2607,azul excepto,2,6.638354669333745
2608,azul excepto vapor,3,6.638354669333745
2609,aérea,1,6.638354669333745
2610,aérea la,2,6.638354669333745
2611,aérea la de,3,6.638354669333745
2612,año,1,3.7761537884042773
2613,año 1997,2,6.638354669333745
2614,año 1997 a,3,6.638354669333745
2615,año 1998,2,6.638354669333745
2616,año 1998 diversos,3,6.638354669333745
2617,año 1999,2,6.638354669333745
2618,año 1999 hasta,3,6.638354669333745
2619,año 2002,2,6.232889561225582
2620,año 2002 tragüen,3,6.638354669333745
2621,año 2006,2,6.638354669333745
2622,año 2006 permitió,3,6.638354669333745
2623,año 2007,2,6.638354669333745
2624,año 2008,2,6.638354669333745
2625,año 2008 se,3,6.638354669333745
2626,año 2009,2,6.638354669333745
2627,año 2009 se,3,6.638354669333745
2628,año 2014,2,6.638354669333745
2629,año 2014 y,3,6.638354669333745
2630,año 2015,2,5.385591700838378
2631,año 2015 como,3,6.232889561225582
2632,año 2015 de,3,6.638354669333745
2633,año 2015 es,3,6.638354669333745
2634,año 2015 y,3,6.638354669333745
2635,año 2020,2,6.232889561225582
2636,año 2020 el,3,6.232889561225582
2637,año 2024,2,6.638354669333745
2638,año 2024 y,3,6.638354669333745
2639,año 2025,2,6.638354669333745
2640,año 2026,2,6.232889561225582
2641,año 2026 con,3,6.638354669333745
2642,año a,2,6.638354669333745
2643,año a la,3,6.638354669333745
2644,año anterior,2,6.638354669333745
2645,año anterior sus,3,6.638354669333745
2646,año base,2,6.638354669333745
2647,año base a,3,6.638354669333745
2648,año calendario,2,6.638354669333745
2649,año calendario en,3,6.638354669333745
2650,año de,2,6.638354669333745
2651,año de fabricación,3,6.638354669333745
2652,año en,2,5.945207488773801
2653,año en situaciones,3,5.945207488773801
2654,año mientras,2,6.638354669333745
2655,año mientras que,3,6.638354669333745
2656,año respecto,2,6.638354669333745
2657,año respecto de,3,6.638354669333745
2658,año se,2,6.638354669333745
2659,año se representa,3,6.638354669333745
2660,año sólo,2,6.638354669333745
2661,año sólo en,3,6.638354669333745
2662,año y,2,6.638354669333745
2663,año y etapa,3,6.638354669333745
2664,año1,1,6.638354669333745
2665,año1 y,2,6.638354669333745
2666,año1 y una,3,6.638354669333745
2667,años,1,4.93360657709532
2668,años 1998,2,6.638354669333745
2669,años 1998 al,3,6.638354669333745
2670,años 2017,2,6.638354669333745
2671,años 2017 y,3,6.638354669333745
2672,años anteriores,2,6.638354669333745
2673,años anteriores y,3,6.638354669333745
2674,años atribuibles,2,6.638354669333745
2675,años atribuibles al,3,6.638354669333745
2676,años de,2,6.638354669333745
2677,años de gestión,3,6.638354669333745
2678,años desde,2,6.232889561225582
2679,años desde la,3,6.232889561225582
2680,años en,2,6.638354669333745
2681,años en los,3,6.638354669333745
2682,años tipo,2,6.638354669333745
2683,años tipo cambio,3,6.638354669333745
2684,años11,1,6.638354669333745
2685,años11 atribuibles,2,6.638354669333745
2686,años11 atribuibles principalmente,3,6.638354669333745
2687,aún,1,6.638354669333745
2688,aún insuficiente,2,6.638354669333745
2689,aún insuficiente para,3,6.638354669333745
2690,baja,1,5.539742380665636
2691,baja demanda,2,6.638354669333745
2692,baja demanda térmica,3,6.638354669333745
2693,baja emisión,2,5.945207488773801
2694,baja emisión en,3,6.638354669333745
2695,baja emisión las,3,6.638354669333745
2696,baja emisión que,3,6.638354669333745
2697,baja o,2,6.638354669333745
2698,baja o nula,3,6.638354669333745
2699,bajo,1,5.722063937459591
2700,bajo la,2,6.638354669333745
2701,bajo la metodología,3,6.638354669333745
2702,bajo techo,2,5.945207488773801
2703,banco,1,6.638354669333745
2704,banco de,2,6.638354669333745
2705,banco de ensayo,3,6.638354669333745
2706,bandejones,1,6.638354669333745
2707,bandejones de,2,6.638354669333745
2708,bandejones de tierra,3,6.638354669333745
2709,barcos,1,6.638354669333745
2710,barcos aeronaves,2,6.638354669333745
2711,barcos aeronaves y,3,6.638354669333745
2712,barnices,1,6.638354669333745
2713,barnices u,2,6.638354669333745
2714,barnices u otros,3,6.638354669333745
2715,barro,1,6.232889561225582
2716,barro aparato,2,6.638354669333745
2717,barro aparato construido,3,6.638354669333745
2718,barro y,2,6.232889561225582
2719,barro y carros,3,6.638354669333745
2720,barro y o,3,6.638354669333745
2721,base,1,4.441130091997526
2722,base a,2,5.028916756899646
2723,base a dicha,3,6.638354669333745
2724,base a la,3,6.638354669333745
2725,base a las,3,6.232889561225582
2726,base a lo,3,6.232889561225582
2727,base a motores,3,6.638354669333745
2728,base a partir,3,6.638354669333745
2729,base a promedios,3,6.638354669333745
2730,base a todos,3,6.638354669333745
2731,base aquellas,2,6.638354669333745
2732,base aquellas emisiones,3,6.638354669333745
2733,base de,2,5.945207488773801
2734,base de cooperación,3,6.638354669333745
2735,base de emisiones,3,6.638354669333745
2736,base de los,3,6.638354669333745
2737,base en,2,6.638354669333745
2738,base en valores,3,6.638354669333745
2739,base seca,2,6.638354669333745
2740,base seca de,3,6.638354669333745
2741,base será,2,6.638354669333745
2742,base será entregada,3,6.638354669333745
2743,base todas,2,6.638354669333745
2744,base todas aquellas,3,6.638354669333745
2745,base total,2,6.638354669333745
2746,base total de,3,6.638354669333745
2747,bases,1,5.722063937459591
2748,bases administrativas,2,6.232889561225582
2749,bases administrativas términos,3,6.232889561225582
2750,bases generales,2,6.232889561225582
2751,bases generales del,3,6.232889561225582
2752,bc,1,6.638354669333745
2753,bc en,2,6.638354669333745
2754,bc en inglés,3,6.638354669333745
2755,beneficio,1,6.232889561225582
2756,beneficio costo,2,6.638354669333745
2757,beneficio costo de,3,6.638354669333745
2758,beneficio neto,2,6.638354669333745
2759,beneficio neto de,3,6.638354669333745
2760,beneficio utilizada,2,6.638354669333745
2761,beneficio utilizada y,3,6.638354669333745
2762,beneficios,1,4.692444520278432
2763,beneficios al,2,6.232889561225582
2764,beneficios al reducir,3,6.638354669333745
2765,beneficios al sector,3,6.638354669333745
2766,beneficios asociados,2,6.638354669333745
2767,beneficios asociados a,3,6.638354669333745
2768,beneficios del,2,6.638354669333745
2769,beneficios del ppda,3,6.638354669333745
2770,beneficios derivados,2,6.638354669333745
2771,beneficios derivados de,3,6.638354669333745
2772,beneficios menos,2,6.638354669333745
2773,beneficios menos los,3,6.638354669333745
2774,beneficios netos,2,6.638354669333745
2775,beneficios netos corresponden,3,6.638354669333745
2776,beneficios no,2,6.638354669333745
2777,beneficios no cuantificados,3,6.638354669333745
2778,beneficios para,2,6.232889561225582
2779,beneficios para la,3,6.638354669333745
2780,beneficios para los,3,6.638354669333745
2781,beneficios por,2,6.232889561225582
2782,beneficios por ahorros,3,6.638354669333745
2783,beneficios por reducción,3,6.638354669333745
2784,beneficios producto,2,6.638354669333745
2785,beneficios producto de,3,6.638354669333745
2786,beneficios valorizados,2,6.232889561225582
2787,beneficios valorizados de,3,6.638354669333745
2788,beneficios valorizados se,3,6.638354669333745
2789,beneficios y,2,6.638354669333745
2790,beneficios y costos,3,6.638354669333745
2791,bermas,1,6.638354669333745
2792,bermas y,2,6.638354669333745
2793,bermas y bandejones,3,6.638354669333745
2794,bernardo,1,5.539742380665636
2795,bernardo o,2,6.232889561225582
2796,bernardo o dar,3,6.638354669333745
2797,bernardo o higgins,3,6.638354669333745
2798,bernardo sólo,2,6.638354669333745
2799,bernardo sólo se,3,6.638354669333745
2800,bernardo y,2,6.232889561225582
2801,bernardo y puente,3,6.232889561225582
2802,bhp,1,6.638354669333745
2803,bhp para,2,6.638354669333745
2804,bhp para motores,3,6.638354669333745
2805,biciestacionamientos,1,5.945207488773801
2806,biciestacionamientos descritas,2,6.638354669333745
2807,biciestacionamientos descritas en,3,6.638354669333745
2808,biciestacionamientos en,2,6.638354669333745
2809,biciestacionamientos en el,3,6.638354669333745
2810,biciestacionamientos públicos,2,6.638354669333745
2811,biciestacionamientos públicos en,3,6.638354669333745
2812,bien,1,5.539742380665636
2813,bien del,2,6.638354669333745
2814,bien del tipo,3,6.638354669333745
2815,bien el,2,6.638354669333745
2816,bien el ds,3,6.638354669333745
2817,bien en,2,6.638354669333745
2818,bien en labores,3,6.638354669333745
2819,bien las,2,6.638354669333745
2820,bien las metas,3,6.638354669333745
2821,bien que,2,6.638354669333745
2822,bien que no,3,6.638354669333745
2823,biocombustibles,1,5.945207488773801
2824,biocombustibles deberá,2,6.638354669333745
2825,biocombustibles deberá aplicarse,3,6.638354669333745
2826,biocombustibles sólidos,2,6.638354669333745
2827,biocombustibles sólidos especificaciones,3,6.638354669333745
2828,biocombustibles y,2,6.638354669333745
2829,biocombustibles y bioma,3,6.638354669333745
2830,biodiésel,1,6.638354669333745
2831,biodiésel no,2,6.638354669333745
2832,biodiésel no será,3,6.638354669333745
2833,bioma,1,6.638354669333745
2834,bioma sa,2,6.638354669333745
2835,biomasa,1,6.232889561225582
2836,biomasa como,2,6.638354669333745
2837,biomasa como la,3,6.638354669333745
2838,biomasa densificada,2,6.638354669333745
2839,biomasa densificada de,3,6.638354669333745
2840,black,1,5.722063937459591
2841,black carbon,2,5.945207488773801
2842,black carbon bc,3,6.638354669333745
2843,black carbon10,2,6.638354669333745
2844,blanco,1,6.638354669333745
2845,blanco a,2,6.638354669333745
2846,blanco a través,3,6.638354669333745
2847,brasero,1,6.638354669333745
2848,brasero recipiente,2,6.638354669333745
2849,brasero recipiente metálico,3,6.638354669333745
2850,braseros,1,6.638354669333745
2851,braseros chimeneas,2,6.638354669333745
2852,braseros chimeneas de,3,6.638354669333745
2853,briqueta,1,6.638354669333745
2854,briqueta combustible,2,6.638354669333745
2855,briqueta combustible sólido,3,6.638354669333745
2856,briquetas,1,6.638354669333745
2857,briquetas o,2,6.638354669333745
2858,briquetas o pellet,3,6.638354669333745
2859,bruto,1,6.638354669333745
2860,bruto de,2,6.638354669333745
2861,bruto de troncos,3,6.638354669333745
2862,buen,1,6.638354669333745
2863,buen manejo,2,6.638354669333745
2864,buen manejo del,3,6.638354669333745
2865,buenas,1,6.638354669333745
2866,buenas prácticas,2,6.638354669333745
2867,buenas prácticas en,3,6.638354669333745
2868,bus,1,6.638354669333745
2869,bus localizadas,2,6.638354669333745
2870,bus localizadas en,3,6.638354669333745
2871,buscarán,1,6.638354669333745
2872,buscarán otros,2,6.638354669333745
2873,buscarán otros canales,3,6.638354669333745
2874,buses,1,5.385591700838378
2875,buses cuyos,2,6.638354669333745
2876,buses cuyos motores,3,6.638354669333745
2877,buses destinados,2,5.945207488773801
2878,buses destinados a,3,5.945207488773801
2879,buses transantiago,2,6.638354669333745
2880,buses y,2,6.638354669333745
2881,buses y camiones,3,6.638354669333745
2882,cabe,1,6.232889561225582
2883,cabe destacar,2,6.638354669333745
2884,cabe destacar los,3,6.638354669333745
2885,cabe señalar,2,6.638354669333745
2886,cabe señalar que,3,6.638354669333745
2887,cabo,1,6.638354669333745
2888,cabo de,2,6.638354669333745
2889,cabo de casi,3,6.638354669333745
2890,cada,1,4.3357695763397
2891,cada 24,2,6.638354669333745
2892,cada 24 meses,3,6.638354669333745
2893,cada año,2,5.028916756899646
2894,cada año a,3,6.638354669333745
2895,cada año calendario,3,6.638354669333745
2896,cada año en,3,5.945207488773801
2897,cada año respecto,3,6.638354669333745
2898,cada cambio,2,6.638354669333745
2899,cada cambio de,3,6.638354669333745
2900,cada caso,2,6.638354669333745
2901,cada caso los,3,6.638354669333745
2902,cada fuente,2,6.232889561225582
2903,cada fuente a,3,6.638354669333745
2904,cada fuente por,3,6.638354669333745
2905,cada galpón,2,6.638354669333745
2906,cada galpón o,3,6.638354669333745
2907,cada gran,2,6.638354669333745
2908,cada gran establecimiento,3,6.638354669333745
2909,cada periodo,2,6.638354669333745
2910,cada periodo para,3,6.638354669333745
2911,cada uno,2,6.232889561225582
2912,cada uno de,3,6.638354669333745
2913,cada uno en,3,6.638354669333745
2914,cadena,1,5.722063937459591
2915,cadena de,2,5.722063937459591
2916,cadena de distribución,3,5.945207488773801
2917,cadena de manejo,3,6.638354669333745
2918,calculará,1,6.638354669333745
2919,calculará sobre,2,6.638354669333745
2920,calculará sobre la,3,6.638354669333745
2921,calculó,1,6.638354669333745
2922,calculó la,2,6.638354669333745
2923,calculó la reducción,3,6.638354669333745
2924,caldera,1,5.945207488773801
2925,caldera cumple,2,6.638354669333745
2926,caldera cumple lo,3,6.638354669333745
2927,caldera existente,2,6.638354669333745
2928,caldera existente aquella,3,6.638354669333745
2929,caldera que,2,6.638354669333745
2930,caldera que se,3,6.638354669333745
2931,caldera unidad,2,6.638354669333745
2932,caldera unidad principalmente,3,6.638354669333745
2933,calderas,1,4.558913127653909
2934,calderas de,2,5.945207488773801
2935,calderas de calefacción,3,6.638354669333745
2936,calderas de potencia,3,6.232889561225582
2937,calderas existentes,2,6.638354669333745
2938,calderas existentes de,3,6.638354669333745
2939,calderas grupos,2,6.638354669333745
2940,calderas grupos electrógenos,3,6.638354669333745
2941,calderas ni,2,6.638354669333745
2942,calderas ni procesos,3,6.638354669333745
2943,calderas nuevas,2,6.232889561225582
2944,calderas nuevas que,3,6.638354669333745
2945,calderas nuevas y,3,6.638354669333745
2946,calderas procesos,2,6.638354669333745
2947,calderas procesos industriales,3,6.638354669333745
2948,calderas que,2,6.232889561225582
2949,calderas que cumplan,3,6.638354669333745
2950,calderas que utilicen,3,6.638354669333745
2951,calderas y,2,5.722063937459591
2952,calderas y hornos,3,6.232889561225582
2953,calderas y procesos,3,6.232889561225582
2954,calefacción,1,4.441130091997526
2955,calefacción a,2,6.638354669333745
2956,calefacción a leña,3,6.638354669333745
2957,calefacción con,2,6.638354669333745
2958,calefacción con leña,3,6.638354669333745
2959,calefacción de,2,6.638354669333745
2960,calefacción de uso,3,6.638354669333745
2961,calefacción distrital,2,6.638354669333745
2962,calefacción distrital sistema,3,6.638354669333745
2963,calefacción distritales,2,6.638354669333745
2964,calefacción distritales entre,3,6.638354669333745
2965,calefacción domiciliaria,2,6.638354669333745
2966,calefacción durante,2,6.638354669333745
2967,calefacción durante un,3,6.638354669333745
2968,calefacción en,2,6.232889561225582
2969,calefacción en el,3,6.232889561225582
2970,calefacción que,2,6.232889561225582
2971,calefacción que cuenten,3,6.638354669333745
2972,calefacción que utilicen,3,6.638354669333745
2973,calefacción residencial,2,5.539742380665636
2974,calefacción residencial a,3,6.232889561225582
2975,calefacción residencial en,3,6.638354669333745
2976,calefacción residencial para,3,6.638354669333745
2977,calefacción residencial que,3,6.638354669333745
2978,calefacción sistema,2,6.638354669333745
2979,calefacción sistema compuesto,3,6.638354669333745
2980,calefacción sustentable,2,6.638354669333745
2981,calefacción sustentable del,3,6.638354669333745
2982,calefacción y,2,6.638354669333745
2983,calefacción y agua,3,6.638354669333745
2984,calefacción ya,2,6.638354669333745
2985,calefacción ya sea,3,6.638354669333745
2986,calefactor,1,5.945207488773801
2987,calefactor artefacto,2,6.638354669333745
2988,calefactor artefacto que,3,6.638354669333745
2989,calefactor de,2,6.638354669333745
2990,calefactor de cámara,3,6.638354669333745
2991,calefactor nuevo,2,6.638354669333745
2992,calefactor nuevo aquel,3,6.638354669333745
2993,calefactor que,2,6.638354669333745
2994,calefactor que es,3,6.638354669333745
2995,calefactores,1,4.3357695763397
2996,calefactores a,2,5.722063937459591
2997,calefactores a leña,3,5.945207488773801
2998,calefactores a pellet,3,6.638354669333745
2999,calefactores certificados,2,6.638354669333745
3000,calefactores certificados de,3,6.638354669333745
3001,calefactores de,2,5.945207488773801
3002,calefactores de uso,3,5.945207488773801
3003,calefactores deberán,2,6.638354669333745
3004,calefactores deberán certificarse,3,6.638354669333745
3005,calefactores en,2,6.638354669333745
3006,calefactores en hoteles,3,6.638354669333745
3007,calefactores hechizos,2,6.638354669333745
3008,calefactores hechizos u,3,6.638354669333745
3009,calefactores nuevos,2,6.232889561225582
3010,calefactores nuevos a,3,6.638354669333745
3011,calefactores nuevos que,3,6.638354669333745
3012,calefactores que,2,5.945207488773801
3013,calefactores que los,3,6.638354669333745
3014,calefactores que utilicen,3,6.232889561225582
3015,calefactores y,2,5.945207488773801
3016,calefactores y cocinas,3,5.945207488773801
3017,calendario,1,6.638354669333745
3018,calendario en,2,6.638354669333745
3019,calendario en su,3,6.638354669333745
3020,calentamiento,1,6.232889561225582
3021,calentamiento de,2,6.638354669333745
3022,calentamiento de madera,3,6.638354669333745
3023,calentamiento superficial,2,6.638354669333745
3024,calentamiento superficial permite,3,6.638354669333745
3025,calentar,1,6.638354669333745
3026,calentar un,2,6.638354669333745
3027,calentar un fluido,3,6.638354669333745
3028,calidad,1,3.7761537884042773
3029,calidad ambiental,2,5.945207488773801
3030,calidad ambiental de,3,6.232889561225582
3031,calidad ambiental para,3,6.638354669333745
3032,calidad de,2,5.539742380665636
3033,calidad de la,3,6.638354669333745
3034,calidad de los,3,5.945207488773801
3035,calidad de vida,3,6.638354669333745
3036,calidad del,2,4.073405311872209
3037,calidad del aire,3,4.073405311872209
3038,calidad primaria,2,6.638354669333745
3039,calidad primaria para,3,6.638354669333745
3040,calidad que,2,6.638354669333745
3041,calidad que regulan,3,6.638354669333745
3042,calidad tanto,2,6.638354669333745
3043,calidad tanto para,3,6.638354669333745
3044,caliente,1,6.232889561225582
3045,caliente calentar,2,6.638354669333745
3046,caliente calentar un,3,6.638354669333745
3047,caliente sanitaria,2,6.638354669333745
3048,caliente sanitaria a,3,6.638354669333745
3049,calientes,1,6.638354669333745
3050,calientes y,2,6.638354669333745
3051,calientes y que,3,6.638354669333745
3052,calificación,1,5.945207488773801
3053,calificación ambiental,2,5.945207488773801
3054,calificación ambiental con,3,6.232889561225582
3055,calificación ambiental respectiva,3,6.638354669333745
3056,california,1,6.638354669333745
3057,california code,2,6.638354669333745
3058,california code of,3,6.638354669333745
3059,california en,2,6.638354669333745
3060,california en el,3,6.638354669333745
3061,calles,1,5.539742380665636
3062,calles ampliando,2,6.638354669333745
3063,calles ampliando su,3,6.638354669333745
3064,calles establecido,2,5.945207488773801
3065,calles establecido en,3,5.945207488773801
3066,calma,1,6.638354669333745
3067,calma generando,2,6.638354669333745
3068,calma generando un,3,6.638354669333745
3069,calor,1,5.539742380665636
3070,calor a,2,6.232889561225582
3071,calor a los,3,6.638354669333745
3072,calor a través,3,6.638354669333745
3073,calor mediante,2,6.638354669333745
3074,calor mediante el,3,6.638354669333745
3075,calor producido,2,6.638354669333745
3076,calor producido deben,3,6.638354669333745
3077,calorífico,1,6.638354669333745
3078,calorífico inferior,2,6.638354669333745
3079,calorífico inferior del,3,6.638354669333745
3080,camas,1,6.638354669333745
3081,camas calientes,2,6.638354669333745
3082,camas calientes y,3,6.638354669333745
3083,cambio,1,5.539742380665636
3084,cambio climático,2,6.638354669333745
3085,cambio de,2,6.638354669333745
3086,cambio de combustible,3,6.638354669333745
3087,cambio dólar,2,6.638354669333745
3088,cambio dólar 684,3,6.638354669333745
3089,cambio en,2,6.638354669333745
3090,cambio en las,3,6.638354669333745
3091,cambio persiste,2,6.638354669333745
3092,cambio persiste para,3,6.638354669333745
3093,cambio uf,2,6.638354669333745
3094,cambio uf 25,3,6.638354669333745
3095,cambios,1,6.232889561225582
3096,cambios estructurales,2,6.638354669333745
3097,cambios estructurales en,3,6.638354669333745
3098,cambios han,2,6.638354669333745
3099,cambios han sido,3,6.638354669333745
3100,camiones,1,5.722063937459591
3101,camiones tanques,2,6.232889561225582
3102,camiones tanques junto,3,6.638354669333745
3103,camiones tanques que,3,6.638354669333745
3104,camiones tanto,2,6.638354669333745
3105,camiones tanto a,3,6.638354669333745
3106,camiones y,2,6.638354669333745
3107,camiones y estaciones,3,6.638354669333745
3108,campaña,1,6.638354669333745
3109,campaña comunicacional,2,6.638354669333745
3110,campaña comunicacional en,3,6.638354669333745
3111,campañas,1,6.232889561225582
3112,campañas de,2,6.638354669333745
3113,campañas de medición,3,6.638354669333745
3114,campañas informativas,2,6.638354669333745
3115,campañas informativas en,3,6.638354669333745
3116,campo,1,6.638354669333745
3117,campo de,2,6.638354669333745
3118,campo de aplicación,3,6.638354669333745
3119,canales,1,6.638354669333745
3120,canales que,2,6.638354669333745
3121,canales que permitan,3,6.638354669333745
3122,canalizadas,1,6.638354669333745
3123,canalizadas en,2,6.638354669333745
3124,canalizadas en ductos,3,6.638354669333745
3125,cantidad,1,6.232889561225582
3126,cantidad de,2,6.638354669333745
3127,cantidad de emisiones,3,6.638354669333745
3128,cantidad total,2,6.638354669333745
3129,cantidad total entregada,3,6.638354669333745
3130,cantillana,1,6.638354669333745
3131,cantillana supera,2,6.638354669333745
3132,cantillana supera los,3,6.638354669333745
3133,capa,1,6.232889561225582
3134,capa de,2,6.232889561225582
3135,capa de inversión,3,6.638354669333745
3136,capa de mezcla,3,6.638354669333745
3137,capacidad,1,5.539742380665636
3138,capacidad de,2,5.722063937459591
3139,capacidad de almacenamiento,3,6.638354669333745
3140,capacidad de la,3,6.638354669333745
3141,capacidad de remoción,3,6.232889561225582
3142,capacidad máxima,2,6.638354669333745
3143,capacidad máxima de,3,6.638354669333745
3144,capacidades,1,6.638354669333745
3145,capacidades institucionales,2,6.638354669333745
3146,capacidades institucionales de,3,6.638354669333745
3147,capacitación,1,6.232889561225582
3148,capacitación para,2,6.638354669333745
3149,capacitación para funcionarios,3,6.638354669333745
3150,capacitación y,2,6.638354669333745
3151,capacitación y concientización,3,6.638354669333745
3152,capaz,1,6.638354669333745
3153,capaz de,2,6.638354669333745
3154,capaz de afectar,3,6.638354669333745
3155,captura,1,5.722063937459591
3156,captura de,2,6.638354669333745
3157,captura de al,3,6.638354669333745
3158,captura recuperación,2,6.638354669333745
3159,captura recuperación y,3,6.638354669333745
3160,captura y,2,6.232889561225582
3161,captura y posterior,3,6.232889561225582
3162,capturar,1,6.638354669333745
3163,capturar los,2,6.638354669333745
3164,capturar los vapores,3,6.638354669333745
3165,capítulo,1,5.722063937459591
3166,capítulo a,2,6.638354669333745
3167,capítulo a lo,3,6.638354669333745
3168,capítulo así,2,6.638354669333745
3169,capítulo así como,3,6.638354669333745
3170,capítulo la,2,6.638354669333745
3171,capítulo la zona,3,6.638354669333745
3172,capítulo se,2,6.638354669333745
3173,capítulo se acreditará,3,6.638354669333745
3174,carabineros,1,6.232889561225582
3175,carabineros de,2,6.232889561225582
3176,carabineros de chile,3,6.232889561225582
3177,caracterización,1,6.232889561225582
3178,caracterización de,2,6.638354669333745
3179,caracterización de estas,3,6.638354669333745
3180,caracterización del,2,6.638354669333745
3181,caracterización del material,3,6.638354669333745
3182,características,1,6.638354669333745
3183,características e,2,6.638354669333745
3184,características e información,3,6.638354669333745
3185,carbon,1,5.945207488773801
3186,carbon bc,2,6.638354669333745
3187,carbon bc en,3,6.638354669333745
3188,carbon10,1,6.638354669333745
3189,carbono,1,4.623451648791481
3190,carbono alrededor,2,6.638354669333745
3191,carbono alrededor del,3,6.638354669333745
3192,carbono co,2,5.539742380665636
3193,carbono co en,3,6.232889561225582
3194,carbono co hidrocarburos,3,6.638354669333745
3195,carbono co iv,3,6.638354669333745
3196,carbono co situación,3,6.638354669333745
3197,carbono elemental,2,6.638354669333745
3198,carbono elemental y,3,6.638354669333745
3199,carbono negro,2,5.722063937459591
3200,carbono negro conocido,3,6.638354669333745
3201,carbono negro en,3,6.638354669333745
3202,carbono negro es,3,6.638354669333745
3203,carbono negro tanto,3,6.638354669333745
3204,carbono todas,2,6.638354669333745
3205,carbono todas medidas,3,6.638354669333745
3206,carbono y,2,5.945207488773801
3207,carbono y latente,3,6.638354669333745
3208,carbono y zona,3,6.232889561225582
3209,carbón,1,4.7665524924321545
3210,carbón vegetal,2,4.846595200105691
3211,carbón vegetal combustible,3,6.638354669333745
3212,carbón vegetal para,3,6.232889561225582
3213,carbón vegetal y,3,5.134277272557472
3214,carbón y,2,6.638354669333745
3215,carbón y de,3,6.638354669333745
3216,cardiovascular,1,6.638354669333745
3217,cardiovascular exacerbación,2,6.638354669333745
3218,cardiovascular exacerbación de,3,6.638354669333745
3219,carga,1,5.539742380665636
3220,carga de,2,6.232889561225582
3221,carga de combustibles,3,6.638354669333745
3222,carga de la,3,6.638354669333745
3223,carga según,2,6.638354669333745
3224,carga según antigüedad,3,6.638354669333745
3225,carga urbano,2,6.638354669333745
3226,carga urbano e,3,6.638354669333745
3227,carga y,2,6.638354669333745
3228,carga y transporte,3,6.638354669333745
3229,cargo,1,6.638354669333745
3230,cargo de,2,6.638354669333745
3231,cargo de las,3,6.638354669333745
3232,carne,1,6.232889561225582
3233,carne deberán,2,6.638354669333745
3234,carne deberán realizar,3,6.638354669333745
3235,carne o,2,6.638354669333745
3236,carne o producción,3,6.638354669333745
3237,carretera,1,6.638354669333745
3238,carretera aptos,2,6.638354669333745
3239,carretera aptos para,3,6.638354669333745
3240,carretera y,2,6.638354669333745
3241,carretera y que,3,6.638354669333745
3242,carro,1,6.638354669333745
3243,carro ambulante,2,6.638354669333745
3244,carro ambulante sistema,3,6.638354669333745
3245,carrocería,1,6.638354669333745
3246,carrocería no,2,6.638354669333745
3247,carrocería no destinados,3,6.638354669333745
3248,carros,1,6.638354669333745
3249,carros ambulantes,2,6.638354669333745
3250,carros ambulantes para,3,6.638354669333745
3251,carta,1,6.638354669333745
3252,carta gantt,2,6.638354669333745
3253,carta gantt que,3,6.638354669333745
3254,casa,1,6.638354669333745
3255,casa habitación,2,6.638354669333745
3256,casa habitación de,3,6.638354669333745
3257,casi,1,6.638354669333745
3258,casi 25,2,6.638354669333745
3259,casi 25 años,3,6.638354669333745
3260,caso,1,4.035664983889362
3261,caso de,2,4.558913127653909
3262,caso de arbitraje,3,6.232889561225582
3263,caso de calderas,3,6.232889561225582
3264,caso de emergencia,3,6.638354669333745
3265,caso de incumplimiento,3,6.232889561225582
3266,caso de los,3,6.232889561225582
3267,caso de material,3,6.638354669333745
3268,caso de monitoreo,3,6.638354669333745
3269,caso de ozono,3,6.638354669333745
3270,caso de programas,3,6.638354669333745
3271,caso de proyectos,3,6.232889561225582
3272,caso del,2,6.232889561225582
3273,caso del mp10,3,6.638354669333745
3274,caso del mp2,3,6.638354669333745
3275,caso los,2,6.638354669333745
3276,caso los límites,3,6.638354669333745
3277,caso podrá,2,6.232889561225582
3278,caso podrá hacer,3,6.638354669333745
3279,caso podrá superar,3,6.638354669333745
3280,caso que,2,5.385591700838378
3281,caso que el,3,6.232889561225582
3282,caso que lo,3,6.638354669333745
3283,caso que no,3,6.638354669333745
3284,caso que se,3,6.232889561225582
3285,caso que un,3,6.638354669333745
3286,casos,1,5.539742380665636
3287,casos de,2,5.539742380665636
3288,casos de arbitraje,3,6.232889561225582
3289,casos de episodios,3,6.232889561225582
3290,casos de mortalidad,3,6.638354669333745
3291,casos evitados,2,6.638354669333745
3292,casos evitados entre,3,6.638354669333745
3293,catalítica,1,6.638354669333745
3294,catalítica las,2,6.638354669333745
3295,catalítica las cuales,3,6.638354669333745
3296,catastro,1,6.232889561225582
3297,catastro de,2,6.638354669333745
3298,catastro de parrillas,3,6.638354669333745
3299,catastro del,2,6.638354669333745
3300,catastro del actual,3,6.638354669333745
3301,categoría,1,6.638354669333745
3302,categoría de,2,6.638354669333745
3303,categoría de fuente,3,6.638354669333745
3304,caudal,1,6.638354669333745
3305,caudal nominal,2,6.638354669333745
3306,caudal nominal y,3,6.638354669333745
3307,cede,1,6.638354669333745
3308,cede emisiones,2,6.638354669333745
3309,cede emisiones a,3,6.638354669333745
3310,ceder,1,6.638354669333745
3311,ceder emisiones,2,6.638354669333745
3312,ceder emisiones por,3,6.638354669333745
3313,cedidas,1,6.638354669333745
3314,cedidas por,2,6.638354669333745
3315,cedidas por actividades,3,6.638354669333745
3316,censo,1,6.638354669333745
3317,censo 2002,2,6.638354669333745
3318,censo 2002 mediciones,3,6.638354669333745
3319,centralizada,1,6.232889561225582
3320,centralizada de,2,6.638354669333745
3321,centralizada de calor,3,6.638354669333745
3322,centralizada en,2,6.638354669333745
3323,centralizada en la,3,6.638354669333745
3324,centro,1,5.945207488773801
3325,centro de,2,6.638354669333745
3326,centro de la,3,6.638354669333745
3327,centro mario,2,6.232889561225582
3328,centro mario molina,3,6.232889561225582
3329,cerdos,1,6.638354669333745
3330,cerdos que,2,6.638354669333745
3331,cerdos que cuente,3,6.638354669333745
3332,cero,1,6.638354669333745
3333,cero dirección,2,6.638354669333745
3334,cero dirección del,3,6.638354669333745
3335,cerrada,1,6.232889561225582
3336,cerrada provisto,2,6.638354669333745
3337,cerrada provisto de,3,6.638354669333745
3338,cerrada que,2,6.638354669333745
3339,cerrada que combustiona,3,6.638354669333745
3340,cerrados,1,6.638354669333745
3341,cerrados para,2,6.638354669333745
3342,cerrados para el,3,6.638354669333745
3343,cerrar,1,6.638354669333745
3344,cerrar por,2,6.638354669333745
3345,cerrar por incumplimiento,3,6.638354669333745
3346,cerro,1,5.945207488773801
3347,cerro cantillana,2,6.638354669333745
3348,cerro cantillana supera,3,6.638354669333745
3349,cerro navia,2,6.638354669333745
3350,cerro navia y,3,6.638354669333745
3351,cerro ramón,2,6.638354669333745
3352,cerros,1,5.945207488773801
3353,cerros de,2,6.638354669333745
3354,cerros de angostura,3,6.638354669333745
3355,cerros que,2,6.638354669333745
3356,cerros que superan,3,6.638354669333745
3357,cerros roble,2,6.638354669333745
3358,cerros roble alto,3,6.638354669333745
3359,certificaciones,1,6.638354669333745
3360,certificaciones y,2,6.638354669333745
3361,certificaciones y permisos,3,6.638354669333745
3362,certificación,1,5.539742380665636
3363,certificación de,2,5.945207488773801
3364,certificación de emisiones,3,6.232889561225582
3365,certificación de los,3,6.638354669333745
3366,certificación estipuladas,2,6.638354669333745
3367,certificación estipuladas por,3,6.638354669333745
3368,certificación referida,2,6.638354669333745
3369,certificación referida en,3,6.638354669333745
3370,certificada,1,6.638354669333745
3371,certificada para,2,6.638354669333745
3372,certificada para la,3,6.638354669333745
3373,certificado,1,5.945207488773801
3374,certificado de,2,6.232889561225582
3375,certificado de análisis,3,6.638354669333745
3376,certificado de origen,3,6.638354669333745
3377,certificado emitido,2,6.638354669333745
3378,certificado emitido por,3,6.638354669333745
3379,certificados,1,6.638354669333745
3380,certificados de,2,6.638354669333745
3381,certificados de acuerdo,3,6.638354669333745
3382,certificarse,1,6.638354669333745
3383,certificarse conforme,2,6.638354669333745
3384,certificarse conforme a,3,6.638354669333745
3385,cetano,1,6.638354669333745
3386,cetano mínimo,2,6.638354669333745
3387,cetano mínimo d4737,3,6.638354669333745
3388,cetano según,2,6.638354669333745
3389,cetano según el,3,6.638354669333745
3390,cfr,1,5.722063937459591
3391,cfr 40,2,5.945207488773801
3392,cfr 40 part,3,5.945207488773801
3393,cfr de,2,6.638354669333745
3394,cfr de la,3,6.638354669333745
3395,chacabuco,1,6.638354669333745
3396,chacabuco la,2,6.638354669333745
3397,chacabuco la separa,3,6.638354669333745
3398,chada,1,6.638354669333745
3399,chada en,2,6.638354669333745
3400,chada en paine,3,6.638354669333745
3401,charlas,1,6.638354669333745
3402,charlas y,2,6.638354669333745
3403,charlas y entrega,3,6.638354669333745
3404,chatarrización,1,6.638354669333745
3405,chatarrización de,2,6.638354669333745
3406,chatarrización de calefactores,3,6.638354669333745
3407,chile,1,5.945207488773801
3408,chile e,2,6.232889561225582
3409,chile e inspectores,3,6.232889561225582
3410,chile en,2,6.638354669333745
3411,chile en su,3,6.638354669333745
3412,chile expresó,2,6.638354669333745
3413,chile expresó en,3,6.638354669333745
3414,chile y,2,6.638354669333745
3415,chile y está,3,6.638354669333745
3416,chimenea,1,6.232889561225582
3417,chimeneas,1,5.945207488773801
3418,chimeneas conforme,2,6.638354669333745
3419,chimeneas conforme a,3,6.638354669333745
3420,chimeneas de,2,6.638354669333745
3421,chimeneas de hogar,3,6.638354669333745
3422,chimeneas o,2,6.638354669333745
3423,chimeneas o ductos,3,6.638354669333745
3424,chispa,1,5.945207488773801
3425,chispa ciclo,2,6.638354669333745
3426,chispa ciclo otto,3,6.638354669333745
3427,chispa requisitos,2,6.638354669333745
3428,ciclo,1,5.539742380665636
3429,ciclo de,2,5.945207488773801
3430,ciclo de crianza,3,5.945207488773801
3431,ciclo inclusiva,2,6.638354669333745
3432,ciclo inclusiva 15,3,6.638354669333745
3433,ciclo otto,2,6.638354669333745
3434,ciclo otto que,3,6.638354669333745
3435,ciclorutas,1,6.232889561225582
3436,ciclorutas y,2,6.232889561225582
3437,ciclorutas y 000,3,6.638354669333745
3438,ciclorutas y biciestacionamientos,3,6.638354669333745
3439,ciclovías,1,6.638354669333745
3440,ciclovías del,2,6.638354669333745
3441,ciclovías del gran,3,6.638354669333745
3442,ciclovías16,1,6.638354669333745
3443,científicos,1,6.232889561225582
3444,científicos informes,2,6.638354669333745
3445,científicos informes y,3,6.638354669333745
3446,científicos y,2,6.638354669333745
3447,científicos y para,3,6.638354669333745
3448,cierre,1,6.232889561225582
3449,cierre señalando,2,6.638354669333745
3450,cierre señalando año,3,6.638354669333745
3451,cierren,1,6.638354669333745
3452,cierren o,2,6.638354669333745
3453,cierren o deban,3,6.638354669333745
3454,cilindro,1,6.638354669333745
3455,cilindro del,2,6.638354669333745
3456,cilindro del motor,3,6.638354669333745
3457,cilíndrica,1,6.232889561225582
3458,cilíndrica elaborado,2,6.638354669333745
3459,cilíndrica elaborado a,3,6.638354669333745
3460,cilíndrica fabricado,2,6.638354669333745
3461,cilíndrica fabricado a,3,6.638354669333745
3462,cinco,1,6.638354669333745
3463,cinco segundos,2,6.638354669333745
3464,cinco segundos de,3,6.638354669333745
3465,circulación,1,6.232889561225582
3466,circulación de,2,6.232889561225582
3467,circulación de vehículos,3,6.638354669333745
3468,circulación de vientos,3,6.638354669333745
3469,circular,1,6.638354669333745
3470,circular en,2,6.638354669333745
3471,circular en la,3,6.638354669333745
3472,circulen,1,6.638354669333745
3473,circulen por,2,6.638354669333745
3474,circulen por las,3,6.638354669333745
3475,circunstancia,1,6.638354669333745
3476,circunstancia en,2,6.638354669333745
3477,circunstancia en el,3,6.638354669333745
3478,citado,1,6.232889561225582
3479,citado anteriormente,2,6.638354669333745
3480,citado anteriormente en,3,6.638354669333745
3481,citado y,2,6.638354669333745
3482,citado y se,3,6.638354669333745
3483,ciudad,1,6.638354669333745
3484,ciudad de,2,6.638354669333745
3485,ciudad de santiago,3,6.638354669333745
3486,ciudadana,1,6.638354669333745
3487,ciudadana de,2,6.638354669333745
3488,ciudadana de acuerdo,3,6.638354669333745
3489,ciudadanas,1,6.638354669333745
3490,ciudadanas en,2,6.638354669333745
3491,ciudadanas en la,3,6.638354669333745
3492,ciudadanía,1,5.945207488773801
3493,ciudadanía respecto,2,6.638354669333745
3494,ciudadanía respecto de,3,6.638354669333745
3495,ciudades,1,6.638354669333745
3496,ciudades del,2,6.638354669333745
3497,ciudades del país,3,6.638354669333745
3498,civil,1,6.232889561225582
3499,civil el,2,6.638354669333745
3500,civil el desarrollo,3,6.638354669333745
3501,claramente,1,6.638354669333745
3502,claramente la,2,6.638354669333745
3503,claramente la reducción,3,6.638354669333745
3504,clase,1,5.385591700838378
3505,clase a,2,6.638354669333745
3506,clase a instalaciones,3,6.638354669333745
3507,clase de,2,6.638354669333745
3508,clase de hospedajes,3,6.638354669333745
3509,clase existentes,2,6.638354669333745
3510,clase existentes y,3,6.638354669333745
3511,clase que,2,6.232889561225582
3512,clase que operen,3,6.638354669333745
3513,clase que se,3,6.638354669333745
3514,clases,1,5.945207488773801
3515,clases de,2,6.232889561225582
3516,clases de educación,3,6.232889561225582
3517,clases parte,2,6.638354669333745
3518,clases parte requisitos,3,6.638354669333745
3519,clasificada,1,6.638354669333745
3520,clasificada como,2,6.638354669333745
3521,clasificada como estación,3,6.638354669333745
3522,cliente,1,6.638354669333745
3523,cliente el,2,6.638354669333745
3524,cliente el que,3,6.638354669333745
3525,clima,1,6.638354669333745
3526,clima formado,2,6.638354669333745
3527,clima formado debido,3,6.638354669333745
3528,climático,1,5.945207488773801
3529,climático de,2,6.232889561225582
3530,climático de parís,3,6.638354669333745
3531,climático de vida,3,6.638354669333745
3532,clp,1,6.638354669333745
3533,clp tipo,2,6.638354669333745
3534,clp tipo cambio,3,6.638354669333745
3535,co,1,4.7665524924321545
3536,co a,2,6.638354669333745
3537,co a que,3,6.638354669333745
3538,co beneficios,2,6.638354669333745
3539,co beneficios al,3,6.638354669333745
3540,co de,2,6.232889561225582
3541,co de horas,3,6.638354669333745
3542,co de zona,3,6.638354669333745
3543,co en,2,6.232889561225582
3544,co en su,3,6.638354669333745
3545,co en un,3,6.638354669333745
3546,co hidrocarburos,2,6.638354669333745
3547,co hidrocarburos hc,3,6.638354669333745
3548,co hr,2,6.638354669333745
3549,co hr y,3,6.638354669333745
3550,co iv,2,6.638354669333745
3551,co iv el,3,6.638354669333745
3552,co situación,2,6.638354669333745
3553,co situación que,3,6.638354669333745
3554,co y,2,5.945207488773801
3555,co y las,3,6.638354669333745
3556,co y nh,3,6.638354669333745
3557,co y zona,3,6.638354669333745
3558,cobertura,1,6.232889561225582
3559,cobertura de,2,6.638354669333745
3560,cobertura de transantiago,3,6.638354669333745
3561,cobertura y,2,6.638354669333745
3562,cobertura y utilizando,3,6.638354669333745
3563,cocción,1,5.945207488773801
3564,cocción de,2,5.945207488773801
3565,cocción de alimentos,3,5.945207488773801
3566,cocina,1,6.638354669333745
3567,cocina a,2,6.638354669333745
3568,cocina a leña,3,6.638354669333745
3569,cocinas,1,5.945207488773801
3570,cocinas que,2,5.945207488773801
3571,cocinas que utilicen,3,5.945207488773801
3572,code,1,5.722063937459591
3573,code of,2,5.722063937459591
3574,code of federal,3,5.722063937459591
3575,code of regulation,3,6.638354669333745
3576,cogeneración,1,5.945207488773801
3577,cogeneración o,2,6.638354669333745
3578,cogeneración o sistemas,3,6.638354669333745
3579,cogeneración produciendo,2,6.638354669333745
3580,cogeneración produciendo simultáneamente,3,6.638354669333745
3581,cogeneración éstas,2,6.638354669333745
3582,cogeneración éstas debieran,3,6.638354669333745
3583,coherencia,1,6.638354669333745
3584,coherencia con,2,6.638354669333745
3585,coherencia con los,3,6.638354669333745
3586,colaboración,1,6.232889561225582
3587,colaboración con,2,6.638354669333745
3588,colaboración con el,3,6.638354669333745
3589,colaboración del,2,6.638354669333745
3590,colaboración del intendente,3,6.638354669333745
3591,colectiva,1,5.945207488773801
3592,colectiva urbana,2,5.945207488773801
3593,colectiva urbana en,3,6.232889561225582
3594,colectiva urbana sólo,3,6.638354669333745
3595,color,1,6.638354669333745
3596,color negruzco,2,6.638354669333745
3597,color negruzco de,3,6.638354669333745
3598,colorantes,1,6.638354669333745
3599,colorimétrica,1,6.638354669333745
3600,colorimétrica superior,2,6.638354669333745
3601,colorimétrica superior al,3,6.638354669333745
3602,combatir,1,6.638354669333745
3603,combatir el,2,6.638354669333745
3604,combatir el cambio,3,6.638354669333745
3605,combinación,1,6.638354669333745
3606,combinación entre,2,6.638354669333745
3607,combinación entre diésel,3,6.638354669333745
3608,combustible,1,4.035664983889362
3609,combustible ante,2,6.638354669333745
3610,combustible ante medidas,3,6.638354669333745
3611,combustible como,2,6.638354669333745
3612,combustible como valor,3,6.638354669333745
3613,combustible doméstico,2,6.232889561225582
3614,combustible doméstico e,3,6.232889561225582
3615,combustible fuel,2,6.638354669333745
3616,combustible fuel oil,3,6.638354669333745
3617,combustible gaseoso,2,5.722063937459591
3618,combustible gaseoso de,3,6.638354669333745
3619,combustible gaseoso en,3,6.232889561225582
3620,combustible gaseoso y,3,6.638354669333745
3621,combustible líquido,2,6.232889561225582
3622,combustible líquido con,3,6.638354669333745
3623,combustible líquido deberán,3,6.638354669333745
3624,combustible mediante,2,6.638354669333745
3625,combustible mediante la,3,6.638354669333745
3626,combustible para,2,6.232889561225582
3627,combustible para calderas,3,6.232889561225582
3628,combustible sólido,2,5.385591700838378
3629,combustible sólido de,3,6.638354669333745
3630,combustible sólido generalmente,3,6.232889561225582
3631,combustible sólido leña,3,6.232889561225582
3632,combustible u,2,6.638354669333745
3633,combustible u otra,3,6.638354669333745
3634,combustible utilizado,2,5.945207488773801
3635,combustible utilizado de,3,6.638354669333745
3636,combustible utilizado en,3,6.638354669333745
3637,combustible utilizado es,3,6.638354669333745
3638,combustible vegetal,2,6.638354669333745
3639,combustible vegetal con,3,6.638354669333745
3640,combustible y,2,6.638354669333745
3641,combustible y su,3,6.638354669333745
3642,combustibles,1,3.7761537884042773
3643,combustibles a,2,6.638354669333745
3644,combustibles a los,3,6.638354669333745
3645,combustibles conforme,2,6.232889561225582
3646,combustibles conforme a,3,6.232889561225582
3647,combustibles cuya,2,6.638354669333745
3648,combustibles cuya composición,3,6.638354669333745
3649,combustibles dará,2,6.638354669333745
3650,combustibles dará a,3,6.638354669333745
3651,combustibles de,2,6.232889561225582
3652,combustibles de clase,3,6.638354669333745
3653,combustibles de equipos,3,6.638354669333745
3654,combustibles desarrollará,2,6.638354669333745
3655,combustibles desarrollará en,3,6.638354669333745
3656,combustibles desde,2,6.638354669333745
3657,combustibles desde camiones,3,6.638354669333745
3658,combustibles elaborarán,2,6.638354669333745
3659,combustibles elaborarán un,3,6.638354669333745
3660,combustibles en,2,6.232889561225582
3661,combustibles en el,3,6.638354669333745
3662,combustibles en los,3,6.638354669333745
3663,combustibles excepciones,2,6.638354669333745
3664,combustibles excepciones temporales,3,6.638354669333745
3665,combustibles fósiles,2,5.722063937459591
3666,combustibles fósiles a,3,6.638354669333745
3667,combustibles fósiles biocombustibles,3,6.638354669333745
3668,combustibles fósiles diésel,3,6.638354669333745
3669,combustibles fósiles que,3,6.638354669333745
3670,combustibles grado,2,6.638354669333745
3671,combustibles grado nº5,3,6.638354669333745
3672,combustibles grados,2,6.638354669333745
3673,combustibles grados nº5,3,6.638354669333745
3674,combustibles implementará,2,6.638354669333745
3675,combustibles implementará una,3,6.638354669333745
3676,combustibles líquidos,2,5.385591700838378
3677,combustibles líquidos clase,3,5.945207488773801
3678,combustibles líquidos derivados,3,6.638354669333745
3679,combustibles líquidos y,3,6.232889561225582
3680,combustibles previa,2,6.638354669333745
3681,combustibles previa consulta,3,6.638354669333745
3682,combustibles que,2,6.638354669333745
3683,combustibles que se,3,6.638354669333745
3684,combustibles realizará,2,6.638354669333745
3685,combustibles realizará un,3,6.638354669333745
3686,combustibles sin,2,6.638354669333745
3687,combustibles sin plomo,3,6.638354669333745
3688,combustibles sólidos,2,5.722063937459591
3689,combustibles sólidos tales,3,5.945207488773801
3690,combustibles sólidos y,3,6.638354669333745
3691,combustibles un,2,6.638354669333745
3692,combustibles un informe,3,6.638354669333745
3693,combustibles usados,2,6.638354669333745
3694,combustibles usados por,3,6.638354669333745
3695,combustibles y,2,6.232889561225582
3696,combustibles y el,3,6.638354669333745
3697,combustibles y su,3,6.638354669333745
3698,combustiona,1,5.539742380665636
3699,combustiona o,2,5.539742380665636
3700,combustiona o puede,3,5.539742380665636
3701,combustionar,1,5.2520603082138555
3702,combustionar combustibles,2,6.638354669333745
3703,combustionar combustibles sólidos,3,6.638354669333745
3704,combustionar leña,2,5.385591700838378
3705,combustionar leña briquetas,3,6.638354669333745
3706,combustionar leña diseñado,3,6.638354669333745
3707,combustionar leña y,3,5.722063937459591
3708,combustionen,1,6.638354669333745
3709,combustionen o,2,6.638354669333745
3710,combustionen o puedan,3,6.638354669333745
3711,combustión,1,4.286979412170268
3712,combustión catalítica,2,6.638354669333745
3713,combustión catalítica las,3,6.638354669333745
3714,combustión cerrada,2,6.232889561225582
3715,combustión cerrada provisto,3,6.638354669333745
3716,combustión cerrada que,3,6.638354669333745
3717,combustión como,2,6.638354669333745
3718,combustión como los,3,6.638354669333745
3719,combustión de,2,5.722063937459591
3720,combustión de biomasa,3,6.638354669333745
3721,combustión de combustibles,3,6.638354669333745
3722,combustión de potencia,3,6.232889561225582
3723,combustión deberán,2,6.638354669333745
3724,combustión deberán realizar,3,6.638354669333745
3725,combustión dentro,2,6.638354669333745
3726,combustión dentro del,3,6.638354669333745
3727,combustión es,2,6.638354669333745
3728,combustión es aquel,3,6.638354669333745
3729,combustión incompleta,2,6.232889561225582
3730,combustión incompleta de,3,6.232889561225582
3731,combustión interna,2,5.722063937459591
3732,combustión interna acoplado,3,6.638354669333745
3733,combustión interna con,3,6.638354669333745
3734,combustión interna de,3,6.638354669333745
3735,combustión no,2,6.638354669333745
3736,combustión no contengan,3,6.638354669333745
3737,combustión o,2,6.638354669333745
3738,combustión o realizar,3,6.638354669333745
3739,combustión pero,2,6.638354669333745
3740,combustión pero no,3,6.638354669333745
3741,combustión que,2,6.638354669333745
3742,combustión que cede,3,6.638354669333745
3743,combustión u,2,6.638354669333745
3744,combustión u otras,3,6.638354669333745
3745,combustión y,2,6.638354669333745
3746,combustión y son,3,6.638354669333745
3747,comenzarán,1,6.638354669333745
3748,comenzarán a,2,6.638354669333745
3749,comenzarán a regir,3,6.638354669333745
3750,comercial,1,5.2520603082138555
3751,comercial que,2,6.232889561225582
3752,comercial que se,3,6.638354669333745
3753,comercial que utilicen,3,6.638354669333745
3754,comercial transporte,2,6.638354669333745
3755,comercial transporte de,3,6.638354669333745
3756,comercial y,2,6.638354669333745
3757,comercial y de,3,6.638354669333745
3758,comerciales,1,6.638354669333745
3759,comerciales ubicados,2,6.638354669333745
3760,comerciales ubicados en,3,6.638354669333745
3761,comercialización,1,5.945207488773801
3762,comercialización de,2,6.232889561225582
3763,comercialización de calefactores,3,6.638354669333745
3764,comercialización de leña,3,6.638354669333745
3765,comercialización en,2,6.638354669333745
3766,comercialización en otras,3,6.638354669333745
3767,comercializada,1,6.638354669333745
3768,comercializada en,2,6.638354669333745
3769,comercializada en la,3,6.638354669333745
3770,comercializado,1,6.638354669333745
3771,comercializado con,2,6.638354669333745
3772,comercializado con posterioridad,3,6.638354669333745
3773,comercializados,1,6.638354669333745
3774,comercializados para,2,6.638354669333745
3775,comercializados para su,3,6.638354669333745
3776,comerciantes,1,6.232889561225582
3777,comerciantes de,2,6.232889561225582
3778,comerciantes de leña,3,6.232889561225582
3779,comercio,1,6.638354669333745
3780,comercio y,2,6.638354669333745
3781,comercio y la,3,6.638354669333745
3782,cometan,1,6.232889561225582
3783,como,1,3.22062798572038
3784,como a,2,6.638354669333745
3785,como a gasolina,3,6.638354669333745
3786,como antecedente,2,6.638354669333745
3787,como antecedente el,3,6.638354669333745
3788,como asegurar,2,6.638354669333745
3789,como asegurar el,3,6.638354669333745
3790,como año,2,6.638354669333745
3791,como año base,3,6.638354669333745
3792,como black,2,6.638354669333745
3793,como black carbon,3,6.638354669333745
3794,como combustible,2,5.539742380665636
3795,como combustible doméstico,3,6.232889561225582
3796,como combustible para,3,6.232889561225582
3797,como combustible sólido,3,6.638354669333745
3798,como concentración,2,5.945207488773801
3799,como concentración de,3,5.945207488773801
3800,como cualesquiera,2,6.638354669333745
3801,como cualesquiera otras,3,6.638354669333745
3802,como el,2,5.722063937459591
3803,como el conjunto,3,6.638354669333745
3804,como el consejo,3,6.638354669333745
3805,como el dióxido,3,6.638354669333745
3806,como el tamaño,3,6.638354669333745
3807,como emisiones,2,6.232889561225582
3808,como emisiones directas,3,6.638354669333745
3809,como emisiones indirectas,3,6.638354669333745
3810,como estación,2,6.638354669333745
3811,como estación de,3,6.638354669333745
3812,como fuente,2,6.638354669333745
3813,como fuente el,3,6.638354669333745
3814,como gran,2,6.638354669333745
3815,como gran establecimiento,3,6.638354669333745
3816,como información,2,6.638354669333745
3817,como información de,3,6.638354669333745
3818,como la,2,5.945207488773801
3819,como la calefacción,3,6.638354669333745
3820,como la legislación,3,6.638354669333745
3821,como la mejora,3,6.638354669333745
3822,como las,2,6.638354669333745
3823,como las medidas,3,6.638354669333745
3824,como leña,2,5.945207488773801
3825,como leña pellet,3,6.232889561225582
3826,como leña y,3,6.638354669333745
3827,como lo,2,6.638354669333745
3828,como lo exige,3,6.638354669333745
3829,como los,2,6.232889561225582
3830,como los automóviles,3,6.638354669333745
3831,como los resultados,3,6.638354669333745
3832,como mecanismo,2,6.638354669333745
3833,como mecanismo para,3,6.638354669333745
3834,como mejora,2,6.638354669333745
3835,como mejora en,3,6.638354669333745
3836,como mortalidad,2,6.638354669333745
3837,como mortalidad y,3,6.638354669333745
3838,como máximo,2,6.638354669333745
3839,como máximo 15,3,6.638354669333745
3840,como niveles,2,6.232889561225582
3841,como niveles que,3,6.232889561225582
3842,como objetivo,2,6.638354669333745
3843,como objetivo evaluar,3,6.638354669333745
3844,como para,2,6.638354669333745
3845,como para las,3,6.638354669333745
3846,como parte,2,6.638354669333745
3847,como parte del,3,6.638354669333745
3848,como por,2,6.638354669333745
3849,como por ejemplo,3,6.638354669333745
3850,como productora,2,6.232889561225582
3851,como productora de,3,6.232889561225582
3852,como promedio,2,6.232889561225582
3853,como promedio de,3,6.638354669333745
3854,como promedio trianual,3,6.638354669333745
3855,como referencia,2,6.232889561225582
3856,como referencia la,3,6.638354669333745
3857,como referencia los,3,6.638354669333745
3858,como resultado,2,6.638354669333745
3859,como resultado de,3,6.638354669333745
3860,como se,2,5.722063937459591
3861,como se indica,3,6.638354669333745
3862,como se observa,3,6.232889561225582
3863,como se puede,3,6.232889561225582
3864,como sector,2,6.638354669333745
3865,como sector en,3,6.638354669333745
3866,como son,2,6.638354669333745
3867,como son las,3,6.638354669333745
3868,como tales,2,6.638354669333745
3869,como tales por,3,6.638354669333745
3870,como también,2,6.638354669333745
3871,como también sobre,3,6.638354669333745
3872,como tampoco,2,6.638354669333745
3873,como tampoco se,3,6.638354669333745
3874,como un,2,6.638354669333745
3875,como un solo,3,6.638354669333745
3876,como uno,2,6.638354669333745
3877,como uno de,3,6.638354669333745
3878,como valor,2,6.638354669333745
3879,como valor máximo,3,6.638354669333745
3880,como válidos,2,6.638354669333745
3881,como válidos por,3,6.638354669333745
3882,como zona,2,6.638354669333745
3883,como zona de,3,6.638354669333745
3884,compatibles,1,6.638354669333745
3885,compatibles con,2,6.638354669333745
3886,compatibles con las,3,6.638354669333745
3887,compensaciones,1,6.232889561225582
3888,compensaciones de,2,6.638354669333745
3889,compensaciones de las,3,6.638354669333745
3890,compensaciones podrán,2,6.638354669333745
3891,compensaciones podrán realizarse,3,6.638354669333745
3892,compensación,1,4.240459396535375
3893,compensación de,2,4.441130091997526
3894,compensación de emisiones,3,4.441130091997526
3895,compensación definitivo,2,6.638354669333745
3896,compensación definitivo deba,3,6.638354669333745
3897,compensación entre,2,6.638354669333745
3898,compensación entre fuentes,3,6.638354669333745
3899,compensación entre una,3,6.638354669333745
3900,compensación establecidas,2,6.638354669333745
3901,compensación establecidas en,3,6.638354669333745
3902,compensación respectivo,2,6.638354669333745
3903,compensación se,2,6.638354669333745
3904,compensación se podrán,3,6.638354669333745
3905,compensadas,1,6.638354669333745
3906,compensadas previamente,2,6.638354669333745
3907,compensando,1,6.638354669333745
3908,compensando estas,2,6.638354669333745
3909,compensando estas emisiones,3,6.638354669333745
3910,compensar,1,5.028916756899646
3911,compensar emisiones,2,6.638354669333745
3912,compensar emisiones y,3,6.638354669333745
3913,compensar en,2,6.638354669333745
3914,compensar en que,3,6.638354669333745
3915,compensar la,2,5.945207488773801
3916,compensar la emisión,3,6.232889561225582
3917,compensar la totalidad,3,6.638354669333745
3918,compensar los,2,6.638354669333745
3919,compensar los eventuales,3,6.638354669333745
3920,compensar o,2,6.638354669333745
3921,compensar o ceder,3,6.638354669333745
3922,compensar por,2,6.638354669333745
3923,compensar por contaminante,3,6.638354669333745
3924,compensar sus,2,6.232889561225582
3925,compensar sus emisiones,3,6.232889561225582
3926,competencias,1,5.722063937459591
3927,competencias coordinará,2,6.638354669333745
3928,competencias coordinará y,3,6.638354669333745
3929,competencias podrá,2,6.638354669333745
3930,competencias podrá establecer,3,6.638354669333745
3931,competencias un,2,6.638354669333745
3932,competencias un plan,3,6.638354669333745
3933,competentes,1,5.2520603082138555
3934,competentes elaborarán,2,6.638354669333745
3935,competentes elaborarán un,3,6.638354669333745
3936,competentes enviarán,2,6.638354669333745
3937,competentes enviarán a,3,6.638354669333745
3938,competentes intensifi,2,5.945207488773801
3939,competentes intensifi rán,3,5.945207488773801
3940,complementación,1,6.638354669333745
3941,complementación con,2,6.638354669333745
3942,complementación con otros,3,6.638354669333745
3943,complementar,1,6.638354669333745
3944,complementar en,2,6.638354669333745
3945,complementar en lo,3,6.638354669333745
3946,complementariamente,1,6.638354669333745
3947,complementariamente en,2,6.638354669333745
3948,complementariamente en los,3,6.638354669333745
3949,complementarias,1,6.638354669333745
3950,complementarias para,2,6.638354669333745
3951,complementarias para el,3,6.638354669333745
3952,completando,1,6.638354669333745
3953,completando un,2,6.638354669333745
3954,completando un total,3,6.638354669333745
3955,completar,1,5.945207488773801
3956,completar el,2,5.945207488773801
3957,completar el retiro,3,5.945207488773801
3958,componentes,1,5.539742380665636
3959,componentes con,2,6.638354669333745
3960,componentes con la,3,6.638354669333745
3961,componentes de,2,6.638354669333745
3962,componentes de la,3,6.638354669333745
3963,componentes y,2,6.232889561225582
3964,componentes y servicios,3,6.638354669333745
3965,componentes y su,3,6.638354669333745
3966,composición,1,6.232889561225582
3967,composición porosa,2,6.638354669333745
3968,composición porosa y,3,6.638354669333745
3969,composición se,2,6.638354669333745
3970,composición se ajuste,3,6.638354669333745
3971,compra,1,6.638354669333745
3972,compra y,2,6.638354669333745
3973,compra y crecimiento,3,6.638354669333745
3974,comprende,1,6.638354669333745
3975,comprende un,2,6.638354669333745
3976,comprende un reporte,3,6.638354669333745
3977,compresión,1,6.232889561225582
3978,compresión con,2,6.638354669333745
3979,compresión con una,3,6.638354669333745
3980,compresión deberán,2,6.638354669333745
3981,compresión deberán cumplir,3,6.638354669333745
3982,comprometidas,1,6.638354669333745
3983,compromiso,1,6.638354669333745
3984,compromiso país,2,6.638354669333745
3985,compromiso país y,3,6.638354669333745
3986,compuesto,1,6.638354669333745
3987,compuesto por,2,6.638354669333745
3988,compuesto por uno,3,6.638354669333745
3989,compuestos,1,5.722063937459591
3990,compuestos fosforados,2,6.638354669333745
3991,compuestos fosforados a,3,6.638354669333745
3992,compuestos fotoquímicos,2,6.638354669333745
3993,compuestos fotoquímicos generando,3,6.638354669333745
3994,compuestos nitrogenados,2,6.638354669333745
3995,compuestos nitrogenados y,3,6.638354669333745
3996,compuestos orgánicos,2,5.945207488773801
3997,compuestos orgánicos más,3,6.638354669333745
3998,compuestos orgánicos volátiles,3,6.232889561225582
3999,comunas,1,4.7665524924321545
4000,comunas de,2,5.539742380665636
4001,comunas de puente,3,6.232889561225582
4002,comunas de san,3,6.232889561225582
4003,comunas de zona,3,6.638354669333745
4004,comunas del,2,6.638354669333745
4005,comunas del país,3,6.638354669333745
4006,comunas donde,2,5.945207488773801
4007,comunas donde se,3,5.945207488773801
4008,comunas emplazadas,2,6.638354669333745
4009,comunas emplazadas en,3,6.638354669333745
4010,comunas más,2,6.232889561225582
4011,comunas más deficitarias,3,6.232889561225582
4012,comunas sólo,2,6.638354669333745
4013,comunas sólo estará,3,6.638354669333745
4014,comunicacional,1,6.232889561225582
4015,comunicacional cuya,2,6.638354669333745
4016,comunicacional cuya finalidad,3,6.638354669333745
4017,comunicacional en,2,6.638354669333745
4018,comunicacional en materias,3,6.638354669333745
4019,comunicación,1,6.232889561225582
4020,comunicación del,2,6.638354669333745
4021,comunicación del pronóstico,3,6.638354669333745
4022,comunicación redes,2,6.638354669333745
4023,comunicación redes sociales,3,6.638354669333745
4024,comunicada,1,6.638354669333745
4025,comunicada oportunamente,2,6.638354669333745
4026,comunicada oportunamente a,3,6.638354669333745
4027,comunidad,1,5.945207488773801
4028,comunidad a,2,6.638354669333745
4029,comunidad a través,3,6.638354669333745
4030,comunidad europea,2,6.638354669333745
4031,comunidad europea o,3,6.638354669333745
4032,comunidad respecto,2,6.638354669333745
4033,comunidad respecto del,3,6.638354669333745
4034,con,1,2.411520924065566
4035,con 10,2,6.232889561225582
4036,con 10 µg,3,6.232889561225582
4037,con actores,2,6.638354669333745
4038,con actores públicos,3,6.638354669333745
4039,con altos,2,6.638354669333745
4040,con altos niveles,3,6.638354669333745
4041,con anterioridad,2,5.945207488773801
4042,con anterioridad a,3,6.638354669333745
4043,con anterioridad al,3,6.232889561225582
4044,con antigüedad,2,6.638354669333745
4045,con antigüedad superior,3,6.638354669333745
4046,con aquellas,2,6.638354669333745
4047,con aquellas realizadas,3,6.638354669333745
4048,con atribuciones,2,6.232889561225582
4049,con atribuciones en,3,6.638354669333745
4050,con atribuciones para,3,6.638354669333745
4051,con autorización,2,6.638354669333745
4052,con autorización para,3,6.638354669333745
4053,con cerros,2,6.638354669333745
4054,con cerros que,3,6.638354669333745
4055,con combustibles,2,6.638354669333745
4056,con combustibles cuya,3,6.638354669333745
4057,con combustión,2,5.539742380665636
4058,con combustión de,3,6.232889561225582
4059,con combustión deberán,3,6.638354669333745
4060,con combustión es,3,6.638354669333745
4061,con combustión o,3,6.638354669333745
4062,con combustión que,3,6.638354669333745
4063,con concentraciones,2,6.638354669333745
4064,con concentraciones máximas,3,6.638354669333745
4065,con dicha,2,6.638354669333745
4066,con dicha legislación,3,6.638354669333745
4067,con el,2,3.9992973397184874
4068,con el apoyo,3,6.232889561225582
4069,con el cumplimiento,3,6.638354669333745
4070,con el directorio,3,6.638354669333745
4071,con el estado,3,6.638354669333745
4072,con el fin,3,5.722063937459591
4073,con el impacto,3,6.638354669333745
4074,con el inventario,3,6.638354669333745
4075,con el límite,3,6.232889561225582
4076,con el ministerio,3,5.028916756899646
4077,con el número,3,6.638354669333745
4078,con el objetivo,3,5.945207488773801
4079,con el objeto,3,6.232889561225582
4080,con el proceso,3,6.638354669333745
4081,con el propósito,3,6.638354669333745
4082,con electricidad,2,6.638354669333745
4083,con electricidad y,3,6.638354669333745
4084,con electrodos,2,6.638354669333745
4085,con electrodos que,3,6.638354669333745
4086,con elementos,2,6.638354669333745
4087,con elementos que,3,6.638354669333745
4088,con ello,2,6.638354669333745
4089,con ello evaluar,3,6.638354669333745
4090,con encendido,2,6.638354669333745
4091,con encendido por,3,6.638354669333745
4092,con enfermedad,2,6.638354669333745
4093,con enfermedad cardiovascular,3,6.638354669333745
4094,con enfermedad pulmonar,3,6.638354669333745
4095,con esta,2,6.232889561225582
4096,con esta exigencia,3,6.638354669333745
4097,con esta medida,3,6.638354669333745
4098,con estos,2,6.638354669333745
4099,con estos límites,3,6.638354669333745
4100,con excepción,2,6.638354669333745
4101,con excepción de,3,6.638354669333745
4102,con exigencias,2,6.638354669333745
4103,con exigencias de,3,6.638354669333745
4104,con falta,2,6.638354669333745
4105,con falta de,3,6.638354669333745
4106,con gas,2,6.638354669333745
4107,con gas natural,3,6.638354669333745
4108,con importantes,2,6.638354669333745
4109,con importantes aportes,3,6.638354669333745
4110,con indicación,2,6.638354669333745
4111,con indicación de,3,6.638354669333745
4112,con infracción,2,6.638354669333745
4113,con infracción a,3,6.638354669333745
4114,con la,2,4.558913127653909
4115,con la aprobación,3,6.638354669333745
4116,con la compensación,3,6.638354669333745
4117,con la conaf,3,6.638354669333745
4118,con la finalidad,3,6.638354669333745
4119,con la frecuencia,3,5.945207488773801
4120,con la implementación,3,6.638354669333745
4121,con la intendencia,3,6.638354669333745
4122,con la memoria,3,6.638354669333745
4123,con la norma,3,6.638354669333745
4124,con la recuperación,3,6.638354669333745
4125,con la región,3,6.638354669333745
4126,con la seremi,3,6.232889561225582
4127,con las,2,4.846595200105691
4128,con las acciones,3,6.232889561225582
4129,con las condiciones,3,6.638354669333745
4130,con las disposiciones,3,6.232889561225582
4131,con las empresas,3,6.638354669333745
4132,con las medidas,3,5.722063937459591
4133,con las metas,3,6.638354669333745
4134,con las mismas,3,6.638354669333745
4135,con leña,2,6.638354669333745
4136,con leña las,3,6.638354669333745
4137,con lo,2,5.385591700838378
4138,con lo cual,3,6.638354669333745
4139,con lo dispuesto,3,6.638354669333745
4140,con lo establecido,3,6.638354669333745
4141,con lo exigido,3,6.638354669333745
4142,con lo señalado,3,6.232889561225582
4143,con los,2,4.240459396535375
4144,con los criterios,3,6.638354669333745
4145,con los datos,3,6.232889561225582
4146,con los elementos,3,6.638354669333745
4147,con los faldeos,3,6.638354669333745
4148,con los límites,3,6.232889561225582
4149,con los medios,3,5.945207488773801
4150,con los mismos,3,6.232889561225582
4151,con los municipios,3,6.232889561225582
4152,con los niveles,3,6.638354669333745
4153,con los objetivos,3,6.232889561225582
4154,con los requisitos,3,6.638354669333745
4155,con los siguientes,3,6.232889561225582
4156,con los sistemas,3,6.638354669333745
4157,con mayor,2,6.638354669333745
4158,con mayor reducción,3,6.638354669333745
4159,con menos,2,6.638354669333745
4160,con menos de,3,6.638354669333745
4161,con niveles,2,6.638354669333745
4162,con niveles máximos,3,6.638354669333745
4163,con nueva,2,6.638354669333745
4164,con nueva infraestructura,3,6.638354669333745
4165,con o,2,6.232889561225582
4166,con o sin,3,6.232889561225582
4167,con otros,2,6.638354669333745
4168,con otros planes,3,6.638354669333745
4169,con planteles,2,6.638354669333745
4170,con planteles en,3,6.638354669333745
4171,con plomo,2,6.638354669333745
4172,con plomo a,3,6.638354669333745
4173,con posterioridad,2,5.539742380665636
4174,con posterioridad a,3,5.722063937459591
4175,con posterioridad de,3,6.638354669333745
4176,con recepción,2,6.638354669333745
4177,con recepción definitiva,3,6.638354669333745
4178,con representatividad,2,6.638354669333745
4179,con representatividad poblacional,3,6.638354669333745
4180,con resolución,2,6.232889561225582
4181,con resolución de,3,6.232889561225582
4182,con respecto,2,6.638354669333745
4183,con respecto a,3,6.638354669333745
4184,con sistemas,2,6.638354669333745
4185,con sistemas de,3,6.638354669333745
4186,con sus,2,6.232889561225582
4187,con sus nuevas,3,6.232889561225582
4188,con tanques,2,6.638354669333745
4189,con tanques de,3,6.638354669333745
4190,con un,2,4.93360657709532
4191,con un alto,3,6.638354669333745
4192,con un beneficio,3,6.638354669333745
4193,con un indicador,3,6.638354669333745
4194,con un motor,3,6.232889561225582
4195,con un nivel,3,6.638354669333745
4196,con un sistema,3,6.638354669333745
4197,con un total,3,6.638354669333745
4198,con un transformándolo,3,6.638354669333745
4199,con un xilohigrómetro,3,6.638354669333745
4200,con una,2,5.722063937459591
4201,con una inversión,3,6.638354669333745
4202,con una piscina,3,6.638354669333745
4203,con una población,3,6.638354669333745
4204,con una potencia,3,6.638354669333745
4205,con valores,2,6.638354669333745
4206,con valores anuales,3,6.638354669333745
4207,con énfasis,2,6.638354669333745
4208,con énfasis en,3,6.638354669333745
4209,conaf,1,5.722063937459591
4210,conaf deberá,2,6.638354669333745
4211,conaf deberá intensificar,3,6.638354669333745
4212,conaf elaborarán,2,6.638354669333745
4213,conaf elaborarán un,3,6.638354669333745
4214,conaf en,2,6.638354669333745
4215,conaf en el,3,6.638354669333745
4216,conaf podrá,2,6.638354669333745
4217,conaf podrá excepcionalmente,3,6.638354669333745
4218,concentraciones,1,4.692444520278432
4219,concentraciones a,2,6.638354669333745
4220,concentraciones a reducir,3,6.638354669333745
4221,concentraciones alcanzan,2,6.638354669333745
4222,concentraciones alcanzan los,3,6.638354669333745
4223,concentraciones año,2,6.638354669333745
4224,concentraciones año 2015,3,6.638354669333745
4225,concentraciones de,2,5.722063937459591
4226,concentraciones de calidad,3,6.638354669333745
4227,concentraciones de mp10,3,6.638354669333745
4228,concentraciones de mp2,3,6.638354669333745
4229,concentraciones de ozono,3,6.638354669333745
4230,concentraciones diarias,2,6.638354669333745
4231,concentraciones diarias máximas,3,6.638354669333745
4232,concentraciones han,2,6.638354669333745
4233,concentraciones han sido,3,6.638354669333745
4234,concentraciones hasta,2,6.638354669333745
4235,concentraciones hasta valores,3,6.638354669333745
4236,concentraciones máximas,2,6.638354669333745
4237,concentraciones máximas de,3,6.638354669333745
4238,concentraciones trianuales,2,6.232889561225582
4239,concentraciones trianuales de,3,6.232889561225582
4240,concentración,1,4.7665524924321545
4241,concentración ambiental,2,6.638354669333745
4242,concentración ambiental de,3,6.638354669333745
4243,concentración anual,2,6.638354669333745
4244,concentración anual para,3,6.638354669333745
4245,concentración de,2,5.2520603082138555
4246,concentración de 24,3,5.945207488773801
4247,concentración de azufre,3,6.638354669333745
4248,concentración de horas,3,6.638354669333745
4249,concentración de las,3,6.638354669333745
4250,concentración de monóxido,3,6.638354669333745
4251,concentración de oxígeno,3,6.638354669333745
4252,concentración descritas,2,6.638354669333745
4253,concentración descritas en,3,6.638354669333745
4254,concentración reportada,2,6.638354669333745
4255,concentración reportada el,3,6.638354669333745
4256,concientización,1,6.638354669333745
4257,concientización anual,2,6.638354669333745
4258,concientización anual en,3,6.638354669333745
4259,concluir,1,6.232889561225582
4260,concluir que,2,6.232889561225582
4261,concluir que dichas,3,6.638354669333745
4262,concluir que la,3,6.638354669333745
4263,concretas,1,6.638354669333745
4264,concretas para,2,6.638354669333745
4265,concretas para mitigar,3,6.638354669333745
4266,concurso,1,6.638354669333745
4267,concurso un,2,6.638354669333745
4268,concurso un cupo,3,6.638354669333745
4269,concursos,1,6.638354669333745
4270,concursos para,2,6.638354669333745
4271,concursos para optar,3,6.638354669333745
4272,condensación,1,6.638354669333745
4273,condensación de,2,6.638354669333745
4274,condensación de gases,3,6.638354669333745
4275,condes,1,6.638354669333745
4276,condes y,2,6.638354669333745
4277,condes y parque,3,6.638354669333745
4278,condiciones,1,5.028916756899646
4279,condiciones de,2,5.539742380665636
4280,condiciones de calidad,3,6.638354669333745
4281,condiciones de combustión,3,6.638354669333745
4282,condiciones de mala,3,6.638354669333745
4283,condiciones de operación,3,6.638354669333745
4284,condiciones de ventilación,3,6.638354669333745
4285,condiciones mencionadas,2,6.638354669333745
4286,condiciones mencionadas en,3,6.638354669333745
4287,condiciones meteorológicas,2,6.638354669333745
4288,condiciones meteorológicas posterior,3,6.638354669333745
4289,condiciones normalizadas,2,6.638354669333745
4290,condiciones normalizadas de,3,6.638354669333745
4291,condiciones que,2,6.638354669333745
4292,condiciones que las,3,6.638354669333745
4293,condiciones técnicas,2,6.638354669333745
4294,condiciones técnicas para,3,6.638354669333745
4295,condición,1,5.539742380665636
4296,condición de,2,5.945207488773801
4297,condición de alta,3,6.638354669333745
4298,condición de episodio,3,6.638354669333745
4299,condición de saturación,3,6.638354669333745
4300,condición la,2,6.638354669333745
4301,condición la que,3,6.638354669333745
4302,condición que,2,6.638354669333745
4303,condición que incida,3,6.638354669333745
4304,conductas,1,6.232889561225582
4305,conductas ciudadanas,2,6.638354669333745
4306,conductas ciudadanas en,3,6.638354669333745
4307,conductas preventivas,2,6.638354669333745
4308,conductas preventivas y,3,6.638354669333745
4309,conductas tendientes,2,6.638354669333745
4310,conductas tendientes a,3,6.638354669333745
4311,conectadas,1,6.638354669333745
4312,conectadas en,2,6.638354669333745
4313,conectadas en red,3,6.638354669333745
4314,conectividad,1,6.638354669333745
4315,conectividad ecológica,2,6.638354669333745
4316,conectividad ecológica entre,3,6.638354669333745
4317,conexiones,1,6.638354669333745
4318,conexiones destinado,2,6.638354669333745
4319,conexiones destinado para,3,6.638354669333745
4320,confinamiento,1,6.638354669333745
4321,confinamiento en,2,6.638354669333745
4322,confinamiento en patios,3,6.638354669333745
4323,confirmados,1,6.638354669333745
4324,confirmados por,2,6.638354669333745
4325,confirmados por los,3,6.638354669333745
4326,confirmar,1,6.638354669333745
4327,confirmar que,2,6.638354669333745
4328,confirmar que el,3,6.638354669333745
4329,conforme,1,4.3357695763397
4330,conforme a,2,4.3870628707272505
4331,conforme a la,3,6.232889561225582
4332,conforme a lo,3,5.722063937459591
4333,conforme a los,3,5.539742380665636
4334,conforme a sus,3,5.2520603082138555
4335,conforme se,2,6.638354669333745
4336,conforme se indica,3,6.638354669333745
4337,conformidad,1,5.539742380665636
4338,conformidad a,2,5.945207488773801
4339,conformidad a lo,3,6.232889561225582
4340,conformidad a sus,3,6.638354669333745
4341,conformidad con,2,6.232889561225582
4342,conformidad con las,3,6.638354669333745
4343,conformidad con lo,3,6.638354669333745
4344,conjunto,1,4.623451648791481
4345,conjunto con,2,5.134277272557472
4346,conjunto con el,3,5.2520603082138555
4347,conjunto con la,3,6.638354669333745
4348,conjunto de,2,5.539742380665636
4349,conjunto de acciones,3,6.638354669333745
4350,conjunto de edificaciones,3,6.638354669333745
4351,conjunto de indicadores,3,6.638354669333745
4352,conjunto de medidas,3,6.232889561225582
4353,conjunto del,2,6.638354669333745
4354,conjunto del árbol,3,6.638354669333745
4355,conlleva,1,6.638354669333745
4356,conlleva co,2,6.638354669333745
4357,conlleva co beneficios,3,6.638354669333745
4358,conocer,1,6.232889561225582
4359,conocer a,2,6.638354669333745
4360,conocer a la,3,6.638354669333745
4361,conocer experiencias,2,6.638354669333745
4362,conocer experiencias y,3,6.638354669333745
4363,conocidamente,1,6.638354669333745
4364,conocidamente será,2,6.638354669333745
4365,conocidamente será llevada,3,6.638354669333745
4366,conocido,1,6.638354669333745
4367,conocido como,2,6.638354669333745
4368,conocido como black,3,6.638354669333745
4369,conocieron,1,6.638354669333745
4370,conocieron y,2,6.638354669333745
4371,conocieron y emitieron,3,6.638354669333745
4372,consecuencia,1,6.638354669333745
4373,consecuencia de,2,6.638354669333745
4374,consecuencia de ellas,3,6.638354669333745
4375,consecuente,1,5.945207488773801
4376,consecuente con,2,6.638354669333745
4377,consecuente con los,3,6.638354669333745
4378,consecuente reducción,2,6.232889561225582
4379,consecuente reducción en,3,6.232889561225582
4380,consejo,1,5.945207488773801
4381,consejo consultivo,2,6.638354669333745
4382,consejo consultivo nacional,3,6.638354669333745
4383,consejo consultivo regional,3,6.638354669333745
4384,consejo de,2,6.638354669333745
4385,consejo de ministros,3,6.638354669333745
4386,consejo regional,2,6.638354669333745
4387,consejo regional metropolitano,3,6.638354669333745
4388,conservación,1,6.638354669333745
4389,conservación de,2,6.638354669333745
4390,conservación de los,3,6.638354669333745
4391,conservará,1,6.638354669333745
4392,conservará mientras,2,6.638354669333745
4393,conservará mientras la,3,6.638354669333745
4394,considera,1,6.232889561225582
4395,considera la,2,6.232889561225582
4396,considera la reutilización,3,6.232889561225582
4397,consideración,1,6.638354669333745
4398,consideración elementos,2,6.638354669333745
4399,consideración elementos como,3,6.638354669333745
4400,consideradas,1,6.232889561225582
4401,consideradas en,2,6.638354669333745
4402,consideradas en este,3,6.638354669333745
4403,consideradas para,2,6.638354669333745
4404,consideradas para este,3,6.638354669333745
4405,considerados,1,6.638354669333745
4406,considerados de,2,6.638354669333745
4407,considerados de saturación,3,6.638354669333745
4408,considerando,1,4.93360657709532
4409,considerando el,2,5.945207488773801
4410,considerando el aumento,3,6.638354669333745
4411,considerando el año,3,6.638354669333745
4412,considerando el episodio,3,6.638354669333745
4413,considerando las,2,5.722063937459591
4414,considerando las conversiones,3,6.638354669333745
4415,considerando las emisiones,3,6.232889561225582
4416,considerando las medidas,3,6.638354669333745
4417,considerando los,2,6.232889561225582
4418,considerando los métodos,3,6.638354669333745
4419,considerando los requisitos,3,6.638354669333745
4420,considerando para,2,6.638354669333745
4421,considerando para ello,3,6.638354669333745
4422,considerar,1,5.722063937459591
4423,considerar como,2,6.638354669333745
4424,considerar como parte,3,6.638354669333745
4425,considerar las,2,6.638354669333745
4426,considerar las emisiones,3,6.638354669333745
4427,considerar lo,2,6.638354669333745
4428,considerar lo siguiente,3,6.638354669333745
4429,considerar los,2,6.638354669333745
4430,considerar los mismos,3,6.638354669333745
4431,considerará,1,6.638354669333745
4432,considerará el,2,6.638354669333745
4433,considerará el desarrollo,3,6.638354669333745
4434,considerarán,1,5.945207488773801
4435,considerarán como,2,5.945207488773801
4436,considerarán como emisiones,3,6.232889561225582
4437,considerarán como zona,3,6.638354669333745
4438,considere,1,5.945207488773801
4439,considere las,2,6.638354669333745
4440,considere las medidas,3,6.638354669333745
4441,considere todas,2,6.638354669333745
4442,considere todas las,3,6.638354669333745
4443,considere una,2,6.638354669333745
4444,considere una restricción,3,6.638354669333745
4445,consideren,1,6.638354669333745
4446,consideren la,2,6.638354669333745
4447,consideren la participación,3,6.638354669333745
4448,consideró,1,6.638354669333745
4449,consideró conveniente,2,6.638354669333745
4450,consideró conveniente mejorar,3,6.638354669333745
4451,consolidado,1,6.638354669333745
4452,consolidado al,2,6.638354669333745
4453,consolidado al final,3,6.638354669333745
4454,consta,1,6.638354669333745
4455,consta de,2,6.638354669333745
4456,consta de un,3,6.638354669333745
4457,constante,1,6.638354669333745
4458,constante durante,2,6.638354669333745
4459,constante durante los,3,6.638354669333745
4460,constata,1,6.232889561225582
4461,constata que,2,6.232889561225582
4462,constata que la,3,6.232889561225582
4463,constatado,1,6.638354669333745
4464,constatado los,2,6.638354669333745
4465,constatado los siguientes,3,6.638354669333745
4466,constatados,1,6.638354669333745
4467,constatados para,2,6.638354669333745
4468,constatados para mp2,3,6.638354669333745
4469,constatar,1,6.638354669333745
4470,constatar cambios,2,6.638354669333745
4471,constatar cambios estructurales,3,6.638354669333745
4472,constituyen,1,6.638354669333745
4473,constituyen el,2,6.638354669333745
4474,constituyen el límite,3,6.638354669333745
4475,construcciones,1,6.232889561225582
4476,construcción,1,4.846595200105691
4477,construcción adecuado,2,6.638354669333745
4478,construcción adecuado en,3,6.638354669333745
4479,construcción de,2,5.2520603082138555
4480,construcción de 300,3,6.638354669333745
4481,construcción de 60,3,6.638354669333745
4482,construcción de ciclovías16,3,6.638354669333745
4483,construcción de ella,3,6.638354669333745
4484,construcción de infraestructura,3,6.232889561225582
4485,construcción de manera,3,6.638354669333745
4486,construcción de viviendas,3,6.638354669333745
4487,construcción deberán,2,6.638354669333745
4488,construcción deberán usar,3,6.638354669333745
4489,construcción operación,2,6.232889561225582
4490,construcción operación o,3,6.638354669333745
4491,construcción operación y,3,6.638354669333745
4492,construcción que,2,6.638354669333745
4493,construcción que tenga,3,6.638354669333745
4494,construcción se,2,6.638354669333745
4495,construcción se efectúa,3,6.638354669333745
4496,construido,1,6.232889561225582
4497,construido de,2,6.638354669333745
4498,construido de ladrillos,3,6.638354669333745
4499,construido o,2,6.638354669333745
4500,construido o armado,3,6.638354669333745
4501,consulta,1,5.945207488773801
4502,consulta al,2,6.638354669333745
4503,consulta al ministerio,3,6.638354669333745
4504,consulta ciudadana,2,6.638354669333745
4505,consulta ciudadana de,3,6.638354669333745
4506,consulta con,2,6.638354669333745
4507,consulta con lo,3,6.638354669333745
4508,consultivo,1,6.638354669333745
4509,consultivo nacional,2,6.638354669333745
4510,consultivo nacional conocieron,3,6.638354669333745
4511,consultivo regional,2,6.638354669333745
4512,consultivo regional de,3,6.638354669333745
4513,consumidores,1,5.945207488773801
4514,consumidores acerca,2,6.638354669333745
4515,consumidores acerca de,3,6.638354669333745
4516,consumidores los,2,6.638354669333745
4517,consumidores los niveles,3,6.638354669333745
4518,consumo,1,5.722063937459591
4519,consumo de,2,5.722063937459591
4520,consumo de combustible,3,6.232889561225582
4521,consumo de combustibles,3,6.638354669333745
4522,consumo de la,3,6.638354669333745
4523,contabilizar,1,6.638354669333745
4524,contabilizar la,2,6.638354669333745
4525,contabilizar la reducción,3,6.638354669333745
4526,contados,1,5.2520603082138555
4527,contados desde,2,5.2520603082138555
4528,contados desde la,3,5.2520603082138555
4529,contaminación,1,4.93360657709532
4530,contaminación atmosférica,2,5.945207488773801
4531,contaminación atmosférica por,3,6.638354669333745
4532,contaminación como,2,6.638354669333745
4533,contaminación como son,3,6.638354669333745
4534,contaminación considerando,2,6.638354669333745
4535,contaminación considerando el,3,6.638354669333745
4536,contaminación en,2,6.638354669333745
4537,contaminación en santiago,3,6.638354669333745
4538,contaminación observados,2,6.638354669333745
4539,contaminación observados actualmente,3,6.638354669333745
4540,contaminación por,2,6.232889561225582
4541,contaminación por mp10,3,6.232889561225582
4542,contaminación se,2,6.638354669333745
4543,contaminación se observa,3,6.638354669333745
4544,contaminante,1,5.385591700838378
4545,contaminante climático,2,6.638354669333745
4546,contaminante climático de,3,6.638354669333745
4547,contaminante más,2,6.232889561225582
4548,contaminante más la,3,6.232889561225582
4549,contaminante según,2,6.638354669333745
4550,contaminante según corresponda,3,6.638354669333745
4551,contaminante tomando,2,6.638354669333745
4552,contaminante tomando en,3,6.638354669333745
4553,contaminante y,2,6.638354669333745
4554,contaminante y un,3,6.638354669333745
4555,contaminantes,1,4.286979412170268
4556,contaminantes a,2,6.638354669333745
4557,contaminantes a la,3,6.638354669333745
4558,contaminantes así,2,6.638354669333745
4559,contaminantes así como,3,6.638354669333745
4560,contaminantes criterio,2,6.232889561225582
4561,contaminantes criterio mp10,3,6.638354669333745
4562,contaminantes criterio señalados,3,6.638354669333745
4563,contaminantes de,2,6.638354669333745
4564,contaminantes de forma,3,6.638354669333745
4565,contaminantes desde,2,6.638354669333745
4566,contaminantes desde la,3,6.638354669333745
4567,contaminantes en,2,6.638354669333745
4568,contaminantes en los,3,6.638354669333745
4569,contaminantes locales,2,6.638354669333745
4570,contaminantes material,2,6.638354669333745
4571,contaminantes material particulado,3,6.638354669333745
4572,contaminantes no,2,6.232889561225582
4573,contaminantes no superen,3,6.232889561225582
4574,contaminantes normados,2,6.638354669333745
4575,contaminantes normados una,3,6.638354669333745
4576,contaminantes que,2,6.638354669333745
4577,contaminantes que correspondan,3,6.638354669333745
4578,contaminantes quedan,2,6.638354669333745
4579,contaminantes quedan atrapados,3,6.638354669333745
4580,contaminantes se,2,6.232889561225582
4581,contaminantes se acentúa,3,6.638354669333745
4582,contaminantes se constata,3,6.638354669333745
4583,contar,1,4.3357695763397
4584,contar con,2,5.2520603082138555
4585,contar con electrodos,3,6.638354669333745
4586,contar con la,3,6.638354669333745
4587,contar con los,3,6.638354669333745
4588,contar con sistemas,3,6.638354669333745
4589,contar con tanques,3,6.638354669333745
4590,contar con un,3,5.945207488773801
4591,contar de,2,4.846595200105691
4592,contar de 12,3,6.232889561225582
4593,contar de enero,3,6.232889561225582
4594,contar de la,3,5.385591700838378
4595,contar de los,3,6.638354669333745
4596,contar del,2,6.638354669333745
4597,contar del de,3,6.638354669333745
4598,contemplada,1,6.232889561225582
4599,contemplada en,2,6.232889561225582
4600,contemplada en el,3,6.232889561225582
4601,contemplar,1,6.232889561225582
4602,contemplar el,2,6.638354669333745
4603,contemplar el envío,3,6.638354669333745
4604,contemplar mecanismos,2,6.638354669333745
4605,contemplar mecanismos para,3,6.638354669333745
4606,contenga,1,6.638354669333745
4607,contenga nombre,2,6.638354669333745
4608,contenga nombre del,3,6.638354669333745
4609,contengan,1,6.638354669333745
4610,contengan materias,2,6.638354669333745
4611,contengan materias producto,3,6.638354669333745
4612,contenida,1,5.945207488773801
4613,contenida en,2,5.945207488773801
4614,contenida en el,3,6.232889561225582
4615,contenida en las,3,6.638354669333745
4616,contenidas,1,6.232889561225582
4617,contenidas en,2,6.232889561225582
4618,contenidas en el,3,6.232889561225582
4619,contenido,1,4.93360657709532
4620,contenido de,2,5.028916756899646
4621,contenido de azufre,3,6.232889561225582
4622,contenido de biodiésel,3,6.638354669333745
4623,contenido de carbono,3,6.638354669333745
4624,contenido de estos,3,6.638354669333745
4625,contenido de humedad,3,5.945207488773801
4626,contenido de un,3,6.638354669333745
4627,contenidos,1,6.638354669333745
4628,contenidos y,2,6.638354669333745
4629,contenidos y o,3,6.638354669333745
4630,continua,1,6.638354669333745
4631,continua de,2,6.638354669333745
4632,continua de humo,3,6.638354669333745
4633,continuación,1,5.539742380665636
4634,continuación en,2,6.638354669333745
4635,continuación en la,3,6.638354669333745
4636,continuada,1,6.638354669333745
4637,continuada por,2,6.638354669333745
4638,continuada por el,3,6.638354669333745
4639,continuado,1,6.638354669333745
4640,continuarán,1,6.638354669333745
4641,continuarán rigiendo,2,6.638354669333745
4642,continuarán rigiendo por,3,6.638354669333745
4643,continuidad,1,6.638354669333745
4644,continuidad del,2,6.638354669333745
4645,continuidad del plan,3,6.638354669333745
4646,continuo,1,5.539742380665636
4647,continuo ajustándose,2,6.638354669333745
4648,continuo ajustándose a,3,6.638354669333745
4649,continuo de,2,6.638354669333745
4650,continuo de emisiones,3,6.638354669333745
4651,continuo indicado,2,6.638354669333745
4652,continuo indicado en,3,6.638354669333745
4653,continuo que,2,6.638354669333745
4654,continuo que ayuda,3,6.638354669333745
4655,continuos,1,6.638354669333745
4656,continuos según,2,6.638354669333745
4657,continuos según metodología,3,6.638354669333745
4658,continúan,1,6.638354669333745
4659,continúan como,2,6.638354669333745
4660,continúan como un,3,6.638354669333745
4661,contracción,1,6.638354669333745
4662,contracción de,2,6.638354669333745
4663,contracción de la,3,6.638354669333745
4664,contraloría,1,6.638354669333745
4665,contraloría general,2,6.638354669333745
4666,contraloría general de,3,6.638354669333745
4667,contrario,1,5.028916756899646
4668,contrario a,2,5.028916756899646
4669,contrario a lo,3,5.028916756899646
4670,contratados,1,6.638354669333745
4671,contratados para,2,6.638354669333745
4672,contratados para este,3,6.638354669333745
4673,contratos,1,6.232889561225582
4674,contratos u,2,6.638354669333745
4675,contratos u otro,3,6.638354669333745
4676,contravenciones,1,6.232889561225582
4677,contravenciones que,2,6.232889561225582
4678,contravenciones que se,3,6.232889561225582
4679,contribución,1,6.232889561225582
4680,contribución de,2,6.638354669333745
4681,contribución de emisiones,3,6.638354669333745
4682,contribución nacional,2,6.638354669333745
4683,contribución nacional tentativa,3,6.638354669333745
4684,contribuirán,1,6.638354669333745
4685,contribuirán a,2,6.638354669333745
4686,contribuirán a la,3,6.638354669333745
4687,control,1,4.7665524924321545
4688,control de,2,5.385591700838378
4689,control de emisiones,3,5.945207488773801
4690,control de humos,3,6.638354669333745
4691,control de las,3,6.232889561225582
4692,control del,2,6.232889561225582
4693,control del material,3,6.232889561225582
4694,control eficaz,2,6.638354669333745
4695,control eficaz en,3,6.638354669333745
4696,control estricto,2,6.638354669333745
4697,control estricto del,3,6.638354669333745
4698,control fiscalización,2,6.638354669333745
4699,control fiscalización y,3,6.638354669333745
4700,control permanente,2,6.638354669333745
4701,control permanente de,3,6.638354669333745
4702,control y,2,6.638354669333745
4703,control y fiscalización,3,6.638354669333745
4704,convencionales,1,6.638354669333745
4705,convencionales ernc,2,6.638354669333745
4706,convencionales ernc cogeneración,3,6.638354669333745
4707,conveniente,1,6.638354669333745
4708,conveniente mejorar,2,6.638354669333745
4709,conveniente mejorar las,3,6.638354669333745
4710,conversiones,1,6.232889561225582
4711,conversiones iniciales,2,6.638354669333745
4712,conversiones iniciales que,3,6.638354669333745
4713,conversiones para,2,6.638354669333745
4714,conversiones para mp2,3,6.638354669333745
4715,conversión,1,6.232889561225582
4716,conversión establecidos,2,6.232889561225582
4717,conversión establecidos en,3,6.232889561225582
4718,convirtiendo,1,6.638354669333745
4719,convirtiendo en,2,6.638354669333745
4720,convirtiendo en las,3,6.638354669333745
4721,convoque,1,6.638354669333745
4722,convoque el,2,6.638354669333745
4723,convoque el ministerio,3,6.638354669333745
4724,cooperación,1,6.232889561225582
4725,cooperación público,2,6.638354669333745
4726,cooperación público privada,3,6.638354669333745
4727,cooperación técnica,2,6.638354669333745
4728,cooperación técnica y,3,6.638354669333745
4729,coordenadas,1,6.638354669333745
4730,coordenadas wgs84,2,6.638354669333745
4731,coordenadas wgs84 de,3,6.638354669333745
4732,coordinación,1,5.385591700838378
4733,coordinación con,2,5.722063937459591
4734,coordinación con el,3,6.232889561225582
4735,coordinación con la,3,6.232889561225582
4736,coordinación institucional,2,6.638354669333745
4737,coordinación institucional que,3,6.638354669333745
4738,coordinación y,2,6.638354669333745
4739,coordinación y gestión,3,6.638354669333745
4740,coordinado,1,6.232889561225582
4741,coordinado por,2,6.232889561225582
4742,coordinado por la,3,6.232889561225582
4743,coordinar,1,6.232889561225582
4744,coordinar con,2,6.638354669333745
4745,coordinar con los,3,6.638354669333745
4746,coordinar y,2,6.638354669333745
4747,coordinar y gestionar,3,6.638354669333745
4748,coordinará,1,5.539742380665636
4749,coordinará con,2,6.232889561225582
4750,coordinará con actores,3,6.638354669333745
4751,coordinará con los,3,6.638354669333745
4752,coordinará la,2,6.638354669333745
4753,coordinará la implementación,3,6.638354669333745
4754,coordinará un,2,6.638354669333745
4755,coordinará un plan,3,6.638354669333745
4756,coordinará y,2,6.638354669333745
4757,coordinará y gestionará,3,6.638354669333745
4758,cordillera,1,5.945207488773801
4759,cordillera de,2,5.945207488773801
4760,cordillera de la,3,6.638354669333745
4761,cordillera de los,3,6.232889561225582
4762,cordón,1,6.232889561225582
4763,cordón de,2,6.638354669333745
4764,cordón de vegetación,3,6.638354669333745
4765,cordón montañoso,2,6.638354669333745
4766,cordón montañoso de,3,6.638354669333745
4767,corporación,1,6.638354669333745
4768,corporación nacional,2,6.638354669333745
4769,corporación nacional forestal,3,6.638354669333745
4770,corral,1,5.539742380665636
4771,corral deberán,2,6.638354669333745
4772,corral deberán implementar,3,6.638354669333745
4773,corral para,2,5.722063937459591
4774,corral para la,3,6.638354669333745
4775,corral para producción,3,5.945207488773801
4776,correcciones,1,6.638354669333745
4777,correcciones en,2,6.638354669333745
4778,correcciones en el,3,6.638354669333745
4779,correcta,1,6.232889561225582
4780,correcta aplicación,2,6.232889561225582
4781,correcta aplicación de,3,6.232889561225582
4782,corredores,1,6.232889561225582
4783,corredores verdes,2,6.232889561225582
4784,corredores verdes el,3,6.638354669333745
4785,corredores verdes los,3,6.638354669333745
4786,corresponda,1,5.2520603082138555
4787,corresponda a,2,6.638354669333745
4788,corresponda a través,3,6.638354669333745
4789,corresponda con,2,6.638354669333745
4790,corresponda con la,3,6.638354669333745
4791,corresponda de,2,6.232889561225582
4792,corresponda de acuerdo,3,6.232889561225582
4793,corresponda las,2,6.232889561225582
4794,corresponda las infracciones,3,6.232889561225582
4795,correspondan,1,5.945207488773801
4796,correspondan a,2,6.232889561225582
4797,correspondan a calderas,3,6.638354669333745
4798,correspondan a una,3,6.638354669333745
4799,corresponde,1,5.2520603082138555
4800,corresponde a,2,5.385591700838378
4801,corresponde a aquella,3,6.638354669333745
4802,corresponde a la,3,5.945207488773801
4803,corresponde a las,3,6.638354669333745
4804,corresponde a terrenos,3,6.638354669333745
4805,corresponde al,2,6.638354669333745
4806,corresponde al conjunto,3,6.638354669333745
4807,corresponden,1,5.722063937459591
4808,corresponden a,2,6.232889561225582
4809,corresponden a impactos,3,6.638354669333745
4810,corresponden a los,3,6.638354669333745
4811,corresponden al,2,6.232889561225582
4812,corresponden al sector,3,6.232889561225582
4813,correspondencia,1,6.638354669333745
4814,correspondencia con,2,6.638354669333745
4815,correspondencia con dicha,3,6.638354669333745
4816,corresponderá,1,5.722063937459591
4817,corresponderá a,2,6.232889561225582
4818,corresponderá a la,3,6.232889561225582
4819,corresponderá al,2,6.232889561225582
4820,corresponderá al intendente,3,6.638354669333745
4821,corresponderá al servicio,3,6.638354669333745
4822,correspondiente,1,6.638354669333745
4823,correspondientes,1,5.945207488773801
4824,correspondientes a,2,6.232889561225582
4825,correspondientes a los,3,6.638354669333745
4826,correspondientes a planteles,3,6.638354669333745
4827,corta,1,6.638354669333745
4828,corta y,2,6.638354669333745
4829,corta y se,3,6.638354669333745
4830,costa,1,6.232889561225582
4831,costa alcanza,2,6.638354669333745
4832,costa alcanza alturas,3,6.638354669333745
4833,costa en,2,6.638354669333745
4834,costa en que,3,6.638354669333745
4835,costo,1,5.945207488773801
4836,costo beneficio,2,6.638354669333745
4837,costo beneficio utilizada,3,6.638354669333745
4838,costo de,2,6.638354669333745
4839,costo efectivo,2,6.638354669333745
4840,costo efectivo en,3,6.638354669333745
4841,costos,1,5.2520603082138555
4842,costos asociados,2,6.638354669333745
4843,costos asociados a,3,6.638354669333745
4844,costos estimados,2,6.638354669333745
4845,costos estimados con,3,6.638354669333745
4846,costos para,2,6.638354669333745
4847,costos para el,3,6.638354669333745
4848,costos se,2,6.638354669333745
4849,costos se incorporan,3,6.638354669333745
4850,costos valorizados,2,6.638354669333745
4851,costos valorizados se,3,6.638354669333745
4852,costos y,2,6.638354669333745
4853,costos y beneficios,3,6.638354669333745
4854,cov,1,5.945207488773801
4855,cov con,2,6.638354669333745
4856,cov con el,3,6.638354669333745
4857,cov corresponden,2,6.638354669333745
4858,cov corresponden al,3,6.638354669333745
4859,creación,1,6.232889561225582
4860,creación de,2,6.638354669333745
4861,creación de un,3,6.638354669333745
4862,creación gestión,2,6.638354669333745
4863,creación gestión promoción,3,6.638354669333745
4864,creciente,1,6.638354669333745
4865,creciente importancia,2,6.638354669333745
4866,creciente importancia de,3,6.638354669333745
4867,crecimiento,1,6.232889561225582
4868,crecimiento de,2,6.638354669333745
4869,crecimiento de la,3,6.638354669333745
4870,crecimiento en,2,6.638354669333745
4871,crecimiento en el,3,6.638354669333745
4872,crianza,1,5.2520603082138555
4873,crianza de,2,6.638354669333745
4874,crianza de camas,3,6.638354669333745
4875,crianza engorda,2,6.232889561225582
4876,crianza engorda postura,3,6.638354669333745
4877,crianza engorda y,3,6.638354669333745
4878,crianza o,2,6.232889561225582
4879,crianza o vida,3,6.232889561225582
4880,crianza reproductoras,2,6.638354669333745
4881,crianza reproductoras o,3,6.638354669333745
4882,crianza se,2,6.638354669333745
4883,crianza se exceptúa,3,6.638354669333745
4884,criterio,1,6.232889561225582
4885,criterio mp10,2,6.638354669333745
4886,criterio mp10 y,3,6.638354669333745
4887,criterio señalados,2,6.638354669333745
4888,criterios,1,5.539742380665636
4889,criterios anteriores,2,6.638354669333745
4890,criterios establecidos,2,6.638354669333745
4891,criterios establecidos para,3,6.638354669333745
4892,criterios indicados,2,5.945207488773801
4893,criterios indicados en,3,5.945207488773801
4894,cronograma,1,6.638354669333745
4895,cría,1,6.232889561225582
4896,cría de,2,6.232889561225582
4897,cría de aves,3,6.638354669333745
4898,cría de porcinos,3,6.638354669333745
4899,crítico,1,6.232889561225582
4900,crítico cuando,2,6.638354669333745
4901,crítico cuando corresponda,3,6.638354669333745
4902,crítico o,2,6.638354669333745
4903,crítico o adoptar,3,6.638354669333745
4904,críticos,1,5.134277272557472
4905,críticos alerta,2,6.638354669333745
4906,críticos alerta preemergencia,3,6.638354669333745
4907,críticos de,2,5.945207488773801
4908,críticos de alta,3,6.638354669333745
4909,críticos de contaminación,3,6.232889561225582
4910,críticos gec,2,6.232889561225582
4911,críticos gec cuyo,3,6.638354669333745
4912,críticos gec para,3,6.638354669333745
4913,críticos por,2,6.232889561225582
4914,críticos por material,3,6.638354669333745
4915,críticos por mp10,3,6.638354669333745
4916,críticos que,2,6.638354669333745
4917,críticos que corresponde,3,6.638354669333745
4918,crónica,1,6.638354669333745
4919,crónica y,2,6.638354669333745
4920,crónica y con,3,6.638354669333745
4921,cual,1,4.7665524924321545
4922,cual en,2,6.638354669333745
4923,cual en ningún,3,6.638354669333745
4924,cual establece,2,6.232889561225582
4925,cual establece la,3,6.232889561225582
4926,cual fue,2,6.638354669333745
4927,cual fue aprobado,3,6.638354669333745
4928,cual gestionará,2,6.638354669333745
4929,cual gestionará la,3,6.638354669333745
4930,cual la,2,6.638354669333745
4931,cual la actualización,3,6.638354669333745
4932,cual los,2,6.638354669333745
4933,cual los gases,3,6.638354669333745
4934,cual se,2,5.539742380665636
4935,cual se calculó,3,6.638354669333745
4936,cual se identifique,3,6.638354669333745
4937,cual se incorporarán,3,6.638354669333745
4938,cual se plasmaron,3,6.638354669333745
4939,cual se proporciona,3,6.638354669333745
4940,cuales,1,5.385591700838378
4941,cuales indican,2,6.638354669333745
4942,cuales indican que,3,6.638354669333745
4943,cuales se,2,5.539742380665636
4944,cuales se aprecia,3,6.638354669333745
4945,cuales se rigen,3,6.638354669333745
4946,cuales se sobrepase,3,6.638354669333745
4947,cuales se solicite,3,6.232889561225582
4948,cualesquiera,1,6.638354669333745
4949,cualesquiera otras,2,6.638354669333745
4950,cualesquiera otras actividades,3,6.638354669333745
4951,cualquier,1,5.539742380665636
4952,cualquier fin,2,6.232889561225582
4953,cualquier máquina,2,6.638354669333745
4954,cualquier máquina móvil,3,6.638354669333745
4955,cualquier tipo,2,6.638354669333745
4956,cualquier tipo de,3,6.638354669333745
4957,cualquier época,2,6.638354669333745
4958,cualquier época del,3,6.638354669333745
4959,cualquiera,1,5.945207488773801
4960,cualquiera de,2,5.945207488773801
4961,cualquiera de las,3,6.638354669333745
4962,cualquiera de sus,3,6.232889561225582
4963,cuando,1,4.93360657709532
4964,cuando corresponda,2,6.232889561225582
4965,cuando corresponda a,3,6.638354669333745
4966,cuando corresponda con,3,6.638354669333745
4967,cuando cumplan,2,6.638354669333745
4968,cuando cumplan con,3,6.638354669333745
4969,cuando ejecuten,2,6.232889561225582
4970,cuando ejecuten obras,3,6.232889561225582
4971,cuando mantengan,2,6.638354669333745
4972,cuando mantengan operativos,3,6.638354669333745
4973,cuando sea,2,6.638354669333745
4974,cuando sea acreditable,3,6.638354669333745
4975,cuando su,2,6.232889561225582
4976,cuando su emplazamiento,3,6.638354669333745
4977,cuando su utilización,3,6.638354669333745
4978,cuando éste,2,6.638354669333745
4979,cuando éste se,3,6.638354669333745
4980,cuantificados,1,6.232889561225582
4981,cuantificados en,2,6.232889561225582
4982,cuantificados en este,3,6.638354669333745
4983,cuantificados en la,3,6.638354669333745
4984,cuantificar,1,5.945207488773801
4985,cuantificar con,2,6.638354669333745
4986,cuantificar con posterioridad,3,6.638354669333745
4987,cuantificar la,2,6.638354669333745
4988,cuantificar la reducción,3,6.638354669333745
4989,cuantificar variables,2,6.638354669333745
4990,cuantificar variables que,3,6.638354669333745
4991,cuanto,1,6.232889561225582
4992,cuanto al,2,6.638354669333745
4993,cuanto al contenido,3,6.638354669333745
4994,cuanto sean,2,6.638354669333745
4995,cuanto sean incompatibles,3,6.638354669333745
4996,cuasi,1,6.638354669333745
4997,cuasi calma,2,6.638354669333745
4998,cuasi calma generando,3,6.638354669333745
4999,cubiertas,1,6.638354669333745
5000,cubiertas que,2,6.638354669333745
5001,cubiertas que eviten,3,6.638354669333745
5002,cuenca,1,4.7665524924321545
5003,cuenca así,2,6.638354669333745
5004,cuenca así como,3,6.638354669333745
5005,cuenca aérea,2,6.638354669333745
5006,cuenca aérea la,3,6.638354669333745
5007,cuenca de,2,5.539742380665636
5008,cuenca de remover,3,6.638354669333745
5009,cuenca de santiago,3,5.722063937459591
5010,cuenca hacia,2,6.638354669333745
5011,cuenca hacia el,3,6.638354669333745
5012,cuenca lo,2,6.638354669333745
5013,cuenca lo que,3,6.638354669333745
5014,cuenca particularmente,2,6.638354669333745
5015,cuenca particularmente durante,3,6.638354669333745
5016,cuenca que,2,6.638354669333745
5017,cuenca que alberga,3,6.638354669333745
5018,cuenca una,2,6.638354669333745
5019,cuenca una condición,3,6.638354669333745
5020,cuenta,1,5.385591700838378
5021,cuenta con,2,5.945207488773801
5022,cuenta con resolución,3,6.232889561225582
5023,cuenta con valores,3,6.638354669333745
5024,cuenta del,2,6.638354669333745
5025,cuenta del cumplimiento,3,6.638354669333745
5026,cuenta los,2,6.232889561225582
5027,cuenta los criterios,3,6.232889561225582
5028,cuente,1,6.638354669333745
5029,cuente con,2,6.638354669333745
5030,cuente con planteles,3,6.638354669333745
5031,cuenten,1,5.945207488773801
5032,cuenten con,2,5.945207488773801
5033,cuenten con autorización,3,6.638354669333745
5034,cuenten con recepción,3,6.638354669333745
5035,cuenten con una,3,6.638354669333745
5036,cumplan,1,5.134277272557472
5037,cumplan con,2,5.2520603082138555
5038,cumplan con el,3,6.232889561225582
5039,cumplan con la,3,6.638354669333745
5040,cumplan con lo,3,6.638354669333745
5041,cumplan con los,3,6.638354669333745
5042,cumplan con sus,3,6.232889561225582
5043,cumplan los,2,6.638354669333745
5044,cumplan los requisitos,3,6.638354669333745
5045,cumple,1,5.945207488773801
5046,cumple con,2,6.232889561225582
5047,cumple con lo,3,6.638354669333745
5048,cumple con los,3,6.638354669333745
5049,cumple lo,2,6.638354669333745
5050,cumple lo establecido,3,6.638354669333745
5051,cumpliendo,1,6.638354669333745
5052,cumpliendo con,2,6.638354669333745
5053,cumpliendo con las,3,6.638354669333745
5054,cumplimento,1,6.638354669333745
5055,cumplimento a,2,6.638354669333745
5056,cumplimento a esta,3,6.638354669333745
5057,cumplimiento,1,4.035664983889362
5058,cumplimiento a,2,5.945207488773801
5059,cumplimiento a esta,3,6.638354669333745
5060,cumplimiento a la,3,6.638354669333745
5061,cumplimiento a las,3,6.638354669333745
5062,cumplimiento de,2,4.3870628707272505
5063,cumplimiento de esta,3,5.945207488773801
5064,cumplimiento de la,3,5.385591700838378
5065,cumplimiento de las,3,5.385591700838378
5066,cumplimiento de lo,3,6.638354669333745
5067,cumplimiento de los,3,6.638354669333745
5068,cumplimiento de reducción,3,6.638354669333745
5069,cumplimiento de todas,3,6.638354669333745
5070,cumplimiento del,2,5.945207488773801
5071,cumplimiento del 13,3,6.638354669333745
5072,cumplimiento del ds,3,6.638354669333745
5073,cumplimiento del programa,3,6.638354669333745
5074,cumplimiento en,2,6.638354669333745
5075,cumplimiento en un,3,6.638354669333745
5076,cumplimiento para,2,6.638354669333745
5077,cumplimiento para las,3,6.638354669333745
5078,cumplimiento realizados,2,6.638354669333745
5079,cumplimiento realizados por,3,6.638354669333745
5080,cumplir,1,3.834994288427211
5081,cumplir con,2,4.4982885058374755
5082,cumplir con esta,3,6.232889561225582
5083,cumplir con estos,3,6.638354669333745
5084,cumplir con las,3,5.945207488773801
5085,cumplir con lo,3,6.232889561225582
5086,cumplir con los,3,5.2520603082138555
5087,cumplir con niveles,3,6.638354669333745
5088,cumplir el,2,6.638354669333745
5089,cumplir el límite,3,6.638354669333745
5090,cumplir en,2,6.638354669333745
5091,cumplir en los,3,6.638354669333745
5092,cumplir indistintamente,2,6.638354669333745
5093,cumplir indistintamente los,3,6.638354669333745
5094,cumplir la,2,6.638354669333745
5095,cumplir la meta,3,6.638354669333745
5096,cumplir las,2,5.945207488773801
5097,cumplir las metas,3,6.638354669333745
5098,cumplir las normas,3,6.638354669333745
5099,cumplir las siguientes,3,6.638354669333745
5100,cumplir los,2,5.134277272557472
5101,cumplir los límites,3,6.232889561225582
5102,cumplir los requerimientos,3,6.638354669333745
5103,cumplir los siguientes,3,5.539742380665636
5104,cumplir tanto,2,6.638354669333745
5105,cumplir tanto las,3,6.638354669333745
5106,cumplirse,1,6.638354669333745
5107,cumplirse en,2,6.638354669333745
5108,cumplirse en todas,3,6.638354669333745
5109,cupo,1,6.638354669333745
5110,cupo exclusivo,2,6.638354669333745
5111,cupo exclusivo de,3,6.638354669333745
5112,cuya,1,4.93360657709532
5113,cuya capacidad,2,6.638354669333745
5114,cuya capacidad de,3,6.638354669333745
5115,cuya composición,2,6.638354669333745
5116,cuya composición se,3,6.638354669333745
5117,cuya elaboración,2,6.638354669333745
5118,cuya elaboración los,3,6.638354669333745
5119,cuya emisión,2,6.638354669333745
5120,cuya emisión dependa,3,6.638354669333745
5121,cuya finalidad,2,5.945207488773801
5122,cuya finalidad es,3,5.945207488773801
5123,cuya marca,2,6.232889561225582
5124,cuya marca y,3,6.232889561225582
5125,cuya matriz,2,6.638354669333745
5126,cuya matriz energética,3,6.638354669333745
5127,cuyas,1,5.722063937459591
5128,cuyas emisiones,2,5.722063937459591
5129,cuyas emisiones contaminantes,3,6.232889561225582
5130,cuyas emisiones o,3,6.638354669333745
5131,cuyas emisiones se,3,6.638354669333745
5132,cuyo,1,5.722063937459591
5133,cuyo almacenamiento,2,6.638354669333745
5134,cuyo almacenamiento y,3,6.638354669333745
5135,cuyo motor,2,6.638354669333745
5136,cuyo motor o,3,6.638354669333745
5137,cuyo objetivo,2,6.232889561225582
5138,cuyo objetivo es,3,6.638354669333745
5139,cuyo objetivo principal,3,6.638354669333745
5140,cuyos,1,6.638354669333745
5141,cuyos motores,2,6.638354669333745
5142,cuyos motores sean,3,6.638354669333745
5143,cycle,1,6.638354669333745
5144,cycle engines,2,6.638354669333745
5145,cálculo,1,5.722063937459591
5146,cálculo al,2,6.638354669333745
5147,cálculo al ingresar,3,6.638354669333745
5148,cálculo en,2,6.638354669333745
5149,cálculo en porcentaje,3,6.638354669333745
5150,cálculo son,2,6.638354669333745
5151,cálculo son independencia,3,6.638354669333745
5152,cálculo y,2,6.638354669333745
5153,cálculo y expresión,3,6.638354669333745
5154,cámara,1,6.232889561225582
5155,cámara de,2,6.638354669333745
5156,cámara de combustión,3,6.638354669333745
5157,cámara simple,2,6.638354669333745
5158,cámara simple y,3,6.638354669333745
5159,cáncer,1,6.638354669333745
5160,cáncer respiratorio,2,6.638354669333745
5161,código,1,6.638354669333745
5162,código de,2,6.638354669333745
5163,código de regulaciones,3,6.638354669333745
5164,d3231,1,6.638354669333745
5165,d3237,1,6.638354669333745
5166,d4737,1,6.638354669333745
5167,d4737 de,2,6.638354669333745
5168,d4737 de 48,3,6.638354669333745
5169,d613,1,6.638354669333745
5170,d613 para,2,6.638354669333745
5171,d613 para valores,3,6.638354669333745
5172,da,1,6.232889561225582
5173,da inicio,2,6.232889561225582
5174,da inicio al,3,6.232889561225582
5175,dadas,1,6.638354669333745
5176,dadas las,2,6.638354669333745
5177,dadas las condiciones,3,6.638354669333745
5178,dado,1,6.638354669333745
5179,dado los,2,6.638354669333745
5180,dado los niveles,3,6.638354669333745
5181,dan,1,6.638354669333745
5182,dan origen,2,6.638354669333745
5183,dan origen a,3,6.638354669333745
5184,dando,1,6.638354669333745
5185,dando prioridad,2,6.638354669333745
5186,dando prioridad a,3,6.638354669333745
5187,dar,1,5.2520603082138555
5188,dar a,2,6.638354669333745
5189,dar a conocer,3,6.638354669333745
5190,dar cumplimento,2,6.638354669333745
5191,dar cumplimento a,3,6.638354669333745
5192,dar cumplimiento,2,5.945207488773801
5193,dar cumplimiento a,3,5.945207488773801
5194,dar inicio,2,6.232889561225582
5195,dar inicio a,3,6.638354669333745
5196,dar inicio o,3,6.638354669333745
5197,dará,1,6.638354669333745
5198,dará a,2,6.638354669333745
5199,dará a conocer,3,6.638354669333745
5200,dato,1,6.638354669333745
5201,dato anual,2,6.638354669333745
5202,dato anual de,3,6.638354669333745
5203,datos,1,5.539742380665636
5204,datos de,2,5.945207488773801
5205,datos de la,3,5.945207488773801
5206,datos del,2,6.638354669333745
5207,datos del año,3,6.638354669333745
5208,datos que,2,6.638354669333745
5209,datos que se,3,6.638354669333745
5210,daño,1,6.638354669333745
5211,daño a,2,6.638354669333745
5212,daño a las,3,6.638354669333745
5213,de,1,1.0795979667278026
5214,de 10,2,5.722063937459591
5215,de 10 años,3,5.945207488773801
5216,de 10 años11,3,6.638354669333745
5217,de 11,2,6.638354669333745
5218,de 11 estaciones,3,6.638354669333745
5219,de 12,2,4.558913127653909
5220,de 12 413,3,6.638354669333745
5221,de 12 meses,3,4.623451648791481
5222,de 120,2,6.638354669333745
5223,de 120 µg,3,6.638354669333745
5224,de 140,2,6.638354669333745
5225,de 140 674,3,6.638354669333745
5226,de 15,2,5.385591700838378
5227,de 15 554,3,6.638354669333745
5228,de 15 de,3,6.638354669333745
5229,de 15 días,3,5.945207488773801
5230,de 15 minutos,3,6.638354669333745
5231,de 150,2,6.638354669333745
5232,de 150 µg,3,6.638354669333745
5233,de 18,2,6.232889561225582
5234,de 18 meses,3,6.232889561225582
5235,de 1990,2,6.638354669333745
5236,de 1990 del,3,6.638354669333745
5237,de 1992,2,5.722063937459591
5238,de 1992 del,3,5.722063937459591
5239,de 1993,2,6.638354669333745
5240,de 1993 del,3,6.638354669333745
5241,de 1995,2,6.638354669333745
5242,de 1995 de,3,6.638354669333745
5243,de 1996,2,5.722063937459591
5244,de 1996 de,3,6.638354669333745
5245,de 1996 del,3,5.945207488773801
5246,de 1997,2,6.638354669333745
5247,de 1997 del,3,6.638354669333745
5248,de 1998,2,5.2520603082138555
5249,de 1998 de,3,5.539742380665636
5250,de 1998 del,3,6.232889561225582
5251,de 1999,2,5.945207488773801
5252,de 1999 del,3,6.232889561225582
5253,de 20,2,6.638354669333745
5254,de 20 µg,3,6.638354669333745
5255,de 2000,2,5.945207488773801
5256,de 2000 del,3,5.945207488773801
5257,de 2001,2,5.945207488773801
5258,de 2001 de,3,6.638354669333745
5259,de 2001 del,3,5.945207488773801
5260,de 2002,2,6.232889561225582
5261,de 2002 del,3,6.232889561225582
5262,de 2003,2,6.638354669333745
5263,de 2003 y,3,6.638354669333745
5264,de 2005,2,6.232889561225582
5265,de 2005 del,3,6.232889561225582
5266,de 2006,2,6.638354669333745
5267,de 2006 del,3,6.638354669333745
5268,de 2008,2,5.945207488773801
5269,de 2008 de,3,6.638354669333745
5270,de 2008 del,3,6.232889561225582
5271,de 2009,2,4.623451648791481
5272,de 2009 ambos,3,6.638354669333745
5273,de 2009 de,3,5.385591700838378
5274,de 2009 del,3,5.539742380665636
5275,de 2009 que,3,6.232889561225582
5276,de 2011,2,5.028916756899646
5277,de 2011 de,3,6.638354669333745
5278,de 2011 del,3,5.134277272557472
5279,de 2012,2,5.945207488773801
5280,de 2012 del,3,5.945207488773801
5281,de 2014,2,5.539742380665636
5282,de 2014 del,3,5.539742380665636
5283,de 2015,2,5.945207488773801
5284,de 2015 del,3,5.945207488773801
5285,de 2016,2,5.722063937459591
5286,de 2016 del,3,5.945207488773801
5287,de 2016 y,3,6.638354669333745
5288,de 2018,2,6.638354669333745
5289,de 2019,2,6.232889561225582
5290,de 2019 ante,3,6.638354669333745
5291,de 2019 siempre,3,6.638354669333745
5292,de 2024,2,6.638354669333745
5293,de 2024 los,3,6.638354669333745
5294,de 24,2,4.623451648791481
5295,de 24 horas,3,5.2520603082138555
5296,de 24 meses,3,5.2520603082138555
5297,de 30,2,5.945207488773801
5298,de 30 días,3,6.232889561225582
5299,de 30 ppm,3,6.638354669333745
5300,de 300,2,6.638354669333745
5301,de 300 kilómetros,3,6.638354669333745
5302,de 36,2,5.945207488773801
5303,de 36 meses,3,5.945207488773801
5304,de 48,2,6.638354669333745
5305,de 48 debiendo,3,6.638354669333745
5306,de 50,2,5.945207488773801
5307,de 50 ppm,3,6.638354669333745
5308,de 50 toneladas,3,6.638354669333745
5309,de 50 µg,3,6.638354669333745
5310,de 60,2,6.638354669333745
5311,de 60 kilómetros,3,6.638354669333745
5312,de 80,2,6.638354669333745
5313,de 80 ppm,3,6.638354669333745
5314,de 892,2,6.638354669333745
5315,de 892 411,3,6.638354669333745
5316,de 965,2,6.638354669333745
5317,de 965 mm,3,6.638354669333745
5318,de abastecimiento,2,6.638354669333745
5319,de abastecimiento vehicular,3,6.638354669333745
5320,de abril,2,6.638354669333745
5321,de abril de,3,6.638354669333745
5322,de acatamiento,2,6.638354669333745
5323,de acatamiento de,3,6.638354669333745
5324,de acciones,2,6.638354669333745
5325,de acciones orientadas,3,6.638354669333745
5326,de actividad,2,5.945207488773801
5327,de actividad de,3,6.638354669333745
5328,de actividad restringida,3,6.638354669333745
5329,de actividad y,3,6.638354669333745
5330,de acuerdo,2,3.8657659470939647
5331,de acuerdo a,3,4.073405311872209
5332,de acuerdo al,3,5.385591700838378
5333,de afectar,2,6.638354669333745
5334,de afectar el,3,6.638354669333745
5335,de agosto,2,5.722063937459591
5336,de agosto de,3,5.722063937459591
5337,de agregar,2,6.638354669333745
5338,de agregar colorantes,3,6.638354669333745
5339,de agricultura,2,6.232889561225582
5340,de agricultura a,3,6.638354669333745
5341,de agricultura diseñará,3,6.638354669333745
5342,de agricultura y,3,6.638354669333745
5343,de agua,2,5.945207488773801
5344,de agua humo,3,6.638354669333745
5345,de agua mediante,3,6.638354669333745
5346,de agua y,3,6.638354669333745
5347,de aire,2,6.638354669333745
5348,de aire vigentes,3,6.638354669333745
5349,de al,2,5.945207488773801
5350,de al menos,3,5.945207488773801
5351,de alcanzar,2,6.232889561225582
5352,de alcanzar las,3,6.638354669333745
5353,de alcanzar un,3,6.638354669333745
5354,de alerta,2,6.232889561225582
5355,de alerta o,3,6.638354669333745
5356,de alerta preemergencia,3,6.638354669333745
5357,de alguno,2,6.638354669333745
5358,de alguno de,3,6.638354669333745
5359,de alhué,2,6.638354669333745
5360,de alhué cerro,3,6.638354669333745
5361,de alimentación,2,6.232889561225582
5362,de alimentación manual,3,6.638354669333745
5363,de alimentación por,3,6.638354669333745
5364,de alimentos,2,5.945207488773801
5365,de alimentos de,3,6.638354669333745
5366,de almacenamiento,2,5.945207488773801
5367,de almacenamiento camiones,3,6.638354669333745
5368,de almacenamiento de,3,6.638354669333745
5369,de almacenamiento sea,3,6.638354669333745
5370,de almacenamiento y,3,6.638354669333745
5371,de alta,2,6.232889561225582
5372,de alta contaminación,3,6.638354669333745
5373,de alta estabilidad,3,6.638354669333745
5374,de altitud,2,6.638354669333745
5375,de amonio,2,6.638354669333745
5376,de amonio de,3,6.638354669333745
5377,de amoníaco,2,6.638354669333745
5378,de amoníaco en,3,6.638354669333745
5379,de américa,2,5.945207488773801
5380,de américa us,3,5.945207488773801
5381,de angostura,2,6.638354669333745
5382,de angostura y,3,6.638354669333745
5383,de animales,2,6.232889561225582
5384,de animales avícolas,3,6.638354669333745
5385,de animales donde,3,6.638354669333745
5386,de análisis,2,5.539742380665636
5387,de análisis costo,3,6.638354669333745
5388,de análisis de,3,6.638354669333745
5389,de análisis indicándose,3,6.638354669333745
5390,de análisis técnicos,3,6.232889561225582
5391,de aplicación,2,6.232889561225582
5392,de aplicación del,3,6.638354669333745
5393,de aplicación produzca,3,6.638354669333745
5394,de apoyar,2,6.638354669333745
5395,de apoyar la,3,6.638354669333745
5396,de aprendizaje,2,5.945207488773801
5397,de aprendizaje que,3,5.945207488773801
5398,de aptitud,2,6.638354669333745
5399,de aptitud preferentemente,3,6.638354669333745
5400,de aquellas,2,6.638354669333745
5401,de aquellas calderas,3,6.638354669333745
5402,de arbitraje,2,5.722063937459591
5403,de arbitraje debe,3,5.722063937459591
5404,de artefactos,2,5.945207488773801
5405,de artefactos a,3,6.638354669333745
5406,de artefactos de,3,6.232889561225582
5407,de aspirado,2,5.539742380665636
5408,de aspirado y,3,5.539742380665636
5409,de aterosclerosis,2,6.638354669333745
5410,de aterosclerosis incremento,3,6.638354669333745
5411,de automotores,2,6.638354669333745
5412,de automotores locomotoras,3,6.638354669333745
5413,de avance,2,5.945207488773801
5414,de avance a,3,6.638354669333745
5415,de avance de,3,6.232889561225582
5416,de aves,2,5.539742380665636
5417,de aves de,3,5.539742380665636
5418,de aves en,3,6.232889561225582
5419,de azufre,2,5.2520603082138555
5420,de azufre del,3,6.638354669333745
5421,de azufre en,3,6.232889561225582
5422,de azufre máximo,3,6.638354669333745
5423,de azufre o,3,6.638354669333745
5424,de azufre so2,3,6.638354669333745
5425,de azufre óxidos,3,6.638354669333745
5426,de años,2,6.232889561225582
5427,de años anteriores,3,6.638354669333745
5428,de años desde,3,6.638354669333745
5429,de baja,2,5.539742380665636
5430,de baja demanda,3,6.638354669333745
5431,de baja emisión,3,5.945207488773801
5432,de baja o,3,6.638354669333745
5433,de barro,2,6.232889561225582
5434,de barro aparato,3,6.638354669333745
5435,de barro y,3,6.638354669333745
5436,de base,2,6.638354669333745
5437,de base será,3,6.638354669333745
5438,de bermas,2,6.638354669333745
5439,de bermas y,3,6.638354669333745
5440,de biciestacionamientos,2,6.638354669333745
5441,de biciestacionamientos en,3,6.638354669333745
5442,de biocombustibles,2,6.638354669333745
5443,de biocombustibles deberá,3,6.638354669333745
5444,de biodiésel,2,6.638354669333745
5445,de biodiésel no,3,6.638354669333745
5446,de biomasa,2,6.232889561225582
5447,de biomasa como,3,6.638354669333745
5448,de biomasa densificada,3,6.638354669333745
5449,de black,2,6.232889561225582
5450,de black carbon,3,6.638354669333745
5451,de black carbon10,3,6.638354669333745
5452,de buses,2,6.638354669333745
5453,de buses transantiago,3,6.638354669333745
5454,de cada,2,5.028916756899646
5455,de cada año,3,5.134277272557472
5456,de cada periodo,3,6.638354669333745
5457,de calderas,2,5.945207488773801
5458,de calderas de,3,6.638354669333745
5459,de calderas existentes,3,6.638354669333745
5460,de calderas nuevas,3,6.638354669333745
5461,de calefacción,2,4.93360657709532
5462,de calefacción de,3,6.638354669333745
5463,de calefacción distritales,3,6.638354669333745
5464,de calefacción domiciliaria,3,6.638354669333745
5465,de calefacción durante,3,6.638354669333745
5466,de calefacción que,3,6.638354669333745
5467,de calefacción residencial,3,5.945207488773801
5468,de calefacción sistema,3,6.638354669333745
5469,de calefacción sustentable,3,6.638354669333745
5470,de calefacción y,3,6.638354669333745
5471,de calefactores,2,5.028916756899646
5472,de calefactores a,3,6.232889561225582
5473,de calefactores en,3,6.638354669333745
5474,de calefactores nuevos,3,6.232889561225582
5475,de calefactores que,3,5.945207488773801
5476,de calefactores y,3,6.638354669333745
5477,de calidad,2,4.240459396535375
5478,de calidad ambiental,3,5.945207488773801
5479,de calidad del,3,4.441130091997526
5480,de calidad primaria,3,6.638354669333745
5481,de calidad que,3,6.638354669333745
5482,de calidad tanto,3,6.638354669333745
5483,de calificación,2,5.945207488773801
5484,de calificación ambiental,3,5.945207488773801
5485,de california,2,6.638354669333745
5486,de california en,3,6.638354669333745
5487,de calles,2,5.539742380665636
5488,de calles ampliando,3,6.638354669333745
5489,de calles establecido,3,5.945207488773801
5490,de calor,2,6.638354669333745
5491,de calor mediante,3,6.638354669333745
5492,de camas,2,6.638354669333745
5493,de camas calientes,3,6.638354669333745
5494,de capacitación,2,6.232889561225582
5495,de capacitación para,3,6.638354669333745
5496,de capacitación y,3,6.638354669333745
5497,de captura,2,5.945207488773801
5498,de captura recuperación,3,6.638354669333745
5499,de captura y,3,6.232889561225582
5500,de carbono,2,4.692444520278432
5501,de carbono alrededor,3,6.638354669333745
5502,de carbono co,3,5.539742380665636
5503,de carbono elemental,3,6.638354669333745
5504,de carbono negro,3,5.945207488773801
5505,de carbono todas,3,6.638354669333745
5506,de carbono y,3,5.945207488773801
5507,de carga,2,5.722063937459591
5508,de carga de,3,6.638354669333745
5509,de carga según,3,6.638354669333745
5510,de carga urbano,3,6.638354669333745
5511,de carga y,3,6.638354669333745
5512,de carne,2,6.232889561225582
5513,de carne deberán,3,6.638354669333745
5514,de carne o,3,6.638354669333745
5515,de casi,2,6.638354669333745
5516,de casi 25,3,6.638354669333745
5517,de centro,2,6.638354669333745
5518,de centro mario,3,6.638354669333745
5519,de cerdos,2,6.638354669333745
5520,de cerdos que,3,6.638354669333745
5521,de cerro,2,6.638354669333745
5522,de cerro navia,3,6.638354669333745
5523,de certificación,2,6.232889561225582
5524,de certificación de,3,6.638354669333745
5525,de cetano,2,6.638354669333745
5526,de cetano mínimo,3,6.638354669333745
5527,de cetano según,3,6.638354669333745
5528,de chacabuco,2,6.638354669333745
5529,de chacabuco la,3,6.638354669333745
5530,de charlas,2,6.638354669333745
5531,de charlas y,3,6.638354669333745
5532,de chile,2,5.945207488773801
5533,de chile e,3,6.232889561225582
5534,de chile y,3,6.638354669333745
5535,de chimeneas,2,6.638354669333745
5536,de chimeneas o,3,6.638354669333745
5537,de ciclorutas,2,6.232889561225582
5538,de ciclorutas y,3,6.232889561225582
5539,de ciclovías,2,6.638354669333745
5540,de ciclovías del,3,6.638354669333745
5541,de ciclovías16,2,6.638354669333745
5542,de cinco,2,6.638354669333745
5543,de cinco segundos,3,6.638354669333745
5544,de circulación,2,6.638354669333745
5545,de circulación de,3,6.638354669333745
5546,de clase,2,6.232889561225582
5547,de clase que,3,6.638354669333745
5548,de co,2,5.945207488773801
5549,de co a,3,6.638354669333745
5550,de co de,3,6.638354669333745
5551,de co y,3,6.638354669333745
5552,de cobertura,2,6.638354669333745
5553,de cobertura de,3,6.638354669333745
5554,de cogeneración,2,6.638354669333745
5555,de cogeneración produciendo,3,6.638354669333745
5556,de color,2,6.638354669333745
5557,de color negruzco,3,6.638354669333745
5558,de combustible,2,5.2520603082138555
5559,de combustible ante,3,6.638354669333745
5560,de combustible u,3,6.638354669333745
5561,de combustible utilizado,3,6.638354669333745
5562,de combustible vegetal,3,6.638354669333745
5563,de combustible y,3,6.638354669333745
5564,de combustibles,2,4.846595200105691
5565,de combustibles de,3,6.232889561225582
5566,de combustibles desde,3,6.638354669333745
5567,de combustibles en,3,6.638354669333745
5568,de combustibles fósiles,3,5.722063937459591
5569,de combustibles líquidos,3,6.232889561225582
5570,de combustibles y,3,6.638354669333745
5571,de combustión,2,4.7665524924321545
5572,de combustión cerrada,3,6.232889561225582
5573,de combustión de,3,6.638354669333745
5574,de combustión dentro,3,6.638354669333745
5575,de combustión interna,3,5.722063937459591
5576,de combustión no,3,6.638354669333745
5577,de combustión u,3,6.638354669333745
5578,de combustión y,3,6.638354669333745
5579,de compensación,2,4.846595200105691
5580,de compensación de,3,5.2520603082138555
5581,de compensación definitivo,3,6.638354669333745
5582,de compensación establecidas,3,6.638354669333745
5583,de compensación respectivo,3,6.638354669333745
5584,de compensación se,3,6.638354669333745
5585,de compensar,2,6.638354669333745
5586,de compensar emisiones,3,6.638354669333745
5587,de complementar,2,6.638354669333745
5588,de complementar en,3,6.638354669333745
5589,de composición,2,6.638354669333745
5590,de composición porosa,3,6.638354669333745
5591,de compra,2,6.638354669333745
5592,de compra y,3,6.638354669333745
5593,de compuestos,2,6.232889561225582
5594,de compuestos fotoquímicos,3,6.638354669333745
5595,de compuestos nitrogenados,3,6.638354669333745
5596,de compuestos orgánicos,3,6.232889561225582
5597,de comunicación,2,6.232889561225582
5598,de comunicación del,3,6.638354669333745
5599,de comunicación redes,3,6.638354669333745
5600,de concentraciones,2,5.945207488773801
5601,de concentraciones a,3,6.638354669333745
5602,de concentración,2,5.945207488773801
5603,de concentración ambiental,3,6.638354669333745
5604,de concentración de,3,6.638354669333745
5605,de conformidad,2,5.722063937459591
5606,de conformidad a,3,5.945207488773801
5607,de conformidad con,3,6.638354669333745
5608,de construcción,2,5.134277272557472
5609,de construcción adecuado,3,6.638354669333745
5610,de construcción de,3,5.945207488773801
5611,de construcción deberán,3,6.638354669333745
5612,de construcción operación,3,6.232889561225582
5613,de construcción que,3,6.638354669333745
5614,de construcción se,3,6.638354669333745
5615,de consulta,2,6.638354669333745
5616,de consulta con,3,6.638354669333745
5617,de consumo,2,6.638354669333745
5618,de consumo de,3,6.638354669333745
5619,de contabilizar,2,6.638354669333745
5620,de contabilizar la,3,6.638354669333745
5621,de contaminación,2,5.539742380665636
5622,de contaminación atmosférica,3,6.638354669333745
5623,de contaminación como,3,6.638354669333745
5624,de contaminación considerando,3,6.638354669333745
5625,de contaminación observados,3,6.638354669333745
5626,de contaminantes,2,5.539742380665636
5627,de contaminantes a,3,6.638354669333745
5628,de contaminantes así,3,6.638354669333745
5629,de contaminantes desde,3,6.638354669333745
5630,de contaminantes locales,3,6.638354669333745
5631,de contenidos,2,6.638354669333745
5632,de contenidos y,3,6.638354669333745
5633,de control,2,5.722063937459591
5634,de control de,3,5.945207488773801
5635,de control y,3,6.638354669333745
5636,de conversión,2,6.232889561225582
5637,de conversión establecidos,3,6.232889561225582
5638,de cooperación,2,6.232889561225582
5639,de cooperación público,3,6.638354669333745
5640,de cooperación técnica,3,6.638354669333745
5641,de coordinación,2,6.638354669333745
5642,de coordinación y,3,6.638354669333745
5643,de corral,2,5.539742380665636
5644,de corral deberán,3,6.638354669333745
5645,de corral para,3,5.722063937459591
5646,de cov,2,5.945207488773801
5647,de cov con,3,6.638354669333745
5648,de cov corresponden,3,6.638354669333745
5649,de crianza,2,5.385591700838378
5650,de crianza de,3,6.638354669333745
5651,de crianza engorda,3,6.232889561225582
5652,de crianza o,3,6.232889561225582
5653,de crianza se,3,6.638354669333745
5654,de cría,2,6.232889561225582
5655,de cría de,3,6.232889561225582
5656,de cualquier,2,6.638354669333745
5657,de cualquier tipo,3,6.638354669333745
5658,de cuasi,2,6.638354669333745
5659,de cuasi calma,3,6.638354669333745
5660,de cumplimiento,2,5.134277272557472
5661,de cumplimiento de,3,5.539742380665636
5662,de cumplimiento del,3,6.638354669333745
5663,de cumplimiento en,3,6.638354669333745
5664,de cumplimiento realizados,3,6.638354669333745
5665,de cumplir,2,5.722063937459591
5666,de cumplir con,3,6.232889561225582
5667,de cumplir el,3,6.638354669333745
5668,de cumplir las,3,6.638354669333745
5669,de cálculo,2,6.638354669333745
5670,de cálculo al,3,6.638354669333745
5671,de cámara,2,6.638354669333745
5672,de cámara simple,3,6.638354669333745
5673,de dar,2,6.638354669333745
5674,de dar cumplimiento,3,6.638354669333745
5675,de de,2,6.232889561225582
5676,de de junio,3,6.638354669333745
5677,de de octubre,3,6.638354669333745
5678,de decisiones,2,6.638354669333745
5679,de decisiones en,3,6.638354669333745
5680,de densidad,2,6.638354669333745
5681,de densidad colorimétrica,3,6.638354669333745
5682,de desarrollo,2,6.638354669333745
5683,de desarrollo intermodal,3,6.638354669333745
5684,de descarga,2,6.638354669333745
5685,de descarga salvo,3,6.638354669333745
5686,de descontaminación,2,5.028916756899646
5687,de descontaminación atmosférica,3,5.385591700838378
5688,de descontaminación de,3,6.638354669333745
5689,de descontaminación del,3,6.638354669333745
5690,de descontaminación en,3,6.638354669333745
5691,de descontaminación tiene,3,6.638354669333745
5692,de descuento,2,6.638354669333745
5693,de descuento horizonte,3,6.638354669333745
5694,de desplazamiento,2,6.638354669333745
5695,de desplazamiento volumétrico,3,6.638354669333745
5696,de determinar,2,6.638354669333745
5697,de determinar el,3,6.638354669333745
5698,de dicha,2,6.638354669333745
5699,de dicha circunstancia,3,6.638354669333745
5700,de dichos,2,6.232889561225582
5701,de dichos planes,3,6.638354669333745
5702,de dichos resultados,3,6.638354669333745
5703,de diciembre,2,5.722063937459591
5704,de diciembre de,3,5.722063937459591
5705,de diferentes,2,6.638354669333745
5706,de diferentes energéticos,3,6.638354669333745
5707,de difundir,2,6.638354669333745
5708,de difundir su,3,6.638354669333745
5709,de difusión,2,6.232889561225582
5710,de difusión anual,3,6.638354669333745
5711,de difusión que,3,6.638354669333745
5712,de distintos,2,6.638354669333745
5713,de distintos equipos,3,6.638354669333745
5714,de distribución,2,5.385591700838378
5715,de distribución de,3,6.232889561225582
5716,de distribución el,3,6.638354669333745
5717,de distribución que,3,6.638354669333745
5718,de distribución será,3,6.638354669333745
5719,de distribución y,3,6.638354669333745
5720,de diálogos,2,6.638354669333745
5721,de diálogos de,3,6.638354669333745
5722,de economía,2,4.7665524924321545
5723,de economía fomento,3,4.7665524924321545
5724,de edificaciones,2,6.638354669333745
5725,de edificaciones conectadas,3,6.638354669333745
5726,de educación,2,5.2520603082138555
5727,de educación ambiental,3,6.638354669333745
5728,de educación física,3,6.232889561225582
5729,de educación rm,3,5.722063937459591
5730,de efecto,2,6.638354669333745
5731,de efecto invernadero,3,6.638354669333745
5732,de efectos,2,6.638354669333745
5733,de efectos negativos,3,6.638354669333745
5734,de eficiencia,2,5.539742380665636
5735,de eficiencia energética,3,6.232889561225582
5736,de eficiencia para,3,6.638354669333745
5737,de eficiencia térmica,3,6.232889561225582
5738,de elaboración,2,5.385591700838378
5739,de elaboración del,3,5.385591700838378
5740,de electricidad,2,4.623451648791481
5741,de electricidad y,3,4.623451648791481
5742,de ella,2,6.638354669333745
5743,de ellas,2,6.232889561225582
5744,de ellas son,3,6.638354669333745
5745,de emergencia,2,5.539742380665636
5746,de emergencia ambiental,3,6.232889561225582
5747,de emergencia el,3,6.638354669333745
5748,de emergencia o,3,6.638354669333745
5749,de emergencia por,3,6.638354669333745
5750,de emisiones,2,3.419478844465545
5751,de emisiones a,3,6.638354669333745
5752,de emisiones ante,3,6.638354669333745
5753,de emisiones aprobados,3,6.638354669333745
5754,de emisiones aquellos,3,6.638354669333745
5755,de emisiones asociadas,3,6.638354669333745
5756,de emisiones como,3,6.638354669333745
5757,de emisiones conforme,3,6.638354669333745
5758,de emisiones considerando,3,6.638354669333745
5759,de emisiones de,3,5.2520603082138555
5760,de emisiones deberá,3,6.638354669333745
5761,de emisiones del,3,6.638354669333745
5762,de emisiones dentro,3,6.638354669333745
5763,de emisiones desarrollado,3,6.638354669333745
5764,de emisiones directas,3,6.232889561225582
5765,de emisiones donde,3,6.638354669333745
5766,de emisiones en,3,6.638354669333745
5767,de emisiones es,3,6.638354669333745
5768,de emisiones incorporadas,3,6.638354669333745
5769,de emisiones mediante,3,6.638354669333745
5770,de emisiones no,3,6.232889561225582
5771,de emisiones operará,3,6.638354669333745
5772,de emisiones para,3,5.945207488773801
5773,de emisiones planteadas,3,6.638354669333745
5774,de emisiones por,3,6.638354669333745
5775,de emisiones propuestas,3,6.638354669333745
5776,de emisiones que,3,6.232889561225582
5777,de emisiones referida,3,6.638354669333745
5778,de emisiones residuos,3,6.638354669333745
5779,de emisiones se,3,6.232889561225582
5780,de emisiones será,3,6.232889561225582
5781,de emisiones señalada,3,6.638354669333745
5782,de emisiones señalados,3,6.232889561225582
5783,de emisiones sin,3,6.638354669333745
5784,de emisiones su,3,6.638354669333745
5785,de emisiones sólo,3,6.638354669333745
5786,de emisiones validado,3,6.638354669333745
5787,de emisiones y,3,5.722063937459591
5788,de emisión,2,3.7761537884042773
5789,de emisión aquellos,3,6.638354669333745
5790,de emisión de,3,4.93360657709532
5791,de emisión establecida,3,6.638354669333745
5792,de emisión establecido,3,6.232889561225582
5793,de emisión establecidos,3,5.722063937459591
5794,de emisión indicada,3,6.638354669333745
5795,de emisión mencionado,3,6.638354669333745
5796,de emisión para,3,5.539742380665636
5797,de emisión permitidos,3,6.232889561225582
5798,de emisión podrá,3,6.638354669333745
5799,de emisión por,3,5.945207488773801
5800,de emisión presentadas,3,6.232889561225582
5801,de emisión que,3,6.638354669333745
5802,de emisión respectivo,3,6.638354669333745
5803,de emisión se,3,6.638354669333745
5804,de emisión señalados,3,6.232889561225582
5805,de emisión vigentes,3,6.638354669333745
5806,de emplazamiento,2,6.638354669333745
5807,de emplazamiento de,3,6.638354669333745
5808,de encendido,2,6.232889561225582
5809,de encendido por,3,6.232889561225582
5810,de energéticos,2,6.638354669333745
5811,de energéticos y,3,6.638354669333745
5812,de energía,2,5.028916756899646
5813,de energía dentro,3,6.638354669333745
5814,de energía en,3,5.945207488773801
5815,de energía evaluarán,3,6.638354669333745
5816,de energía podrá,3,6.638354669333745
5817,de energía rm,3,6.232889561225582
5818,de energía sustentable,3,6.638354669333745
5819,de energía y,3,6.638354669333745
5820,de energías,2,6.638354669333745
5821,de energías renovables,3,6.638354669333745
5822,de enero,2,5.722063937459591
5823,de enero de,3,6.232889561225582
5824,de enero del,3,6.232889561225582
5825,de engorda,2,6.638354669333745
5826,de engorda crianza,3,6.638354669333745
5827,de ensayo,2,6.638354669333745
5828,de entrada,2,5.134277272557472
5829,de entrada en,3,5.134277272557472
5830,de entrar,2,6.232889561225582
5831,de entrar en,3,6.232889561225582
5832,de episodio,2,6.232889561225582
5833,de episodio crítico,3,6.232889561225582
5834,de episodios,2,4.692444520278432
5835,de episodios constatados,3,6.638354669333745
5836,de episodios críticos,3,5.2520603082138555
5837,de episodios decretados,3,6.232889561225582
5838,de episodios para,3,6.638354669333745
5839,de episodios por,3,6.232889561225582
5840,de equipos,2,6.232889561225582
5841,de equipos de,3,6.232889561225582
5842,de escala,2,6.638354669333745
5843,de escala sinóptica,3,6.638354669333745
5844,de escape,2,5.385591700838378
5845,de escape de,3,6.638354669333745
5846,de escape en,3,6.232889561225582
5847,de escape obtenidos,3,6.638354669333745
5848,de escape por,3,6.638354669333745
5849,de esta,2,4.846595200105691
5850,de esta exigencia,3,5.945207488773801
5851,de esta medición,3,6.638354669333745
5852,de esta medida,3,5.539742380665636
5853,de esta nueva,3,6.638354669333745
5854,de esta propiedad,3,6.638354669333745
5855,de estabilidad,2,6.232889561225582
5856,de estabilidad atmosférica,3,6.638354669333745
5857,de estabilidad local,3,6.638354669333745
5858,de estabilización,2,6.638354669333745
5859,de estabilización de,3,6.638354669333745
5860,de establecer,2,6.638354669333745
5861,de establecer un,3,6.638354669333745
5862,de establecimientos,2,6.232889561225582
5863,de establecimientos industriales,3,6.638354669333745
5864,de establecimientos que,3,6.638354669333745
5865,de estacionamiento,2,6.638354669333745
5866,de estacionamiento sentidos,3,6.638354669333745
5867,de estados,2,6.638354669333745
5868,de estados unidos,3,6.638354669333745
5869,de estas,2,6.232889561225582
5870,de estas emisiones,3,6.638354669333745
5871,de estas situaciones,3,6.638354669333745
5872,de este,2,5.539742380665636
5873,de este artículo,3,6.638354669333745
5874,de este capítulo,3,6.232889561225582
5875,de este mismo,3,6.638354669333745
5876,de este tipo,3,6.638354669333745
5877,de estos,2,6.232889561225582
5878,de estos últimos,3,6.232889561225582
5879,de estudios,2,6.638354669333745
5880,de estudios de,3,6.638354669333745
5881,de evacuación,2,6.638354669333745
5882,de evacuación de,3,6.638354669333745
5883,de evaluación,2,5.2520603082138555
5884,de evaluación 10,3,6.638354669333745
5885,de evaluación de,3,5.385591700838378
5886,de evaluar,2,6.638354669333745
5887,de evaluar la,3,6.638354669333745
5888,de excepción,2,6.638354669333745
5889,de excepción por,3,6.638354669333745
5890,de exposición,2,6.638354669333745
5891,de fabricación,2,6.638354669333745
5892,de fabricación número,3,6.638354669333745
5893,de factibilidad,2,6.638354669333745
5894,de factibilidad técnica,3,6.638354669333745
5895,de favorecer,2,6.638354669333745
5896,de favorecer la,3,6.638354669333745
5897,de fecha,2,5.385591700838378
5898,de fecha 13,3,6.232889561225582
5899,de fecha 15,3,6.638354669333745
5900,de fecha 23,3,6.232889561225582
5901,de fecha 24,3,6.638354669333745
5902,de filtros,2,6.232889561225582
5903,de filtros de,3,6.638354669333745
5904,de filtros deberá,3,6.638354669333745
5905,de fiscalización,2,4.93360657709532
5906,de fiscalización automatizada,3,6.638354669333745
5907,de fiscalización comprende,3,6.638354669333745
5908,de fiscalización de,3,6.232889561225582
5909,de fiscalización deberá,3,6.638354669333745
5910,de fiscalización entendido,3,6.638354669333745
5911,de fiscalización que,3,5.945207488773801
5912,de fiscalizar,2,6.638354669333745
5913,de fiscalizar el,3,6.638354669333745
5914,de fondos,2,6.638354669333745
5915,de fondos regionales,3,6.638354669333745
5916,de forma,2,5.722063937459591
5917,de forma cilíndrica,3,6.232889561225582
5918,de forma individual,3,6.638354669333745
5919,de forma tal,3,6.638354669333745
5920,de fuente,2,6.638354669333745
5921,de fuente estacionaria,3,6.638354669333745
5922,de fuentes,2,5.945207488773801
5923,de fuentes actividades,3,6.638354669333745
5924,de fuentes afectas,3,6.638354669333745
5925,de fuentes estacionarias,3,6.638354669333745
5926,de fuerte,2,6.638354669333745
5927,de fuerte estabilidad,3,6.638354669333745
5928,de funcionamiento,2,5.722063937459591
5929,de funcionamiento de,3,6.232889561225582
5930,de funcionamiento mediante,3,6.638354669333745
5931,de garantizar,2,6.638354669333745
5932,de garantizar un,3,6.638354669333745
5933,de gas,2,6.638354669333745
5934,de gas y,3,6.638354669333745
5935,de gases,2,5.134277272557472
5936,de gases al,3,6.638354669333745
5937,de gases de,3,5.539742380665636
5938,de gases precursores,3,6.232889561225582
5939,de gases y,3,6.638354669333745
5940,de gasolina,2,6.638354669333745
5941,de gasolina con,3,6.638354669333745
5942,de gec,2,4.93360657709532
5943,de gec coordinado,3,6.638354669333745
5944,de gec corresponderá,3,6.638354669333745
5945,de gec para,3,6.638354669333745
5946,de gec se,3,6.638354669333745
5947,de gec y,3,6.638354669333745
5948,de generación,2,6.638354669333745
5949,de generación y,3,6.638354669333745
5950,de gestión,2,5.2520603082138555
5951,de gestión ambiental,3,6.232889561225582
5952,de gestión de,3,5.539742380665636
5953,de gobierno,2,6.638354669333745
5954,de gobierno en,3,6.638354669333745
5955,de grandes,2,6.232889561225582
5956,de grandes establecimientos,3,6.232889561225582
5957,de grupos,2,6.638354669333745
5958,de grupos electrógenos,3,6.638354669333745
5959,de hacer,2,6.638354669333745
5960,de hacer un,3,6.638354669333745
5961,de hidrocarburos,2,6.638354669333745
5962,de hidrocarburos y,3,6.638354669333745
5963,de hogar,2,6.638354669333745
5964,de hogar abierto,3,6.638354669333745
5965,de homogenización,2,6.638354669333745
5966,de homogenización o,3,6.638354669333745
5967,de homologación,2,6.638354669333745
5968,de homologación que,3,6.638354669333745
5969,de horas,2,5.385591700838378
5970,de horas de,3,6.232889561225582
5971,de horas p99,3,6.638354669333745
5972,de horas y,3,6.638354669333745
5973,de hospedajes,2,6.638354669333745
5974,de huevos,2,5.945207488773801
5975,de huevos plantel,3,6.638354669333745
5976,de huevos que,3,6.232889561225582
5977,de huevos se,3,6.638354669333745
5978,de huevos sin,3,6.638354669333745
5979,de humedad,2,5.945207488773801
5980,de humedad en,3,6.638354669333745
5981,de humedad interior,3,6.638354669333745
5982,de humedad menor,3,6.638354669333745
5983,de humo,2,6.232889561225582
5984,de humo visible,3,6.232889561225582
5985,de humos,2,6.638354669333745
5986,de humos visibles,3,6.638354669333745
5987,de identificación,2,6.638354669333745
5988,de identificación horas,3,6.638354669333745
5989,de ignición,2,6.232889561225582
5990,de ignición por,3,6.232889561225582
5991,de igual,2,6.638354669333745
5992,de igual modo,3,6.638354669333745
5993,de impacto,2,5.945207488773801
5994,de impacto ambiental,3,5.945207488773801
5995,de implementación,2,6.638354669333745
5996,de implementación de,3,6.638354669333745
5997,de implementar,2,6.638354669333745
5998,de incentivos,2,6.638354669333745
5999,de incentivos de,3,6.638354669333745
6000,de incineración,2,6.638354669333745
6001,de incineración de,3,6.638354669333745
6002,de incorporar,2,6.638354669333745
6003,de incorporar progresivamente,3,6.638354669333745
6004,de incumplimiento,2,6.232889561225582
6005,de incumplimiento corresponderá,3,6.232889561225582
6006,de indicadores,2,6.638354669333745
6007,de indicadores que,3,6.638354669333745
6008,de infartos,2,6.638354669333745
6009,de infartos al,3,6.638354669333745
6010,de infecciones,2,6.638354669333745
6011,de infecciones y,3,6.638354669333745
6012,de información,2,5.945207488773801
6013,de información de,3,6.638354669333745
6014,de información que,3,6.638354669333745
6015,de información y,3,6.638354669333745
6016,de infraestructura,2,6.232889561225582
6017,de infraestructura deberán,3,6.638354669333745
6018,de infraestructura pública,3,6.638354669333745
6019,de ingreso,2,6.638354669333745
6020,de ingreso de,3,6.638354669333745
6021,de iniciar,2,6.232889561225582
6022,de iniciar el,3,6.638354669333745
6023,de iniciar la,3,6.638354669333745
6024,de instrumentación,2,6.638354669333745
6025,de instrumentación industrial,3,6.638354669333745
6026,de instrumentos,2,6.232889561225582
6027,de instrumentos de,3,6.638354669333745
6028,de instrumentos protocolos,3,6.638354669333745
6029,de interés,2,6.638354669333745
6030,de interés público,3,6.638354669333745
6031,de inversión,2,6.232889561225582
6032,de inversión públicos,3,6.638354669333745
6033,de inversión térmica,3,6.638354669333745
6034,de jornadas,2,6.638354669333745
6035,de jornadas de,3,6.638354669333745
6036,de junio,2,6.232889561225582
6037,de junio de,3,6.232889561225582
6038,de la,2,2.2880767329744445
6039,de la actualización,3,6.638354669333745
6040,de la administración,3,6.232889561225582
6041,de la agencia,3,6.638354669333745
6042,de la aplicación,3,6.638354669333745
6043,de la cadena,3,6.232889561225582
6044,de la calefacción,3,6.638354669333745
6045,de la calidad,3,4.846595200105691
6046,de la cantidad,3,6.638354669333745
6047,de la capa,3,6.232889561225582
6048,de la certificación,3,6.638354669333745
6049,de la combustión,3,6.638354669333745
6050,de la comercialización,3,6.638354669333745
6051,de la compensación,3,5.722063937459591
6052,de la comunidad,3,6.638354669333745
6053,de la conaf,3,6.638354669333745
6054,de la concentración,3,6.638354669333745
6055,de la condensación,3,6.638354669333745
6056,de la contaminación,3,5.945207488773801
6057,de la contraloría,3,6.638354669333745
6058,de la cordillera,3,6.638354669333745
6059,de la costa,3,6.232889561225582
6060,de la cuenca,3,5.945207488773801
6061,de la declaración,3,6.638354669333745
6062,de la demanda,3,6.638354669333745
6063,de la dimensión,3,6.638354669333745
6064,de la duración,3,6.638354669333745
6065,de la educación,3,6.232889561225582
6066,de la elaboración,3,6.638354669333745
6067,de la energía,3,6.638354669333745
6068,de la entrada,3,4.7665524924321545
6069,de la escala,3,6.638354669333745
6070,de la evaluación,3,6.638354669333745
6071,de la evolución,3,6.638354669333745
6072,de la exigencia,3,6.638354669333745
6073,de la fecha,3,6.232889561225582
6074,de la fiscalización,3,5.722063937459591
6075,de la fuente,3,5.945207488773801
6076,de la gec,3,6.638354669333745
6077,de la gestión,3,6.638354669333745
6078,de la homologación,3,6.638354669333745
6079,de la implementación,3,6.232889561225582
6080,de la incorporación,3,6.638354669333745
6081,de la inercia,3,6.232889561225582
6082,de la información,3,6.638354669333745
6083,de la instalación,3,6.638354669333745
6084,de la intendencia,3,6.638354669333745
6085,de la latencia,3,6.638354669333745
6086,de la leña,3,5.945207488773801
6087,de la madera,3,4.692444520278432
6088,de la mantención,3,6.638354669333745
6089,de la maquinaria,3,6.638354669333745
6090,de la materia,3,6.638354669333745
6091,de la medida,3,6.232889561225582
6092,de la meta,3,5.945207488773801
6093,de la misma,3,6.638354669333745
6094,de la norma,3,5.722063937459591
6095,de la normativa,3,6.232889561225582
6096,de la oferta,3,6.232889561225582
6097,de la operación,3,6.638354669333745
6098,de la ordenanza,3,5.945207488773801
6099,de la placa,3,6.638354669333745
6100,de la población,3,5.722063937459591
6101,de la presidencia,3,5.539742380665636
6102,de la provincia,3,6.638354669333745
6103,de la publicación,3,6.638354669333745
6104,de la red,3,6.232889561225582
6105,de la reducción,3,5.722063937459591
6106,de la región,3,4.3357695763397
6107,de la república,3,6.638354669333745
6108,de la requerida,3,6.638354669333745
6109,de la resolución,3,6.638354669333745
6110,de la restricción,3,6.638354669333745
6111,de la secretaría,3,6.638354669333745
6112,de la seremi,3,5.385591700838378
6113,de la sesión,3,6.638354669333745
6114,de la situación,3,6.638354669333745
6115,de la sociedad,3,6.638354669333745
6116,de la subsecretaría,3,6.638354669333745
6117,de la subvención,3,5.945207488773801
6118,de la superintendencia,3,5.722063937459591
6119,de la tabla,3,5.722063937459591
6120,de la temperatura,3,6.638354669333745
6121,de la utilización,3,6.638354669333745
6122,de la ventilación,3,6.638354669333745
6123,de la verificación,3,6.638354669333745
6124,de la vida,3,6.638354669333745
6125,de la zona,3,5.539742380665636
6126,de ladrillos,2,6.638354669333745
6127,de ladrillos barro,3,6.638354669333745
6128,de las,2,3.157114579998054
6129,de las acreditaciones,3,6.638354669333745
6130,de las actividades,3,6.638354669333745
6131,de las atribuciones,3,6.232889561225582
6132,de las autopistas,3,6.638354669333745
6133,de las aves,3,6.638354669333745
6134,de las comunas,3,6.638354669333745
6135,de las concentraciones,3,5.722063937459591
6136,de las condiciones,3,6.232889561225582
6137,de las disposiciones,3,6.638354669333745
6138,de las diversas,3,6.638354669333745
6139,de las eficiencias,3,6.638354669333745
6140,de las emisiones,3,4.846595200105691
6141,de las empresas,3,6.638354669333745
6142,de las estaciones,3,6.232889561225582
6143,de las etapas,3,6.638354669333745
6144,de las fuentes,3,5.385591700838378
6145,de las instalaciones,3,6.638354669333745
6146,de las limitaciones,3,6.638354669333745
6147,de las masas,3,6.638354669333745
6148,de las mediciones,3,6.638354669333745
6149,de las medidas,3,4.558913127653909
6150,de las metas,3,6.232889561225582
6151,de las normas,3,6.638354669333745
6152,de las nuevas,3,6.638354669333745
6153,de las obras,3,6.638354669333745
6154,de las operaciones,3,6.638354669333745
6155,de las partículas,3,6.232889561225582
6156,de las personas,3,6.638354669333745
6157,de las principales,3,6.638354669333745
6158,de las quemas,3,6.638354669333745
6159,de las restricciones,3,6.638354669333745
6160,de las siguientes,3,6.232889561225582
6161,de latencia,2,6.232889561225582
6162,de latencia o,3,6.638354669333745
6163,de latencia por,3,6.638354669333745
6164,de leña,2,5.539742380665636
6165,de leña cumple,3,6.638354669333745
6166,de leña deberán,3,6.232889561225582
6167,de leña que,3,6.638354669333745
6168,de leña se,3,6.638354669333745
6169,de leña seca,3,6.638354669333745
6170,de ligantes,2,6.638354669333745
6171,de limpieza,2,6.638354669333745
6172,de limpieza adicional,3,6.638354669333745
6173,de lo,2,5.028916756899646
6174,de lo anterior,3,5.722063937459591
6175,de lo dispuesto,3,5.945207488773801
6176,de lo establecido,3,6.638354669333745
6177,de lo local,3,6.638354669333745
6178,de locomoción,2,5.945207488773801
6179,de locomoción colectiva,3,5.945207488773801
6180,de lograr,2,6.232889561225582
6181,de lograr la,3,6.232889561225582
6182,de los,2,2.9370526952212526
6183,de los 12,3,5.722063937459591
6184,de los 18,3,6.638354669333745
6185,de los 24,3,6.638354669333745
6186,de los 36,3,6.638354669333745
6187,de los andes,3,6.232889561225582
6188,de los animales,3,6.638354669333745
6189,de los antecedentes,3,6.638354669333745
6190,de los artefactos,3,6.638354669333745
6191,de los artículos,3,6.638354669333745
6192,de los beneficios,3,6.638354669333745
6193,de los combustibles,3,5.539742380665636
6194,de los componentes,3,6.638354669333745
6195,de los contaminantes,3,6.232889561225582
6196,de los corredores,3,6.638354669333745
6197,de los cuales,3,6.232889561225582
6198,de los datos,3,6.638354669333745
6199,de los días,3,6.638354669333745
6200,de los ecosistemas,3,6.638354669333745
6201,de los episodios,3,5.945207488773801
6202,de los estados,3,5.722063937459591
6203,de los estándares,3,5.945207488773801
6204,de los galpones,3,5.945207488773801
6205,de los gases,3,6.232889561225582
6206,de los grandes,3,6.232889561225582
6207,de los habitantes,3,6.232889561225582
6208,de los impactos,3,6.232889561225582
6209,de los límites,3,6.638354669333745
6210,de los meses,3,6.638354669333745
6211,de los municipios,3,6.638354669333745
6212,de los métodos,3,6.638354669333745
6213,de los niveles,3,5.385591700838378
6214,de los organismos,3,6.232889561225582
6215,de los peores,3,6.638354669333745
6216,de los planes,3,6.232889561225582
6217,de los planteles,3,6.232889561225582
6218,de los procesos,3,6.638354669333745
6219,de los programas,3,6.232889561225582
6220,de los protocolos,3,6.638354669333745
6221,de los proyectos,3,5.945207488773801
6222,de los resultados,3,6.638354669333745
6223,de los siguientes,3,6.232889561225582
6224,de los sistemas,3,6.232889561225582
6225,de los subsidios,3,6.638354669333745
6226,de los síntomas,3,6.638354669333745
6227,de los valores,3,6.638354669333745
6228,de los vehículos,3,6.232889561225582
6229,de madera,2,4.623451648791481
6230,de madera combustible,3,6.638354669333745
6231,de madera contenida,3,6.638354669333745
6232,de madera en,3,5.945207488773801
6233,de madera fabricado,3,6.638354669333745
6234,de madera pulverizada,3,6.638354669333745
6235,de madera que,3,5.945207488773801
6236,de madera según,3,6.638354669333745
6237,de madera y,3,5.722063937459591
6238,de mala,2,6.638354669333745
6239,de mala ventilación,3,6.638354669333745
6240,de manejo,2,6.232889561225582
6241,de manejo pabellón,3,6.638354669333745
6242,de manera,2,5.385591700838378
6243,de manera de,3,6.638354669333745
6244,de manera directa,3,6.638354669333745
6245,de manera exclusiva,3,6.638354669333745
6246,de manera indirecta,3,6.638354669333745
6247,de manera permanente,3,6.638354669333745
6248,de manera similar,3,6.638354669333745
6249,de mantenimiento,2,6.638354669333745
6250,de maquinaria,2,6.638354669333745
6251,de maquinaria fuera,3,6.638354669333745
6252,de masas,2,6.638354669333745
6253,de masas de,3,6.638354669333745
6254,de material,2,4.623451648791481
6255,de material particulado,3,4.692444520278432
6256,de material sobre,3,6.638354669333745
6257,de mayo,2,5.385591700838378
6258,de mayo al,3,5.722063937459591
6259,de mayo de,3,6.232889561225582
6260,de mayor,2,6.638354669333745
6261,de mayor aporte,3,6.638354669333745
6262,de medición,2,5.385591700838378
6263,de medición de,3,6.638354669333745
6264,de medición en,3,6.638354669333745
6265,de medición homologación,3,6.638354669333745
6266,de medición oficiales,3,6.638354669333745
6267,de medición remota,3,6.638354669333745
6268,de medición y,3,6.638354669333745
6269,de medidas,2,5.945207488773801
6270,de medidas aplicables,3,6.638354669333745
6271,de medidas con,3,6.638354669333745
6272,de medidas establecidas,3,6.638354669333745
6273,de medio,2,6.232889561225582
6274,de medio ambiente,3,6.232889561225582
6275,de mejorar,2,6.638354669333745
6276,de mejorar la,3,6.638354669333745
6277,de mes,2,6.638354669333745
6278,de mes desde,3,6.638354669333745
6279,de meses,2,5.385591700838378
6280,de meses de,3,6.638354669333745
6281,de meses desde,3,5.722063937459591
6282,de metas,2,6.638354669333745
6283,de metas de,3,6.638354669333745
6284,de metros,2,6.638354669333745
6285,de metros lo,3,6.638354669333745
6286,de mezcla,2,6.638354669333745
6287,de mezcla inhibe,3,6.638354669333745
6288,de minimización,2,6.638354669333745
6289,de minimización de,3,6.638354669333745
6290,de ministerio,2,6.638354669333745
6291,de ministerio del,3,6.638354669333745
6292,de ministros,2,6.638354669333745
6293,de ministros para,3,6.638354669333745
6294,de minsegpres,2,4.846595200105691
6295,de minsegpres donde,3,6.638354669333745
6296,de minsegpres en,3,6.638354669333745
6297,de minsegpres la,3,6.638354669333745
6298,de minsegpres logró,3,6.638354669333745
6299,de minsegpres se,3,6.638354669333745
6300,de minsegpres señala,3,6.638354669333745
6301,de minsegpres y,3,5.539742380665636
6302,de modo,2,6.638354669333745
6303,de modo que,3,6.638354669333745
6304,de monitoreo,2,5.539742380665636
6305,de monitoreo clasificada,3,6.638354669333745
6306,de monitoreo con,3,6.638354669333745
6307,de monitoreo continuo,3,6.232889561225582
6308,de monitoreo de,3,6.232889561225582
6309,de monóxido,2,6.232889561225582
6310,de monóxido de,3,6.232889561225582
6311,de mortalidad,2,6.232889561225582
6312,de mortalidad prematura,3,6.232889561225582
6313,de mp,2,5.722063937459591
6314,de mp nox,3,6.638354669333745
6315,de mp posee,3,6.638354669333745
6316,de mp que,3,6.638354669333745
6317,de mp10,2,5.2520603082138555
6318,de mp10 equivalente,3,5.945207488773801
6319,de mp10 y,3,5.722063937459591
6320,de mp2,2,5.134277272557472
6321,de mp2 corresponden,3,6.638354669333745
6322,de mp2 diaria,3,6.638354669333745
6323,de mp2 en,3,6.638354669333745
6324,de mp2 equivalente,3,5.945207488773801
6325,de mp2 producto,3,6.638354669333745
6326,de mp2 y,3,6.638354669333745
6327,de más,2,6.638354669333745
6328,de más del,3,6.638354669333745
6329,de nh,2,6.232889561225582
6330,de nh que,3,6.638354669333745
6331,de nh3,2,6.638354669333745
6332,de nh3 corresponden,3,6.638354669333745
6333,de nitrógeno,2,5.2520603082138555
6334,de nitrógeno a,3,6.232889561225582
6335,de nitrógeno compuestos,3,6.638354669333745
6336,de nitrógeno no,3,6.638354669333745
6337,de nitrógeno no2,3,6.638354669333745
6338,de nitrógeno nox,3,6.638354669333745
6339,de no,2,6.232889561225582
6340,de no aprobarse,3,6.638354669333745
6341,de no existir,3,6.638354669333745
6342,de no2,2,6.638354669333745
6343,de no2 y,3,6.638354669333745
6344,de normas,2,6.232889561225582
6345,de normas expuestas,3,6.638354669333745
6346,de normas y,3,6.638354669333745
6347,de normativa,2,6.638354669333745
6348,de normativa ambiental,3,6.638354669333745
6349,de norteamérica,2,6.638354669333745
6350,de norteamérica us,3,6.638354669333745
6351,de noviembre,2,6.232889561225582
6352,de noviembre de,3,6.232889561225582
6353,de nox,2,6.232889561225582
6354,de nox corresponden,3,6.638354669333745
6355,de nox y,3,6.638354669333745
6356,de nuestras,2,6.638354669333745
6357,de nuestras conductas,3,6.638354669333745
6358,de nuevos,2,6.232889561225582
6359,de nuevos potenciales,3,6.638354669333745
6360,de nuevos proyectos,3,6.638354669333745
6361,de obras,2,5.539742380665636
6362,de obras de,3,6.638354669333745
6363,de obras municipales,3,6.638354669333745
6364,de obras públicas,3,5.945207488773801
6365,de octubre,2,5.945207488773801
6366,de octubre de,3,5.945207488773801
6367,de operación,2,6.232889561225582
6368,de operación autorizadas,3,6.638354669333745
6369,de operación de,3,6.638354669333745
6370,de organizaciones,2,6.638354669333745
6371,de organizaciones de,3,6.638354669333745
6372,de origen,2,6.638354669333745
6373,de origen del,3,6.638354669333745
6374,de oxígeno,2,6.638354669333745
6375,de oxígeno concentración,3,6.638354669333745
6376,de ozono,2,5.945207488773801
6377,de ozono no,3,6.638354669333745
6378,de ozono para,3,6.638354669333745
6379,de ozono troposférico,3,6.638354669333745
6380,de paridad,2,6.638354669333745
6381,de paridad de,3,6.638354669333745
6382,de parrillas,2,6.638354669333745
6383,de parrillas hornos,3,6.638354669333745
6384,de partida,2,6.232889561225582
6385,de partida por,3,6.232889561225582
6386,de partículas,2,5.945207488773801
6387,de partículas cerrados,3,6.638354669333745
6388,de partículas en,3,6.232889561225582
6389,de parís,2,6.638354669333745
6390,de parís 2015,3,6.638354669333745
6391,de pasajeros,2,5.385591700838378
6392,de pasajeros a,3,6.638354669333745
6393,de pasajeros de,3,6.232889561225582
6394,de pasajeros incluyendo,3,6.638354669333745
6395,de pasajeros o,3,6.638354669333745
6396,de pasajeros que,3,6.638354669333745
6397,de paso,2,6.638354669333745
6398,de petróleo,2,6.232889561225582
6399,de petróleo de,3,6.638354669333745
6400,de petróleo para,3,6.638354669333745
6401,de pistas,2,6.638354669333745
6402,de pistas solo,3,6.638354669333745
6403,de planes,2,6.232889561225582
6404,de planes de,3,6.232889561225582
6405,de planificación,2,6.638354669333745
6406,de planificación de,3,6.638354669333745
6407,de planteles,2,6.638354669333745
6408,de planteles afectos,3,6.638354669333745
6409,de plomo,2,6.638354669333745
6410,de plomo y,3,6.638354669333745
6411,de polvo,2,6.638354669333745
6412,de porcinos,2,5.945207488773801
6413,de porcinos aquellos,3,6.638354669333745
6414,de porcinos plantel,3,6.638354669333745
6415,de porcinos que,3,6.638354669333745
6416,de potencia,2,5.134277272557472
6417,de potencia mayor,3,6.232889561225582
6418,de potencia menor,3,5.722063937459591
6419,de potencia neta,3,6.638354669333745
6420,de potencia térmica,3,6.638354669333745
6421,de potencias,2,6.638354669333745
6422,de potencias hasta,3,6.638354669333745
6423,de pre,2,6.638354669333745
6424,de pre factibilidad,3,6.638354669333745
6425,de precursores,2,6.638354669333745
6426,de precursores de,3,6.638354669333745
6427,de preemergencia,2,6.232889561225582
6428,de preemergencia o,3,6.638354669333745
6429,de preemergencia y,3,6.638354669333745
6430,de preemergencias,2,6.638354669333745
6431,de preemergencias que,3,6.638354669333745
6432,de presupuestos,2,6.638354669333745
6433,de prevención,2,4.4982885058374755
6434,de prevención y,3,4.4982885058374755
6435,de prevenir,2,6.638354669333745
6436,de prevenir incendios,3,6.638354669333745
6437,de procesos,2,6.232889561225582
6438,de procesos industriales,3,6.232889561225582
6439,de producción,2,5.945207488773801
6440,de producción asociado,3,6.638354669333745
6441,de producción sin,3,6.638354669333745
6442,de producción y,3,6.638354669333745
6443,de productos,2,6.638354669333745
6444,de productos y,3,6.638354669333745
6445,de programas,2,5.722063937459591
6446,de programas de,3,6.232889561225582
6447,de programas relativos,3,6.638354669333745
6448,de pronóstico,2,5.945207488773801
6449,de pronóstico de,3,6.232889561225582
6450,de pronóstico que,3,6.638354669333745
6451,de pronóstico respecto,3,6.638354669333745
6452,de protección,2,5.722063937459591
6453,de protección ambiental,3,5.945207488773801
6454,de proyectos,2,5.945207488773801
6455,de proyectos existentes,3,6.638354669333745
6456,de proyectos inmobiliarios,3,6.638354669333745
6457,de proyectos que,3,6.638354669333745
6458,de prueba,2,6.638354669333745
6459,de prueba en,3,6.638354669333745
6460,de publicado,2,6.638354669333745
6461,de publicado en,3,6.638354669333745
6462,de puente,2,6.232889561225582
6463,de puente alto,3,6.232889561225582
6464,de purín,2,6.638354669333745
6465,de purín o,3,6.638354669333745
6466,de que,2,6.638354669333745
6467,de que dichas,3,6.638354669333745
6468,de quemas,2,6.232889561225582
6469,de quemas agrícolas,3,6.232889561225582
6470,de quilicura,2,6.638354669333745
6471,de quilicura puente,3,6.638354669333745
6472,de quince,2,6.232889561225582
6473,de quince minutos,3,6.232889561225582
6474,de radiación,2,6.638354669333745
6475,de radiación solar,3,6.638354669333745
6476,de rastrojos,2,6.638354669333745
6477,de rastrojos y,3,6.638354669333745
6478,de reacciones,2,6.638354669333745
6479,de reacciones químicas,3,6.638354669333745
6480,de realizar,2,6.638354669333745
6481,de realizar quemas,3,6.638354669333745
6482,de recreación,2,6.638354669333745
6483,de recuperación,2,6.232889561225582
6484,de recuperación de,3,6.232889561225582
6485,de recursos,2,5.945207488773801
6486,de recursos en,3,6.638354669333745
6487,de recursos para,3,6.232889561225582
6488,de reducción,2,4.3357695763397
6489,de reducción adicional,3,6.638354669333745
6490,de reducción de,3,4.558913127653909
6491,de reducción del,3,6.638354669333745
6492,de reducción se,3,6.638354669333745
6493,de reducción y,3,6.638354669333745
6494,de reducir,2,6.232889561225582
6495,de reducir gradualmente,3,6.232889561225582
6496,de referencia,2,5.945207488773801
6497,de referencia contratos,3,6.638354669333745
6498,de referencia la,3,6.638354669333745
6499,de referencia y,3,6.638354669333745
6500,de reformulación,2,6.638354669333745
6501,de reformulación del,3,6.638354669333745
6502,de refrigeración,2,6.638354669333745
6503,de registro,2,6.638354669333745
6504,de registro de,3,6.638354669333745
6505,de regulaciones,2,6.638354669333745
6506,de regulaciones federales,3,6.638354669333745
6507,de regulación,2,6.638354669333745
6508,de regulación ambiental,3,6.638354669333745
6509,de remoción,2,6.232889561225582
6510,de remoción de,3,6.638354669333745
6511,de remoción del,3,6.638354669333745
6512,de remover,2,6.638354669333745
6513,de remover los,3,6.638354669333745
6514,de reparación,2,6.638354669333745
6515,de reparación o,3,6.638354669333745
6516,de reparto,2,6.638354669333745
6517,de reparto en,3,6.638354669333745
6518,de residuos,2,6.638354669333745
6519,de residuos en,3,6.638354669333745
6520,de restricción,2,5.539742380665636
6521,de restricción vehicular,3,5.722063937459591
6522,de restricción y,3,6.638354669333745
6523,de revisión,2,5.945207488773801
6524,de revisión reformulación,3,5.945207488773801
6525,de riesgo,2,6.638354669333745
6526,de riesgo de,3,6.638354669333745
6527,de ringelmann,2,6.638354669333745
6528,de ruta,2,5.385591700838378
6529,de ruta 49,3,6.638354669333745
6530,de ruta cualquier,3,6.638354669333745
6531,de ruta de,3,6.638354669333745
6532,de ruta deberá,3,6.232889561225582
6533,de ruta mfr,3,6.638354669333745
6534,de salamandras,2,6.638354669333745
6535,de salamandras braseros,3,6.638354669333745
6536,de salud,2,5.134277272557472
6537,de salud conforme,3,6.638354669333745
6538,de salud cuando,3,6.638354669333745
6539,de salud que,3,6.232889561225582
6540,de salud rm,3,5.945207488773801
6541,de san,2,6.232889561225582
6542,de san bernardo,3,6.232889561225582
6543,de santiago,2,2.865593731239107
6544,de santiago a,3,5.722063937459591
6545,de santiago además,3,6.638354669333745
6546,de santiago aprobada,3,6.638354669333745
6547,de santiago centro,3,6.638354669333745
6548,de santiago considerando,3,6.638354669333745
6549,de santiago coordinado,3,6.638354669333745
6550,de santiago cuyo,3,6.638354669333745
6551,de santiago de,3,6.638354669333745
6552,de santiago deberá,3,5.539742380665636
6553,de santiago deberán,3,5.539742380665636
6554,de santiago el,3,5.385591700838378
6555,de santiago en,3,5.945207488773801
6556,de santiago es,3,6.638354669333745
6557,de santiago establecidos,3,6.638354669333745
6558,de santiago fue,3,6.638354669333745
6559,de santiago generando,3,6.638354669333745
6560,de santiago gestionará,3,6.232889561225582
6561,de santiago indicados,3,6.638354669333745
6562,de santiago limita,3,6.638354669333745
6563,de santiago para,3,6.638354669333745
6564,de santiago podrá,3,6.638354669333745
6565,de santiago ppda,3,6.638354669333745
6566,de santiago que,3,5.722063937459591
6567,de santiago quemar,3,6.638354669333745
6568,de santiago reforzará,3,6.232889561225582
6569,de santiago se,3,5.539742380665636
6570,de santiago según,3,6.638354669333745
6571,de santiago serán,3,6.638354669333745
6572,de santiago tiene,3,6.232889561225582
6573,de santiago y,3,4.93360657709532
6574,de santiago ya,3,6.232889561225582
6575,de saturación,2,5.722063937459591
6576,de saturación para,3,6.638354669333745
6577,de saturación por,3,6.232889561225582
6578,de saturación y,3,6.638354669333745
6579,de seguimiento,2,6.638354669333745
6580,de seguimiento anual,3,6.638354669333745
6581,de seguridad,2,6.232889561225582
6582,de seguridad especificados,3,6.638354669333745
6583,de seguridad fitosanitaria,3,6.638354669333745
6584,de septiembre,2,5.722063937459591
6585,de septiembre de,3,5.945207488773801
6586,de septiembre del,3,6.638354669333745
6587,de ser,2,6.638354669333745
6588,de ser principalmente,3,6.638354669333745
6589,de servicio,2,6.638354669333745
6590,de servicio su,3,6.638354669333745
6591,de servicios,2,5.722063937459591
6592,de servicios de,3,5.722063937459591
6593,de so,2,5.945207488773801
6594,de so a,3,6.638354669333745
6595,de so para,3,6.638354669333745
6596,de so y,3,6.638354669333745
6597,de so2,2,6.232889561225582
6598,de so2 nox3,3,6.232889561225582
6599,de solicitar,2,6.638354669333745
6600,de solicitar el,3,6.638354669333745
6601,de solventes,2,6.638354669333745
6602,de solventes por,3,6.638354669333745
6603,de sox,2,6.638354669333745
6604,de sox corresponden,3,6.638354669333745
6605,de su,2,5.539742380665636
6606,de su campo,3,6.638354669333745
6607,de su implementación,3,6.232889561225582
6608,de su programa,3,6.638354669333745
6609,de su página,3,6.638354669333745
6610,de subsidios,2,6.232889561225582
6611,de subsidios en,3,6.638354669333745
6612,de subsidios especiales,3,6.638354669333745
6613,de sus,2,5.028916756899646
6614,de sus actualizaciones,3,6.638354669333745
6615,de sus competencias,3,6.232889561225582
6616,de sus emisiones,3,6.232889561225582
6617,de sus etapas,3,6.638354669333745
6618,de sus instrumentos,3,6.638354669333745
6619,de sus locales,3,6.638354669333745
6620,de sus modalidades,3,6.638354669333745
6621,de tal,2,6.232889561225582
6622,de tal forma,3,6.232889561225582
6623,de tamaño,2,6.638354669333745
6624,de tamaño superior,3,6.638354669333745
6625,de taxis,2,6.638354669333745
6626,de taxis en,3,6.638354669333745
6627,de techo,2,6.638354669333745
6628,de techo flotante,3,6.638354669333745
6629,de terceros,2,5.945207488773801
6630,de terceros la,3,6.638354669333745
6631,de terceros que,3,6.638354669333745
6632,de terminaciones,2,6.638354669333745
6633,de terminaciones y,3,6.638354669333745
6634,de terminado,2,5.945207488773801
6635,de terminado el,3,5.945207488773801
6636,de tierra,2,6.638354669333745
6637,de tierra en,3,6.638354669333745
6638,de toda,2,6.638354669333745
6639,de toda la,3,6.638354669333745
6640,de todas,2,6.638354669333745
6641,de todas las,3,6.638354669333745
6642,de todo,2,6.638354669333745
6643,de todo tipo,3,6.638354669333745
6644,de todos,2,6.232889561225582
6645,de todos los,3,6.232889561225582
6646,de trabajo,2,6.638354669333745
6647,de trabajo con,3,6.638354669333745
6648,de transantiago,2,6.638354669333745
6649,de transbordos,2,6.638354669333745
6650,de transbordos en,3,6.638354669333745
6651,de transferencia,2,6.232889561225582
6652,de transferencia de,3,6.232889561225582
6653,de transformación,2,6.638354669333745
6654,de transformación de,3,6.638354669333745
6655,de transporte,2,5.134277272557472
6656,de transporte 2025,3,6.638354669333745
6657,de transporte de,3,5.945207488773801
6658,de transporte producto,3,6.638354669333745
6659,de transporte público,3,5.945207488773801
6660,de transporte sectra,3,6.638354669333745
6661,de transportes,2,4.073405311872209
6662,de transportes del,3,6.638354669333745
6663,de transportes y,3,4.073405311872209
6664,de tratamiento,2,6.638354669333745
6665,de tratamiento de,3,6.638354669333745
6666,de tres,2,6.638354669333745
6667,de tres meses,3,6.638354669333745
6668,de troncos,2,6.638354669333745
6669,de troncos ramas,3,6.638354669333745
6670,de tránsito,2,6.232889561225582
6671,de tránsito podrá,3,6.638354669333745
6672,de tránsito que,3,6.638354669333745
6673,de un,2,4.196007633964541
6674,de un análisis,3,6.638354669333745
6675,de un cambio,3,6.638354669333745
6676,de un certificado,3,6.638354669333745
6677,de un combustible,3,6.638354669333745
6678,de un ducto,3,6.232889561225582
6679,de un estándar,3,6.638354669333745
6680,de un horno,3,6.638354669333745
6681,de un informe,3,6.638354669333745
6682,de un marco,3,6.638354669333745
6683,de un mes,3,6.638354669333745
6684,de un motor,3,6.638354669333745
6685,de un plan,3,6.638354669333745
6686,de un plazo,3,5.945207488773801
6687,de un proceso,3,6.638354669333745
6688,de un programa,3,5.945207488773801
6689,de un sistema,3,6.638354669333745
6690,de un vehículo,3,6.638354669333745
6691,de una,2,5.134277272557472
6692,de una declaración,3,6.638354669333745
6693,de una etiqueta,3,6.638354669333745
6694,de una futura,3,6.638354669333745
6695,de una ordenanza,3,6.232889561225582
6696,de una resolución,3,6.638354669333745
6697,de una zona,3,6.232889561225582
6698,de unidades,2,6.638354669333745
6699,de unidades de,3,6.638354669333745
6700,de urbanismo,2,6.232889561225582
6701,de urbanismo y,3,6.232889561225582
6702,de uso,2,4.93360657709532
6703,de uso aeronáutico,3,6.638354669333745
6704,de uso de,3,6.232889561225582
6705,de uso domiciliario,3,6.638354669333745
6706,de uso doméstico,3,6.638354669333745
6707,de uso residencial,3,5.722063937459591
6708,de utilización,2,6.638354669333745
6709,de utilización de,3,6.638354669333745
6710,de valparaíso,2,6.638354669333745
6711,de valparaíso y,3,6.638354669333745
6712,de vapor,2,6.232889561225582
6713,de vapor de,3,6.638354669333745
6714,de vapor que,3,6.638354669333745
6715,de vapores,2,5.385591700838378
6716,de vapores a,3,6.638354669333745
6717,de vapores desplazados,3,6.638354669333745
6718,de vapores indicadas,3,6.638354669333745
6719,de vapores siempre,3,6.638354669333745
6720,de vegetación,2,5.539742380665636
6721,de vegetación continuo,3,6.638354669333745
6722,de vegetación que,3,5.945207488773801
6723,de vegetación viva,3,6.638354669333745
6724,de vehículos,2,5.385591700838378
6725,de vehículos de,3,6.638354669333745
6726,de vehículos diésel,3,6.638354669333745
6727,de vehículos livianos,3,6.232889561225582
6728,de vehículos pesados,3,6.638354669333745
6729,de vehículos que,3,6.638354669333745
6730,de ventilación,2,6.232889561225582
6731,de ventilación de,3,6.638354669333745
6732,de vialidad,2,6.232889561225582
6733,de vialidad ciclo,3,6.638354669333745
6734,de vialidad y,3,6.638354669333745
6735,de vida,2,5.945207488773801
6736,de vida corta,3,6.638354669333745
6737,de vida de,3,6.638354669333745
6738,de vida útil,3,6.638354669333745
6739,de vientos,2,6.638354669333745
6740,de vientos en,3,6.638354669333745
6741,de vigencia,2,6.638354669333745
6742,de vigencia del,3,6.638354669333745
6743,de vista,2,6.638354669333745
6744,de vista social,3,6.638354669333745
6745,de vivienda,2,4.7665524924321545
6746,de vivienda y,3,4.7665524924321545
6747,de viviendas,2,5.722063937459591
6748,de viviendas de,3,6.638354669333745
6749,de viviendas indicados,3,6.638354669333745
6750,de viviendas que,3,6.638354669333745
6751,de viviendas sociales,3,6.638354669333745
6752,de vías,2,6.638354669333745
6753,de vías por,3,6.638354669333745
6754,de zona,2,5.945207488773801
6755,de zona latente,3,6.638354669333745
6756,de zona saturada,3,6.232889561225582
6757,de zona y,3,6.638354669333745
6758,de árboles,2,6.638354669333745
6759,de árboles o,3,6.638354669333745
6760,de áreas,2,5.945207488773801
6761,de áreas verdes,3,5.945207488773801
6762,de áreas y,3,6.638354669333745
6763,de éstos,2,6.232889561225582
6764,de éstos a,3,6.638354669333745
6765,de éstos el,3,6.638354669333745
6766,deba,1,6.638354669333745
6767,deba ser,2,6.638354669333745
6768,deba ser presentado,3,6.638354669333745
6769,debajo,1,6.638354669333745
6770,debajo de,2,6.638354669333745
6771,debajo de los,3,6.638354669333745
6772,deban,1,5.945207488773801
6773,deban cerrar,2,6.638354669333745
6774,deban cerrar por,3,6.638354669333745
6775,deban compensar,2,6.638354669333745
6776,deban compensar sus,3,6.638354669333745
6777,deban ingresar,2,6.638354669333745
6778,deban ingresar al,3,6.638354669333745
6779,deban someterse,2,6.638354669333745
6780,deban someterse al,3,6.638354669333745
6781,debe,1,5.2520603082138555
6782,debe deducirse,2,6.638354669333745
6783,debe deducirse de,3,6.638354669333745
6784,debe distinguirse,2,6.638354669333745
6785,debe distinguirse para,3,6.638354669333745
6786,debe ser,2,6.638354669333745
6787,debe ser aprobado,3,6.638354669333745
6788,debe usarse,2,5.722063937459591
6789,debe usarse el,3,5.722063937459591
6790,deben,1,5.945207488773801
6791,deben cumplirse,2,6.638354669333745
6792,deben cumplirse en,3,6.638354669333745
6793,deben focalizarse,2,6.638354669333745
6794,deben focalizarse en,3,6.638354669333745
6795,deben satisfacer,2,6.638354669333745
6796,deben satisfacer demandas,3,6.638354669333745
6797,deberá,1,3.502860453404596
6798,deberá analizar,2,5.945207488773801
6799,deberá analizar el,3,6.232889561225582
6800,deberá analizar si,3,6.638354669333745
6801,deberá aplicarse,2,6.638354669333745
6802,deberá aplicarse la,3,6.638354669333745
6803,deberá autorizar,2,6.638354669333745
6804,deberá autorizar la,3,6.638354669333745
6805,deberá compensar,2,6.232889561225582
6806,deberá compensar la,3,6.232889561225582
6807,deberá considerar,2,6.232889561225582
6808,deberá considerar como,3,6.638354669333745
6809,deberá considerar los,3,6.638354669333745
6810,deberá contar,2,6.638354669333745
6811,deberá contar con,3,6.638354669333745
6812,deberá contemplar,2,6.232889561225582
6813,deberá contemplar el,3,6.638354669333745
6814,deberá contemplar mecanismos,3,6.638354669333745
6815,deberá coordinar,2,6.232889561225582
6816,deberá coordinar con,3,6.638354669333745
6817,deberá coordinar y,3,6.638354669333745
6818,deberá cumplir,2,5.385591700838378
6819,deberá cumplir con,3,6.638354669333745
6820,deberá cumplir indistintamente,3,6.638354669333745
6821,deberá cumplir los,3,5.722063937459591
6822,deberá definir,2,5.945207488773801
6823,deberá definir las,3,6.232889561225582
6824,deberá definir un,3,6.638354669333745
6825,deberá desarrollar,2,6.638354669333745
6826,deberá desarrollar un,3,6.638354669333745
6827,deberá entregar,2,6.638354669333745
6828,deberá entregar en,3,6.638354669333745
6829,deberá establecer,2,6.232889561225582
6830,deberá establecer el,3,6.638354669333745
6831,deberá establecer los,3,6.638354669333745
6832,deberá formalizarse,2,6.638354669333745
6833,deberá formalizarse mediante,3,6.638354669333745
6834,deberá implementar,2,6.638354669333745
6835,deberá implementar medidas,3,6.638354669333745
6836,deberá implementarse,2,6.638354669333745
6837,deberá implementarse con,3,6.638354669333745
6838,deberá incorporar,2,6.638354669333745
6839,deberá incorporar dentro,3,6.638354669333745
6840,deberá individualizar,2,6.638354669333745
6841,deberá individualizar los,3,6.638354669333745
6842,deberá informar,2,6.638354669333745
6843,deberá informar dentro,3,6.638354669333745
6844,deberá intensificar,2,6.232889561225582
6845,deberá intensificar la,3,6.232889561225582
6846,deberá orientarse,2,6.638354669333745
6847,deberá orientarse a,3,6.638354669333745
6848,deberá presentar,2,6.638354669333745
6849,deberá presentar un,3,6.638354669333745
6850,deberá publicar,2,6.638354669333745
6851,deberá publicar una,3,6.638354669333745
6852,deberá quedar,2,6.638354669333745
6853,deberá quedar contenida,3,6.638354669333745
6854,deberá realizar,2,6.638354669333745
6855,deberá ser,2,5.539742380665636
6856,deberá ser acreditada,3,6.638354669333745
6857,deberá ser grado,3,6.232889561225582
6858,deberá ser informado,3,6.638354669333745
6859,deberá ser puesto,3,6.638354669333745
6860,deberán,1,3.2043674648485996
6861,deberán acreditar,2,5.722063937459591
6862,deberán acreditar por,3,6.638354669333745
6863,deberán acreditar que,3,6.638354669333745
6864,deberán acreditar sus,3,6.232889561225582
6865,deberán anualmente,2,6.638354669333745
6866,deberán anualmente determinar,3,6.638354669333745
6867,deberán certificarse,2,6.638354669333745
6868,deberán certificarse conforme,3,6.638354669333745
6869,deberán compensar,2,6.232889561225582
6870,deberán compensar la,3,6.638354669333745
6871,deberán compensar sus,3,6.638354669333745
6872,deberán contar,2,5.539742380665636
6873,deberán contar con,3,5.539742380665636
6874,deberán cumplir,2,4.692444520278432
6875,deberán cumplir con,3,5.2520603082138555
6876,deberán cumplir en,3,6.638354669333745
6877,deberán cumplir las,3,6.638354669333745
6878,deberán cumplir los,3,5.722063937459591
6879,deberán declarar,2,6.638354669333745
6880,deberán declarar anualmente,3,6.638354669333745
6881,deberán disponer,2,5.945207488773801
6882,deberán disponer de,3,6.232889561225582
6883,deberán disponer en,3,6.638354669333745
6884,deberán efectuar,2,6.638354669333745
6885,deberán efectuar las,3,6.638354669333745
6886,deberán entregar,2,6.638354669333745
6887,deberán entregar información,3,6.638354669333745
6888,deberán establecer,2,6.232889561225582
6889,deberán establecer a,3,6.638354669333745
6890,deberán establecer las,3,6.638354669333745
6891,deberán estar,2,6.232889561225582
6892,deberán estar en,3,6.638354669333745
6893,deberán estar equipados,3,6.638354669333745
6894,deberán implementar,2,5.945207488773801
6895,deberán implementar acciones,3,6.638354669333745
6896,deberán implementar cubiertas,3,6.638354669333745
6897,deberán implementar en,3,6.638354669333745
6898,deberán informar,2,5.945207488773801
6899,deberán informar a,3,6.638354669333745
6900,deberán informar al,3,6.638354669333745
6901,deberán informar en,3,6.638354669333745
6902,deberán observarse,2,6.638354669333745
6903,deberán observarse los,3,6.638354669333745
6904,deberán paralizar,2,6.232889561225582
6905,deberán paralizar aquellos,3,6.232889561225582
6906,deberán presentar,2,5.2520603082138555
6907,deberán presentar a,3,6.232889561225582
6908,deberán presentar ante,3,6.638354669333745
6909,deberán presentar la,3,6.638354669333745
6910,deberán presentar los,3,6.638354669333745
6911,deberán presentar trimestralmente,3,6.638354669333745
6912,deberán presentar un,3,6.638354669333745
6913,deberán realizar,2,5.539742380665636
6914,deberán realizar el,3,5.945207488773801
6915,deberán realizar en,3,6.638354669333745
6916,deberán realizar las,3,6.638354669333745
6917,deberán ser,2,6.638354669333745
6918,deberán ser informados,3,6.638354669333745
6919,deberán sumar,2,6.638354669333745
6920,deberán sumar estas,3,6.638354669333745
6921,deberán usar,2,6.638354669333745
6922,deberán usar filtros,3,6.638354669333745
6923,deberán utilizar,2,6.638354669333745
6924,deberán utilizar como,3,6.638354669333745
6925,debidamente,1,6.232889561225582
6926,debidamente a,2,6.638354669333745
6927,debidamente a la,3,6.638354669333745
6928,debidamente agregados,2,6.638354669333745
6929,debidamente agregados al,3,6.638354669333745
6930,debido,1,6.232889561225582
6931,debido a,2,6.232889561225582
6932,debido a combustión,3,6.638354669333745
6933,debido a la,3,6.638354669333745
6934,debiendo,1,5.722063937459591
6935,debiendo denunciarse,2,6.232889561225582
6936,debiendo denunciarse al,3,6.232889561225582
6937,debiendo informarse,2,6.638354669333745
6938,debiendo informarse de,3,6.638354669333745
6939,debiendo medirse,2,6.638354669333745
6940,debiendo medirse el,3,6.638354669333745
6941,debieran,1,6.638354669333745
6942,debieran satisfacerse,2,6.638354669333745
6943,debieran satisfacerse desde,3,6.638354669333745
6944,decenas,1,6.638354669333745
6945,decenas de,2,6.638354669333745
6946,decenas de metros,3,6.638354669333745
6947,decir,1,5.945207488773801
6948,decir en,2,6.638354669333745
6949,decir en la,3,6.638354669333745
6950,decir la,2,6.232889561225582
6951,decir la suma,3,6.232889561225582
6952,decisiones,1,6.638354669333745
6953,decisiones en,2,6.638354669333745
6954,decisiones en el,3,6.638354669333745
6955,decisivo,1,6.638354669333745
6956,decisivo en,2,6.638354669333745
6957,decisivo en la,3,6.638354669333745
6958,declara,1,6.638354669333745
6959,declara zona,2,6.638354669333745
6960,declara zona saturada,3,6.638354669333745
6961,declaración,1,5.385591700838378
6962,declaración con,2,6.638354669333745
6963,declaración con el,3,6.638354669333745
6964,declaración de,2,5.539742380665636
6965,declaración de episodio,3,6.638354669333745
6966,declaración de episodios,3,5.945207488773801
6967,declaración de estas,3,6.638354669333745
6968,declaración de zona,3,6.638354669333745
6969,declarada,1,4.7665524924321545
6970,declarada oficial,2,5.028916756899646
6971,declarada oficial por,3,5.028916756899646
6972,declarada por,2,6.638354669333745
6973,declarada por el,3,6.638354669333745
6974,declarada zona,2,6.232889561225582
6975,declarada zona saturada,3,6.232889561225582
6976,declarar,1,6.638354669333745
6977,declarar anualmente,2,6.638354669333745
6978,declarar anualmente mediante,3,6.638354669333745
6979,declarará,1,6.638354669333745
6980,declarará la,2,6.638354669333745
6981,declarará la condición,3,6.638354669333745
6982,declaró,1,5.722063937459591
6983,declaró saturada,2,6.638354669333745
6984,declaró saturada por,3,6.638354669333745
6985,declaró zona,2,5.945207488773801
6986,declaró zona saturada,3,5.945207488773801
6987,decretados,1,6.232889561225582
6988,decretados por,2,6.232889561225582
6989,decretados por mp10,3,6.638354669333745
6990,decretados por mp2,3,6.638354669333745
6991,decreto,1,2.7989023567404354
6992,decreto a,2,6.638354669333745
6993,decreto a los,3,6.638354669333745
6994,decreto aquellas,2,6.638354669333745
6995,decreto aquellas fuentes,3,6.638354669333745
6996,decreto considerando,2,6.638354669333745
6997,decreto considerando el,3,6.638354669333745
6998,decreto deberá,2,6.638354669333745
6999,decreto deberá definir,3,6.638354669333745
7000,decreto deberán,2,6.638354669333745
7001,decreto deberán contar,3,6.638354669333745
7002,decreto el,2,4.4982885058374755
7003,decreto el gobierno,3,6.638354669333745
7004,decreto el ministerio,3,4.692444520278432
7005,decreto el sag,3,6.638354669333745
7006,decreto el valor,3,6.638354669333745
7007,decreto en,2,5.722063937459591
7008,decreto en el,3,6.638354669333745
7009,decreto en la,3,5.945207488773801
7010,decreto especialmente,2,5.945207488773801
7011,decreto especialmente en,3,5.945207488773801
7012,decreto exento,2,5.134277272557472
7013,decreto exento 174,3,6.638354669333745
7014,decreto exento 361,3,6.232889561225582
7015,decreto exento 373,3,5.722063937459591
7016,decreto exento 606,3,6.638354669333745
7017,decreto la,2,5.945207488773801
7018,decreto la seremi,3,6.232889561225582
7019,decreto la superintendencia,3,6.638354669333745
7020,decreto los,2,6.232889561225582
7021,decreto los límites,3,6.638354669333745
7022,decreto los titulares,3,6.638354669333745
7023,decreto mediante,2,6.638354669333745
7024,decreto mediante los,3,6.638354669333745
7025,decreto o,2,6.232889561225582
7026,decreto o a,3,6.638354669333745
7027,decreto o dentro,3,6.638354669333745
7028,decreto presenten,2,6.638354669333745
7029,decreto presenten alguna,3,6.638354669333745
7030,decreto promoverán,2,6.638354669333745
7031,decreto promoverán el,3,6.638354669333745
7032,decreto que,2,6.638354669333745
7033,decreto que pueden,3,6.638354669333745
7034,decreto quedará,2,6.638354669333745
7035,decreto quedará sin,3,6.638354669333745
7036,decreto se,2,5.134277272557472
7037,decreto se continuarán,3,6.638354669333745
7038,decreto se definen,3,6.638354669333745
7039,decreto se mantendrán,3,6.638354669333745
7040,decreto se prohíbe,3,5.722063937459591
7041,decreto se realizará,3,6.638354669333745
7042,decreto seguirán,2,5.945207488773801
7043,decreto seguirán rigiendo,3,5.945207488773801
7044,decreto será,2,6.638354669333745
7045,decreto será efectuada,3,6.638354669333745
7046,decreto solo,2,6.638354669333745
7047,decreto solo se,3,6.638354669333745
7048,decreto sujeto,2,6.638354669333745
7049,decreto sujeto a,3,6.638354669333745
7050,decreto supremo,2,5.539742380665636
7051,decreto supremo 12,3,6.638354669333745
7052,decreto supremo 59,3,6.638354669333745
7053,decreto supremo 66,3,6.232889561225582
7054,decreto supremo nº,3,6.638354669333745
7055,decreto toda,2,6.638354669333745
7056,decreto toda la,3,6.638354669333745
7057,decreto un,2,5.722063937459591
7058,decreto un catastro,3,6.638354669333745
7059,decreto un plan,3,6.638354669333745
7060,decreto un plazo,3,6.638354669333745
7061,decreto un programa,3,6.638354669333745
7062,decreto y,2,6.232889561225582
7063,decreto y demás,3,6.638354669333745
7064,decreto y en,3,6.638354669333745
7065,deducirse,1,6.638354669333745
7066,deducirse de,2,6.638354669333745
7067,deducirse de la,3,6.638354669333745
7068,deficitarias,1,6.232889561225582
7069,deficitarias aquellas,2,6.638354669333745
7070,deficitarias aquellas comunas,3,6.638354669333745
7071,deficitarias en,2,6.638354669333745
7072,deficitarias en este,3,6.638354669333745
7073,defina,1,6.638354669333745
7074,defina el,2,6.638354669333745
7075,defina el ministerio,3,6.638354669333745
7076,definen,1,6.232889561225582
7077,definen acciones,2,6.638354669333745
7078,definen acciones programáticas,3,6.638354669333745
7079,definen situaciones,2,6.638354669333745
7080,definen situaciones de,3,6.638354669333745
7081,definiciones,1,6.638354669333745
7082,definiciones señaladas,2,6.638354669333745
7083,definiciones señaladas en,3,6.638354669333745
7084,definida,1,6.638354669333745
7085,definida en,2,6.638354669333745
7086,definida en el,3,6.638354669333745
7087,definidas,1,6.638354669333745
7088,definidas como,2,6.638354669333745
7089,definidas como tales,3,6.638354669333745
7090,definido,1,6.638354669333745
7091,definido por,2,6.638354669333745
7092,definido por la,3,6.638354669333745
7093,definidos,1,5.722063937459591
7094,definidos por,2,5.722063937459591
7095,definidos por la,3,5.722063937459591
7096,definir,1,5.539742380665636
7097,definir estándares,2,6.638354669333745
7098,definir estándares de,3,6.638354669333745
7099,definir las,2,5.945207488773801
7100,definir las fechas,3,6.232889561225582
7101,definir las medidas,3,6.638354669333745
7102,definir un,2,6.638354669333745
7103,definir un programa,3,6.638354669333745
7104,definirá,1,6.232889561225582
7105,definirá actividades,2,6.638354669333745
7106,definirá actividades en,3,6.638354669333745
7107,definirá la,2,6.638354669333745
7108,definirá la superintendencia,3,6.638354669333745
7109,definitiva,1,6.638354669333745
7110,definitiva por,2,6.638354669333745
7111,definitiva por la,3,6.638354669333745
7112,definitivo,1,5.945207488773801
7113,definitivo deba,2,6.638354669333745
7114,definitivo deba ser,3,6.638354669333745
7115,definitivo del,2,6.638354669333745
7116,definitivo del ppda,3,6.638354669333745
7117,definitivo se,2,6.638354669333745
7118,definitivo se hizo,3,6.638354669333745
7119,dejar,1,6.638354669333745
7120,dejar sin,2,6.638354669333745
7121,dejar sin efecto,3,6.638354669333745
7122,del,1,1.6616209269131714
7123,del 13,2,6.638354669333745
7124,del 13 de,3,6.638354669333745
7125,del 1º,2,6.638354669333745
7126,del 1º de,3,6.638354669333745
7127,del 2000,2,6.638354669333745
7128,del 2000 del,3,6.638354669333745
7129,del 2009,2,6.638354669333745
7130,del 2009 minsegpres,3,6.638354669333745
7131,del 2013,2,6.638354669333745
7132,del 2013 del,3,6.638354669333745
7133,del 2020,2,6.232889561225582
7134,del 2020 la,3,6.638354669333745
7135,del 2020 para,3,6.638354669333745
7136,del 2022,2,6.638354669333745
7137,del 2022 la,3,6.638354669333745
7138,del 30,2,6.638354669333745
7139,del 30 de,3,6.638354669333745
7140,del 31,2,6.638354669333745
7141,del 31 de,3,6.638354669333745
7142,del 47,2,6.232889561225582
7143,del 47 de,3,6.232889561225582
7144,del 50,2,6.638354669333745
7145,del 50 del,3,6.638354669333745
7146,del 80,2,6.638354669333745
7147,del 80 producido,3,6.638354669333745
7148,del actual,2,6.638354669333745
7149,del actual sistema,3,6.638354669333745
7150,del agies,2,6.232889561225582
7151,del agies arrojó,3,6.638354669333745
7152,del agies bajo,3,6.638354669333745
7153,del aire,2,3.9992973397184874
7154,del aire 2013,3,6.232889561225582
7155,del aire al,3,6.638354669333745
7156,del aire con,3,6.638354669333745
7157,del aire de,3,6.638354669333745
7158,del aire del,3,6.638354669333745
7159,del aire durante,3,6.638354669333745
7160,del aire en,3,5.539742380665636
7161,del aire existe,3,6.638354669333745
7162,del aire para,3,5.945207488773801
7163,del aire que,3,6.638354669333745
7164,del aire red,3,6.638354669333745
7165,del aire se,3,6.638354669333745
7166,del aire sobre,3,6.638354669333745
7167,del aire y,3,5.722063937459591
7168,del anillo,2,6.232889561225582
7169,del anillo américo,3,6.232889561225582
7170,del anteproyecto,2,6.232889561225582
7171,del anteproyecto se,3,6.638354669333745
7172,del análisis,2,6.638354669333745
7173,del análisis se,3,6.638354669333745
7174,del artículo,2,6.232889561225582
7175,del artículo 61,3,6.638354669333745
7176,del artículo anterior,3,6.638354669333745
7177,del asma,2,6.638354669333745
7178,del asma aumento,3,6.638354669333745
7179,del azufre,2,6.638354669333745
7180,del azufre a,3,6.638354669333745
7181,del año,2,5.385591700838378
7182,del año 2006,3,6.638354669333745
7183,del año 2020,3,6.232889561225582
7184,del año anterior,3,6.638354669333745
7185,del año mientras,3,6.638354669333745
7186,del año sólo,3,6.638354669333745
7187,del black,2,6.638354669333745
7188,del black carbon,3,6.638354669333745
7189,del calor,2,6.638354669333745
7190,del cliente,2,6.638354669333745
7191,del cliente el,3,6.638354669333745
7192,del combustible,2,6.638354669333745
7193,del combustible como,3,6.638354669333745
7194,del combustible utilizado,3,6.638354669333745
7195,del concurso,2,6.638354669333745
7196,del concurso un,3,6.638354669333745
7197,del conjunto,2,6.638354669333745
7198,del conjunto del,3,6.638354669333745
7199,del consejo,2,6.638354669333745
7200,del consejo regional,3,6.638354669333745
7201,del contaminante,2,6.232889561225582
7202,del contaminante más,3,6.232889561225582
7203,del contenido,2,6.638354669333745
7204,del contenido de,3,6.638354669333745
7205,del control,2,6.638354669333745
7206,del control del,3,6.638354669333745
7207,del cual,2,6.638354669333745
7208,del cual se,3,6.638354669333745
7209,del cumplimiento,2,5.722063937459591
7210,del cumplimiento de,3,5.945207488773801
7211,del cumplimiento del,3,6.638354669333745
7212,del código,2,6.638354669333745
7213,del código de,3,6.638354669333745
7214,del de,2,6.638354669333745
7215,del de enero,3,6.638354669333745
7216,del decreto,2,6.232889561225582
7217,del decreto supremo,3,6.232889561225582
7218,del desarrollo,2,6.638354669333745
7219,del desarrollo de,3,6.638354669333745
7220,del ds,2,5.2520603082138555
7221,del ds 31,3,6.638354669333745
7222,del ds 66,3,5.722063937459591
7223,del ds nº,3,6.232889561225582
7224,del equipo,2,6.232889561225582
7225,del equipo informada,3,6.638354669333745
7226,del estado,2,5.945207488773801
7227,del estado competentes,3,6.638354669333745
7228,del estado de,3,6.638354669333745
7229,del estado y,3,6.638354669333745
7230,del estudio,2,6.638354669333745
7231,del estudio estén,3,6.638354669333745
7232,del estudio para,3,6.638354669333745
7233,del estándar,2,6.638354669333745
7234,del estándar superior,3,6.638354669333745
7235,del fabricante,2,6.638354669333745
7236,del fabricante que,3,6.638354669333745
7237,del fuego,2,6.232889561225582
7238,del fuego para,3,6.638354669333745
7239,del fuego que,3,6.638354669333745
7240,del galpón,2,5.945207488773801
7241,del galpón y,3,5.945207488773801
7242,del gas,2,6.638354669333745
7243,del gas natural,3,6.638354669333745
7244,del gran,2,6.638354669333745
7245,del gran santiago14,3,6.638354669333745
7246,del grupo,2,6.232889561225582
7247,del grupo electrógeno,3,6.232889561225582
7248,del guano,2,5.2520603082138555
7249,del guano de,3,6.638354669333745
7250,del guano del,3,5.945207488773801
7251,del guano que,3,5.945207488773801
7252,del hogar,2,6.638354669333745
7253,del hogar las,3,6.638354669333745
7254,del impacto,2,6.638354669333745
7255,del impacto económico,3,6.638354669333745
7256,del intendente,2,6.638354669333745
7257,del intendente la,3,6.638354669333745
7258,del interior,2,5.945207488773801
7259,del interior de,3,5.945207488773801
7260,del libertador,2,6.638354669333745
7261,del libertador general,3,6.638354669333745
7262,del límite,2,6.638354669333745
7263,del límite de,3,6.638354669333745
7264,del material,2,5.385591700838378
7265,del material particulado,3,5.385591700838378
7266,del medio,2,2.842865480161551
7267,del medio ambiente,3,2.842865480161551
7268,del mercado,2,6.638354669333745
7269,del mercado automotriz,3,6.638354669333745
7270,del ministerio,2,3.399676217169365
7271,del ministerio de,3,3.9992973397184874
7272,del ministerio del,3,4.3357695763397
7273,del ministerio secretaría,3,5.539742380665636
7274,del minsegpres,2,5.722063937459591
7275,del minsegpres que,3,6.232889561225582
7276,del minsegpres se,3,6.638354669333745
7277,del mismo,2,5.722063937459591
7278,del mismo en,3,6.638354669333745
7279,del mismo ministerio,3,6.232889561225582
7280,del monitoreo,2,6.638354669333745
7281,del monitoreo continuo,3,6.638354669333745
7282,del motor,2,5.722063937459591
7283,del motor de,3,6.638354669333745
7284,del motor mayor,3,6.638354669333745
7285,del motor sea,3,6.638354669333745
7286,del motor superior,3,6.638354669333745
7287,del mp10,2,6.638354669333745
7288,del mp10 considerando,3,6.638354669333745
7289,del mp2,2,5.945207488773801
7290,del mp2 arrojó,3,6.638354669333745
7291,del mp2 considerando,3,6.638354669333745
7292,del mp2 lo,3,6.638354669333745
7293,del nuevo,2,6.638354669333745
7294,del nuevo proyecto,3,6.638354669333745
7295,del nº,2,6.638354669333745
7296,del nº 18,3,6.638354669333745
7297,del número,2,5.945207488773801
7298,del número de,3,5.945207488773801
7299,del pabellón,2,6.638354669333745
7300,del pabellón como,3,6.638354669333745
7301,del parque,2,6.638354669333745
7302,del parque de,3,6.638354669333745
7303,del país,2,5.722063937459591
7304,del país con,3,6.638354669333745
7305,del país cuyo,3,6.638354669333745
7306,del país y,3,6.232889561225582
7307,del periodo,2,6.638354669333745
7308,del periodo del,3,6.638354669333745
7309,del permanente,2,6.638354669333745
7310,del permanente cumplimiento,3,6.638354669333745
7311,del perímetro,2,5.945207488773801
7312,del perímetro del,3,5.945207488773801
7313,del período,2,6.638354669333745
7314,del período de,3,6.638354669333745
7315,del petróleo,2,6.232889561225582
7316,del petróleo de,3,6.638354669333745
7317,del petróleo diésel,3,6.638354669333745
7318,del plan,2,4.11262602502549
7319,del plan corresponden,3,6.638354669333745
7320,del plan de,3,5.2520603082138555
7321,del plan en,3,6.638354669333745
7322,del plan es,3,6.638354669333745
7323,del plan los,3,6.638354669333745
7324,del plan maestro,3,6.638354669333745
7325,del plan operacional,3,5.722063937459591
7326,del plan para,3,6.638354669333745
7327,del plan se,3,6.638354669333745
7328,del plan y,3,6.638354669333745
7329,del plantel,2,5.539742380665636
7330,del plantel en,3,6.232889561225582
7331,del plazo,2,5.722063937459591
7332,del plazo de,3,5.945207488773801
7333,del plazo indicado,3,6.638354669333745
7334,del ppda,2,5.2520603082138555
7335,del ppda de,3,6.638354669333745
7336,del ppda mediante,3,6.638354669333745
7337,del ppda son,3,6.638354669333745
7338,del ppda tiene,3,6.638354669333745
7339,del ppda y,3,6.638354669333745
7340,del predio,2,6.638354669333745
7341,del predio o,3,6.638354669333745
7342,del presente,2,2.8888505934033746
7343,del presente artículo,3,6.232889561225582
7344,del presente decreto,3,3.068821972852376
7345,del presente plan,3,4.7665524924321545
7346,del primer,2,6.638354669333745
7347,del primer contaminante,3,6.638354669333745
7348,del proceso,2,5.945207488773801
7349,del proceso a,3,6.638354669333745
7350,del proceso de,3,6.638354669333745
7351,del proceso y,3,6.638354669333745
7352,del programa,2,5.539742380665636
7353,del programa de,3,5.539742380665636
7354,del pronóstico,2,6.232889561225582
7355,del pronóstico de,3,6.638354669333745
7356,del pronóstico que,3,6.638354669333745
7357,del propietario,2,6.638354669333745
7358,del propietario modelo,3,6.638354669333745
7359,del proyecto,2,5.945207488773801
7360,del proyecto exceptuando,3,6.638354669333745
7361,del proyecto o,3,6.232889561225582
7362,del purín,2,6.638354669333745
7363,del purín según,3,6.638354669333745
7364,del respectivo,2,6.638354669333745
7365,del respectivo programa,3,6.638354669333745
7366,del rubro,2,6.638354669333745
7367,del rubro y,3,6.638354669333745
7368,del río,2,6.638354669333745
7369,del río maipo,3,6.638354669333745
7370,del sector,2,6.232889561225582
7371,del sector industrial,3,6.638354669333745
7372,del sector transporte,3,6.638354669333745
7373,del siguiente,2,6.638354669333745
7374,del siguiente tenor,3,6.638354669333745
7375,del sistema,2,5.539742380665636
7376,del sistema de,3,5.539742380665636
7377,del texto,2,6.638354669333745
7378,del texto del,3,6.638354669333745
7379,del tipo,2,6.638354669333745
7380,del tipo destete,3,6.638354669333745
7381,del total,2,6.638354669333745
7382,del total de,3,6.638354669333745
7383,del transporte,2,5.945207488773801
7384,del transporte el,3,6.638354669333745
7385,del transporte público,3,6.638354669333745
7386,del transporte u,3,6.638354669333745
7387,del tubo,2,6.638354669333745
7388,del tubo de,3,6.638354669333745
7389,del uso,2,6.638354669333745
7390,del uso de,3,6.638354669333745
7391,del árbol,2,6.638354669333745
7392,del árbol y,3,6.638354669333745
7393,demanda,1,5.945207488773801
7394,demanda nacional,2,6.638354669333745
7395,demanda nacional o,3,6.638354669333745
7396,demanda térmica,2,6.232889561225582
7397,demanda térmica en,3,6.638354669333745
7398,demanda térmica según,3,6.638354669333745
7399,demandas,1,6.638354669333745
7400,demandas reales,2,6.638354669333745
7401,demandas reales de,3,6.638354669333745
7402,demostrar,1,6.232889561225582
7403,demostrar que,2,6.232889561225582
7404,demostrar que el,3,6.232889561225582
7405,demuestra,1,6.638354669333745
7406,demuestra los,2,6.638354669333745
7407,demuestra los efectos,3,6.638354669333745
7408,demuestre,1,6.638354669333745
7409,demuestre que,2,6.638354669333745
7410,demuestre que presenta,3,6.638354669333745
7411,demás,1,6.232889561225582
7412,demás instituciones,2,6.638354669333745
7413,demás instituciones con,3,6.638354669333745
7414,demás normativa,2,6.638354669333745
7415,demás normativa aplicable,3,6.638354669333745
7416,denominará,1,6.638354669333745
7417,denominará como,2,6.638354669333745
7418,denominará como la,3,6.638354669333745
7419,densidad,1,6.638354669333745
7420,densidad colorimétrica,2,6.638354669333745
7421,densidad colorimétrica superior,3,6.638354669333745
7422,densificada,1,6.638354669333745
7423,densificada de,2,6.638354669333745
7424,densificada de tamaño,3,6.638354669333745
7425,dentro,1,4.073405311872209
7426,dentro de,2,4.4982885058374755
7427,dentro de cada,3,6.638354669333745
7428,dentro de este,3,6.638354669333745
7429,dentro de la,3,5.945207488773801
7430,dentro de las,3,6.638354669333745
7431,dentro de los,3,5.2520603082138555
7432,dentro de su,3,6.638354669333745
7433,dentro de un,3,6.232889561225582
7434,dentro del,2,5.028916756899646
7435,dentro del hogar,3,6.638354669333745
7436,dentro del perímetro,3,5.945207488773801
7437,dentro del plazo,3,5.722063937459591
7438,dentro del predio,3,6.638354669333745
7439,denunciarse,1,6.232889561225582
7440,denunciarse al,2,6.232889561225582
7441,denunciarse al juzgado,3,6.232889561225582
7442,dependa,1,6.638354669333745
7443,dependa exclusivamente,2,6.638354669333745
7444,dependa exclusivamente del,3,6.638354669333745
7445,dependencias,1,6.638354669333745
7446,dependencias de,2,6.638354669333745
7447,dependencias de los,3,6.638354669333745
7448,deportivas,1,6.232889561225582
7449,derivadas,1,6.638354669333745
7450,derivadas según,2,6.638354669333745
7451,derivadas según lo,3,6.638354669333745
7452,derivados,1,4.4982885058374755
7453,derivados de,2,4.558913127653909
7454,derivados de carbono,3,6.638354669333745
7455,derivados de la,3,4.623451648791481
7456,derivados del,2,6.638354669333745
7457,derivados del petróleo,3,6.638354669333745
7458,deróguense,1,6.638354669333745
7459,deróguense las,2,6.638354669333745
7460,deróguense las disposiciones,3,6.638354669333745
7461,deróguese,1,6.232889561225582
7462,deróguese el,2,6.232889561225582
7463,deróguese el ds,3,6.232889561225582
7464,desafíos,1,6.638354669333745
7465,desarrollado,1,6.638354669333745
7466,desarrollado por,2,6.638354669333745
7467,desarrollado por la,3,6.638354669333745
7468,desarrollar,1,6.232889561225582
7469,desarrollar organismos,2,6.638354669333745
7470,desarrollar organismos de,3,6.638354669333745
7471,desarrollar un,2,6.638354669333745
7472,desarrollar un estudio,3,6.638354669333745
7473,desarrollará,1,5.722063937459591
7474,desarrollará en,2,6.232889561225582
7475,desarrollará en un,3,6.232889561225582
7476,desarrollará sobre,2,6.638354669333745
7477,desarrollará sobre la,3,6.638354669333745
7478,desarrollará un,2,6.638354669333745
7479,desarrollará un programa,3,6.638354669333745
7480,desarrolle,1,6.638354669333745
7481,desarrolle la,2,6.638354669333745
7482,desarrolle la actividad,3,6.638354669333745
7483,desarrollo,1,5.134277272557472
7484,desarrollo de,2,5.385591700838378
7485,desarrollo de aterosclerosis,3,6.638354669333745
7486,desarrollo de chile,3,6.638354669333745
7487,desarrollo de esta,3,6.638354669333745
7488,desarrollo de instrumentos,3,6.638354669333745
7489,desarrollo de la,3,6.638354669333745
7490,desarrollo de las,3,6.638354669333745
7491,desarrollo e,2,6.638354669333745
7492,desarrollo e implementación,3,6.638354669333745
7493,desarrollo intermodal,2,6.638354669333745
7494,desarrollo intermodal para,3,6.638354669333745
7495,descarga,1,6.638354669333745
7496,descarga salvo,2,6.638354669333745
7497,descarga salvo autorización,3,6.638354669333745
7498,descargan,1,6.638354669333745
7499,descargan a,2,6.638354669333745
7500,descargan a través,3,6.638354669333745
7501,descontaminación,1,4.035664983889362
7502,descontaminación atmosférica,2,4.240459396535375
7503,descontaminación atmosférica de,3,6.232889561225582
7504,descontaminación atmosférica dirigido,3,6.638354669333745
7505,descontaminación atmosférica el,3,6.638354669333745
7506,descontaminación atmosférica en,3,6.638354669333745
7507,descontaminación atmosférica para,3,5.134277272557472
7508,descontaminación atmosférica por,3,5.722063937459591
7509,descontaminación atmosférica que,3,6.638354669333745
7510,descontaminación atmosférica se,3,6.638354669333745
7511,descontaminación de,2,6.638354669333745
7512,descontaminación de la,3,6.638354669333745
7513,descontaminación del,2,6.638354669333745
7514,descontaminación del aire,3,6.638354669333745
7515,descontaminación en,2,6.638354669333745
7516,descontaminación en el,3,6.638354669333745
7517,descontaminación es,2,6.638354669333745
7518,descontaminación es un,3,6.638354669333745
7519,descontaminación exige,2,6.638354669333745
7520,descontaminación exige la,3,6.638354669333745
7521,descontaminación para,2,6.638354669333745
7522,descontaminación para la,3,6.638354669333745
7523,descontaminación tiene,2,6.638354669333745
7524,descontaminación tiene efectos,3,6.638354669333745
7525,describen,1,6.232889561225582
7526,describen a,2,6.232889561225582
7527,describen a continuación,3,6.232889561225582
7528,descrita,1,6.232889561225582
7529,descrita en,2,6.232889561225582
7530,descrita en la,3,6.638354669333745
7531,descrita en las,3,6.638354669333745
7532,descritas,1,6.232889561225582
7533,descritas en,2,6.232889561225582
7534,descritas en el,3,6.232889561225582
7535,descrito,1,6.638354669333745
7536,descrito en,2,6.638354669333745
7537,descrito en el,3,6.638354669333745
7538,descuento,1,6.638354669333745
7539,descuento horizonte,2,6.638354669333745
7540,descuento horizonte de,3,6.638354669333745
7541,desde,1,3.399676217169365
7542,desde 1997,2,6.638354669333745
7543,desde 1997 y,3,6.638354669333745
7544,desde cada,2,6.638354669333745
7545,desde cada galpón,3,6.638354669333745
7546,desde camiones,2,6.638354669333745
7547,desde camiones tanques,3,6.638354669333745
7548,desde de,2,6.638354669333745
7549,desde de la,3,6.638354669333745
7550,desde el,2,5.2520603082138555
7551,desde el año,3,5.945207488773801
7552,desde el de,3,5.945207488773801
7553,desde el punto,3,6.638354669333745
7554,desde la,2,3.693915690167305
7555,desde la cuenca,3,6.232889561225582
7556,desde la entrada,3,3.8051413252775297
7557,desde la publicación,3,5.945207488773801
7558,desde otras,2,6.638354669333745
7559,desde otras fuentes,3,6.638354669333745
7560,desde su,2,6.638354669333745
7561,desde su presentación,3,6.638354669333745
7562,desde una,2,6.638354669333745
7563,desde una combinación,3,6.638354669333745
7564,desfavorable,1,6.638354669333745
7565,desplacen,1,6.638354669333745
7566,desplacen sobre,2,6.638354669333745
7567,desplacen sobre rieles,3,6.638354669333745
7568,desplazados,1,6.638354669333745
7569,desplazados durante,2,6.638354669333745
7570,desplazados durante las,3,6.638354669333745
7571,desplazamiento,1,5.539742380665636
7572,desplazamiento idealmente,2,5.945207488773801
7573,desplazamiento idealmente realizándolas,3,5.945207488773801
7574,desplazamiento volumétrico,2,6.638354669333745
7575,desplazamiento volumétrico por,3,6.638354669333745
7576,desplazarse,1,6.638354669333745
7577,desplazarse sobre,2,6.638354669333745
7578,desplazarse sobre el,3,6.638354669333745
7579,después,1,5.2520603082138555
7580,después de,2,5.385591700838378
7581,después de la,3,6.232889561225582
7582,después de terminado,3,5.945207488773801
7583,después de tres,3,6.638354669333745
7584,después del,2,6.638354669333745
7585,después del 31,3,6.638354669333745
7586,destacan,1,6.638354669333745
7587,destacan la,2,6.638354669333745
7588,destacan la creciente,3,6.638354669333745
7589,destacar,1,6.638354669333745
7590,destacar los,2,6.638354669333745
7591,destacar los casos,3,6.638354669333745
7592,destete,1,6.638354669333745
7593,destete venta,2,6.638354669333745
7594,destete venta deberá,3,6.638354669333745
7595,destinada,1,6.638354669333745
7596,destinada a,2,6.638354669333745
7597,destinada a la,3,6.638354669333745
7598,destinadas,1,6.638354669333745
7599,destinadas a,2,6.638354669333745
7600,destinadas a otro,3,6.638354669333745
7601,destinado,1,6.232889561225582
7602,destinado para,2,6.232889561225582
7603,destinado para la,3,6.232889561225582
7604,destinados,1,5.539742380665636
7605,destinados a,2,5.722063937459591
7606,destinados a la,3,5.722063937459591
7607,destinados al,2,6.638354669333745
7608,destinados al transporte,3,6.638354669333745
7609,destinados para,2,6.638354669333745
7610,destinados para su,3,6.638354669333745
7611,detalle,1,6.638354669333745
7612,detalle de,2,6.638354669333745
7613,detalle de las,3,6.638354669333745
7614,detectar,1,6.638354669333745
7615,detectar vehículos,2,6.638354669333745
7616,detectar vehículos cuyo,3,6.638354669333745
7617,detenido,1,6.638354669333745
7618,detenido por,2,6.638354669333745
7619,detenido por un,3,6.638354669333745
7620,deteriorados,1,6.638354669333745
7621,deteriorados o,2,6.638354669333745
7622,deteriorados o con,3,6.638354669333745
7623,determinación,1,6.638354669333745
7624,determinación indicada,2,6.638354669333745
7625,determinación indicada en,3,6.638354669333745
7626,determinado,1,6.638354669333745
7627,determinado y,2,6.638354669333745
7628,determinado y autorizando,3,6.638354669333745
7629,determinar,1,5.539742380665636
7630,determinar el,2,6.232889561225582
7631,determinar el aporte,3,6.638354669333745
7632,determinar el contenido,3,6.638354669333745
7633,determinar la,2,6.638354669333745
7634,determinar la contribución,3,6.638354669333745
7635,determinar los,2,6.638354669333745
7636,determinar los requerimientos,3,6.638354669333745
7637,determinar su,2,6.638354669333745
7638,determinar su equivalencia,3,6.638354669333745
7639,determinaron,1,6.638354669333745
7640,determinaron necesarias,2,6.638354669333745
7641,determinaron necesarias y,3,6.638354669333745
7642,diagnóstico,1,6.232889561225582
7643,diagnóstico que,2,6.638354669333745
7644,diagnóstico que permita,3,6.638354669333745
7645,diagnóstico y,2,6.638354669333745
7646,diagnóstico y rediseño,3,6.638354669333745
7647,diaria,1,6.232889561225582
7648,diaria para,2,6.638354669333745
7649,diaria para las,3,6.638354669333745
7650,diaria y,2,6.232889561225582
7651,diaria y anual,3,6.638354669333745
7652,diaria y anualal,3,6.638354669333745
7653,diariamente,1,6.638354669333745
7654,diariamente al,2,6.638354669333745
7655,diariamente al intendente,3,6.638354669333745
7656,diarias,1,6.638354669333745
7657,diarias máximas,2,6.638354669333745
7658,diarias máximas de,3,6.638354669333745
7659,diario,1,4.846595200105691
7660,diario es,2,6.638354669333745
7661,diario es aún,3,6.638354669333745
7662,diario oficial,2,4.93360657709532
7663,diario oficial de,3,6.638354669333745
7664,diario oficial el,3,5.2520603082138555
7665,diario oficial en,3,6.638354669333745
7666,dicha,1,4.623451648791481
7667,dicha circunstancia,2,6.638354669333745
7668,dicha circunstancia en,3,6.638354669333745
7669,dicha condición,2,6.638354669333745
7670,dicha condición la,3,6.638354669333745
7671,dicha fecha,2,5.945207488773801
7672,dicha información,2,6.638354669333745
7673,dicha información el,3,6.638354669333745
7674,dicha legislación,2,6.638354669333745
7675,dicha legislación internacional,3,6.638354669333745
7676,dicha práctica,2,6.638354669333745
7677,dicha práctica el,3,6.638354669333745
7678,dicha seremi,2,5.945207488773801
7679,dicha seremi no,3,5.945207488773801
7680,dicha situación,2,6.638354669333745
7681,dicha situación base,3,6.638354669333745
7682,dicha superintendencia,2,6.638354669333745
7683,dicha superintendencia establezca,3,6.638354669333745
7684,dicha área,2,6.638354669333745
7685,dicha área geográfi,3,6.638354669333745
7686,dichas,1,5.945207488773801
7687,dichas medidas,2,6.232889561225582
7688,dichas medidas son,3,6.638354669333745
7689,dichas medidas tienen,3,6.638354669333745
7690,dichas reducciones,2,6.638354669333745
7691,dichas reducciones podrán,3,6.638354669333745
7692,dicho,1,5.2520603082138555
7693,dicho acondicionamiento,2,6.638354669333745
7694,dicho cumplimiento,2,6.638354669333745
7695,dicho cálculo,2,6.638354669333745
7696,dicho cálculo en,3,6.638354669333745
7697,dicho informe,2,6.638354669333745
7698,dicho informe será,3,6.638354669333745
7699,dicho organismo,2,6.638354669333745
7700,dicho programa,2,6.638354669333745
7701,dicho programa deberá,3,6.638354669333745
7702,dicho sistema,2,6.638354669333745
7703,dicho sistema debe,3,6.638354669333745
7704,dichos,1,6.232889561225582
7705,dichos planes,2,6.638354669333745
7706,dichos planes deberá,3,6.638354669333745
7707,dichos resultados,2,6.638354669333745
7708,dichos resultados el,3,6.638354669333745
7709,diciembre,1,5.722063937459591
7710,diciembre de,2,5.722063937459591
7711,diciembre de 1998,3,6.638354669333745
7712,diciembre de 2000,3,6.232889561225582
7713,diciembre de 2019,3,6.638354669333745
7714,dictación,1,6.232889561225582
7715,dictación de,2,6.232889561225582
7716,dictación de planes,3,6.232889561225582
7717,dictar,1,6.638354669333745
7718,dictar normas,2,6.638354669333745
7719,dictar normas complementarias,3,6.638354669333745
7720,dicte,1,6.638354669333745
7721,dicte y,2,6.638354669333745
7722,dicte y publique,3,6.638354669333745
7723,diesel,1,6.232889561225582
7724,diesel engines,2,6.232889561225582
7725,diferencia,1,6.232889561225582
7726,diferencia de,2,6.638354669333745
7727,diferencia de la,3,6.638354669333745
7728,diferencia entre,2,6.638354669333745
7729,diferencia entre las,3,6.638354669333745
7730,diferentes,1,5.945207488773801
7731,diferentes ecosistemas,2,6.638354669333745
7732,diferentes ecosistemas presentes,3,6.638354669333745
7733,diferentes energéticos,2,6.638354669333745
7734,diferentes energéticos entre,3,6.638354669333745
7735,diferentes mecanismos,2,6.638354669333745
7736,diferentes mecanismos para,3,6.638354669333745
7737,difundir,1,6.638354669333745
7738,difundir su,2,6.638354669333745
7739,difundir su contenido,3,6.638354669333745
7740,difusión,1,5.945207488773801
7741,difusión anual,2,6.638354669333745
7742,difusión anual que,3,6.638354669333745
7743,difusión de,2,6.638354669333745
7744,difusión de la,3,6.638354669333745
7745,difusión que,2,6.638354669333745
7746,difusión que deberán,3,6.638354669333745
7747,digital,1,6.638354669333745
7748,digital sellado,2,6.638354669333745
7749,digital sellado e,3,6.638354669333745
7750,dimensión,1,6.638354669333745
7751,dimensión ambiental,2,6.638354669333745
7752,dimensión ambiental en,3,6.638354669333745
7753,dinámica,1,6.638354669333745
7754,dinámica de,2,6.638354669333745
7755,dinámica de los,3,6.638354669333745
7756,dio,1,5.945207488773801
7757,dio inicio,2,5.945207488773801
7758,dio inicio al,3,5.945207488773801
7759,dioxido,1,6.638354669333745
7760,dioxido de,2,6.638354669333745
7761,dioxido de nitrógeno,3,6.638354669333745
7762,dirección,1,6.232889561225582
7763,dirección de,2,6.638354669333745
7764,dirección de obras,3,6.638354669333745
7765,dirección del,2,6.638354669333745
7766,dirección del grupo,3,6.638354669333745
7767,directa,1,6.232889561225582
7768,directa de,2,6.638354669333745
7769,directa de gases,3,6.638354669333745
7770,directa y,2,6.638354669333745
7771,directa y o,3,6.638354669333745
7772,directamente,1,5.945207488773801
7773,directamente o,2,6.638354669333745
7774,directamente o mediante,3,6.638354669333745
7775,directamente relacionadas,2,6.232889561225582
7776,directamente relacionadas a,3,6.638354669333745
7777,directamente relacionadas con,3,6.638354669333745
7778,directas,1,5.385591700838378
7779,directas de,2,5.945207488773801
7780,directas de los,3,6.638354669333745
7781,directas de mp2,3,6.232889561225582
7782,directas e,2,6.638354669333745
7783,directas e indirectas,3,6.638354669333745
7784,directas las,2,6.638354669333745
7785,directas las que,3,6.638354669333745
7786,directas y,2,6.638354669333745
7787,directas y precursores,3,6.638354669333745
7788,directivas,1,6.638354669333745
7789,directivas de,2,6.638354669333745
7790,directivas de la,3,6.638354669333745
7791,directorio,1,6.638354669333745
7792,directorio de,2,6.638354669333745
7793,directorio de transporte,3,6.638354669333745
7794,dirigido,1,6.638354669333745
7795,dirigido a,2,6.638354669333745
7796,dirigido a miembros,3,6.638354669333745
7797,diseñada,1,6.232889561225582
7798,diseñada para,2,6.232889561225582
7799,diseñada para generar,3,6.638354669333745
7800,diseñada para operar,3,6.638354669333745
7801,diseñado,1,6.638354669333745
7802,diseñado principalmente,2,6.638354669333745
7803,diseñado principalmente para,3,6.638354669333745
7804,diseñará,1,5.722063937459591
7805,diseñará dispondrá,2,6.638354669333745
7806,diseñará dispondrá e,3,6.638354669333745
7807,diseñará un,2,6.232889561225582
7808,diseñará un modelo,3,6.638354669333745
7809,diseñará un programa,3,6.638354669333745
7810,diseñará y,2,6.638354669333745
7811,diseñará y coordinará,3,6.638354669333745
7812,diseñarán,1,6.638354669333745
7813,diseñarán e,2,6.638354669333745
7814,diseñarán e implementarán,3,6.638354669333745
7815,diseño,1,5.722063937459591
7816,diseño de,2,6.232889561225582
7817,diseño de la,3,6.638354669333745
7818,diseño de viviendas,3,6.638354669333745
7819,diseño desarrollo,2,6.638354669333745
7820,diseño desarrollo e,3,6.638354669333745
7821,diseño se,2,6.638354669333745
7822,diseño se deberá,3,6.638354669333745
7823,disfunciones,1,6.638354669333745
7824,disfunciones endoteliales,2,6.638354669333745
7825,disfunciones endoteliales y,3,6.638354669333745
7826,disminución,1,4.7665524924321545
7827,disminución de,2,5.028916756899646
7828,disminución de concentraciones,3,6.638354669333745
7829,disminución de concentración,3,6.638354669333745
7830,disminución de efectos,3,6.638354669333745
7831,disminución de gases,3,6.638354669333745
7832,disminución de la,3,6.638354669333745
7833,disminución de las,3,5.945207488773801
7834,disminución de los,3,6.638354669333745
7835,disminución del,2,6.232889561225582
7836,disminución del número,3,6.232889561225582
7837,disminución en,2,6.638354669333745
7838,disminución en la,3,6.638354669333745
7839,disminuyendo,1,6.638354669333745
7840,disminuyendo las,2,6.638354669333745
7841,disminuyendo las concentraciones,3,6.638354669333745
7842,dispondrá,1,5.722063937459591
7843,dispondrá e,2,6.638354669333745
7844,dispondrá e implementará,3,6.638354669333745
7845,dispondrá la,2,6.638354669333745
7846,dispondrá la medida,3,6.638354669333745
7847,dispondrá las,2,6.232889561225582
7848,dispondrá las medidas,3,6.232889561225582
7849,dispondrán,1,6.638354669333745
7850,dispondrán de,2,6.638354669333745
7851,dispondrán de un,3,6.638354669333745
7852,dispone,1,6.638354669333745
7853,dispone de,2,6.638354669333745
7854,dispone de los,3,6.638354669333745
7855,disponen,1,6.638354669333745
7856,disponen en,2,6.638354669333745
7857,disponen en el,3,6.638354669333745
7858,disponer,1,5.722063937459591
7859,disponer de,2,5.945207488773801
7860,disponer de emisiones,3,6.638354669333745
7861,disponer de equipos,3,6.638354669333745
7862,disponer de instrumentación,3,6.638354669333745
7863,disponer en,2,6.638354669333745
7864,disponer en los,3,6.638354669333745
7865,disponerse,1,6.638354669333745
7866,disponerse un,2,6.638354669333745
7867,disponerse un estado,3,6.638354669333745
7868,dispongan,1,6.638354669333745
7869,dispongan de,2,6.638354669333745
7870,dispongan de monitoreo,3,6.638354669333745
7871,disponibilidad,1,5.722063937459591
7872,disponibilidad de,2,6.638354669333745
7873,disponibilidad de radiación,3,6.638354669333745
7874,disponibilidad presupuestaria,2,5.945207488773801
7875,disponibilidad presupuestaria de,3,6.638354669333745
7876,disponible,1,5.945207488773801
7877,disponible en,2,6.232889561225582
7878,disponible en el,3,6.232889561225582
7879,disponible para,2,6.638354669333745
7880,disponible para recibir,3,6.638354669333745
7881,disponibles,1,5.385591700838378
7882,disponibles en,2,6.638354669333745
7883,disponibles en el,3,6.638354669333745
7884,disponibles las,2,5.945207488773801
7885,disponibles las actividades,3,5.945207488773801
7886,disponibles y,2,6.232889561225582
7887,disponibles y previa,3,6.232889561225582
7888,disposiciones,1,5.134277272557472
7889,disposiciones contenidas,2,6.232889561225582
7890,disposiciones contenidas en,3,6.232889561225582
7891,disposiciones del,2,6.638354669333745
7892,disposiciones del presente,3,6.638354669333745
7893,disposiciones establecidas,2,6.232889561225582
7894,disposiciones establecidas en,3,6.232889561225582
7895,disposiciones que,2,6.638354669333745
7896,disposiciones que regulan,3,6.638354669333745
7897,disposiciones referidas,2,5.945207488773801
7898,disposiciones referidas a,3,5.945207488773801
7899,disposición,1,6.232889561225582
7900,disposición final,2,6.638354669333745
7901,disposición final a,3,6.638354669333745
7902,disposición se,2,6.638354669333745
7903,disposición se aplicará,3,6.638354669333745
7904,dispositivo,1,6.638354669333745
7905,dispositivo móvil,2,6.638354669333745
7906,dispositivo móvil o,3,6.638354669333745
7907,dispuesto,1,4.4982885058374755
7908,dispuesto en,2,4.4982885058374755
7909,dispuesto en el,3,5.722063937459591
7910,dispuesto en este,3,6.638354669333745
7911,dispuesto en la,3,4.846595200105691
7912,distinguirse,1,6.638354669333745
7913,distinguirse para,2,6.638354669333745
7914,distinguirse para la,3,6.638354669333745
7915,distinto,1,6.638354669333745
7916,distinto al,2,6.638354669333745
7917,distinto al residencial,3,6.638354669333745
7918,distintos,1,5.945207488773801
7919,distintos equipos,2,6.638354669333745
7920,distintos equipos de,3,6.638354669333745
7921,distintos meses,2,6.638354669333745
7922,distintos meses del,3,6.638354669333745
7923,distintos sectores,2,6.638354669333745
7924,distintos sectores acordes,3,6.638354669333745
7925,distribución,1,4.846595200105691
7926,distribución centralizada,2,6.638354669333745
7927,distribución centralizada de,3,6.638354669333745
7928,distribución de,2,5.945207488773801
7929,distribución de combustibles,3,6.232889561225582
7930,distribución de la,3,6.638354669333745
7931,distribución del,2,6.638354669333745
7932,distribución del mp2,3,6.638354669333745
7933,distribución el,2,6.638354669333745
7934,distribución el cumplimiento,3,6.638354669333745
7935,distribución que,2,6.638354669333745
7936,distribución que no,3,6.638354669333745
7937,distribución se,2,6.638354669333745
7938,distribución se encuentre,3,6.638354669333745
7939,distribución será,2,6.638354669333745
7940,distribución será responsabilidad,3,6.638354669333745
7941,distribución y,2,6.232889561225582
7942,distribución y a,3,6.638354669333745
7943,distribución y expendio,3,6.638354669333745
7944,distribuidoras,1,6.638354669333745
7945,distribuidoras de,2,6.638354669333745
7946,distribuidoras de combustible,3,6.638354669333745
7947,distribuya,1,5.539742380665636
7948,distribuya o,2,5.539742380665636
7949,distribuya o expenda,3,5.539742380665636
7950,distribuyan,1,5.945207488773801
7951,distribuyan en,2,6.638354669333745
7952,distribuyan en la,3,6.638354669333745
7953,distribuyan o,2,6.232889561225582
7954,distribuyan o expendan,3,6.232889561225582
7955,distrital,1,6.638354669333745
7956,distrital sistema,2,6.638354669333745
7957,distrital sistema de,3,6.638354669333745
7958,distritales,1,6.638354669333745
7959,distritales entre,2,6.638354669333745
7960,distritales entre otros,3,6.638354669333745
7961,diversas,1,5.945207488773801
7962,diversas formas,2,6.638354669333745
7963,diversas formas de,3,6.638354669333745
7964,diversas instituciones,2,6.638354669333745
7965,diversas instituciones públicas,3,6.638354669333745
7966,diversas materias,2,6.638354669333745
7967,diversos,1,6.232889561225582
7968,diversos estudios,2,6.638354669333745
7969,diversos estudios han,3,6.638354669333745
7970,diversos tipos,2,6.638354669333745
7971,diversos tipos de,3,6.638354669333745
7972,divide,1,6.638354669333745
7973,divide en,2,6.638354669333745
7974,divide en las,3,6.638354669333745
7975,diálogos,1,6.638354669333745
7976,diálogos de,2,6.638354669333745
7977,diálogos de educación,3,6.638354669333745
7978,diésel,1,4.846595200105691
7979,diésel como,2,6.638354669333745
7980,diésel como a,3,6.638354669333745
7981,diésel con,2,6.638354669333745
7982,diésel con el,3,6.638354669333745
7983,diésel la,2,6.638354669333745
7984,diésel la llegada,3,6.638354669333745
7985,diésel no,2,6.638354669333745
7986,diésel no se,3,6.638354669333745
7987,diésel petróleos,2,6.638354669333745
7988,diésel petróleos pesados,3,6.638354669333745
7989,diésel por,2,6.638354669333745
7990,diésel por el,3,6.638354669333745
7991,diésel provenga,2,6.638354669333745
7992,diésel provenga de,3,6.638354669333745
7993,diésel que,2,6.232889561225582
7994,diésel que se,3,6.232889561225582
7995,diésel requisitos,2,6.638354669333745
7996,diésel sin,2,6.638354669333745
7997,diésel sin contenido,3,6.638354669333745
7998,diésel y,2,6.638354669333745
7999,diésel y petróleos,3,6.638354669333745
8000,dióxido,1,5.385591700838378
8001,dióxido de,2,5.385591700838378
8002,dióxido de azufre,3,6.232889561225582
8003,dióxido de nitrógeno,3,5.722063937459591
8004,documento,1,6.638354669333745
8005,documento en,2,6.638354669333745
8006,documento en el,3,6.638354669333745
8007,documentos,1,6.638354669333745
8008,documentos del,2,6.638354669333745
8009,documentos del ministerio,3,6.638354669333745
8010,domiciliaria,1,6.638354669333745
8011,domiciliario,1,6.638354669333745
8012,domiciliario cuando,2,6.638354669333745
8013,domiciliario cuando su,3,6.638354669333745
8014,doméstico,1,5.722063937459591
8015,doméstico e,2,5.945207488773801
8016,doméstico e industrial,3,5.945207488773801
8017,doméstico industrial,2,6.638354669333745
8018,doméstico industrial y,3,6.638354669333745
8019,donde,1,4.93360657709532
8020,donde el,2,6.232889561225582
8021,donde el 85,3,6.638354669333745
8022,donde el escaso,3,6.638354669333745
8023,donde puedan,2,6.638354669333745
8024,donde puedan ser,3,6.638354669333745
8025,donde se,2,5.385591700838378
8026,donde se declaró,3,6.638354669333745
8027,donde se desarrolle,3,6.638354669333745
8028,donde se identifiquen,3,6.638354669333745
8029,donde se prevé,3,5.945207488773801
8030,donde sus,2,6.638354669333745
8031,donde sus concentraciones,3,6.638354669333745
8032,dos,1,6.638354669333745
8033,dos sectores,2,6.638354669333745
8034,dos sectores aportan,3,6.638354669333745
8035,dosis,1,6.638354669333745
8036,dosis de,2,6.638354669333745
8037,dosis de la,3,6.638354669333745
8038,ds,1,3.930304468231536
8039,ds 12,2,6.638354669333745
8040,ds 12 de,3,6.638354669333745
8041,ds 131,2,5.722063937459591
8042,ds 131 de,3,5.722063937459591
8043,ds 16,2,6.638354669333745
8044,ds 16 de,3,6.638354669333745
8045,ds 31,2,6.232889561225582
8046,ds 31 de,3,6.232889561225582
8047,ds 39,2,6.232889561225582
8048,ds 39 de,3,6.232889561225582
8049,ds 58,2,6.638354669333745
8050,ds 58 de,3,6.638354669333745
8051,ds 59,2,5.945207488773801
8052,ds 59 de,3,5.945207488773801
8053,ds 66,2,4.846595200105691
8054,ds 66 de,3,4.93360657709532
8055,ds 66 del,3,6.638354669333745
8056,ds 67,2,5.945207488773801
8057,ds 67 de,3,5.945207488773801
8058,ds 811,2,6.638354669333745
8059,ds 811 de,3,6.638354669333745
8060,ds 94,2,6.638354669333745
8061,ds 94 de,3,6.638354669333745
8062,ds de,2,6.232889561225582
8063,ds de 1992,3,6.232889561225582
8064,ds nº,2,5.539742380665636
8065,ds nº 100,3,6.638354669333745
8066,ds nº 12,3,5.945207488773801
8067,ds nº 18,3,6.638354669333745
8068,ds nº 59,3,6.638354669333745
8069,ds nº66,2,6.638354669333745
8070,ds nº66 de,3,6.638354669333745
8071,dtpm,1,6.638354669333745
8072,dtpm generará,2,6.638354669333745
8073,dtpm generará un,3,6.638354669333745
8074,ducto,1,6.232889561225582
8075,ducto de,2,6.638354669333745
8076,ducto de evacuación,3,6.638354669333745
8077,ducto o,2,6.638354669333745
8078,ducto o chimenea,3,6.638354669333745
8079,ductos,1,6.232889561225582
8080,ductos de,2,6.638354669333745
8081,ductos de descarga,3,6.638354669333745
8082,ductos o,2,6.638354669333745
8083,ductos o chimeneas,3,6.638354669333745
8084,duración,1,6.638354669333745
8085,duración de,2,6.638354669333745
8086,duración de los,3,6.638354669333745
8087,durante,1,4.240459396535375
8088,durante condiciones,2,6.638354669333745
8089,durante condiciones de,3,6.638354669333745
8090,durante el,2,5.028916756899646
8091,durante el año,3,6.638354669333745
8092,durante el periodo,3,6.638354669333745
8093,durante el período,3,5.2520603082138555
8094,durante la,2,5.722063937459591
8095,durante la combustión,3,6.638354669333745
8096,durante la gestión,3,6.638354669333745
8097,durante la ocurrencia,3,6.638354669333745
8098,durante la vigencia,3,6.638354669333745
8099,durante las,2,5.945207488773801
8100,durante las actividades,3,6.638354669333745
8101,durante las operaciones,3,6.638354669333745
8102,durante las situaciones,3,6.638354669333745
8103,durante los,2,6.638354669333745
8104,durante los distintos,3,6.638354669333745
8105,durante todo,2,6.232889561225582
8106,durante todo el,3,6.232889561225582
8107,durante un,2,6.232889561225582
8108,durante un período,3,6.638354669333745
8109,durante un tiempo,3,6.638354669333745
8110,dé,1,6.638354669333745
8111,dé cuenta,2,6.638354669333745
8112,dé cuenta del,3,6.638354669333745
8113,déficit,1,6.638354669333745
8114,déficit o,2,6.638354669333745
8115,déficit o contracción,3,6.638354669333745
8116,día,1,5.945207488773801
8117,día entre,2,6.638354669333745
8118,día entre de,3,6.638354669333745
8119,días,1,5.134277272557472
8120,días de,2,6.638354669333745
8121,días de actividad,3,6.638354669333745
8122,días desde,2,6.638354669333745
8123,días desde cada,3,6.638354669333745
8124,días después,2,6.232889561225582
8125,días después de,3,6.232889561225582
8126,días para,2,5.945207488773801
8127,días para completar,3,5.945207488773801
8128,días sobre,2,6.638354669333745
8129,días sobre norma,3,6.638354669333745
8130,dólar,1,6.638354669333745
8131,dólar 684,2,6.638354669333745
8132,dólar 684 clp,3,6.638354669333745
8133,e,1,4.073405311872209
8134,e control,2,6.638354669333745
8135,e control de,3,6.638354669333745
8136,e identificación,2,6.638354669333745
8137,e identificación de,3,6.638354669333745
8138,e implementación,2,6.638354669333745
8139,e implementación de,3,6.638354669333745
8140,e implementará,2,6.638354669333745
8141,e implementará de,3,6.638354669333745
8142,e implementarán,2,6.638354669333745
8143,e implementarán una,3,6.638354669333745
8144,e incendios,2,6.638354669333745
8145,e incendios forestales,3,6.638354669333745
8146,e incremento,2,6.638354669333745
8147,e incremento del,3,6.638354669333745
8148,e indirectas,2,6.638354669333745
8149,e indirectas aquellos,3,6.638354669333745
8150,e industrial,2,5.539742380665636
8151,e industrial que,3,6.232889561225582
8152,e inferior,2,6.232889561225582
8153,e inferior o,3,6.232889561225582
8154,e información,2,6.232889561225582
8155,e información de,3,6.232889561225582
8156,e inspección,2,6.638354669333745
8157,e inspección que,3,6.638354669333745
8158,e inspectores,2,6.232889561225582
8159,e inspectores fiscales,3,6.232889561225582
8160,e instrumentos,2,6.638354669333745
8161,e instrumentos del,3,6.638354669333745
8162,e intensificación,2,6.232889561225582
8163,e intensificación de,3,6.232889561225582
8164,e interurbano,2,6.638354669333745
8165,e interurbano a,3,6.638354669333745
8166,e inviolable,2,6.638354669333745
8167,e inviolable sin,3,6.638354669333745
8168,e reforzamiento,2,6.638354669333745
8169,e reforzamiento del,3,6.638354669333745
8170,ecológica,1,6.638354669333745
8171,ecológica entre,2,6.638354669333745
8172,ecológica entre los,3,6.638354669333745
8173,economía,1,4.7665524924321545
8174,economía fomento,2,4.7665524924321545
8175,economía fomento y,3,4.7665524924321545
8176,económica,1,6.638354669333745
8177,económica para,2,6.638354669333745
8178,económica para la,3,6.638354669333745
8179,económicas,1,6.638354669333745
8180,económicas que,2,6.638354669333745
8181,económicas que producen,3,6.638354669333745
8182,económico,1,6.638354669333745
8183,económico y,2,6.638354669333745
8184,económico y social,3,6.638354669333745
8185,económicos,1,6.232889561225582
8186,económicos siempre,2,6.638354669333745
8187,económicos siempre y,3,6.638354669333745
8188,económicos sociales,2,6.638354669333745
8189,económicos sociales y,3,6.638354669333745
8190,ecosistemas,1,5.722063937459591
8191,ecosistemas disminución,2,6.638354669333745
8192,ecosistemas disminución de,3,6.638354669333745
8193,ecosistemas entre,2,6.638354669333745
8194,ecosistemas entre otros,3,6.638354669333745
8195,ecosistemas naturales,2,6.638354669333745
8196,ecosistemas naturales asegurando,3,6.638354669333745
8197,ecosistemas presentes,2,6.638354669333745
8198,ecosistemas presentes en,3,6.638354669333745
8199,edificaciones,1,6.638354669333745
8200,edificaciones conectadas,2,6.638354669333745
8201,edificaciones conectadas en,3,6.638354669333745
8202,educacionales,1,6.232889561225582
8203,educacionales de,2,6.638354669333745
8204,educacionales de la,3,6.638354669333745
8205,educacionales municipalidades,2,6.638354669333745
8206,educacionales municipalidades y,3,6.638354669333745
8207,educación,1,4.93360657709532
8208,educación ambiental,2,6.232889561225582
8209,educación ambiental efectos,3,6.638354669333745
8210,educación ambiental tendientes,3,6.638354669333745
8211,educación energética,2,6.638354669333745
8212,educación energética para,3,6.638354669333745
8213,educación formal,2,6.638354669333745
8214,educación formal la,3,6.638354669333745
8215,educación física,2,6.232889561225582
8216,educación física y,3,6.232889561225582
8217,educación informal,2,6.638354669333745
8218,educación informal la,3,6.638354669333745
8219,educación rm,2,5.722063937459591
8220,educación rm diseñará,3,6.638354669333745
8221,educación rm podrá,3,5.945207488773801
8222,educar,1,6.638354669333745
8223,educar respecto,2,6.638354669333745
8224,educar respecto de,3,6.638354669333745
8225,efectivo,1,6.638354669333745
8226,efectivo en,2,6.638354669333745
8227,efectivo en la,3,6.638354669333745
8228,efecto,1,5.028916756899646
8229,efecto de,2,6.638354669333745
8230,efecto de acuerdo,3,6.638354669333745
8231,efecto el,2,6.638354669333745
8232,efecto el ds,3,6.638354669333745
8233,efecto en,2,6.638354669333745
8234,efecto en la,3,6.638354669333745
8235,efecto invernadero,2,6.638354669333745
8236,efecto invernadero beneficios,3,6.638354669333745
8237,efecto la,2,6.638354669333745
8238,efecto la declaración,3,6.638354669333745
8239,efecto por,2,6.638354669333745
8240,efecto por la,3,6.638354669333745
8241,efecto positivo,2,6.638354669333745
8242,efecto positivo en,3,6.638354669333745
8243,efecto se,2,6.638354669333745
8244,efecto se considerará,3,6.638354669333745
8245,efectos,1,4.4982885058374755
8246,efectos cada,2,6.638354669333745
8247,efectos cada gran,3,6.638354669333745
8248,efectos de,2,5.2520603082138555
8249,efectos de contabilizar,3,6.638354669333745
8250,efectos de este,3,6.638354669333745
8251,efectos de la,3,5.945207488773801
8252,efectos de las,3,6.638354669333745
8253,efectos de lo,3,6.638354669333745
8254,efectos económicos,2,6.638354669333745
8255,efectos económicos sociales,3,6.638354669333745
8256,efectos en,2,6.638354669333745
8257,efectos en la,3,6.638354669333745
8258,efectos legales,2,6.638354669333745
8259,efectos legales la,3,6.638354669333745
8260,efectos negativos,2,6.638354669333745
8261,efectos negativos en,3,6.638354669333745
8262,efectos se,2,6.638354669333745
8263,efectos se podrán,3,6.638354669333745
8264,efectos sobre,2,6.638354669333745
8265,efectos sobre ecosistemas,3,6.638354669333745
8266,efectos y,2,6.638354669333745
8267,efectos y riesgos,3,6.638354669333745
8268,efectuada,1,6.232889561225582
8269,efectuada a,2,6.638354669333745
8270,efectuada a la,3,6.638354669333745
8271,efectuada por,2,6.638354669333745
8272,efectuada por la,3,6.638354669333745
8273,efectuadas,1,6.638354669333745
8274,efectuadas a,2,6.638354669333745
8275,efectuadas a través,3,6.638354669333745
8276,efectuar,1,6.638354669333745
8277,efectuar las,2,6.638354669333745
8278,efectuar las mantenciones,3,6.638354669333745
8279,efectuarlo,1,6.638354669333745
8280,efectuarlo directamente,2,6.638354669333745
8281,efectuarlo directamente o,3,6.638354669333745
8282,efectuarán,1,5.945207488773801
8283,efectuarán conforme,2,5.945207488773801
8284,efectuarán conforme a,3,5.945207488773801
8285,efectúa,1,6.638354669333745
8286,efectúa a,2,6.638354669333745
8287,efectúa a través,3,6.638354669333745
8288,eficaz,1,6.232889561225582
8289,eficaz de,2,6.638354669333745
8290,eficaz de las,3,6.638354669333745
8291,eficaz en,2,6.638354669333745
8292,eficaz en detectar,3,6.638354669333745
8293,eficiencia,1,5.028916756899646
8294,eficiencia de,2,6.638354669333745
8295,eficiencia de los,3,6.638354669333745
8296,eficiencia declarada,2,6.638354669333745
8297,eficiencia declarada por,3,6.638354669333745
8298,eficiencia en,2,6.638354669333745
8299,eficiencia en el,3,6.638354669333745
8300,eficiencia energética,2,5.945207488773801
8301,eficiencia energética para,3,5.945207488773801
8302,eficiencia para,2,6.638354669333745
8303,eficiencia para remoción,3,6.638354669333745
8304,eficiencia térmica,2,6.232889561225582
8305,eficiencia térmica global,3,6.638354669333745
8306,eficiencia térmica mayor,3,6.638354669333745
8307,eficiencias,1,6.638354669333745
8308,eficiencias de,2,6.638354669333745
8309,eficiencias de captura,3,6.638354669333745
8310,eficiente,1,6.638354669333745
8311,eficiente operación,2,6.638354669333745
8312,eficiente operación de,3,6.638354669333745
8313,eficientes,1,6.638354669333745
8314,eficientes y,2,6.638354669333745
8315,eficientes y menos,3,6.638354669333745
8316,ejecución,1,5.945207488773801
8317,ejecución de,2,6.232889561225582
8318,ejecución de las,3,6.638354669333745
8319,ejecución de un,3,6.638354669333745
8320,ejecución del,2,6.638354669333745
8321,ejecución del proyecto,3,6.638354669333745
8322,ejecutado,1,6.638354669333745
8323,ejecutado estudios,2,6.638354669333745
8324,ejecutado estudios de,3,6.638354669333745
8325,ejecuten,1,5.945207488773801
8326,ejecuten los,2,6.638354669333745
8327,ejecuten los proyectos,3,6.638354669333745
8328,ejecuten obras,2,6.232889561225582
8329,ejecuten obras de,3,6.232889561225582
8330,ejemplo,1,6.638354669333745
8331,ejemplo las,2,6.638354669333745
8332,ejemplo las asociadas,3,6.638354669333745
8333,el,1,1.5293834745166284
8334,el 11,2,6.638354669333745
8335,el 11 de,3,6.638354669333745
8336,el 112,2,6.638354669333745
8337,el 112 de,3,6.638354669333745
8338,el 114,2,6.638354669333745
8339,el 114 de,3,6.638354669333745
8340,el 115,2,6.638354669333745
8341,el 115 de,3,6.638354669333745
8342,el 13,2,6.638354669333745
8343,el 13 de,3,6.638354669333745
8344,el 149,2,6.638354669333745
8345,el 149 de,3,6.638354669333745
8346,el 15,2,6.232889561225582
8347,el 15 de,3,6.232889561225582
8348,el 23,2,6.232889561225582
8349,el 23 de,3,6.232889561225582
8350,el 38,2,6.638354669333745
8351,el 38 de,3,6.638354669333745
8352,el 39,2,6.638354669333745
8353,el 39 de,3,6.638354669333745
8354,el 54,2,6.638354669333745
8355,el 54 de,3,6.638354669333745
8356,el 66,2,6.638354669333745
8357,el 66 de,3,6.638354669333745
8358,el 67,2,6.638354669333745
8359,el 67 siendo,3,6.638354669333745
8360,el 85,2,6.638354669333745
8361,el 85 corresponde,3,6.638354669333745
8362,el 90,2,6.638354669333745
8363,el 90 del,3,6.638354669333745
8364,el abatimiento,2,6.638354669333745
8365,el abatimiento de,3,6.638354669333745
8366,el acceso,2,6.638354669333745
8367,el acceso a,3,6.638354669333745
8368,el acondicionamiento,2,6.232889561225582
8369,el acondicionamiento térmico,3,6.232889561225582
8370,el acto,2,6.638354669333745
8371,el acto administrativo,3,6.638354669333745
8372,el acuerdo,2,6.638354669333745
8373,el acuerdo climático,3,6.638354669333745
8374,el agies,2,6.638354669333745
8375,el agies tiene,3,6.638354669333745
8376,el anteproyecto,2,6.638354669333745
8377,el anteproyecto de,3,6.638354669333745
8378,el aporte,2,6.638354669333745
8379,el aporte de,3,6.638354669333745
8380,el apoyo,2,6.232889561225582
8381,el apoyo de,3,6.232889561225582
8382,el artículo,2,3.7761537884042773
8383,el artículo 10,3,6.638354669333745
8384,el artículo 102,3,5.945207488773801
8385,el artículo 135,3,6.638354669333745
8386,el artículo 136,3,6.638354669333745
8387,el artículo 36,3,6.638354669333745
8388,el artículo 38,3,6.638354669333745
8389,el artículo 39,3,6.638354669333745
8390,el artículo 40,3,6.638354669333745
8391,el artículo 42,3,6.232889561225582
8392,el artículo 43,3,6.232889561225582
8393,el artículo 54,3,6.638354669333745
8394,el artículo 55,3,6.638354669333745
8395,el artículo 58,3,5.945207488773801
8396,el artículo 60,3,5.945207488773801
8397,el artículo 61,3,6.232889561225582
8398,el artículo 63,3,5.539742380665636
8399,el artículo 83,3,5.945207488773801
8400,el artículo anterior,3,6.232889561225582
8401,el artículo del,3,6.638354669333745
8402,el artículo precedente,3,6.232889561225582
8403,el aumento,2,5.539742380665636
8404,el aumento de,3,6.638354669333745
8405,el aumento del,3,6.638354669333745
8406,el aumento en,3,6.638354669333745
8407,el aumento no,3,6.638354669333745
8408,el aumento que,3,6.638354669333745
8409,el año,2,4.846595200105691
8410,el año 1997,3,6.638354669333745
8411,el año 1998,3,6.638354669333745
8412,el año 1999,3,6.638354669333745
8413,el año 2007,3,6.638354669333745
8414,el año 2008,3,6.638354669333745
8415,el año 2009,3,6.638354669333745
8416,el año 2014,3,6.638354669333745
8417,el año 2015,3,5.722063937459591
8418,el año 2025,3,6.638354669333745
8419,el año 2026,3,6.638354669333745
8420,el buen,2,6.638354669333745
8421,el buen manejo,3,6.638354669333745
8422,el calentamiento,2,6.232889561225582
8423,el calentamiento de,3,6.638354669333745
8424,el calentamiento superficial,3,6.638354669333745
8425,el calor,2,6.638354669333745
8426,el calor producido,3,6.638354669333745
8427,el cambio,2,6.638354669333745
8428,el cambio climático,3,6.638354669333745
8429,el carbono,2,6.638354669333745
8430,el carbono negro,3,6.638354669333745
8431,el caso,2,4.623451648791481
8432,el caso de,3,4.93360657709532
8433,el caso del,3,6.232889561225582
8434,el caso que,3,6.232889561225582
8435,el caudal,2,6.638354669333745
8436,el caudal nominal,3,6.638354669333745
8437,el centro,2,6.638354669333745
8438,el centro de,3,6.638354669333745
8439,el certificado,2,6.638354669333745
8440,el certificado de,3,6.638354669333745
8441,el cfr,2,5.945207488773801
8442,el cfr 40,3,5.945207488773801
8443,el ciclo,2,5.945207488773801
8444,el ciclo de,3,5.945207488773801
8445,el clima,2,6.638354669333745
8446,el clima formado,3,6.638354669333745
8447,el co,2,6.638354669333745
8448,el co de,3,6.638354669333745
8449,el comercio,2,6.638354669333745
8450,el comercio y,3,6.638354669333745
8451,el conjunto,2,6.232889561225582
8452,el conjunto de,3,6.232889561225582
8453,el consejo,2,6.232889561225582
8454,el consejo consultivo,3,6.638354669333745
8455,el consejo de,3,6.638354669333745
8456,el consumo,2,6.232889561225582
8457,el consumo de,3,6.232889561225582
8458,el contenido,2,5.722063937459591
8459,el contenido de,3,5.722063937459591
8460,el control,2,5.722063937459591
8461,el control de,3,6.638354669333745
8462,el control del,3,6.638354669333745
8463,el control fiscalización,3,6.638354669333745
8464,el control permanente,3,6.638354669333745
8465,el cordón,2,6.232889561225582
8466,el cordón de,3,6.638354669333745
8467,el cordón montañoso,3,6.638354669333745
8468,el crecimiento,2,6.638354669333745
8469,el crecimiento en,3,6.638354669333745
8470,el cual,2,5.385591700838378
8471,el cual establece,3,6.232889561225582
8472,el cual fue,3,6.638354669333745
8473,el cual se,3,5.945207488773801
8474,el cumplimiento,2,5.134277272557472
8475,el cumplimiento de,3,5.134277272557472
8476,el cálculo,2,6.638354669333745
8477,el cálculo y,3,6.638354669333745
8478,el dato,2,6.638354669333745
8479,el dato anual,3,6.638354669333745
8480,el daño,2,6.638354669333745
8481,el daño a,3,6.638354669333745
8482,el de,2,5.2520603082138555
8483,el de enero,3,6.638354669333745
8484,el de las,3,6.638354669333745
8485,el de mayo,3,5.945207488773801
8486,el de mayor,3,6.638354669333745
8487,el de octubre,3,6.638354669333745
8488,el decreto,2,5.385591700838378
8489,el decreto exento,3,5.722063937459591
8490,el decreto supremo,3,6.232889561225582
8491,el del,2,6.638354669333745
8492,el del 2013,3,6.638354669333745
8493,el desarrollo,2,5.945207488773801
8494,el desarrollo de,3,5.945207488773801
8495,el detalle,2,6.638354669333745
8496,el detalle de,3,6.638354669333745
8497,el diario,2,4.93360657709532
8498,el diario oficial,3,4.93360657709532
8499,el directorio,2,6.638354669333745
8500,el directorio de,3,6.638354669333745
8501,el diseño,2,5.945207488773801
8502,el diseño de,3,6.638354669333745
8503,el diseño desarrollo,3,6.638354669333745
8504,el diseño se,3,6.638354669333745
8505,el diésel,2,6.638354669333745
8506,el diésel la,3,6.638354669333745
8507,el dióxido,2,6.638354669333745
8508,el dióxido de,3,6.638354669333745
8509,el ds,2,4.286979412170268
8510,el ds 12,3,6.638354669333745
8511,el ds 131,3,5.945207488773801
8512,el ds 16,3,6.638354669333745
8513,el ds 31,3,6.638354669333745
8514,el ds 39,3,6.232889561225582
8515,el ds 58,3,6.638354669333745
8516,el ds 59,3,5.945207488773801
8517,el ds 66,3,5.2520603082138555
8518,el ds 67,3,6.232889561225582
8519,el ds 811,3,6.638354669333745
8520,el ds 94,3,6.638354669333745
8521,el ds de,3,6.232889561225582
8522,el ds nº,3,5.945207488773801
8523,el déficit,2,6.638354669333745
8524,el déficit o,3,6.638354669333745
8525,el día,2,6.638354669333745
8526,el día entre,3,6.638354669333745
8527,el encendido,2,6.638354669333745
8528,el encendido del,3,6.638354669333745
8529,el envío,2,6.638354669333745
8530,el envío de,3,6.638354669333745
8531,el episodio,2,6.638354669333745
8532,el episodio más,3,6.638354669333745
8533,el escaso,2,6.638354669333745
8534,el escaso desarrollo,3,6.638354669333745
8535,el espacio,2,5.945207488773801
8536,el espacio en,3,6.232889561225582
8537,el espacio público17,3,6.638354669333745
8538,el establecimiento,2,6.232889561225582
8539,el establecimiento de,3,6.232889561225582
8540,el estado,2,5.539742380665636
8541,el estado de,3,5.539742380665636
8542,el exceso,2,6.638354669333745
8543,el exceso sobre,3,6.638354669333745
8544,el fabricante,2,5.722063937459591
8545,el fabricante armador,3,6.638354669333745
8546,el fabricante entre,3,6.638354669333745
8547,el fabricante que,3,6.638354669333745
8548,el fabricante un,3,6.638354669333745
8549,el factor,2,6.638354669333745
8550,el factor meteorológico,3,6.638354669333745
8551,el fin,2,5.722063937459591
8552,el fin de,3,5.722063937459591
8553,el financiamiento,2,6.638354669333745
8554,el financiamiento que,3,6.638354669333745
8555,el fuerte,2,6.638354669333745
8556,el fuerte incremento,3,6.638354669333745
8557,el gas,2,6.638354669333745
8558,el gas licuado,3,6.638354669333745
8559,el gobierno,2,5.385591700838378
8560,el gobierno regional,3,5.385591700838378
8561,el grado,2,6.638354669333745
8562,el grado de,3,6.638354669333745
8563,el gráfico,2,5.539742380665636
8564,el gráfico de,3,6.638354669333745
8565,el gráfico muestra,3,6.638354669333745
8566,el gráfico para,3,6.638354669333745
8567,el impacto,2,6.232889561225582
8568,el impacto de,3,6.638354669333745
8569,el impacto sobre,3,6.638354669333745
8570,el inciso,2,5.945207488773801
8571,el inciso anterior,3,6.638354669333745
8572,el inciso penúltimo,3,6.638354669333745
8573,el inciso primero,3,6.638354669333745
8574,el intendente,2,6.232889561225582
8575,el intendente declarará,3,6.638354669333745
8576,el intendente podrá,3,6.638354669333745
8577,el intertanto,2,6.232889561225582
8578,el intertanto se,3,6.232889561225582
8579,el inventario,2,6.232889561225582
8580,el inventario de,3,6.232889561225582
8581,el kerosene,2,5.945207488773801
8582,el kerosene doméstico,3,6.638354669333745
8583,el kerosene empleado,3,6.232889561225582
8584,el listado,2,6.232889561225582
8585,el listado de,3,6.232889561225582
8586,el llamado,2,6.638354669333745
8587,el llamado california,3,6.638354669333745
8588,el llamado code,3,6.638354669333745
8589,el límite,2,5.2520603082138555
8590,el límite con,3,6.638354669333745
8591,el límite de,3,5.722063937459591
8592,el límite del,3,6.638354669333745
8593,el límite indicado,3,6.638354669333745
8594,el macizo,2,6.638354669333745
8595,el macizo de,3,6.638354669333745
8596,el manejo,2,6.638354669333745
8597,el manejo de,3,6.638354669333745
8598,el marco,2,5.385591700838378
8599,el marco de,3,5.722063937459591
8600,el marco del,3,6.232889561225582
8601,el material,2,6.232889561225582
8602,el material particulado,3,6.232889561225582
8603,el mejoramiento,2,6.232889561225582
8604,el mejoramiento de,3,6.232889561225582
8605,el menor,2,6.638354669333745
8606,el menor impacto,3,6.638354669333745
8607,el mercado,2,6.638354669333745
8608,el mercado dando,3,6.638354669333745
8609,el mes,2,6.638354669333745
8610,el mes de,3,6.638354669333745
8611,el ministerio,2,3.4813542481836324
8612,el ministerio de,3,3.7761537884042773
8613,el ministerio del,3,4.286979412170268
8614,el mismo,2,6.638354669333745
8615,el mismo emplazamiento,3,6.638354669333745
8616,el mma,2,6.638354669333745
8617,el movimiento,2,6.638354669333745
8618,el movimiento del,3,6.638354669333745
8619,el mp2,2,6.232889561225582
8620,el mp2 es,3,6.638354669333745
8621,el mp2 presenta,3,6.638354669333745
8622,el método,2,5.539742380665636
8623,el método astm,3,6.232889561225582
8624,el método d613,3,6.638354669333745
8625,el método ramsbottom,3,6.232889561225582
8626,el nivel,2,6.232889561225582
8627,el nivel de,3,6.232889561225582
8628,el norte,2,6.638354669333745
8629,el norte el,3,6.638354669333745
8630,el nuevo,2,6.638354669333745
8631,el nuevo sistema,3,6.638354669333745
8632,el número,2,5.945207488773801
8633,el número de,3,5.945207488773801
8634,el o,2,6.638354669333745
8635,el o los,3,6.638354669333745
8636,el objetivo,2,5.539742380665636
8637,el objetivo de,3,5.945207488773801
8638,el objetivo estará,3,6.638354669333745
8639,el objetivo propuesto,3,6.638354669333745
8640,el objeto,2,6.232889561225582
8641,el objeto de,3,6.232889561225582
8642,el oeste,2,6.638354669333745
8643,el oeste la,3,6.638354669333745
8644,el ozono,2,6.638354669333745
8645,el ozono saldría,3,6.638354669333745
8646,el parque,2,6.638354669333745
8647,el parque vehicular,3,6.638354669333745
8648,el periodo,2,6.232889561225582
8649,el periodo de,3,6.638354669333745
8650,el periodo frío,3,6.638354669333745
8651,el período,2,5.134277272557472
8652,el período de,3,5.385591700838378
8653,el período en,3,6.638354669333745
8654,el período estival,3,6.638354669333745
8655,el petróleo,2,5.945207488773801
8656,el petróleo diésel,3,5.945207488773801
8657,el plan,2,5.028916756899646
8658,el plan de,3,5.385591700838378
8659,el plan maestro,3,6.638354669333745
8660,el plan operacional,3,6.638354669333745
8661,el plan requería,3,6.638354669333745
8662,el plantel,2,6.638354669333745
8663,el plazo,2,5.134277272557472
8664,el plazo de,3,5.2520603082138555
8665,el plazo que,3,6.638354669333745
8666,el ppda,2,5.945207488773801
8667,el ppda como,3,6.638354669333745
8668,el ppda por,3,6.638354669333745
8669,el ppda y,3,6.638354669333745
8670,el presente,2,4.11262602502549
8671,el presente artículo,3,6.638354669333745
8672,el presente capítulo,3,6.232889561225582
8673,el presente decreto,3,4.7665524924321545
8674,el presente plan,3,5.2520603082138555
8675,el presente ppda,3,6.232889561225582
8676,el procedimiento,2,5.945207488773801
8677,el procedimiento de,3,6.638354669333745
8678,el procedimiento para,3,6.232889561225582
8679,el proceso,2,5.385591700838378
8680,el proceso de,3,5.385591700838378
8681,el productor,2,6.638354669333745
8682,el productor programe,3,6.638354669333745
8683,el programa,2,5.2520603082138555
8684,el programa de,3,5.385591700838378
8685,el programa integral,3,6.638354669333745
8686,el propósito,2,6.638354669333745
8687,el propósito de,3,6.638354669333745
8688,el protocolo,2,6.232889561225582
8689,el protocolo de,3,6.638354669333745
8690,el protocolo para,3,6.638354669333745
8691,el proveedor,2,6.638354669333745
8692,el proveedor en,3,6.638354669333745
8693,el proyecto,2,5.722063937459591
8694,el proyecto definitivo,3,6.232889561225582
8695,el proyecto está,3,6.638354669333745
8696,el proyecto que,3,6.638354669333745
8697,el punto,2,6.232889561225582
8698,el punto 17,3,6.638354669333745
8699,el punto de,3,6.638354669333745
8700,el que,2,5.134277272557472
8701,el que deberá,3,6.232889561225582
8702,el que lo,3,6.638354669333745
8703,el que se,3,5.722063937459591
8704,el que tuvo,3,6.638354669333745
8705,el reconocimiento,2,6.638354669333745
8706,el reconocimiento del,3,6.638354669333745
8707,el rediseño,2,6.638354669333745
8708,el rediseño de,3,6.638354669333745
8709,el registro,2,5.722063937459591
8710,el registro de,3,5.945207488773801
8711,el registro nacional,3,6.638354669333745
8712,el reglamento,2,6.232889561225582
8713,el reglamento para,3,6.232889561225582
8714,el regulado,2,6.638354669333745
8715,el respectivo,2,6.638354669333745
8716,el respectivo certificado,3,6.638354669333745
8717,el resultado,2,6.638354669333745
8718,el resultado del,3,6.638354669333745
8719,el resumen,2,6.638354669333745
8720,el resumen de,3,6.638354669333745
8721,el retiro,2,5.2520603082138555
8722,el retiro del,3,5.945207488773801
8723,el retiro recambio,3,6.638354669333745
8724,el retiro total,3,5.945207488773801
8725,el sag,2,6.638354669333745
8726,el sag en,3,6.638354669333745
8727,el sector,2,5.2520603082138555
8728,el sector de,3,6.232889561225582
8729,el sector industrial,3,6.638354669333745
8730,el sector residencial,3,6.232889561225582
8731,el sector sudoeste,3,6.638354669333745
8732,el sector trasporte,3,6.638354669333745
8733,el seguimiento,2,6.638354669333745
8734,el seguimiento de,3,6.638354669333745
8735,el seia,2,6.638354669333745
8736,el seia a,3,6.638354669333745
8737,el servicio,2,6.638354669333745
8738,el servicio de,3,6.638354669333745
8739,el siguiente,2,5.539742380665636
8740,el siguiente gráfico,3,6.232889561225582
8741,el siguiente link,3,6.638354669333745
8742,el sistema,2,6.638354669333745
8743,el sistema con,3,6.638354669333745
8744,el sitio,2,6.232889561225582
8745,el sitio web,3,6.232889561225582
8746,el suelo,2,6.638354669333745
8747,el suelo con,3,6.638354669333745
8748,el sur,2,6.638354669333745
8749,el sur los,3,6.638354669333745
8750,el símbolo,2,6.638354669333745
8751,el tamaño,2,6.638354669333745
8752,el tamaño de,3,6.638354669333745
8753,el tipo,2,6.232889561225582
8754,el tipo de,3,6.638354669333745
8755,el tipo o,3,6.638354669333745
8756,el titular,2,6.638354669333745
8757,el titular o,3,6.638354669333745
8758,el total,2,6.638354669333745
8759,el total de,3,6.638354669333745
8760,el transcurso,2,6.638354669333745
8761,el transcurso del,3,6.638354669333745
8762,el transporte,2,5.945207488773801
8763,el transporte combustibles,3,6.638354669333745
8764,el transporte comercial,3,6.638354669333745
8765,el transporte público,3,6.638354669333745
8766,el tubo,2,6.638354669333745
8767,el tubo de,3,6.638354669333745
8768,el umbral,2,6.638354669333745
8769,el umbral indicado,3,6.638354669333745
8770,el uso,2,4.4982885058374755
8771,el uso de,3,4.623451648791481
8772,el uso del,3,6.232889561225582
8773,el uso exclusivo,3,6.638354669333745
8774,el valle,2,6.638354669333745
8775,el valle del,3,6.638354669333745
8776,el valor,2,5.722063937459591
8777,el valor de,3,6.638354669333745
8778,el valor más,3,6.638354669333745
8779,el valor permitido,3,6.638354669333745
8780,el valor referido,3,6.638354669333745
8781,el viento,2,6.638354669333745
8782,el viento generando,3,6.638354669333745
8783,el volumen,2,6.638354669333745
8784,el volumen 40,3,6.638354669333745
8785,el ámbito,2,6.232889561225582
8786,el ámbito de,3,6.232889561225582
8787,el área,2,6.638354669333745
8788,el área metropolitana,3,6.638354669333745
8789,elaboración,1,4.692444520278432
8790,elaboración de,2,5.722063937459591
8791,elaboración de la,3,6.638354669333745
8792,elaboración de un,3,6.638354669333745
8793,elaboración de una,3,6.232889561225582
8794,elaboración del,2,5.2520603082138555
8795,elaboración del agies,3,6.638354669333745
8796,elaboración del anteproyecto,3,6.638354669333745
8797,elaboración del plan,3,5.539742380665636
8798,elaboración los,2,6.638354669333745
8799,elaboración los servicios,3,6.638354669333745
8800,elaboración y,2,6.638354669333745
8801,elaboración y ejecución,3,6.638354669333745
8802,elaborado,1,6.232889561225582
8803,elaborado a,2,6.638354669333745
8804,elaborado a partir,3,6.638354669333745
8805,elaborado o,2,6.638354669333745
8806,elaborado o que,3,6.638354669333745
8807,elaborados,1,6.638354669333745
8808,elaborados para,2,6.638354669333745
8809,elaborados para el,3,6.638354669333745
8810,elaborar,1,6.638354669333745
8811,elaborar propuestas,2,6.638354669333745
8812,elaborar propuestas regulatorias,3,6.638354669333745
8813,elaborarán,1,5.945207488773801
8814,elaborarán un,2,5.945207488773801
8815,elaborarán un informe,3,6.638354669333745
8816,elaborarán un plan,3,6.232889561225582
8817,elaboró,1,6.232889561225582
8818,elaboró el,2,6.638354669333745
8819,elaboró el plan,3,6.638354669333745
8820,elaboró un,2,6.638354669333745
8821,elaboró un anteproyecto,3,6.638354669333745
8822,electricidad,1,4.441130091997526
8823,electricidad gas,2,6.638354669333745
8824,electricidad gas y,3,6.638354669333745
8825,electricidad que,2,6.638354669333745
8826,electricidad que consta,3,6.638354669333745
8827,electricidad y,2,4.558913127653909
8828,electricidad y combustibles,3,4.623451648791481
8829,electricidad y que,3,6.638354669333745
8830,electrodos,1,6.638354669333745
8831,electrodos que,2,6.638354669333745
8832,electrodos que permitan,3,6.638354669333745
8833,electrógeno,1,5.722063937459591
8834,electrógeno corresponde,2,6.638354669333745
8835,electrógeno corresponde a,3,6.638354669333745
8836,electrógeno horas,2,6.638354669333745
8837,electrógeno horas que,3,6.638354669333745
8838,electrógeno nuevo,2,6.232889561225582
8839,electrógeno nuevo cumple,3,6.638354669333745
8840,electrógeno nuevo es,3,6.638354669333745
8841,electrógeno que,2,6.232889561225582
8842,electrógeno que contenga,3,6.638354669333745
8843,electrógeno que entra,3,6.638354669333745
8844,electrógeno según,2,6.638354669333745
8845,electrógeno según lo,3,6.638354669333745
8846,electrógenos,1,5.539742380665636
8847,electrógenos de,2,6.638354669333745
8848,electrógenos de desplazamiento,3,6.638354669333745
8849,electrógenos ni,2,6.638354669333745
8850,electrógenos ni hornos,3,6.638354669333745
8851,electrógenos nuevos,2,5.945207488773801
8852,electrógenos nuevos deberán,3,6.638354669333745
8853,electrógenos nuevos que,3,6.638354669333745
8854,electrógenos nuevos y,3,6.638354669333745
8855,elemental,1,6.638354669333745
8856,elemental y,2,6.638354669333745
8857,elemental y orgánico,3,6.638354669333745
8858,elementos,1,5.722063937459591
8859,elementos como,2,6.638354669333745
8860,elementos como el,3,6.638354669333745
8861,elementos necesarios,2,6.638354669333745
8862,elementos necesarios para,3,6.638354669333745
8863,elementos que,2,6.638354669333745
8864,elementos que permitan,3,6.638354669333745
8865,elementos y,2,6.638354669333745
8866,elementos y equipos,3,6.638354669333745
8867,eliminación,1,6.232889561225582
8868,eliminación de,2,6.232889561225582
8869,eliminación de vapores,3,6.232889561225582
8870,ella,1,6.638354669333745
8871,ellas,1,6.232889561225582
8872,ellas son,2,6.638354669333745
8873,ellas son generadas,3,6.638354669333745
8874,ello,1,5.134277272557472
8875,ello deberán,2,6.232889561225582
8876,ello deberán cumplir,3,6.232889561225582
8877,ello el,2,6.638354669333745
8878,ello el caudal,3,6.638354669333745
8879,ello en,2,6.232889561225582
8880,ello en el,3,6.638354669333745
8881,ello en épocas,3,6.638354669333745
8882,ello evaluar,2,6.638354669333745
8883,ello evaluar su,3,6.638354669333745
8884,ello se,2,6.638354669333745
8885,ello se priorizarán,3,6.638354669333745
8886,ello y,2,6.638354669333745
8887,ello y en,3,6.638354669333745
8888,ellos,1,6.638354669333745
8889,ellos electricidad,2,6.638354669333745
8890,ellos electricidad gas,3,6.638354669333745
8891,eléctrica,1,5.945207488773801
8892,eléctrica o,2,6.638354669333745
8893,eléctrica o mecánica,3,6.638354669333745
8894,eléctrica y,2,6.638354669333745
8895,eléctrica y o,3,6.638354669333745
8896,embargo,1,5.385591700838378
8897,embargo al,2,6.638354669333745
8898,embargo al definir,3,6.638354669333745
8899,embargo el,2,6.638354669333745
8900,embargo el aumento,3,6.638354669333745
8901,embargo la,2,6.638354669333745
8902,embargo la emisión,3,6.638354669333745
8903,embargo no,2,6.638354669333745
8904,embargo no podrá,3,6.638354669333745
8905,embargo persisten,2,6.638354669333745
8906,embargo persisten actividades,3,6.638354669333745
8907,embargo y,2,6.638354669333745
8908,embargo y dado,3,6.638354669333745
8909,emergencia,1,5.028916756899646
8910,emergencia ambiental,2,6.232889561225582
8911,emergencia ambiental para,3,6.232889561225582
8912,emergencia el,2,6.638354669333745
8913,emergencia el intendente,3,6.638354669333745
8914,emergencia o,2,6.638354669333745
8915,emergencia o nivel,3,6.638354669333745
8916,emergencia para,2,6.638354669333745
8917,emergencia para mp10,3,6.638354669333745
8918,emergencia por,2,6.232889561225582
8919,emergencia por motivo,3,6.638354669333745
8920,emergencia por mp10,3,6.638354669333745
8921,emergencia será,2,6.638354669333745
8922,emergencia será el,3,6.638354669333745
8923,emisiones,1,2.820642343376841
8924,emisiones a,2,5.945207488773801
8925,emisiones a compensar,3,6.638354669333745
8926,emisiones a las,3,6.638354669333745
8927,emisiones a una,3,6.638354669333745
8928,emisiones ante,2,6.638354669333745
8929,emisiones ante la,3,6.638354669333745
8930,emisiones aprobados,2,6.638354669333745
8931,emisiones aprobados por,3,6.638354669333745
8932,emisiones aquellos,2,6.638354669333745
8933,emisiones aquellos proyectos,3,6.638354669333745
8934,emisiones asociadas,2,5.945207488773801
8935,emisiones asociadas a,3,6.232889561225582
8936,emisiones asociadas y,3,6.638354669333745
8937,emisiones atmosféricas,2,6.638354669333745
8938,emisiones atmosféricas existentes,3,6.638354669333745
8939,emisiones cedidas,2,6.638354669333745
8940,emisiones cedidas por,3,6.638354669333745
8941,emisiones como,2,6.638354669333745
8942,emisiones como mecanismo,3,6.638354669333745
8943,emisiones conforme,2,6.638354669333745
8944,emisiones conforme a,3,6.638354669333745
8945,emisiones considerando,2,6.232889561225582
8946,emisiones considerando los,3,6.232889561225582
8947,emisiones contaminantes,2,6.232889561225582
8948,emisiones contaminantes no,3,6.232889561225582
8949,emisiones de,2,4.035664983889362
8950,emisiones de acuerdo,3,6.232889561225582
8951,emisiones de amonio,3,6.638354669333745
8952,emisiones de amoníaco,3,6.638354669333745
8953,emisiones de contaminantes,3,5.945207488773801
8954,emisiones de cov,3,5.945207488773801
8955,emisiones de distintos,3,6.638354669333745
8956,emisiones de gas,3,6.638354669333745
8957,emisiones de gases,3,5.722063937459591
8958,emisiones de la,3,6.232889561225582
8959,emisiones de las,3,6.232889561225582
8960,emisiones de manera,3,6.638354669333745
8961,emisiones de material,3,6.232889561225582
8962,emisiones de mp,3,6.638354669333745
8963,emisiones de mp2,3,6.638354669333745
8964,emisiones de nh3,3,6.638354669333745
8965,emisiones de nox,3,6.638354669333745
8966,emisiones de nuevos,3,6.638354669333745
8967,emisiones de precursores,3,6.638354669333745
8968,emisiones de sox,3,6.638354669333745
8969,emisiones deberá,2,6.638354669333745
8970,emisiones deberá considerar,3,6.638354669333745
8971,emisiones deberán,2,6.232889561225582
8972,emisiones deberán presentar,3,6.232889561225582
8973,emisiones del,2,5.945207488773801
8974,emisiones del contaminante,3,6.232889561225582
8975,emisiones del número,3,6.638354669333745
8976,emisiones dentro,2,6.638354669333745
8977,emisiones dentro de,3,6.638354669333745
8978,emisiones desarrollado,2,6.638354669333745
8979,emisiones desarrollado por,3,6.638354669333745
8980,emisiones directas,2,5.539742380665636
8981,emisiones directas de,3,5.945207488773801
8982,emisiones directas las,3,6.638354669333745
8983,emisiones directas y,3,6.638354669333745
8984,emisiones donde,2,6.638354669333745
8985,emisiones donde se,3,6.638354669333745
8986,emisiones en,2,5.945207488773801
8987,emisiones en caso,3,6.638354669333745
8988,emisiones en la,3,6.638354669333745
8989,emisiones en masa,3,6.638354669333745
8990,emisiones equivalentes,2,6.232889561225582
8991,emisiones equivalentes es,3,6.232889561225582
8992,emisiones es,2,6.638354669333745
8993,emisiones es posible,3,6.638354669333745
8994,emisiones evaporativas,2,6.638354669333745
8995,emisiones evaporativas de,3,6.638354669333745
8996,emisiones generadas,2,6.638354669333745
8997,emisiones generadas con,3,6.638354669333745
8998,emisiones incorporadas,2,6.638354669333745
8999,emisiones incorporadas en,3,6.638354669333745
9000,emisiones indirectas,2,6.232889561225582
9001,emisiones indirectas las,3,6.232889561225582
9002,emisiones mediante,2,6.638354669333745
9003,emisiones mediante una,3,6.638354669333745
9004,emisiones no,2,6.232889561225582
9005,emisiones no canalizadas,3,6.638354669333745
9006,emisiones no sustituirán,3,6.638354669333745
9007,emisiones o,2,6.638354669333745
9008,emisiones o parte,3,6.638354669333745
9009,emisiones operará,2,6.638354669333745
9010,emisiones operará tanto,3,6.638354669333745
9011,emisiones para,2,5.539742380665636
9012,emisiones para cumplir,3,6.638354669333745
9013,emisiones para el,3,6.638354669333745
9014,emisiones para la,3,6.232889561225582
9015,emisiones para material,3,6.638354669333745
9016,emisiones planteadas,2,6.638354669333745
9017,emisiones planteadas se,3,6.638354669333745
9018,emisiones por,2,6.232889561225582
9019,emisiones por emisiones,3,6.638354669333745
9020,emisiones por reducciones,3,6.638354669333745
9021,emisiones propuestas,2,6.638354669333745
9022,emisiones propuestas permitirán,3,6.638354669333745
9023,emisiones provenientes,2,6.232889561225582
9024,emisiones provenientes del,3,6.232889561225582
9025,emisiones que,2,5.539742380665636
9026,emisiones que consideren,3,6.638354669333745
9027,emisiones que definirá,3,6.638354669333745
9028,emisiones que hayan,3,6.638354669333745
9029,emisiones que se,3,6.232889561225582
9030,emisiones referida,2,6.638354669333745
9031,emisiones referida en,3,6.638354669333745
9032,emisiones residuos,2,6.638354669333745
9033,emisiones residuos y,3,6.638354669333745
9034,emisiones se,2,5.722063937459591
9035,emisiones se descargan,3,6.638354669333745
9036,emisiones se encuentran,3,6.638354669333745
9037,emisiones se formalizará,3,6.638354669333745
9038,emisiones se referirán,3,6.638354669333745
9039,emisiones será,2,6.232889561225582
9040,emisiones será al,3,6.638354669333745
9041,emisiones será para,3,6.638354669333745
9042,emisiones señalada,2,6.638354669333745
9043,emisiones señalada en,3,6.638354669333745
9044,emisiones señalados,2,6.232889561225582
9045,emisiones señalados en,3,6.232889561225582
9046,emisiones sin,2,6.638354669333745
9047,emisiones sin perjuicio,3,6.638354669333745
9048,emisiones su,2,6.638354669333745
9049,emisiones su propuesta,3,6.638354669333745
9050,emisiones sólo,2,6.638354669333745
9051,emisiones sólo podrán,3,6.638354669333745
9052,emisiones ton,2,6.638354669333745
9053,emisiones ton año,3,6.638354669333745
9054,emisiones totales,2,6.638354669333745
9055,emisiones totales anuales,3,6.638354669333745
9056,emisiones validado,2,6.638354669333745
9057,emisiones validado por,3,6.638354669333745
9058,emisiones vehiculares,2,6.638354669333745
9059,emisiones vehiculares del,3,6.638354669333745
9060,emisiones y,2,5.385591700838378
9061,emisiones y costos,3,6.638354669333745
9062,emisiones y de,3,6.638354669333745
9063,emisiones y eficiencia,3,6.638354669333745
9064,emisiones y la,3,6.638354669333745
9065,emisiones y los,3,6.638354669333745
9066,emisiones y o,3,6.638354669333745
9067,emisiones y una,3,6.638354669333745
9068,emisión,1,3.4813542481836324
9069,emisión anual,2,6.638354669333745
9070,emisión anual autorizada,3,6.638354669333745
9071,emisión aquellos,2,6.638354669333745
9072,emisión aquellos calefactores,3,6.638354669333745
9073,emisión continua,2,6.638354669333745
9074,emisión continua de,3,6.638354669333745
9075,emisión continuada,2,6.638354669333745
9076,emisión continuada por,3,6.638354669333745
9077,emisión de,2,4.623451648791481
9078,emisión de co,3,6.638354669333745
9079,emisión de compuestos,3,6.638354669333745
9080,emisión de material,3,5.945207488773801
9081,emisión de monóxido,3,6.638354669333745
9082,emisión de mp,3,6.638354669333745
9083,emisión de nox,3,6.638354669333745
9084,emisión de so,3,5.945207488773801
9085,emisión de so2,3,6.232889561225582
9086,emisión de un,3,6.638354669333745
9087,emisión dependa,2,6.638354669333745
9088,emisión dependa exclusivamente,3,6.638354669333745
9089,emisión en,2,6.638354669333745
9090,emisión en la,3,6.638354669333745
9091,emisión establecida,2,6.638354669333745
9092,emisión establecida en,3,6.638354669333745
9093,emisión establecido,2,6.232889561225582
9094,emisión establecido en,3,6.232889561225582
9095,emisión establecidos,2,5.722063937459591
9096,emisión establecidos en,3,5.722063937459591
9097,emisión indicada,2,6.638354669333745
9098,emisión indicada en,3,6.638354669333745
9099,emisión las,2,6.638354669333745
9100,emisión las vías,3,6.638354669333745
9101,emisión mencionado,2,6.638354669333745
9102,emisión mencionado se,3,6.638354669333745
9103,emisión másica,2,6.232889561225582
9104,emisión másica anual,3,6.232889561225582
9105,emisión máxima,2,5.945207488773801
9106,emisión máxima de,3,5.945207488773801
9107,emisión máxima equivalente,3,6.638354669333745
9108,emisión máxima total,3,6.638354669333745
9109,emisión para,2,5.539742380665636
9110,emisión para grandes,3,6.638354669333745
9111,emisión para las,3,6.638354669333745
9112,emisión para material,3,6.638354669333745
9113,emisión para mp,3,6.638354669333745
9114,emisión para so,3,6.638354669333745
9115,emisión permitidos,2,6.232889561225582
9116,emisión permitidos en,3,6.232889561225582
9117,emisión podrá,2,6.638354669333745
9118,emisión podrá alcanzarse,3,6.638354669333745
9119,emisión por,2,5.945207488773801
9120,emisión por chimenea,3,6.638354669333745
9121,emisión por concentración,3,6.638354669333745
9122,emisión por establecimiento,3,6.638354669333745
9123,emisión presentadas,2,6.232889561225582
9124,emisión presentadas en,3,6.232889561225582
9125,emisión que,2,6.232889561225582
9126,emisión que establezca,3,6.638354669333745
9127,emisión que propenda,3,6.638354669333745
9128,emisión respectivo,2,6.638354669333745
9129,emisión se,2,6.638354669333745
9130,emisión se hará,3,6.638354669333745
9131,emisión señalados,2,6.232889561225582
9132,emisión señalados en,3,6.232889561225582
9133,emisión vigentes,2,6.638354669333745
9134,emisión vigentes siempre,3,6.638354669333745
9135,emisoras,1,5.945207488773801
9136,emisoras deberán,2,6.638354669333745
9137,emisoras deberán acreditar,3,6.638354669333745
9138,emisoras que,2,6.638354669333745
9139,emisoras que reduzcan,3,6.638354669333745
9140,emitido,1,6.638354669333745
9141,emitido por,2,6.638354669333745
9142,emitido por el,3,6.638354669333745
9143,emitidos,1,6.638354669333745
9144,emitidos considerando,2,6.638354669333745
9145,emitidos considerando las,3,6.638354669333745
9146,emitieron,1,6.638354669333745
9147,emitieron opinión,2,6.638354669333745
9148,emitieron opinión respecto,3,6.638354669333745
9149,emitirán,1,6.638354669333745
9150,emitirán dentro,2,6.638354669333745
9151,emitirán dentro del,3,6.638354669333745
9152,empeoramiento,1,5.945207488773801
9153,empeoramiento de,2,5.945207488773801
9154,empeoramiento de la,3,5.945207488773801
9155,emplacen,1,6.638354669333745
9156,emplacen en,2,6.638354669333745
9157,emplacen en la,3,6.638354669333745
9158,emplazadas,1,6.638354669333745
9159,emplazadas en,2,6.638354669333745
9160,emplazadas en la,3,6.638354669333745
9161,emplazamiento,1,5.945207488773801
9162,emplazamiento de,2,6.638354669333745
9163,emplazamiento de las,3,6.638354669333745
9164,emplazamiento se,2,6.638354669333745
9165,emplazamiento se encuentre,3,6.638354669333745
9166,emplazamiento y,2,6.638354669333745
9167,emplazamiento y que,3,6.638354669333745
9168,empleado,1,6.232889561225582
9169,empleado como,2,6.232889561225582
9170,empleado como combustible,3,6.232889561225582
9171,empleados,1,6.638354669333745
9172,empleados o,2,6.638354669333745
9173,empleados o que,3,6.638354669333745
9174,emplean,1,5.945207488773801
9175,emplean calefacción,2,6.638354669333745
9176,emplean calefacción a,3,6.638354669333745
9177,emplean como,2,6.232889561225582
9178,emplean como combustible,3,6.232889561225582
9179,empresa,1,6.638354669333745
9180,empresa productora,2,6.638354669333745
9181,empresa productora de,3,6.638354669333745
9182,empresas,1,6.232889561225582
9183,empresas del,2,6.638354669333745
9184,empresas del rubro,3,6.638354669333745
9185,empresas distribuidoras,2,6.638354669333745
9186,empresas distribuidoras de,3,6.638354669333745
9187,emrp,1,6.638354669333745
9188,emrp que,2,6.638354669333745
9189,emrp que arrojó,3,6.638354669333745
9190,en,1,1.4343479822569505
9191,en 013,2,6.638354669333745
9192,en 013 mm,3,6.638354669333745
9193,en 1996,2,6.638354669333745
9194,en 1996 ds,3,6.638354669333745
9195,en 237,2,6.638354669333745
9196,en 237 para,3,6.638354669333745
9197,en 30,2,6.638354669333745
9198,en 30 mg,3,6.638354669333745
9199,en 977,2,6.638354669333745
9200,en 977 mm,3,6.638354669333745
9201,en acciones,2,6.638354669333745
9202,en acciones futuras,3,6.638354669333745
9203,en adelante,2,6.232889561225582
9204,en adelante indistintamente,3,6.638354669333745
9205,en adelante se,3,6.638354669333745
9206,en aquellas,2,5.722063937459591
9207,en aquellas comunas,3,5.722063937459591
9208,en banco,2,6.638354669333745
9209,en banco de,3,6.638354669333745
9210,en base,2,5.028916756899646
9211,en base a,3,5.134277272557472
9212,en base seca,3,6.638354669333745
9213,en beneficios,2,6.638354669333745
9214,en beneficios para,3,6.638354669333745
9215,en bruto,2,6.638354669333745
9216,en bruto de,3,6.638354669333745
9217,en cada,2,6.638354669333745
9218,en cada caso,3,6.638354669333745
9219,en cambio,2,6.638354669333745
9220,en cambio persiste,3,6.638354669333745
9221,en caso,2,5.028916756899646
9222,en caso de,3,5.539742380665636
9223,en caso que,3,5.722063937459591
9224,en coherencia,2,6.638354669333745
9225,en coherencia con,3,6.638354669333745
9226,en colaboración,2,6.638354669333745
9227,en colaboración con,3,6.638354669333745
9228,en condición,2,6.638354669333745
9229,en condición de,3,6.638354669333745
9230,en confinamiento,2,6.638354669333745
9231,en confinamiento en,3,6.638354669333745
9232,en conformidad,2,6.638354669333745
9233,en conformidad con,3,6.638354669333745
9234,en conjunto,2,5.2520603082138555
9235,en conjunto con,3,5.2520603082138555
9236,en consideración,2,6.638354669333745
9237,en consideración elementos,3,6.638354669333745
9238,en coordenadas,2,6.638354669333745
9239,en coordenadas wgs84,3,6.638354669333745
9240,en coordinación,2,5.722063937459591
9241,en coordinación con,3,5.722063937459591
9242,en correspondencia,2,6.638354669333745
9243,en correspondencia con,3,6.638354669333745
9244,en cualquier,2,6.638354669333745
9245,en cualquier época,3,6.638354669333745
9246,en cualquiera,2,5.945207488773801
9247,en cualquiera de,3,5.945207488773801
9248,en cuanto,2,6.232889561225582
9249,en cuanto al,3,6.638354669333745
9250,en cuanto sean,3,6.638354669333745
9251,en cuenta,2,6.232889561225582
9252,en cuenta los,3,6.232889561225582
9253,en cumplimiento,2,6.638354669333745
9254,en cumplimiento para,3,6.638354669333745
9255,en detectar,2,6.638354669333745
9256,en detectar vehículos,3,6.638354669333745
9257,en dicha,2,6.638354669333745
9258,en dicha área,3,6.638354669333745
9259,en diversas,2,6.638354669333745
9260,en diversas materias,3,6.638354669333745
9261,en ductos,2,6.638354669333745
9262,en ductos o,3,6.638354669333745
9263,en ecosistemas,2,6.638354669333745
9264,en ecosistemas entre,3,6.638354669333745
9265,en educación,2,6.638354669333745
9266,en educación energética,3,6.638354669333745
9267,en el,2,2.3616885503176905
9268,en el 11,3,6.638354669333745
9269,en el 149,3,6.638354669333745
9270,en el 39,3,6.638354669333745
9271,en el 66,3,6.638354669333745
9272,en el abatimiento,3,6.638354669333745
9273,en el acuerdo,3,6.638354669333745
9274,en el anteproyecto,3,6.638354669333745
9275,en el artículo,3,3.834994288427211
9276,en el caso,3,4.846595200105691
9277,en el cfr,3,5.945207488773801
9278,en el control,3,6.638354669333745
9279,en el cual,3,6.232889561225582
9280,en el cálculo,3,6.638354669333745
9281,en el decreto,3,5.945207488773801
9282,en el del,3,6.638354669333745
9283,en el diario,3,4.93360657709532
9284,en el diseño,3,6.638354669333745
9285,en el diésel,3,6.638354669333745
9286,en el ds,3,5.134277272557472
9287,en el espacio,3,5.945207488773801
9288,en el gráfico,3,5.722063937459591
9289,en el inciso,3,5.945207488773801
9290,en el intertanto,3,6.232889561225582
9291,en el llamado,3,6.638354669333745
9292,en el marco,3,5.385591700838378
9293,en el mercado,3,6.638354669333745
9294,en el mes,3,6.638354669333745
9295,en el mismo,3,6.638354669333745
9296,en el número,3,6.638354669333745
9297,en el periodo,3,6.638354669333745
9298,en el plan,3,6.638354669333745
9299,en el plantel,3,6.638354669333745
9300,en el plazo,3,5.134277272557472
9301,en el ppda,3,6.232889561225582
9302,en el presente,3,4.441130091997526
9303,en el proceso,3,5.539742380665636
9304,en el punto,3,6.638354669333745
9305,en el que,3,6.232889561225582
9306,en el registro,3,5.945207488773801
9307,en el respectivo,3,6.638354669333745
9308,en el sector,3,6.232889561225582
9309,en el seia,3,6.638354669333745
9310,en el siguiente,3,6.638354669333745
9311,en el sistema,3,6.638354669333745
9312,en el sitio,3,6.232889561225582
9313,en el uso,3,5.945207488773801
9314,en el volumen,3,6.638354669333745
9315,en el ámbito,3,6.232889561225582
9316,en emisiones,2,5.945207488773801
9317,en emisiones de,3,6.232889561225582
9318,en emisiones ton,3,6.638354669333745
9319,en especial,2,6.638354669333745
9320,en especial se,3,6.638354669333745
9321,en esta,2,6.638354669333745
9322,en esta etapa,3,6.638354669333745
9323,en establecimientos,2,6.232889561225582
9324,en establecimientos educacionales,3,6.232889561225582
9325,en estado,2,5.945207488773801
9326,en estado de,3,5.945207488773801
9327,en estas,2,6.638354669333745
9328,en estas 34,3,6.638354669333745
9329,en este,2,5.385591700838378
9330,en este análisis,3,6.638354669333745
9331,en este artículo,3,6.232889561225582
9332,en este plan,3,6.638354669333745
9333,en este proceso,3,6.638354669333745
9334,en este tipo,3,6.638354669333745
9335,en forma,2,5.945207488773801
9336,en forma exclusiva,3,5.945207488773801
9337,en fuentes,2,6.638354669333745
9338,en fuentes móviles,3,6.638354669333745
9339,en funcionamiento,2,6.638354669333745
9340,en funcionamiento continuo,3,6.638354669333745
9341,en horas,2,6.638354669333745
9342,en horas para,3,6.638354669333745
9343,en hoteles,2,6.638354669333745
9344,en hoteles u,3,6.638354669333745
9345,en inglés,2,6.232889561225582
9346,en julio,2,6.638354669333745
9347,en julio de,3,6.638354669333745
9348,en la,2,2.471689445532019
9349,en la atmósfera,3,6.638354669333745
9350,en la calidad,3,6.232889561225582
9351,en la capacidad,3,6.638354669333745
9352,en la concentración,3,6.638354669333745
9353,en la construcción,3,6.638354669333745
9354,en la contaminación,3,6.638354669333745
9355,en la creación,3,6.638354669333745
9356,en la cual,3,6.232889561225582
9357,en la cuenca,3,6.638354669333745
9358,en la disminución,3,6.232889561225582
9359,en la disposición,3,6.638354669333745
9360,en la elaboración,3,5.945207488773801
9361,en la estación,3,6.638354669333745
9362,en la evolución,3,6.638354669333745
9363,en la forma,3,6.638354669333745
9364,en la gasolina,3,6.638354669333745
9365,en la implementación,3,6.232889561225582
9366,en la incidencia,3,6.638354669333745
9367,en la industria,3,6.638354669333745
9368,en la infraestructura,3,6.638354669333745
9369,en la ley,3,5.945207488773801
9370,en la madera,3,6.638354669333745
9371,en la mejora,3,6.232889561225582
9372,en la norma,3,4.623451648791481
9373,en la normativa,3,6.638354669333745
9374,en la nómina,3,6.232889561225582
9375,en la ocurrencia,3,6.638354669333745
9376,en la provincia,3,5.945207488773801
9377,en la página,3,6.638354669333745
9378,en la reducción,3,5.722063937459591
9379,en la región,3,3.642622395779755
9380,en la resolución,3,6.638354669333745
9381,en la salud,3,5.539742380665636
9382,en la sección,3,6.638354669333745
9383,en la siguiente,3,5.2520603082138555
9384,en la tabla,3,4.11262602502549
9385,en la visibilidad,3,6.638354669333745
9386,en la vía,3,6.638354669333745
9387,en la zona,3,5.028916756899646
9388,en laboratorio,2,6.638354669333745
9389,en laboratorio iso,3,6.638354669333745
9390,en laboratorios,2,6.638354669333745
9391,en laboratorios de,3,6.638354669333745
9392,en labores,2,6.638354669333745
9393,en labores de,3,6.638354669333745
9394,en las,2,4.1534480195457455
9395,en las bases,3,6.638354669333745
9396,en las comunas,3,5.945207488773801
9397,en las concentraciones,3,6.638354669333745
9398,en las condiciones,3,6.638354669333745
9399,en las dependencias,3,6.638354669333745
9400,en las estaciones,3,6.638354669333745
9401,en las figuras,3,6.638354669333745
9402,en las instalaciones,3,6.638354669333745
9403,en las mayores,3,6.638354669333745
9404,en las mismas,3,6.638354669333745
9405,en las normas,3,6.638354669333745
9406,en las primeras,3,6.638354669333745
9407,en las páginas,3,6.638354669333745
9408,en las que,3,6.638354669333745
9409,en las respectivas,3,6.638354669333745
9410,en las siguientes,3,5.945207488773801
9411,en las tablas,3,6.638354669333745
9412,en las tintas,3,6.638354669333745
9413,en las viviendas,3,6.638354669333745
9414,en las zonas,3,6.638354669333745
9415,en lo,2,6.638354669333745
9416,en lo que,3,6.638354669333745
9417,en los,2,3.897514645408545
9418,en los artículos,3,5.539742380665636
9419,en los beneficios,3,6.232889561225582
9420,en los calefactores,3,6.638354669333745
9421,en los casos,3,6.232889561225582
9422,en los cuales,3,6.232889561225582
9423,en los gases,3,6.638354669333745
9424,en los literales,3,6.232889561225582
9425,en los llamados,3,6.638354669333745
9426,en los mercados,3,6.638354669333745
9427,en los patrones,3,6.638354669333745
9428,en los periodos,3,6.638354669333745
9429,en los planes,3,6.638354669333745
9430,en los plazos,3,5.945207488773801
9431,en los programas,3,6.638354669333745
9432,en los promedios,3,6.638354669333745
9433,en los puntos,3,6.638354669333745
9434,en los referidos,3,6.638354669333745
9435,en los sistemas,3,6.638354669333745
9436,en los temas,3,6.638354669333745
9437,en los terrenos,3,6.638354669333745
9438,en los ámbitos,3,6.638354669333745
9439,en los últimos,3,6.638354669333745
9440,en línea,2,6.638354669333745
9441,en línea con,3,6.638354669333745
9442,en marcha,2,6.638354669333745
9443,en marcha en,3,6.638354669333745
9444,en masa,2,6.638354669333745
9445,en masa de,3,6.638354669333745
9446,en materia,2,5.945207488773801
9447,en materia de,3,5.945207488773801
9448,en materiales,2,6.638354669333745
9449,en materiales efectos,3,6.638354669333745
9450,en materias,2,5.945207488773801
9451,en materias asociadas,3,6.638354669333745
9452,en materias de,3,6.232889561225582
9453,en medios,2,6.638354669333745
9454,en medios de,3,6.638354669333745
9455,en menor,2,6.232889561225582
9456,en menor medida,3,6.232889561225582
9457,en miligramos,2,6.232889561225582
9458,en miligramos kilowatt,3,6.232889561225582
9459,en modo,2,6.638354669333745
9460,en modo fijo,3,6.638354669333745
9461,en ningún,2,6.232889561225582
9462,en ningún caso,3,6.232889561225582
9463,en operación,2,5.385591700838378
9464,en operación 12,3,6.638354669333745
9465,en operación a,3,6.232889561225582
9466,en operación ante,3,6.638354669333745
9467,en operación dentro,3,6.232889561225582
9468,en otras,2,5.945207488773801
9469,en otras ciudades,3,6.638354669333745
9470,en otras comunas,3,6.638354669333745
9471,en otras normativas,3,6.638354669333745
9472,en pacientes,2,6.638354669333745
9473,en pacientes con,3,6.638354669333745
9474,en paine,2,6.638354669333745
9475,en paine constituyen,3,6.638354669333745
9476,en particular,2,6.638354669333745
9477,en particular el,3,6.638354669333745
9478,en patios,2,6.638354669333745
9479,en patios de,3,6.638354669333745
9480,en piso,2,6.232889561225582
9481,en piso deberán,3,6.232889561225582
9482,en planteles,2,5.945207488773801
9483,en planteles de,3,5.945207488773801
9484,en porcentaje,2,6.638354669333745
9485,en porcentaje se,3,6.638354669333745
9486,en preemergencia,2,6.638354669333745
9487,en preemergencia y,3,6.638354669333745
9488,en pruebas,2,6.638354669333745
9489,en pruebas experimentales,3,6.638354669333745
9490,en que,2,5.2520603082138555
9491,en que el,3,6.638354669333745
9492,en que informará,3,6.638354669333745
9493,en que predominan,3,6.638354669333745
9494,en que se,3,5.722063937459591
9495,en red,2,6.638354669333745
9496,en reemplazo,2,6.638354669333745
9497,en reemplazo de,3,6.638354669333745
9498,en relación,2,6.232889561225582
9499,en relación a,3,6.638354669333745
9500,en relación con,3,6.638354669333745
9501,en resumen,2,6.638354669333745
9502,en resumen el,3,6.638354669333745
9503,en salud,2,6.232889561225582
9504,en salud conductas,3,6.638354669333745
9505,en santiago,2,6.638354669333745
9506,en santiago en,3,6.638354669333745
9507,en situaciones,2,5.945207488773801
9508,en situaciones de,3,5.945207488773801
9509,en su,2,5.385591700838378
9510,en su contribución,3,6.638354669333745
9511,en su equipamiento,3,6.638354669333745
9512,en su esencia,3,6.638354669333745
9513,en su norma,3,6.232889561225582
9514,en su sitio,3,6.638354669333745
9515,en sus,2,5.722063937459591
9516,en sus normas,3,6.638354669333745
9517,en sus respectivos,3,6.232889561225582
9518,en sus uniones,3,6.638354669333745
9519,en suspensión,2,5.945207488773801
9520,en suspensión o,3,6.638354669333745
9521,en suspensión ozono,3,6.232889561225582
9522,en tanto,2,6.638354669333745
9523,en tanto no,3,6.638354669333745
9524,en terreno,2,6.638354669333745
9525,en terreno descrito,3,6.638354669333745
9526,en toda,2,5.2520603082138555
9527,en toda el,3,6.638354669333745
9528,en toda la,3,5.385591700838378
9529,en todas,2,6.638354669333745
9530,en todas las,3,6.638354669333745
9531,en todo,2,5.028916756899646
9532,en todo lo,3,5.028916756899646
9533,en términos,2,5.539742380665636
9534,en términos de,3,5.722063937459591
9535,en términos tecnológicos,3,6.638354669333745
9536,en un,2,4.11262602502549
9537,en un aumento,3,6.638354669333745
9538,en un lugar,3,5.945207488773801
9539,en un mejoramiento,3,6.638354669333745
9540,en un periodo,3,6.638354669333745
9541,en un plazo,3,4.441130091997526
9542,en un sector,3,6.638354669333745
9543,en una,2,6.638354669333745
9544,en una importante,3,6.638354669333745
9545,en valor,2,6.638354669333745
9546,en valor presente,3,6.638354669333745
9547,en valores,2,6.638354669333745
9548,en valores iguales,3,6.638354669333745
9549,en vigencia,2,3.157114579998054
9550,en vigencia del,3,3.22062798572038
9551,en vigencia la,3,6.638354669333745
9552,en vigencia las,3,5.945207488773801
9553,en virtud,2,6.638354669333745
9554,en virtud de,3,6.638354669333745
9555,en visibilidad,2,6.638354669333745
9556,en visibilidad en,3,6.638354669333745
9557,en zonas,2,6.638354669333745
9558,en zonas urbanas,3,6.638354669333745
9559,en µg,2,6.638354669333745
9560,en µg m3,3,6.638354669333745
9561,en épocas,2,6.638354669333745
9562,en épocas de,3,6.638354669333745
9563,encargada,1,6.232889561225582
9564,encargada de,2,6.232889561225582
9565,encargada de fiscalizar,3,6.638354669333745
9566,encargada de la,3,6.638354669333745
9567,encargará,1,6.638354669333745
9568,encargará un,2,6.638354669333745
9569,encargará un estudio,3,6.638354669333745
9570,encendido,1,5.722063937459591
9571,encendido del,2,6.638354669333745
9572,encendido del motor,3,6.638354669333745
9573,encendido por,2,5.945207488773801
9574,encendido por chispa,3,6.638354669333745
9575,encendido por compresión,3,6.232889561225582
9576,encendidos,1,6.638354669333745
9577,encendidos durante,2,6.638354669333745
9578,encendidos durante un,3,6.638354669333745
9579,encierran,1,6.638354669333745
9580,encierran hacia,2,6.638354669333745
9581,encierran hacia el,3,6.638354669333745
9582,encuentra,1,5.134277272557472
9583,encuentra disponible,2,6.638354669333745
9584,encuentra disponible en,3,6.638354669333745
9585,encuentra en,2,5.722063937459591
9586,encuentra en condición,3,6.638354669333745
9587,encuentra en estado,3,5.945207488773801
9588,encuentra operando,2,5.945207488773801
9589,encuentra operando a,3,5.945207488773801
9590,encuentran,1,6.232889561225582
9591,encuentran deteriorados,2,6.638354669333745
9592,encuentran deteriorados o,3,6.638354669333745
9593,encuentran funcionando,2,6.638354669333745
9594,encuentran funcionando con,3,6.638354669333745
9595,encuentre,1,5.722063937459591
9596,encuentre centralizada,2,6.638354669333745
9597,encuentre centralizada en,3,6.638354669333745
9598,encuentre detenido,2,6.638354669333745
9599,encuentre detenido por,3,6.638354669333745
9600,encuentre en,2,6.638354669333745
9601,encuentre en un,3,6.638354669333745
9602,encuentre vigente,2,6.638354669333745
9603,encuentre vigente la,3,6.638354669333745
9604,encuentren,1,5.945207488773801
9605,encuentren en,2,6.232889561225582
9606,encuentren en la,3,6.232889561225582
9607,encuentren por,2,6.638354669333745
9608,encuentren por debajo,3,6.638354669333745
9609,endoteliales,1,6.638354669333745
9610,endoteliales y,2,6.638354669333745
9611,endoteliales y vasculares,3,6.638354669333745
9612,energética,1,5.539742380665636
9613,energética para,2,5.722063937459591
9614,energética para el,3,6.638354669333745
9615,energética para equipos,3,6.638354669333745
9616,energética para la,3,6.638354669333745
9617,energética para promover,3,6.638354669333745
9618,energética pasó,2,6.638354669333745
9619,energética pasó de,3,6.638354669333745
9620,energéticas,1,6.638354669333745
9621,energéticos,1,6.232889561225582
9622,energéticos entre,2,6.638354669333745
9623,energéticos entre ellos,3,6.638354669333745
9624,energéticos y,2,6.638354669333745
9625,energéticos y tecnologías,3,6.638354669333745
9626,energía,1,4.846595200105691
9627,energía dentro,2,6.638354669333745
9628,energía dentro de,3,6.638354669333745
9629,energía eléctrica,2,6.638354669333745
9630,energía eléctrica o,3,6.638354669333745
9631,energía en,2,5.945207488773801
9632,energía en conjunto,3,6.638354669333745
9633,energía en el,3,6.232889561225582
9634,energía evaluarán,2,6.638354669333745
9635,energía evaluarán diferentes,3,6.638354669333745
9636,energía podrá,2,6.638354669333745
9637,energía podrá dictar,3,6.638354669333745
9638,energía que,2,6.638354669333745
9639,energía que impacten,3,6.638354669333745
9640,energía rm,2,6.232889561225582
9641,energía rm fomentará,3,6.638354669333745
9642,energía rm y,3,6.638354669333745
9643,energía sustentable,2,6.638354669333745
9644,energía sustentable para,3,6.638354669333745
9645,energía térmica,2,6.638354669333745
9646,energía térmica y,3,6.638354669333745
9647,energía y,2,6.638354669333745
9648,energía y la,3,6.638354669333745
9649,energías,1,6.638354669333745
9650,energías renovables,2,6.638354669333745
9651,energías renovables no,3,6.638354669333745
9652,enero,1,5.722063937459591
9653,enero de,2,6.232889561225582
9654,enero de 1999,3,6.638354669333745
9655,enero de 2024,3,6.638354669333745
9656,enero del,2,6.232889561225582
9657,enero del 2020,3,6.638354669333745
9658,enero del 2022,3,6.638354669333745
9659,enfermedad,1,6.638354669333745
9660,enfermedad cardiovascular,2,6.638354669333745
9661,enfermedad cardiovascular exacerbación,3,6.638354669333745
9662,enfermedad pulmonar,2,6.638354669333745
9663,enfermedad pulmonar obstructiva,3,6.638354669333745
9664,enfrentar,1,6.638354669333745
9665,enfrentar los,2,6.638354669333745
9666,enfrentar los episodios,3,6.638354669333745
9667,engines,1,5.945207488773801
9668,engorda,1,5.945207488773801
9669,engorda crianza,2,6.638354669333745
9670,engorda crianza reproductoras,3,6.638354669333745
9671,engorda postura,2,6.638354669333745
9672,engorda postura y,3,6.638354669333745
9673,engorda y,2,6.638354669333745
9674,engorda y o,3,6.638354669333745
9675,ensayo,1,6.638354669333745
9676,entenderá,1,5.945207488773801
9677,entenderá por,2,5.945207488773801
9678,entenderá por comunas,3,6.638354669333745
9679,entenderá por corredores,3,6.638354669333745
9680,entenderá por emisiones,3,6.638354669333745
9681,entendido,1,6.638354669333745
9682,entendido como,2,6.638354669333745
9683,entendido como el,3,6.638354669333745
9684,entendiendo,1,6.232889561225582
9685,entendiendo por,2,6.232889561225582
9686,entendiendo por tal,3,6.232889561225582
9687,entidad,1,6.638354669333745
9688,entidad encargada,2,6.638354669333745
9689,entidad encargada de,3,6.638354669333745
9690,entiende,1,6.638354669333745
9691,entiende por,2,6.638354669333745
9692,entiende por situación,3,6.638354669333745
9693,entra,1,5.945207488773801
9694,entra en,2,5.945207488773801
9695,entra en operación,3,5.945207488773801
9696,entrada,1,3.22062798572038
9697,entrada en,2,3.22062798572038
9698,entrada en vigencia,3,3.22062798572038
9699,entrar,1,6.232889561225582
9700,entrar en,2,6.232889561225582
9701,entrar en operación,3,6.638354669333745
9702,entrar en vigencia,3,6.638354669333745
9703,entre,1,4.3357695763397
9704,entre de,2,6.638354669333745
9705,entre de mayo,3,6.638354669333745
9706,entre diversos,2,6.638354669333745
9707,entre diversos tipos,3,6.638354669333745
9708,entre diésel,2,6.638354669333745
9709,entre diésel y,3,6.638354669333745
9710,entre ellos,2,6.638354669333745
9711,entre ellos electricidad,3,6.638354669333745
9712,entre en,2,6.232889561225582
9713,entre en operación,3,6.232889561225582
9714,entre fuentes,2,6.638354669333745
9715,entre fuentes o,3,6.638354669333745
9716,entre la,2,6.638354669333745
9717,entre la cordillera,3,6.638354669333745
9718,entre las,2,6.232889561225582
9719,entre las concentraciones,3,6.638354669333745
9720,entre las masas,3,6.638354669333745
9721,entre los,2,5.945207488773801
9722,entre los años,3,6.232889561225582
9723,entre los diferentes,3,6.638354669333745
9724,entre otras,2,6.232889561225582
9725,entre otras medidas,3,6.638354669333745
9726,entre otros,2,5.722063937459591
9727,entre otros telemedición,3,6.638354669333745
9728,entre una,2,6.638354669333745
9729,entre una fuente,3,6.638354669333745
9730,entrega,1,5.945207488773801
9731,entrega de,2,5.945207488773801
9732,entrega de los,3,6.638354669333745
9733,entrega de material,3,6.638354669333745
9734,entrega de subsidios,3,6.638354669333745
9735,entregada,1,6.232889561225582
9736,entregada al,2,6.638354669333745
9737,entregada al ministerio,3,6.638354669333745
9738,entregada por,2,6.638354669333745
9739,entregada por el,3,6.638354669333745
9740,entregados,1,6.638354669333745
9741,entregados por,2,6.638354669333745
9742,entregados por la,3,6.638354669333745
9743,entregar,1,6.232889561225582
9744,entregar en,2,6.638354669333745
9745,entregar en julio,3,6.638354669333745
9746,entregar información,2,6.638354669333745
9747,entregar información que,3,6.638354669333745
9748,entren,1,5.945207488773801
9749,entren en,2,5.945207488773801
9750,entren en vigencia,3,5.945207488773801
9751,enviarán,1,6.638354669333745
9752,enviarán a,2,6.638354669333745
9753,enviarán a la,3,6.638354669333745
9754,envío,1,6.638354669333745
9755,envío de,2,6.638354669333745
9756,envío de un,3,6.638354669333745
9757,epa,1,5.385591700838378
9758,epa en,2,6.638354669333745
9759,epa en el,3,6.638354669333745
9760,epa equivalente,2,6.638354669333745
9761,epa equivalente a,3,6.638354669333745
9762,epa indicados,2,5.945207488773801
9763,epa indicados en,3,5.945207488773801
9764,episodio,1,5.945207488773801
9765,episodio crítico,2,6.232889561225582
9766,episodio crítico cuando,3,6.638354669333745
9767,episodio crítico o,3,6.638354669333745
9768,episodio más,2,6.638354669333745
9769,episodio más desfavorable,3,6.638354669333745
9770,episodios,1,4.441130091997526
9771,episodios constatados,2,6.638354669333745
9772,episodios constatados para,3,6.638354669333745
9773,episodios críticos,2,5.134277272557472
9774,episodios críticos alerta,3,6.638354669333745
9775,episodios críticos de,3,5.945207488773801
9776,episodios críticos gec,3,6.232889561225582
9777,episodios críticos por,3,6.232889561225582
9778,episodios críticos que,3,6.638354669333745
9779,episodios de,2,5.945207488773801
9780,episodios de alerta,3,6.638354669333745
9781,episodios de contaminación,3,6.638354669333745
9782,episodios de preemergencia,3,6.638354669333745
9783,episodios decretados,2,6.232889561225582
9784,episodios decretados por,3,6.232889561225582
9785,episodios para,2,6.638354669333745
9786,episodios para mp10,3,6.638354669333745
9787,episodios por,2,6.232889561225582
9788,episodios por mp10,3,6.638354669333745
9789,episodios por mp2,3,6.638354669333745
9790,episodios según,2,6.638354669333745
9791,episodios según se,3,6.638354669333745
9792,equipados,1,6.638354669333745
9793,equipados con,2,6.638354669333745
9794,equipados con elementos,3,6.638354669333745
9795,equipamiento,1,6.638354669333745
9796,equipamiento y,2,6.638354669333745
9797,equipamiento y lugares,3,6.638354669333745
9798,equipo,1,5.945207488773801
9799,equipo en,2,6.638354669333745
9800,equipo en funcionamiento,3,6.638354669333745
9801,equipo industrial,2,6.638354669333745
9802,equipo industrial portátil,3,6.638354669333745
9803,equipo informada,2,6.638354669333745
9804,equipo informada por,3,6.638354669333745
9805,equipos,1,5.2520603082138555
9806,equipos de,2,5.539742380665636
9807,equipos de calefacción,3,6.232889561225582
9808,equipos de captura,3,6.232889561225582
9809,equipos de incineración,3,6.638354669333745
9810,equipos ferroviarios,2,6.638354669333745
9811,equipos ferroviarios que,3,6.638354669333745
9812,equipos y,2,6.638354669333745
9813,equipos y sus,3,6.638354669333745
9814,equivalencia,1,6.638354669333745
9815,equivalencia en,2,6.638354669333745
9816,equivalencia en términos,3,6.638354669333745
9817,equivalente,1,5.2520603082138555
9818,equivalente a,2,6.638354669333745
9819,equivalente a partir,3,6.638354669333745
9820,equivalente de,2,5.945207488773801
9821,equivalente de la,3,5.945207488773801
9822,equivalente del,2,6.638354669333745
9823,equivalente del primer,3,6.638354669333745
9824,equivalente indicadas,2,6.638354669333745
9825,equivalente indicadas en,3,6.638354669333745
9826,equivalente ni,2,6.638354669333745
9827,equivalente ni la,3,6.638354669333745
9828,equivalente pero,2,6.638354669333745
9829,equivalente pero no,3,6.638354669333745
9830,equivalente por,2,6.232889561225582
9831,equivalente por marca,3,6.232889561225582
9832,equivalente tomando,2,6.638354669333745
9833,equivalente tomando en,3,6.638354669333745
9834,equivalente y,2,6.638354669333745
9835,equivalente y de,3,6.638354669333745
9836,equivalentes,1,6.232889561225582
9837,equivalentes es,2,6.232889561225582
9838,equivalentes es decir,3,6.232889561225582
9839,ernc,1,6.638354669333745
9840,ernc cogeneración,2,6.638354669333745
9841,ernc cogeneración o,3,6.638354669333745
9842,erosión,1,6.638354669333745
9843,erosión de,2,6.638354669333745
9844,erosión de la,3,6.638354669333745
9845,es,1,3.693915690167305
9846,es altamente,2,6.638354669333745
9847,es altamente rentable,3,6.638354669333745
9848,es aquel,2,6.232889561225582
9849,es aquel grupo,3,6.638354669333745
9850,es aquel proceso,3,6.638354669333745
9851,es aquella,2,6.638354669333745
9852,es aquella fuente,3,6.638354669333745
9853,es aún,2,6.638354669333745
9854,es aún insuficiente,3,6.638354669333745
9855,es comercializado,2,6.638354669333745
9856,es comercializado con,3,6.638354669333745
9857,es cumplir,2,6.638354669333745
9858,es cumplir las,3,6.638354669333745
9859,es decir,2,5.945207488773801
9860,es decir en,3,6.638354669333745
9861,es decir la,3,6.232889561225582
9862,es decisivo,2,6.638354669333745
9863,es decisivo en,3,6.638354669333745
9864,es del,2,6.638354669333745
9865,es del siguiente,3,6.638354669333745
9866,es el,2,6.638354669333745
9867,es el de,3,6.638354669333745
9868,es en,2,6.638354669333745
9869,es en la,3,6.638354669333745
9870,es enfrentar,2,6.638354669333745
9871,es enfrentar los,3,6.638354669333745
9872,es informar,2,6.638354669333745
9873,es informar oportuna,3,6.638354669333745
9874,es la,2,5.945207488773801
9875,es la cocción,3,6.232889561225582
9876,es la que,3,6.638354669333745
9877,es necesario,2,5.945207488773801
9878,es necesario implementar,3,6.232889561225582
9879,es necesario incorporar,3,6.638354669333745
9880,es para,2,6.638354669333745
9881,es para una,3,6.638354669333745
9882,es posible,2,5.945207488773801
9883,es posible alcanzar,3,6.638354669333745
9884,es posible concluir,3,6.638354669333745
9885,es posible determinar,3,6.638354669333745
9886,es producido,2,6.638354669333745
9887,es producido por,3,6.638354669333745
9888,es que,2,6.232889561225582
9889,es que generen,3,6.638354669333745
9890,es que permitan,3,6.638354669333745
9891,es si,2,6.638354669333745
9892,es si sumamos,3,6.638354669333745
9893,es toda,2,6.232889561225582
9894,es toda actividad,3,6.638354669333745
9895,es toda fuente,3,6.638354669333745
9896,es un,2,5.945207488773801
9897,es un agente,3,6.638354669333745
9898,es un contaminante,3,6.638354669333745
9899,es un instrumento,3,6.638354669333745
9900,es una,2,6.638354669333745
9901,es una región,3,6.638354669333745
9902,es y,2,6.638354669333745
9903,es y o,3,6.638354669333745
9904,es y que,3,6.638354669333745
9905,escala,1,5.945207488773801
9906,escala de,2,6.638354669333745
9907,escala de ringelmann,3,6.638354669333745
9908,escala residencial,2,6.638354669333745
9909,escala residencial y,3,6.638354669333745
9910,escala sinóptica,2,6.638354669333745
9911,escala sinóptica y,3,6.638354669333745
9912,escape,1,5.385591700838378
9913,escape de,2,6.638354669333745
9914,escape de los,3,6.638354669333745
9915,escape en,2,6.232889561225582
9916,escape en miligramos,3,6.232889561225582
9917,escape obtenidos,2,6.638354669333745
9918,escape obtenidos en,3,6.638354669333745
9919,escape por,2,6.638354669333745
9920,escape por más,3,6.638354669333745
9921,escaso,1,6.638354669333745
9922,escaso desarrollo,2,6.638354669333745
9923,escaso desarrollo de,3,6.638354669333745
9924,escolar,1,5.945207488773801
9925,escolares,1,6.638354669333745
9926,escolares cuando,2,6.638354669333745
9927,escolares cuando éste,3,6.638354669333745
9928,esencia,1,6.638354669333745
9929,esencia dan,2,6.638354669333745
9930,esencia dan origen,3,6.638354669333745
9931,esfuerzos,1,5.945207488773801
9932,esfuerzos de,2,6.638354669333745
9933,esfuerzos de la,3,6.638354669333745
9934,esfuerzos en,2,6.638354669333745
9935,esfuerzos en la,3,6.638354669333745
9936,esfuerzos que,2,6.638354669333745
9937,esfuerzos que se,3,6.638354669333745
9938,espacio,1,5.945207488773801
9939,espacio en,2,6.232889561225582
9940,espacio en que,3,6.232889561225582
9941,espacio público17,2,6.638354669333745
9942,espacios,1,6.232889561225582
9943,espacios públicos,2,6.638354669333745
9944,espacios públicos en,3,6.638354669333745
9945,espacios según,2,6.638354669333745
9946,espacios según las,3,6.638354669333745
9947,espacios urbanizados,2,6.638354669333745
9948,especial,1,6.638354669333745
9949,especial se,2,6.638354669333745
9950,especial se han,3,6.638354669333745
9951,especiales,1,5.945207488773801
9952,especiales para,2,6.638354669333745
9953,especiales para el,3,6.638354669333745
9954,especiales y,2,6.232889561225582
9955,especiales y excepciones,3,6.232889561225582
9956,especializada,1,6.638354669333745
9957,especializada así,2,6.638354669333745
9958,especializada así como,3,6.638354669333745
9959,especialmente,1,5.539742380665636
9960,especialmente contratados,2,6.638354669333745
9961,especialmente contratados para,3,6.638354669333745
9962,especialmente en,2,5.945207488773801
9963,especialmente en aquellas,3,5.945207488773801
9964,especialmente la,2,6.638354669333745
9965,especialmente la fracción,3,6.638354669333745
9966,especificaciones,1,5.722063937459591
9967,especificaciones de,2,6.638354669333745
9968,especificaciones de los,3,6.638354669333745
9969,especificaciones técnicas,2,6.638354669333745
9970,especificaciones técnicas de,3,6.638354669333745
9971,especificaciones y,2,6.638354669333745
9972,especificaciones y clases,3,6.638354669333745
9973,especificación,1,6.638354669333745
9974,especificación de,2,6.638354669333745
9975,especificación de leña,3,6.638354669333745
9976,especificados,1,6.638354669333745
9977,especificados de,2,6.638354669333745
9978,especificados de acuerdo,3,6.638354669333745
9979,específicamente,1,6.638354669333745
9980,específicamente se,2,6.638354669333745
9981,específicamente se valoran,3,6.638354669333745
9982,esta,1,4.073405311872209
9983,esta categoría,2,6.638354669333745
9984,esta categoría de,3,6.638354669333745
9985,esta disposición,2,6.638354669333745
9986,esta disposición se,3,6.638354669333745
9987,esta etapa,2,6.638354669333745
9988,esta etapa de,3,6.638354669333745
9989,esta evaluación,2,6.638354669333745
9990,esta evaluación se,3,6.638354669333745
9991,esta exigencia,2,5.539742380665636
9992,esta exigencia a,3,6.638354669333745
9993,esta exigencia aquellas,3,6.638354669333745
9994,esta exigencia los,3,6.638354669333745
9995,esta medición,2,6.638354669333745
9996,esta medición será,3,6.638354669333745
9997,esta medida,2,5.134277272557472
9998,esta medida corresponderá,3,6.638354669333745
9999,esta medida el,3,6.638354669333745
10000,esta medida para,3,6.638354669333745
10001,esta medida será,3,6.232889561225582
10002,esta medida y,3,6.638354669333745
10003,esta menor,2,6.638354669333745
10004,esta menor contaminación,3,6.638354669333745
10005,esta meta,2,6.638354669333745
10006,esta meta de,3,6.638354669333745
10007,esta nueva,2,6.638354669333745
10008,esta nueva normativa,3,6.638354669333745
10009,esta obligación,2,6.638354669333745
10010,esta prohibición,2,6.638354669333745
10011,esta prohibición a,3,6.638354669333745
10012,esta propiedad,2,6.638354669333745
10013,esta propiedad se,3,6.638354669333745
10014,esta superintendencia,2,6.638354669333745
10015,esta superintendencia deberá,3,6.638354669333745
10016,esta zona,2,6.638354669333745
10017,estabilidad,1,5.539742380665636
10018,estabilidad atmosférica,2,6.232889561225582
10019,estabilidad atmosférica donde,3,6.638354669333745
10020,estabilidad atmosférica los,3,6.638354669333745
10021,estabilidad con,2,6.638354669333745
10022,estabilidad con una,3,6.638354669333745
10023,estabilidad dinámica,2,6.638354669333745
10024,estabilidad dinámica de,3,6.638354669333745
10025,estabilidad local,2,6.638354669333745
10026,estabilidad local observados,3,6.638354669333745
10027,estabilización,1,6.638354669333745
10028,estabilización de,2,6.638354669333745
10029,estabilización de bermas,3,6.638354669333745
10030,establece,1,4.93360657709532
10031,establece el,2,5.945207488773801
10032,establece el 54,3,6.638354669333745
10033,establece el presente,3,6.232889561225582
10034,establece la,2,5.722063937459591
10035,establece la norma,3,6.232889561225582
10036,establece la prohibición,3,6.232889561225582
10037,establece norma,2,6.232889561225582
10038,establece norma de,3,6.232889561225582
10039,establece para,2,6.638354669333745
10040,establece para iniciar,3,6.638354669333745
10041,establecer,1,4.7665524924321545
10042,establecer a,2,6.638354669333745
10043,establecer a los,3,6.638354669333745
10044,establecer el,2,6.638354669333745
10045,establecer el protocolo,3,6.638354669333745
10046,establecer entre,2,6.638354669333745
10047,establecer entre otras,3,6.638354669333745
10048,establecer fundadamente,2,6.638354669333745
10049,establecer fundadamente previo,3,6.638354669333745
10050,establecer la,2,6.232889561225582
10051,establecer la norma,3,6.638354669333745
10052,establecer la obligación,3,6.638354669333745
10053,establecer las,2,6.638354669333745
10054,establecer las características,3,6.638354669333745
10055,establecer los,2,6.638354669333745
10056,establecer los protocolos,3,6.638354669333745
10057,establecer medidas,2,6.232889561225582
10058,establecer medidas de,3,6.638354669333745
10059,establecer medidas para,3,6.638354669333745
10060,establecer regulaciones,2,6.638354669333745
10061,establecer regulaciones en,3,6.638354669333745
10062,establecer un,2,6.638354669333745
10063,establecer un control,3,6.638354669333745
10064,establecida,1,5.385591700838378
10065,establecida en,2,5.722063937459591
10066,establecida en el,3,5.945207488773801
10067,establecida en la,3,6.638354669333745
10068,establecida por,2,6.232889561225582
10069,establecida por el,3,6.232889561225582
10070,establecidas,1,4.93360657709532
10071,establecidas en,2,5.134277272557472
10072,establecidas en el,3,5.2520603082138555
10073,establecidas en los,3,6.638354669333745
10074,establecido,1,4.035664983889362
10075,establecido en,2,4.073405311872209
10076,establecido en el,3,4.846595200105691
10077,establecido en este,3,6.638354669333745
10078,establecido en la,3,4.93360657709532
10079,establecido en los,3,6.638354669333745
10080,establecido por,2,6.638354669333745
10081,establecido por dicho,3,6.638354669333745
10082,establecidos,1,4.286979412170268
10083,establecidos en,2,4.558913127653909
10084,establecidos en el,3,5.2520603082138555
10085,establecidos en la,3,5.385591700838378
10086,establecidos en los,3,6.232889561225582
10087,establecidos para,2,5.945207488773801
10088,establecidos para la,3,5.945207488773801
10089,establecidos por,2,6.232889561225582
10090,establecidos por la,3,6.232889561225582
10091,establecimiento,1,4.846595200105691
10092,establecimiento de,2,5.945207488773801
10093,establecimiento de la,3,6.638354669333745
10094,establecimiento de normas,3,6.638354669333745
10095,establecimiento de un,3,6.638354669333745
10096,establecimiento existente,2,5.722063937459591
10097,establecimiento existente a,3,6.638354669333745
10098,establecimiento existente deberá,3,6.638354669333745
10099,establecimiento existente las,3,6.638354669333745
10100,establecimiento existente proponga,3,6.638354669333745
10101,establecimiento fuente,2,6.638354669333745
10102,establecimiento fuente y,3,6.638354669333745
10103,establecimiento incluido,2,6.638354669333745
10104,establecimiento incluido el,3,6.638354669333745
10105,establecimiento nuevo,2,6.638354669333745
10106,establecimiento nuevo a,3,6.638354669333745
10107,establecimiento que,2,6.232889561225582
10108,establecimiento que entra,3,6.638354669333745
10109,establecimiento que se,3,6.638354669333745
10110,establecimiento recintos,2,6.638354669333745
10111,establecimiento recintos o,3,6.638354669333745
10112,establecimiento y,2,6.638354669333745
10113,establecimiento y contaminante,3,6.638354669333745
10114,establecimientos,1,4.441130091997526
10115,establecimientos correspondientes,2,6.638354669333745
10116,establecimientos correspondientes a,3,6.638354669333745
10117,establecimientos de,2,6.638354669333745
10118,establecimientos de abastecimiento,3,6.638354669333745
10119,establecimientos educacionales,2,6.232889561225582
10120,establecimientos educacionales de,3,6.638354669333745
10121,establecimientos educacionales municipalidades,3,6.638354669333745
10122,establecimientos existentes,2,5.385591700838378
10123,establecimientos existentes como,3,6.638354669333745
10124,establecimientos existentes deberán,3,6.638354669333745
10125,establecimientos existentes en,3,6.638354669333745
10126,establecimientos existentes podrán,3,6.638354669333745
10127,establecimientos existentes su,3,6.638354669333745
10128,establecimientos existentes éstos,3,6.638354669333745
10129,establecimientos industriales,2,6.638354669333745
10130,establecimientos industriales o,3,6.638354669333745
10131,establecimientos nuevos,2,6.638354669333745
10132,establecimientos nuevos éstos,3,6.638354669333745
10133,establecimientos que,2,5.722063937459591
10134,establecimientos que cierren,3,6.638354669333745
10135,establecimientos que no,3,5.945207488773801
10136,establecimientos sujetos,2,6.638354669333745
10137,establecimientos sujetos a,3,6.638354669333745
10138,establezca,1,5.722063937459591
10139,establezca el,2,6.638354669333745
10140,establezca el contenido,3,6.638354669333745
10141,establezca la,2,6.638354669333745
10142,establezca la seremi,3,6.638354669333745
10143,establezca para,2,6.232889561225582
10144,establezca para este,3,6.638354669333745
10145,establezca para su,3,6.638354669333745
10146,estacionamiento,1,6.638354669333745
10147,estacionamiento sentidos,2,6.638354669333745
10148,estacionamiento sentidos y,3,6.638354669333745
10149,estacionaria,1,5.722063937459591
10150,estacionaria es,2,6.638354669333745
10151,estacionaria es toda,3,6.638354669333745
10152,estacionaria existente,2,6.638354669333745
10153,estacionaria existente aquella,3,6.638354669333745
10154,estacionaria no,2,6.638354669333745
10155,estacionaria no incluye,3,6.638354669333745
10156,estacionaria nueva,2,6.638354669333745
10157,estacionaria nueva es,3,6.638354669333745
10158,estacionaria que,2,6.232889561225582
10159,estacionaria que entra,3,6.638354669333745
10160,estacionaria que se,3,6.638354669333745
10161,estacionarias,1,4.558913127653909
10162,estacionarias cuya,2,6.638354669333745
10163,estacionarias cuya emisión,3,6.638354669333745
10164,estacionarias deberán,2,5.945207488773801
10165,estacionarias deberán cumplir,3,6.232889561225582
10166,estacionarias deberán informar,3,6.638354669333745
10167,estacionarias emisoras,2,6.638354669333745
10168,estacionarias emisoras deberán,3,6.638354669333745
10169,estacionarias pertenecientes,2,6.638354669333745
10170,estacionarias pertenecientes a,3,6.638354669333745
10171,estacionarias puntuales,2,6.232889561225582
10172,estacionarias puntuales y,3,6.232889561225582
10173,estacionarias que,2,6.232889561225582
10174,estacionarias que no,3,6.232889561225582
10175,estacionarias según,2,6.232889561225582
10176,estacionarias según lo,3,6.232889561225582
10177,estacionarias sujetas,2,6.638354669333745
10178,estacionarias sujetas al,3,6.638354669333745
10179,estacionario,1,6.638354669333745
10180,estacionario que,2,6.638354669333745
10181,estacionario que independiente,3,6.638354669333745
10182,estaciones,1,5.385591700838378
10183,estaciones a,2,6.638354669333745
10184,estaciones a la,3,6.638354669333745
10185,estaciones consideradas,2,6.638354669333745
10186,estaciones consideradas para,3,6.638354669333745
10187,estaciones de,2,5.945207488773801
10188,estaciones de la,3,6.638354669333745
10189,estaciones de quilicura,3,6.638354669333745
10190,estaciones de servicio,3,6.638354669333745
10191,estaciones hasta,2,6.638354669333745
10192,estaciones hasta el,3,6.638354669333745
10193,estaciones para,2,6.638354669333745
10194,estaciones para obtener,3,6.638354669333745
10195,estación,1,5.945207488773801
10196,estación de,2,6.232889561225582
10197,estación de cerro,3,6.638354669333745
10198,estación de monitoreo,3,6.638354669333745
10199,estación parque,2,6.638354669333745
10200,estación parque o,3,6.638354669333745
10201,estado,1,4.692444520278432
10202,estado competentes,2,6.638354669333745
10203,estado de,2,4.846595200105691
10204,estado de avance,3,6.232889561225582
10205,estado de california,3,6.638354669333745
10206,estado de cumplimiento,3,6.232889561225582
10207,estado de excepción,3,6.638354669333745
10208,estado de la,3,6.638354669333745
10209,estado de latencia,3,6.232889561225582
10210,estado de saturación,3,6.232889561225582
10211,estado y,2,6.638354669333745
10212,estado y municipales,3,6.638354669333745
10213,estados,1,5.539742380665636
10214,estados unidos,2,5.539742380665636
10215,estados unidos de,3,5.722063937459591
10216,estados unidos us,3,6.638354669333745
10217,estadística,1,6.638354669333745
10218,estadística 10,2,6.638354669333745
10219,estadística 10 850,3,6.638354669333745
10220,estar,1,6.232889561225582
10221,estar en,2,6.638354669333745
10222,estar en línea,3,6.638354669333745
10223,estar equipados,2,6.638354669333745
10224,estar equipados con,3,6.638354669333745
10225,estará,1,4.7665524924321545
10226,estará a,2,5.028916756899646
10227,estará a lo,3,5.028916756899646
10228,estará encargada,2,6.638354669333745
10229,estará encargada de,3,6.638354669333745
10230,estará orientado,2,6.638354669333745
10231,estará orientado a,3,6.638354669333745
10232,estará permitido,2,6.638354669333745
10233,estará permitido el,3,6.638354669333745
10234,estas,1,5.385591700838378
10235,estas 34,2,6.638354669333745
10236,estas 34 comunas,3,6.638354669333745
10237,estas concentraciones,2,6.638354669333745
10238,estas concentraciones han,3,6.638354669333745
10239,estas emisiones,2,5.945207488773801
10240,estas emisiones a,3,6.638354669333745
10241,estas emisiones en,3,6.638354669333745
10242,estas emisiones para,3,6.638354669333745
10243,estas situaciones,2,6.638354669333745
10244,este,1,4.1534480195457455
10245,este análisis,2,6.638354669333745
10246,este análisis como,3,6.638354669333745
10247,este artículo,2,5.945207488773801
10248,este artículo los,3,6.638354669333745
10249,este capítulo,2,6.232889561225582
10250,este capítulo la,3,6.638354669333745
10251,este capítulo se,3,6.638354669333745
10252,este cálculo,2,6.638354669333745
10253,este cálculo son,3,6.638354669333745
10254,este decreto,2,6.638354669333745
10255,este decreto o,3,6.638354669333745
10256,este efecto,2,6.232889561225582
10257,este efecto de,3,6.638354669333745
10258,este efecto se,3,6.638354669333745
10259,este gráfico,2,6.638354669333745
10260,este gráfico muestra,3,6.638354669333745
10261,este mismo,2,6.638354669333745
10262,este mismo plazo,3,6.638354669333745
10263,este plan,2,6.232889561225582
10264,este plan deberá,3,6.638354669333745
10265,este plan se,3,6.638354669333745
10266,este plazo,2,6.232889561225582
10267,este plazo si,3,6.232889561225582
10268,este proceso,2,6.638354669333745
10269,este proceso originan,3,6.638354669333745
10270,este programa,2,6.638354669333745
10271,este programa se,3,6.638354669333745
10272,este propósito,2,6.638354669333745
10273,este registro,2,6.638354669333745
10274,este registro deberá,3,6.638354669333745
10275,este tipo,2,6.232889561225582
10276,este tipo de,3,6.232889561225582
10277,este último,2,6.638354669333745
10278,este último responsable,3,6.638354669333745
10279,estima,1,6.638354669333745
10280,estima en,2,6.638354669333745
10281,estima en base,3,6.638354669333745
10282,estimación,1,5.945207488773801
10283,estimación de,2,6.232889561225582
10284,estimación de la,3,6.638354669333745
10285,estimación de sus,3,6.638354669333745
10286,estimación debe,2,6.638354669333745
10287,estimación debe distinguirse,3,6.638354669333745
10288,estimada,1,6.638354669333745
10289,estimada para,2,6.638354669333745
10290,estimada para el,3,6.638354669333745
10291,estimados,1,6.638354669333745
10292,estimados con,2,6.638354669333745
10293,estimados con un,3,6.638354669333745
10294,estiman,1,5.945207488773801
10295,estiman en,2,5.945207488773801
10296,estiman en 013,3,6.638354669333745
10297,estiman en 237,3,6.638354669333745
10298,estiman en 977,3,6.638354669333745
10299,estimar,1,6.232889561225582
10300,estimar adecuadamente,2,6.638354669333745
10301,estimar adecuadamente el,3,6.638354669333745
10302,estimar de,2,6.638354669333745
10303,estimar de manera,3,6.638354669333745
10304,estipulaciones,1,6.638354669333745
10305,estipulaciones del,2,6.638354669333745
10306,estipulaciones del presente,3,6.638354669333745
10307,estipuladas,1,6.638354669333745
10308,estipuladas por,2,6.638354669333745
10309,estipuladas por la,3,6.638354669333745
10310,estipulado,1,5.945207488773801
10311,estipulado en,2,5.945207488773801
10312,estipulado en el,3,6.232889561225582
10313,estipulado en la,3,6.638354669333745
10314,estival,1,6.638354669333745
10315,estival el,2,6.638354669333745
10316,estival el calentamiento,3,6.638354669333745
10317,esto,1,5.722063937459591
10318,esto es,2,5.945207488773801
10319,esto es que,3,6.232889561225582
10320,esto es si,3,6.638354669333745
10321,esto sin,2,6.638354669333745
10322,esto sin perjuicio,3,6.638354669333745
10323,estos,1,4.7665524924321545
10324,estos análisis,2,6.638354669333745
10325,estos análisis se,3,6.638354669333745
10326,estos calefactores,2,6.638354669333745
10327,estos calefactores deberán,3,6.638354669333745
10328,estos dos,2,6.638354669333745
10329,estos dos sectores,3,6.638354669333745
10330,estos efectos,2,5.945207488773801
10331,estos efectos cada,3,6.638354669333745
10332,estos efectos se,3,6.638354669333745
10333,estos límites,2,6.638354669333745
10334,estos límites de,3,6.638354669333745
10335,estos planes,2,6.638354669333745
10336,estos planes podrán,3,6.638354669333745
10337,estos proyectos,2,6.638354669333745
10338,estos proyectos o,3,6.638354669333745
10339,estos resultados,2,6.638354669333745
10340,estos resultados en,3,6.638354669333745
10341,estos tres,2,6.638354669333745
10342,estos tres sectores,3,6.638354669333745
10343,estos últimos,2,6.232889561225582
10344,estos últimos contaminantes,3,6.638354669333745
10345,estos últimos en,3,6.638354669333745
10346,estrategias,1,6.232889561225582
10347,estrategias locales,2,6.638354669333745
10348,estrategias locales de,3,6.638354669333745
10349,estrategias y,2,6.638354669333745
10350,estrategias y acciones,3,6.638354669333745
10351,estratégica,1,6.638354669333745
10352,estratégica de,2,6.638354669333745
10353,estratégica de lo,3,6.638354669333745
10354,estricto,1,6.638354669333745
10355,estricto del,2,6.638354669333745
10356,estricto del mercado,3,6.638354669333745
10357,estrictos,1,6.638354669333745
10358,estrictos cumpliendo,2,6.638354669333745
10359,estrictos cumpliendo con,3,6.638354669333745
10360,estructurada,1,6.638354669333745
10361,estructurada en,2,6.638354669333745
10362,estructurada en base,3,6.638354669333745
10363,estructurales,1,6.638354669333745
10364,estructurales en,2,6.638354669333745
10365,estructurales en los,3,6.638354669333745
10366,estructurará,1,6.638354669333745
10367,estructurará a,2,6.638354669333745
10368,estructurará a partir,3,6.638354669333745
10369,estudio,1,5.945207488773801
10370,estudio de,2,6.638354669333745
10371,estudio de emisiones,3,6.638354669333745
10372,estudio estén,2,6.638354669333745
10373,estudio estén disponibles,3,6.638354669333745
10374,estudio para,2,6.232889561225582
10375,estudio para el,3,6.638354669333745
10376,estudio para la,3,6.638354669333745
10377,estudios,1,4.93360657709532
10378,estudios científicos,2,6.638354669333745
10379,estudios científicos informes,3,6.638354669333745
10380,estudios de,2,5.722063937459591
10381,estudios de análisis,3,6.638354669333745
10382,estudios de centro,3,6.638354669333745
10383,estudios de factibilidad,3,6.638354669333745
10384,estudios de inversión,3,6.638354669333745
10385,estudios elaborados,2,6.638354669333745
10386,estudios elaborados para,3,6.638354669333745
10387,estudios han,2,6.638354669333745
10388,estudios han permitido,3,6.638354669333745
10389,estudios necesarios,2,6.638354669333745
10390,estudios necesarios y,3,6.638354669333745
10391,estudios realizados,2,6.638354669333745
10392,estudios realizados en,3,6.638354669333745
10393,estudios referidos,2,6.638354669333745
10394,estudios referidos estén,3,6.638354669333745
10395,estuvieran,1,6.638354669333745
10396,estuvieran siendo,2,6.638354669333745
10397,estuvieran siendo evaluados,3,6.638354669333745
10398,está,1,5.722063937459591
10399,está disponible,2,6.638354669333745
10400,está disponible para,3,6.638354669333745
10401,está obligado,2,6.638354669333745
10402,está obligado a,3,6.638354669333745
10403,está permitido,2,6.638354669333745
10404,está permitido agregar,3,6.638354669333745
10405,está sujeta,2,6.638354669333745
10406,está sujeta la,3,6.638354669333745
10407,están,1,6.232889561225582
10408,están orientadas,2,6.638354669333745
10409,están orientadas al,3,6.638354669333745
10410,están referidos,2,6.638354669333745
10411,están referidos al,3,6.638354669333745
10412,estándar,1,6.232889561225582
10413,estándar de,2,6.638354669333745
10414,estándar de construcción,3,6.638354669333745
10415,estándar superior,2,6.638354669333745
10416,estándar superior a,3,6.638354669333745
10417,estándar superior en,3,6.638354669333745
10418,estándares,1,5.385591700838378
10419,estándares de,2,6.638354669333745
10420,estándares de eficiencia,3,6.638354669333745
10421,estándares técnicos,2,6.232889561225582
10422,estándares técnicos para,3,6.232889561225582
10423,estándares vigentes,2,5.945207488773801
10424,estándares vigentes el,3,6.638354669333745
10425,esté,1,6.638354669333745
10426,esté sujeto,2,6.638354669333745
10427,esté sujeto el,3,6.638354669333745
10428,estén,1,5.722063937459591
10429,estén dadas,2,6.638354669333745
10430,estén dadas las,3,6.638354669333745
10431,estén destinados,2,6.638354669333745
10432,estén destinados para,3,6.638354669333745
10433,estén disponibles,2,6.232889561225582
10434,estén disponibles y,3,6.232889561225582
10435,etapa,1,6.232889561225582
10436,etapa a,2,6.638354669333745
10437,etapa a compensar,3,6.638354669333745
10438,etapa de,2,6.638354669333745
10439,etapa de elaboración,3,6.638354669333745
10440,etapas,1,5.945207488773801
10441,etapas de,2,6.638354669333745
10442,etapas de la,3,6.638354669333745
10443,etapas generen,2,6.638354669333745
10444,etapas generen un,3,6.638354669333745
10445,etapas para,2,6.638354669333745
10446,etapas para la,3,6.638354669333745
10447,etiqueta,1,6.638354669333745
10448,etiqueta con,2,6.638354669333745
10449,etiqueta con indicación,3,6.638354669333745
10450,etiquetado,1,6.638354669333745
10451,etiquetado de,2,6.638354669333745
10452,etiquetado de emisiones,3,6.638354669333745
10453,euro,1,6.638354669333745
10454,euro y,2,6.638354669333745
10455,euro y la,3,6.638354669333745
10456,europea,1,6.638354669333745
10457,europea o,2,6.638354669333745
10458,europea o por,3,6.638354669333745
10459,evacuación,1,6.232889561225582
10460,evacuación de,2,6.638354669333745
10461,evacuación de gases,3,6.638354669333745
10462,evacuación directa,2,6.638354669333745
10463,evacuación directa de,3,6.638354669333745
10464,evaluación,1,4.692444520278432
10465,evaluación 10,2,6.638354669333745
10466,evaluación 10 años,3,6.638354669333745
10467,evaluación ambiental,2,6.638354669333745
10468,evaluación ambiental deberán,3,6.638354669333745
10469,evaluación de,2,5.2520603082138555
10470,evaluación de 10,3,6.232889561225582
10471,evaluación de impacto,3,5.945207488773801
10472,evaluación de la,3,6.638354669333745
10473,evaluación de los,3,6.638354669333745
10474,evaluación del,2,6.638354669333745
10475,evaluación del cumplimiento,3,6.638354669333745
10476,evaluación e,2,6.638354669333745
10477,evaluación e identificación,3,6.638354669333745
10478,evaluación integral,2,6.232889561225582
10479,evaluación integral de,3,6.232889561225582
10480,evaluación se,2,6.638354669333745
10481,evaluación se desarrollará,3,6.638354669333745
10482,evaluados,1,6.232889561225582
10483,evaluados en,2,6.638354669333745
10484,evaluados en el,3,6.638354669333745
10485,evaluados que,2,6.638354669333745
10486,evaluados que sean,3,6.638354669333745
10487,evaluar,1,5.722063937459591
10488,evaluar el,2,6.638354669333745
10489,evaluar el estado,3,6.638354669333745
10490,evaluar la,2,6.638354669333745
10491,evaluar la inclusión,3,6.638354669333745
10492,evaluar los,2,6.638354669333745
10493,evaluar los costos,3,6.638354669333745
10494,evaluar su,2,6.638354669333745
10495,evaluar su prohibición,3,6.638354669333745
10496,evaluará,1,6.638354669333745
10497,evaluará anualmente,2,6.638354669333745
10498,evaluará anualmente la,3,6.638354669333745
10499,evaluarán,1,6.232889561225582
10500,evaluarán diferentes,2,6.638354669333745
10501,evaluarán diferentes mecanismos,3,6.638354669333745
10502,evaluarán implementar,2,6.638354669333745
10503,evaluarán implementar métodos,3,6.638354669333745
10504,evaporativas,1,6.638354669333745
10505,evaporativas de,2,6.638354669333745
10506,evaporativas de compuestos,3,6.638354669333745
10507,eventos,1,6.638354669333745
10508,eventos evitados,2,6.638354669333745
10509,eventos evitados de,3,6.638354669333745
10510,eventuales,1,6.638354669333745
10511,eventuales efectos,2,6.638354669333745
10512,eventuales efectos de,3,6.638354669333745
10513,evidencia,1,6.638354669333745
10514,evidencia demuestra,2,6.638354669333745
10515,evidencia demuestra los,3,6.638354669333745
10516,evitados,1,6.232889561225582
10517,evitados de,2,6.638354669333745
10518,evitados de mortalidad,3,6.638354669333745
10519,evitados entre,2,6.638354669333745
10520,evitados entre los,3,6.638354669333745
10521,evitar,1,6.638354669333745
10522,evitar la,2,6.638354669333745
10523,evitar la superación,3,6.638354669333745
10524,evitarían,1,6.638354669333745
10525,evitarían con,2,6.638354669333745
10526,evitarían con la,3,6.638354669333745
10527,eviten,1,6.638354669333745
10528,eviten el,2,6.638354669333745
10529,eviten el movimiento,3,6.638354669333745
10530,evolución,1,5.722063937459591
10531,evolución de,2,5.722063937459591
10532,evolución de la,3,6.232889561225582
10533,evolución de las,3,6.638354669333745
10534,evolución de los,3,6.638354669333745
10535,exacerbación,1,6.638354669333745
10536,exacerbación de,2,6.638354669333745
10537,exacerbación de los,3,6.638354669333745
10538,excepcionalmente,1,6.232889561225582
10539,excepcionalmente los,2,6.638354669333745
10540,excepcionalmente los grandes,3,6.638354669333745
10541,excepcionalmente mediante,2,6.638354669333745
10542,excepcionalmente mediante resolución,3,6.638354669333745
10543,excepciones,1,5.539742380665636
10544,excepciones a,2,6.232889561225582
10545,excepciones a la,3,6.232889561225582
10546,excepciones mencionadas,2,6.232889561225582
10547,excepciones mencionadas se,3,6.232889561225582
10548,excepciones temporales,2,6.638354669333745
10549,excepciones temporales para,3,6.638354669333745
10550,excepción,1,5.539742380665636
10551,excepción contemplada,2,6.638354669333745
10552,excepción contemplada en,3,6.638354669333745
10553,excepción de,2,5.945207488773801
10554,excepción de la,3,6.638354669333745
10555,excepción de las,3,6.638354669333745
10556,excepción de lo,3,6.638354669333745
10557,excepción por,2,6.638354669333745
10558,excepción por un,3,6.638354669333745
10559,excepto,1,6.232889561225582
10560,excepto calefactores,2,6.638354669333745
10561,excepto calefactores a,3,6.638354669333745
10562,excepto vapor,2,6.638354669333745
10563,excepto vapor de,3,6.638354669333745
10564,exceptuando,1,6.638354669333745
10565,exceptuando aquellas,2,6.638354669333745
10566,exceptuando aquellas emisiones,3,6.638354669333745
10567,exceptúa,1,5.945207488773801
10568,exceptúa esta,2,6.638354669333745
10569,exceptúa esta prohibición,3,6.638354669333745
10570,exceptúa este,2,6.232889561225582
10571,exceptúa este plazo,3,6.232889561225582
10572,exceptúan,1,5.722063937459591
10573,exceptúan de,2,6.232889561225582
10574,exceptúan de cumplir,3,6.638354669333745
10575,exceptúan de la,3,6.638354669333745
10576,exceptúan las,2,6.232889561225582
10577,exceptúan las operaciones,3,6.232889561225582
10578,exceso,1,6.638354669333745
10579,exceso sobre,2,6.638354669333745
10580,exceso sobre de,3,6.638354669333745
10581,exclusiva,1,5.722063937459591
10582,exclusiva y,2,5.722063937459591
10583,exclusiva y permanente,3,5.722063937459591
10584,exclusivamente,1,5.945207488773801
10585,exclusivamente con,2,6.638354669333745
10586,exclusivamente con electricidad,3,6.638354669333745
10587,exclusivamente del,2,6.638354669333745
10588,exclusivamente del combustible,3,6.638354669333745
10589,exclusivamente por,2,6.638354669333745
10590,exclusivamente por la,3,6.638354669333745
10591,exclusivo,1,6.232889561225582
10592,exclusivo de,2,6.638354669333745
10593,exclusivo de al,3,6.638354669333745
10594,exclusivo y,2,6.638354669333745
10595,exclusivo y permanente,3,6.638354669333745
10596,exclusivos,1,6.638354669333745
10597,exclusivos para,2,6.638354669333745
10598,exclusivos para el,3,6.638354669333745
10599,excluyan,1,6.638354669333745
10600,excluyan el,2,6.638354669333745
10601,excluyan el uso,3,6.638354669333745
10602,excluyen,1,6.232889561225582
10603,excluyen de,2,6.638354669333745
10604,excluyen de esta,3,6.638354669333745
10605,excluyen los,2,6.638354669333745
10606,excluyen los motores,3,6.638354669333745
10607,exenta,1,5.385591700838378
10608,exenta 1171,2,6.232889561225582
10609,exenta 1171 de,3,6.232889561225582
10610,exenta 177,2,6.638354669333745
10611,exenta 177 de,3,6.638354669333745
10612,exenta 218,2,5.945207488773801
10613,exenta 218 de,3,5.945207488773801
10614,exenta 569,2,6.232889561225582
10615,exenta 569 de,3,6.232889561225582
10616,exentas,1,6.638354669333745
10617,exentas 961,2,6.638354669333745
10618,exentas 961 962,3,6.638354669333745
10619,exento,1,5.134277272557472
10620,exento 174,2,6.638354669333745
10621,exento 174 de,3,6.638354669333745
10622,exento 361,2,6.232889561225582
10623,exento 361 de,3,6.232889561225582
10624,exento 373,2,5.722063937459591
10625,exento 373 de,3,5.945207488773801
10626,exento 373 del,3,6.638354669333745
10627,exento 606,2,6.638354669333745
10628,exento 606 de,3,6.638354669333745
10629,exentos,1,6.638354669333745
10630,exentos de,2,6.638354669333745
10631,exentos de cumplir,3,6.638354669333745
10632,exige,1,6.232889561225582
10633,exige la,2,6.232889561225582
10634,exige la elaboración,3,6.638354669333745
10635,exige la norma,3,6.638354669333745
10636,exigencia,1,4.846595200105691
10637,exigencia a,2,6.638354669333745
10638,exigencia a contar,3,6.638354669333745
10639,exigencia anterior,2,6.638354669333745
10640,exigencia anterior sea,3,6.638354669333745
10641,exigencia aquellas,2,6.638354669333745
10642,exigencia aquellas fuentes,3,6.638354669333745
10643,exigencia de,2,6.232889561225582
10644,exigencia de compensación,3,6.638354669333745
10645,exigencia de cumplimiento,3,6.638354669333745
10646,exigencia del,2,6.638354669333745
10647,exigencia del límite,3,6.638354669333745
10648,exigencia establecida,2,6.638354669333745
10649,exigencia establecida en,3,6.638354669333745
10650,exigencia legal,2,6.638354669333745
10651,exigencia legal o,3,6.638354669333745
10652,exigencia los,2,6.638354669333745
10653,exigencia los titulares,3,6.638354669333745
10654,exigencias,1,5.539742380665636
10655,exigencias de,2,6.232889561225582
10656,exigencias de compensación,3,6.638354669333745
10657,exigencias de metas,3,6.638354669333745
10658,exigencias fi,2,6.638354669333745
10659,exigencias fi por,3,6.638354669333745
10660,exigencias impuestas,2,6.638354669333745
10661,exigencias impuestas en,3,6.638354669333745
10662,exigencias relacionadas,2,6.638354669333745
10663,exigencias relacionadas con,3,6.638354669333745
10664,exigida,1,6.232889561225582
10665,exigida como,2,6.638354669333745
10666,exigida como gran,3,6.638354669333745
10667,exigida en,2,6.638354669333745
10668,exigida en los,3,6.638354669333745
10669,exigidas,1,6.638354669333745
10670,exigidas en,2,6.638354669333745
10671,exigidas en el,3,6.638354669333745
10672,exigido,1,6.232889561225582
10673,exigido en,2,6.232889561225582
10674,exigido en la,3,6.638354669333745
10675,exigido en las,3,6.638354669333745
10676,exigidos,1,6.638354669333745
10677,exigidos por,2,6.638354669333745
10678,exigidos por las,3,6.638354669333745
10679,eximen,1,6.232889561225582
10680,eximen de,2,6.232889561225582
10681,eximen de cumplir,3,6.638354669333745
10682,eximen de la,3,6.638354669333745
10683,existe,1,6.638354669333745
10684,existe un,2,6.638354669333745
10685,existe un conjunto,3,6.638354669333745
10686,existente,1,5.2520603082138555
10687,existente a,2,6.638354669333745
10688,existente a aquel,3,6.638354669333745
10689,existente aquel,2,6.638354669333745
10690,existente aquel plantel,3,6.638354669333745
10691,existente aquella,2,6.232889561225582
10692,existente aquella caldera,3,6.638354669333745
10693,existente aquella fuente,3,6.638354669333745
10694,existente deberá,2,6.638354669333745
10695,existente deberá presentar,3,6.638354669333745
10696,existente las,2,6.638354669333745
10697,existente las normas,3,6.638354669333745
10698,existente proponga,2,6.638354669333745
10699,existente proponga utilizar,3,6.638354669333745
10700,existentes,1,4.623451648791481
10701,existentes como,2,6.638354669333745
10702,existentes como para,3,6.638354669333745
10703,existentes con,2,6.638354669333745
10704,existentes con concentraciones,3,6.638354669333745
10705,existentes de,2,5.945207488773801
10706,existentes de potencia,3,6.232889561225582
10707,existentes de potencias,3,6.638354669333745
10708,existentes deberán,2,6.638354669333745
10709,existentes deberán presentar,3,6.638354669333745
10710,existentes en,2,6.232889561225582
10711,existentes en la,3,6.638354669333745
10712,existentes en reemplazo,3,6.638354669333745
10713,existentes podrán,2,6.638354669333745
10714,existentes podrán tener,3,6.638354669333745
10715,existentes que,2,5.722063937459591
10716,existentes que en,3,6.638354669333745
10717,existentes que ingresen,3,6.638354669333745
10718,existentes que obtengan,3,6.638354669333745
10719,existentes que se,3,6.638354669333745
10720,existentes su,2,6.638354669333745
10721,existentes su nueva,3,6.638354669333745
10722,existentes y,2,6.638354669333745
10723,existentes y los,3,6.638354669333745
10724,existentes éstos,2,6.638354669333745
10725,existentes éstos deberán,3,6.638354669333745
10726,existir,1,6.638354669333745
10727,existir la,2,6.638354669333745
10728,existir la cogeneración,3,6.638354669333745
10729,expediente,1,6.638354669333745
10730,expediente permitieron,2,6.638354669333745
10731,expediente permitieron confirmar,3,6.638354669333745
10732,expenda,1,5.539742380665636
10733,expenda en,2,5.539742380665636
10734,expenda en la,3,5.539742380665636
10735,expendan,1,6.232889561225582
10736,expendan en,2,6.232889561225582
10737,expendan en la,3,6.232889561225582
10738,expenden,1,6.638354669333745
10739,expenden o,2,6.638354669333745
10740,expenden o distribuyan,3,6.638354669333745
10741,expendio,1,6.638354669333745
10742,expendio de,2,6.638354669333745
10743,expendio de gasolina,3,6.638354669333745
10744,experiencia,1,6.638354669333745
10745,experiencia de,2,6.638354669333745
10746,experiencia de transbordos,3,6.638354669333745
10747,experiencias,1,6.638354669333745
10748,experiencias y,2,6.638354669333745
10749,experiencias y resultados,3,6.638354669333745
10750,experimentado,1,6.232889561225582
10751,experimentado modificaciones,2,6.638354669333745
10752,experimentado modificaciones en,3,6.638354669333745
10753,experimentado una,2,6.638354669333745
10754,experimentado una transformación,3,6.638354669333745
10755,experimentales,1,6.638354669333745
10756,experimentales temporales,2,6.638354669333745
10757,experimentales temporales autorizadas,3,6.638354669333745
10758,exposición,1,6.232889561225582
10759,exposición dosis,2,6.638354669333745
10760,exposición dosis de,3,6.638354669333745
10761,expresa,1,6.638354669333745
10762,expresa de,2,6.638354669333745
10763,expresa de la,3,6.638354669333745
10764,expresión,1,6.638354669333745
10765,expresión de,2,6.638354669333745
10766,expresión de unidades,3,6.638354669333745
10767,expresó,1,6.638354669333745
10768,expresó en,2,6.638354669333745
10769,expresó en el,3,6.638354669333745
10770,expuesta,1,6.232889561225582
10771,expuesta a,2,6.638354669333745
10772,expuesta a concentraciones,3,6.638354669333745
10773,expuesta debido,2,6.638354669333745
10774,expuesta debido a,3,6.638354669333745
10775,expuestas,1,6.638354669333745
10776,expuestas en,2,6.638354669333745
10777,expuestas en las,3,6.638354669333745
10778,extensa,1,6.638354669333745
10779,extensa cuenca,2,6.638354669333745
10780,extensa cuenca aérea,3,6.638354669333745
10781,exterior,1,5.539742380665636
10782,exterior de,2,6.638354669333745
10783,exterior de los,3,6.638354669333745
10784,exterior del,2,5.945207488773801
10785,exterior del galpón,3,5.945207488773801
10786,exterior destinado,2,6.638354669333745
10787,exterior destinado para,3,6.638354669333745
10788,externalidades,1,6.638354669333745
10789,externalidades positivas,2,6.638354669333745
10790,externalidades positivas asociadas,3,6.638354669333745
10791,externo,1,6.638354669333745
10792,externo o,2,6.638354669333745
10793,externo o manta,3,6.638354669333745
10794,extraída,1,6.638354669333745
10795,extraída del,2,6.638354669333745
10796,extraída del conjunto,3,6.638354669333745
10797,fabricación,1,6.638354669333745
10798,fabricación número,2,6.638354669333745
10799,fabricación número de,3,6.638354669333745
10800,fabricado,1,6.232889561225582
10801,fabricado a,2,6.638354669333745
10802,fabricado a partir,3,6.638354669333745
10803,fabricado construido,2,6.638354669333745
10804,fabricado construido o,3,6.638354669333745
10805,fabricante,1,5.539742380665636
10806,fabricante armador,2,6.638354669333745
10807,fabricante armador importador,3,6.638354669333745
10808,fabricante entre,2,6.638354669333745
10809,fabricante entre otros,3,6.638354669333745
10810,fabricante que,2,6.232889561225582
10811,fabricante que indique,3,6.638354669333745
10812,fabricante que puede,3,6.638354669333745
10813,fabricante un,2,6.638354669333745
10814,fabricante un nivel,3,6.638354669333745
10815,facilitar,1,6.638354669333745
10816,facilitar su,2,6.638354669333745
10817,facilitar su desplazamiento,3,6.638354669333745
10818,factibilidad,1,6.232889561225582
10819,factibilidad sobre,2,6.638354669333745
10820,factibilidad sobre la,3,6.638354669333745
10821,factibilidad técnica,2,6.638354669333745
10822,factibilidad técnica y,3,6.638354669333745
10823,factibles,1,6.638354669333745
10824,factibles de,2,6.638354669333745
10825,factibles de implementar,3,6.638354669333745
10826,factor,1,6.638354669333745
10827,factor meteorológico,2,6.638354669333745
10828,factor meteorológico es,3,6.638354669333745
10829,factores,1,6.232889561225582
10830,factores de,2,6.232889561225582
10831,factores de conversión,3,6.232889561225582
10832,faldeos,1,6.638354669333745
10833,faldeos de,2,6.638354669333745
10834,faldeos de la,3,6.638354669333745
10835,falta,1,6.232889561225582
10836,falta de,2,6.232889561225582
10837,falta de mantenimiento,3,6.638354669333745
10838,falta de terminaciones,3,6.638354669333745
10839,faltan,1,6.638354669333745
10840,faltan para,2,6.638354669333745
10841,faltan para alcanzar,3,6.638354669333745
10842,familia,1,6.638354669333745
10843,familia del,2,6.638354669333745
10844,familia del grupo,3,6.638354669333745
10845,fase,1,6.232889561225582
10846,fase de,2,6.232889561225582
10847,fase de construcción,3,6.232889561225582
10848,favorablemente,1,6.638354669333745
10849,favorablemente sobre,2,6.638354669333745
10850,favorablemente sobre el,3,6.638354669333745
10851,favorecen,1,6.638354669333745
10852,favorecen la,2,6.638354669333745
10853,favorecen la formación,3,6.638354669333745
10854,favorecer,1,6.638354669333745
10855,favorecer la,2,6.638354669333745
10856,favorecer la circulación,3,6.638354669333745
10857,fecha,1,4.3870628707272505
10858,fecha 13,2,6.232889561225582
10859,fecha 13 de,3,6.232889561225582
10860,fecha 15,2,6.638354669333745
10861,fecha 15 de,3,6.638354669333745
10862,fecha 23,2,6.232889561225582
10863,fecha 23 de,3,6.232889561225582
10864,fecha 24,2,6.638354669333745
10865,fecha 24 de,3,6.638354669333745
10866,fecha de,2,5.134277272557472
10867,fecha de entrada,3,5.134277272557472
10868,fecha en,2,6.638354669333745
10869,fecha en las,3,6.638354669333745
10870,fecha es,2,6.638354669333745
10871,fecha es posible,3,6.638354669333745
10872,fecha los,2,6.638354669333745
10873,fecha los cuales,3,6.638354669333745
10874,fechas,1,6.232889561225582
10875,fechas los,2,6.232889561225582
10876,fechas los horarios,3,6.232889561225582
10877,federal,1,5.722063937459591
10878,federal regulation,2,6.638354669333745
10879,federal regulation o,3,6.638354669333745
10880,federal regulations,2,5.945207488773801
10881,federal regulations diesel,3,6.232889561225582
10882,federal regulations otto,3,6.638354669333745
10883,federales,1,6.638354669333745
10884,federales cfr,2,6.638354669333745
10885,federales cfr de,3,6.638354669333745
10886,fenómenos,1,6.638354669333745
10887,fenómenos de,2,6.638354669333745
10888,fenómenos de estabilidad,3,6.638354669333745
10889,ferroviarios,1,6.638354669333745
10890,ferroviarios que,2,6.638354669333745
10891,ferroviarios que se,3,6.638354669333745
10892,fi,1,6.232889561225582
10893,fi distinto,2,6.638354669333745
10894,fi distinto al,3,6.638354669333745
10895,fi por,2,6.638354669333745
10896,fi por el,3,6.638354669333745
10897,fierro,1,6.638354669333745
10898,fierro fundido,2,6.638354669333745
10899,figuras,1,6.638354669333745
10900,figuras anteriores,2,6.638354669333745
10901,figuras anteriores permiten,3,6.638354669333745
10902,fija,1,5.945207488773801
10903,fija el,2,6.638354669333745
10904,fija el programa,3,6.638354669333745
10905,fija nuevo,2,6.232889561225582
10906,fija nuevo texto,3,6.232889561225582
10907,fije,1,6.638354669333745
10908,fije al,2,6.638354669333745
10909,fije al efecto,3,6.638354669333745
10910,fijo,1,6.232889561225582
10911,fijo cuyas,2,6.638354669333745
10912,fijo cuyas emisiones,3,6.638354669333745
10913,fijo o,2,6.638354669333745
10914,fijo o modulante,3,6.638354669333745
10915,filtros,1,6.232889561225582
10916,filtros de,2,6.232889561225582
10917,filtros de material,3,6.638354669333745
10918,filtros de partículas,3,6.638354669333745
10919,filtros deberá,2,6.638354669333745
10920,filtros deberá quedar,3,6.638354669333745
10921,fin,1,4.7665524924321545
10922,fin de,2,4.93360657709532
10923,fin de alcanzar,3,6.638354669333745
10924,fin de cumplir,3,6.638354669333745
10925,fin de determinar,3,6.638354669333745
10926,fin de evaluar,3,6.638354669333745
10927,fin de garantizar,3,6.638354669333745
10928,fin de lograr,3,6.232889561225582
10929,fin de reducir,3,6.232889561225582
10930,fin de solicitar,3,6.638354669333745
10931,fina,1,6.232889561225582
10932,fina del,2,6.638354669333745
10933,fina del material,3,6.638354669333745
10934,fina es,2,6.638354669333745
10935,fina es la,3,6.638354669333745
10936,fina mp2,2,6.638354669333745
10937,fina mp2 desde,3,6.638354669333745
10938,final,1,5.945207488773801
10939,final a,2,6.638354669333745
10940,final a suelos,3,6.638354669333745
10941,final caracterización,2,6.638354669333745
10942,final caracterización del,3,6.638354669333745
10943,final de,2,6.638354669333745
10944,final de cada,3,6.638354669333745
10945,finalidad,1,5.539742380665636
10946,finalidad de,2,6.638354669333745
10947,finalidad de favorecer,3,6.638354669333745
10948,finalidad es,2,5.945207488773801
10949,finalidad es informar,3,6.638354669333745
10950,finalidad es la,3,6.232889561225582
10951,finalidad evitar,2,6.638354669333745
10952,finalidad evitar la,3,6.638354669333745
10953,finalizada,1,5.945207488773801
10954,finalizada la,2,5.945207488773801
10955,finalizada la operación,3,5.945207488773801
10956,finalmente,1,6.638354669333745
10957,finalmente el,2,6.638354669333745
10958,finalmente el plan,3,6.638354669333745
10959,financiados,1,6.638354669333745
10960,financiados por,2,6.638354669333745
10961,financiados por el,3,6.638354669333745
10962,financiamiento,1,6.232889561225582
10963,financiamiento internacional,2,6.638354669333745
10964,financiamiento internacional que,3,6.638354669333745
10965,financiamiento que,2,6.638354669333745
10966,financiamiento que asegure,3,6.638354669333745
10967,fines,1,6.638354669333745
10968,fines científicos,2,6.638354669333745
10969,fines científicos y,3,6.638354669333745
10970,fino,1,5.134277272557472
10971,fino respirable,2,5.385591700838378
10972,fino respirable mp2,3,5.385591700838378
10973,fino y,2,6.638354669333745
10974,fino y grueso,3,6.638354669333745
10975,fiscales,1,6.232889561225582
10976,fiscales y,2,6.232889561225582
10977,fiscales y municipales,3,6.232889561225582
10978,fiscalización,1,4.196007633964541
10979,fiscalización automatizada,2,6.638354669333745
10980,fiscalización automatizada para,3,6.638354669333745
10981,fiscalización comprende,2,6.638354669333745
10982,fiscalización comprende un,3,6.638354669333745
10983,fiscalización de,2,5.385591700838378
10984,fiscalización de esta,3,5.945207488773801
10985,fiscalización de la,3,6.232889561225582
10986,fiscalización de las,3,6.638354669333745
10987,fiscalización deberá,2,6.638354669333745
10988,fiscalización deberá ser,3,6.638354669333745
10989,fiscalización del,2,5.539742380665636
10990,fiscalización del cumplimiento,3,6.638354669333745
10991,fiscalización del ds,3,6.638354669333745
10992,fiscalización del nº,3,6.638354669333745
10993,fiscalización del permanente,3,6.638354669333745
10994,fiscalización del uso,3,6.638354669333745
10995,fiscalización entendido,2,6.638354669333745
10996,fiscalización entendido como,3,6.638354669333745
10997,fiscalización que,2,5.945207488773801
10998,fiscalización que habitualmente,3,5.945207488773801
10999,fiscalización y,2,6.638354669333745
11000,fiscalización y sanción,3,6.638354669333745
11001,fiscalizada,1,6.232889561225582
11002,fiscalizada por,2,6.232889561225582
11003,fiscalizada por carabineros,3,6.232889561225582
11004,fiscalizados,1,6.638354669333745
11005,fiscalizados por,2,6.638354669333745
11006,fiscalizados por la,3,6.638354669333745
11007,fiscalizar,1,6.232889561225582
11008,fiscalizar el,2,6.232889561225582
11009,fiscalizar el comercio,3,6.638354669333745
11010,fiscalizar el cumplimiento,3,6.638354669333745
11011,fiscalizará,1,6.638354669333745
11012,fiscalizará en,2,6.638354669333745
11013,fiscalizará en toda,3,6.638354669333745
11014,fitosanitaria,1,6.638354669333745
11015,fitosanitaria y,2,6.638354669333745
11016,fitosanitaria y para,3,6.638354669333745
11017,flota,1,6.638354669333745
11018,flota de,2,6.638354669333745
11019,flota de vehículos,3,6.638354669333745
11020,flotante,1,6.638354669333745
11021,flotante externo,2,6.638354669333745
11022,flotante externo o,3,6.638354669333745
11023,flotante interna,2,6.638354669333745
11024,fluido,1,6.638354669333745
11025,fluido térmico,2,6.638354669333745
11026,fluido térmico y,3,6.638354669333745
11027,focaliza,1,6.638354669333745
11028,focaliza sus,2,6.638354669333745
11029,focaliza sus esfuerzos,3,6.638354669333745
11030,focalizarse,1,6.638354669333745
11031,focalizarse en,2,6.638354669333745
11032,focalizarse en el,3,6.638354669333745
11033,fomentará,1,6.232889561225582
11034,fomentará el,2,6.638354669333745
11035,fomentará el retiro,3,6.638354669333745
11036,fomentará los,2,6.638354669333745
11037,fomentará los proyectos,3,6.638354669333745
11038,fomento,1,4.7665524924321545
11039,fomento y,2,4.7665524924321545
11040,fomento y reconstrucción,3,4.7665524924321545
11041,fondos,1,6.638354669333745
11042,fondos regionales,2,6.638354669333745
11043,fondos regionales y,3,6.638354669333745
11044,for,1,6.232889561225582
11045,for testing,2,6.232889561225582
11046,for testing and,3,6.232889561225582
11047,forestal,1,6.232889561225582
11048,forestal conaf,2,6.638354669333745
11049,forestal conaf en,3,6.638354669333745
11050,forestal en,2,6.638354669333745
11051,forestal en la,3,6.638354669333745
11052,forestales,1,6.232889561225582
11053,forestales y,2,6.638354669333745
11054,forestales y emisiones,3,6.638354669333745
11055,forma,1,4.7665524924321545
11056,forma cilíndrica,2,6.232889561225582
11057,forma cilíndrica elaborado,3,6.638354669333745
11058,forma cilíndrica fabricado,3,6.638354669333745
11059,forma como,2,6.638354669333745
11060,forma como resultado,3,6.638354669333745
11061,forma de,2,6.232889561225582
11062,forma de apoyar,3,6.638354669333745
11063,forma de dar,3,6.638354669333745
11064,forma exclusiva,2,5.945207488773801
11065,forma exclusiva y,3,5.945207488773801
11066,forma individual,2,6.638354669333745
11067,forma individual calefactores,3,6.638354669333745
11068,forma oportunidad,2,6.638354669333745
11069,forma oportunidad y,3,6.638354669333745
11070,forma tal,2,6.638354669333745
11071,forma tal de,3,6.638354669333745
11072,forma y,2,6.638354669333745
11073,forma y plazos,3,6.638354669333745
11074,formación,1,6.638354669333745
11075,formación de,2,6.638354669333745
11076,formación de compuestos,3,6.638354669333745
11077,formado,1,6.638354669333745
11078,formado debido,2,6.638354669333745
11079,formado debido a,3,6.638354669333745
11080,formal,1,6.638354669333745
11081,formal la,2,6.638354669333745
11082,formal la seremi,3,6.638354669333745
11083,formalidades,1,6.638354669333745
11084,formalidades a,2,6.638354669333745
11085,formalidades a que,3,6.638354669333745
11086,formalizarse,1,6.638354669333745
11087,formalizarse mediante,2,6.638354669333745
11088,formalizarse mediante resolución,3,6.638354669333745
11089,formalizará,1,6.638354669333745
11090,formalizará mediante,2,6.638354669333745
11091,formalizará mediante un,3,6.638354669333745
11092,forman,1,6.638354669333745
11093,forman parte,2,6.638354669333745
11094,forman parte del,3,6.638354669333745
11095,formas,1,6.638354669333745
11096,formas de,2,6.638354669333745
11097,formas de cooperación,3,6.638354669333745
11098,fortalecerá,1,6.638354669333745
11099,fortalecerá el,2,6.638354669333745
11100,fortalecerá el seguimiento,3,6.638354669333745
11101,fortaleciendo,1,6.638354669333745
11102,fortaleciendo la,2,6.638354669333745
11103,fortaleciendo la gestión,3,6.638354669333745
11104,fosforados,1,6.638354669333745
11105,fosforados a,2,6.638354669333745
11106,fosforados a la,3,6.638354669333745
11107,fotoquímicos,1,6.638354669333745
11108,fotoquímicos generando,2,6.638354669333745
11109,fotoquímicos generando el,3,6.638354669333745
11110,fracción,1,5.945207488773801
11111,fracción fina,2,6.232889561225582
11112,fracción fina del,3,6.638354669333745
11113,fracción fina es,3,6.638354669333745
11114,fracción fina mp2,3,6.638354669333745
11115,fracción mp10,2,6.638354669333745
11116,fracción mp10 respecto,3,6.638354669333745
11117,frase,1,6.638354669333745
11118,frase petróleo,2,6.638354669333745
11119,frase petróleo diésel,3,6.638354669333745
11120,frecuencia,1,5.945207488773801
11121,frecuencia descrita,2,6.232889561225582
11122,frecuencia descrita en,3,6.232889561225582
11123,frecuencia que,2,6.638354669333745
11124,frecuencia que se,3,6.638354669333745
11125,frágil,1,6.638354669333745
11126,frágil con,2,6.638354669333745
11127,frágil con un,3,6.638354669333745
11128,frío,1,6.638354669333745
11129,fue,1,4.846595200105691
11130,fue acumulado,2,5.945207488773801
11131,fue acumulado al,3,5.945207488773801
11132,fue aprobado,2,6.638354669333745
11133,fue aprobado por,3,6.638354669333745
11134,fue declarada,2,5.2520603082138555
11135,fue declarada oficial,3,5.385591700838378
11136,fue declarada zona,3,6.638354669333745
11137,fue revisado,2,6.638354669333745
11138,fue revisado actualizado,3,6.638354669333745
11139,fuego,1,6.232889561225582
11140,fuego para,2,6.638354669333745
11141,fuego para la,3,6.638354669333745
11142,fuego que,2,6.638354669333745
11143,fuego que establece,3,6.638354669333745
11144,fuel,1,6.638354669333745
11145,fuel oil,2,6.638354669333745
11146,fuel oil requisitos,3,6.638354669333745
11147,fuente,1,4.4982885058374755
11148,fuente a,2,6.638354669333745
11149,fuente a la,3,6.638354669333745
11150,fuente chile,2,6.638354669333745
11151,fuente chile en,3,6.638354669333745
11152,fuente con,2,6.638354669333745
11153,fuente con combustión,3,6.638354669333745
11154,fuente diseñada,2,6.638354669333745
11155,fuente diseñada para,3,6.638354669333745
11156,fuente el,2,6.638354669333745
11157,fuente el inventario,3,6.638354669333745
11158,fuente es,2,6.638354669333745
11159,fuente es toda,3,6.638354669333745
11160,fuente estacionaria,2,5.722063937459591
11161,fuente estacionaria es,3,6.638354669333745
11162,fuente estacionaria existente,3,6.638354669333745
11163,fuente estacionaria no,3,6.638354669333745
11164,fuente estacionaria nueva,3,6.638354669333745
11165,fuente estacionaria que,3,6.232889561225582
11166,fuente independientemente,2,6.638354669333745
11167,fuente independientemente del,3,6.638354669333745
11168,fuente mantenga,2,6.638354669333745
11169,fuente mantenga dicha,3,6.638354669333745
11170,fuente o,2,6.638354669333745
11171,fuente o actividad,3,6.638354669333745
11172,fuente por,2,6.638354669333745
11173,fuente por establecimiento,3,6.638354669333745
11174,fuente que,2,6.638354669333745
11175,fuente que corresponde,3,6.638354669333745
11176,fuente sea,2,6.638354669333745
11177,fuente sea que,3,6.638354669333745
11178,fuente y,2,5.722063937459591
11179,fuente y a,3,6.638354669333745
11180,fuente y confirmados,3,6.638354669333745
11181,fuente y el,3,6.638354669333745
11182,fuente y sus,3,6.638354669333745
11183,fuentes,1,3.964206019907217
11184,fuentes actividades,2,6.638354669333745
11185,fuentes actividades y,3,6.638354669333745
11186,fuentes afectas,2,6.232889561225582
11187,fuentes afectas a,3,6.638354669333745
11188,fuentes afectas tendrán,3,6.638354669333745
11189,fuentes de,2,6.638354669333745
11190,fuentes de contaminación,3,6.638354669333745
11191,fuentes dispondrán,2,6.638354669333745
11192,fuentes dispondrán de,3,6.638354669333745
11193,fuentes emisoras,2,6.638354669333745
11194,fuentes energéticas,2,6.638354669333745
11195,fuentes estacionarias,2,4.558913127653909
11196,fuentes estacionarias cuya,3,6.638354669333745
11197,fuentes estacionarias deberán,3,5.945207488773801
11198,fuentes estacionarias emisoras,3,6.638354669333745
11199,fuentes estacionarias pertenecientes,3,6.638354669333745
11200,fuentes estacionarias puntuales,3,6.232889561225582
11201,fuentes estacionarias que,3,6.232889561225582
11202,fuentes estacionarias según,3,6.232889561225582
11203,fuentes estacionarias sujetas,3,6.638354669333745
11204,fuentes móviles,2,6.638354669333745
11205,fuentes móviles en,3,6.638354669333745
11206,fuentes o,2,6.638354669333745
11207,fuentes o actividades,3,6.638354669333745
11208,fuentes que,2,6.638354669333745
11209,fuentes que cuenten,3,6.638354669333745
11210,fuentes que dispongan,3,6.638354669333745
11211,fuentes reguladas,2,6.232889561225582
11212,fuentes reguladas por,3,6.638354669333745
11213,fuentes son,2,6.638354669333745
11214,fuentes son los,3,6.638354669333745
11215,fuera,1,5.134277272557472
11216,fuera de,2,5.2520603082138555
11217,fuera de la,3,6.638354669333745
11218,fuera de ruta,3,5.385591700838378
11219,fuera del,2,6.638354669333745
11220,fuera del periodo,3,6.638354669333745
11221,fueron,1,6.638354669333745
11222,fueron valorizados,2,6.638354669333745
11223,fueron valorizados tales,3,6.638354669333745
11224,fuerte,1,6.232889561225582
11225,fuerte estabilidad,2,6.638354669333745
11226,fuerte estabilidad atmosférica,3,6.638354669333745
11227,fuerte incremento,2,6.638354669333745
11228,fuerte incremento del,3,6.638354669333745
11229,fuese,1,6.638354669333745
11230,fuese necesario,2,6.638354669333745
11231,fuese necesario según,3,6.638354669333745
11232,funciona,1,6.638354669333745
11233,funciona en,2,6.638354669333745
11234,funciona en base,3,6.638354669333745
11235,funcionamiento,1,5.539742380665636
11236,funcionamiento continuo,2,6.638354669333745
11237,funcionamiento continuo ajustándose,3,6.638354669333745
11238,funcionamiento de,2,6.232889561225582
11239,funcionamiento de la,3,6.638354669333745
11240,funcionamiento de todo,3,6.638354669333745
11241,funcionamiento mediante,2,6.638354669333745
11242,funcionamiento mediante horómetro,3,6.638354669333745
11243,funcionando,1,6.638354669333745
11244,funcionando con,2,6.638354669333745
11245,funcionando con combustibles,3,6.638354669333745
11246,funcionar,1,5.945207488773801
11247,funcionar los,2,5.945207488773801
11248,funcionar los calefactores,3,5.945207488773801
11249,funcionarios,1,6.638354669333745
11250,funcionarios municipales,2,6.638354669333745
11251,funcionarios municipales en,3,6.638354669333745
11252,fundada,1,6.638354669333745
11253,fundada autorizar,2,6.638354669333745
11254,fundada autorizar quemas,3,6.638354669333745
11255,fundadamente,1,6.638354669333745
11256,fundadamente previo,2,6.638354669333745
11257,fundadamente previo análisis,3,6.638354669333745
11258,fundantes,1,6.638354669333745
11259,fundantes del,2,6.638354669333745
11260,fundantes del presente,3,6.638354669333745
11261,fundiciones,1,6.638354669333745
11262,fundiciones procesos,2,6.638354669333745
11263,fundiciones procesos metalúrgicos,3,6.638354669333745
11264,fundido,1,6.638354669333745
11265,furgones,1,6.638354669333745
11266,furgones escolares,2,6.638354669333745
11267,furgones escolares cuando,3,6.638354669333745
11268,futura,1,6.638354669333745
11269,futura regulación,2,6.638354669333745
11270,futura regulación en,3,6.638354669333745
11271,futuras,1,6.638354669333745
11272,física,1,5.539742380665636
11273,física abordando,2,5.945207488773801
11274,física abordando objetivos,3,5.945207488773801
11275,física y,2,6.232889561225582
11276,física y actividades,3,6.232889561225582
11277,físico,1,6.638354669333745
11278,físico de,2,6.638354669333745
11279,físico de transformación,3,6.638354669333745
11280,físicos,1,6.638354669333745
11281,físicos de,2,6.638354669333745
11282,físicos de construcción,3,6.638354669333745
11283,fósiles,1,5.722063937459591
11284,fósiles a,2,6.638354669333745
11285,fósiles a partir,3,6.638354669333745
11286,fósiles biocombustibles,2,6.638354669333745
11287,fósiles biocombustibles y,3,6.638354669333745
11288,fósiles diésel,2,6.638354669333745
11289,fósiles diésel petróleos,3,6.638354669333745
11290,fósiles que,2,6.638354669333745
11291,fósiles que cumplan,3,6.638354669333745
11292,galpones,1,5.945207488773801
11293,galpones habrá,2,5.945207488773801
11294,galpones habrá un,3,5.945207488773801
11295,galpón,1,5.722063937459591
11296,galpón o,2,6.638354669333745
11297,galpón o pabellón,3,6.638354669333745
11298,galpón y,2,5.945207488773801
11299,galpón y dentro,3,5.945207488773801
11300,ganadero,1,6.638354669333745
11301,ganadero sag,2,6.638354669333745
11302,ganadero sag y,3,6.638354669333745
11303,ganaderos,1,6.638354669333745
11304,ganaderos o,2,6.638354669333745
11305,ganaderos o de,3,6.638354669333745
11306,gantt,1,6.638354669333745
11307,gantt que,2,6.638354669333745
11308,gantt que considere,3,6.638354669333745
11309,garantizar,1,6.638354669333745
11310,garantizar un,2,6.638354669333745
11311,garantizar un estándar,3,6.638354669333745
11312,gas,1,5.2520603082138555
11313,gas licuado,2,6.638354669333745
11314,gas licuado de,3,6.638354669333745
11315,gas natural,2,5.945207488773801
11316,gas natural bhp,3,6.638354669333745
11317,gas natural desde,3,6.638354669333745
11318,gas natural exigencias,3,6.638354669333745
11319,gas natural las,3,6.638354669333745
11320,gas o,2,6.638354669333745
11321,gas o kerosene,3,6.638354669333745
11322,gas y,2,6.232889561225582
11323,gas y de,3,6.638354669333745
11324,gas y parafina,3,6.638354669333745
11325,gaseoso,1,5.539742380665636
11326,gaseoso de,2,6.638354669333745
11327,gaseoso de manera,3,6.638354669333745
11328,gaseoso en,2,5.945207488773801
11329,gaseoso en forma,3,5.945207488773801
11330,gaseoso y,2,6.638354669333745
11331,gaseoso y de,3,6.638354669333745
11332,gaseosos,1,6.232889561225582
11333,gaseosos de,2,6.638354669333745
11334,gaseosos de acuerdo,3,6.638354669333745
11335,gaseosos indicados,2,6.638354669333745
11336,gaseosos indicados en,3,6.638354669333745
11337,gases,1,4.558913127653909
11338,gases al,2,6.638354669333745
11339,gases al exterior,3,6.638354669333745
11340,gases como,2,6.638354669333745
11341,gases como promedio,3,6.638354669333745
11342,gases de,2,5.134277272557472
11343,gases de acuerdo,3,6.638354669333745
11344,gases de combustión,3,5.945207488773801
11345,gases de efecto,3,6.638354669333745
11346,gases de escape,3,6.232889561225582
11347,gases de reacciones,3,6.638354669333745
11348,gases licuados,2,6.638354669333745
11349,gases licuados de,3,6.638354669333745
11350,gases precursores,2,5.945207488773801
11351,gases precursores como,3,6.638354669333745
11352,gases precursores emitidos,3,6.638354669333745
11353,gases precursores por,3,6.638354669333745
11354,gases se,2,6.638354669333745
11355,gases se cuenta,3,6.638354669333745
11356,gases y,2,6.638354669333745
11357,gases y partículas,3,6.638354669333745
11358,gasolina,1,5.539742380665636
11359,gasolina con,2,6.638354669333745
11360,gasolina con plomo,3,6.638354669333745
11361,gasolina para,2,6.232889561225582
11362,gasolina para motores,3,6.232889561225582
11363,gasolina plantas,2,6.638354669333745
11364,gasolina plantas termoeléctricas,3,6.638354669333745
11365,gasolina sólo,2,6.638354669333745
11366,gasolina sólo podrá,3,6.638354669333745
11367,geasur,1,6.638354669333745
11368,geasur 2015,2,6.638354669333745
11369,geasur 2015 y,3,6.638354669333745
11370,gec,1,4.692444520278432
11371,gec coordinado,2,6.638354669333745
11372,gec coordinado por,3,6.638354669333745
11373,gec corresponderá,2,6.638354669333745
11374,gec corresponderá al,3,6.638354669333745
11375,gec cuyo,2,6.638354669333745
11376,gec cuyo objetivo,3,6.638354669333745
11377,gec para,2,6.232889561225582
11378,gec para el,3,6.638354669333745
11379,gec para lograr,3,6.638354669333745
11380,gec se,2,6.638354669333745
11381,gec se estructurará,3,6.638354669333745
11382,gec y,2,6.638354669333745
11383,gec y un,3,6.638354669333745
11384,generación,1,5.539742380665636
11385,generación de,2,5.722063937459591
11386,generación de emisiones,3,6.638354669333745
11387,generación de energía,3,6.638354669333745
11388,generación de productos,3,6.638354669333745
11389,generación de áreas,3,6.638354669333745
11390,generación y,2,6.638354669333745
11391,generación y distribución,3,6.638354669333745
11392,generadas,1,6.232889561225582
11393,generadas a,2,6.638354669333745
11394,generadas a partir,3,6.638354669333745
11395,generadas con,2,6.638354669333745
11396,generadas con infracción,3,6.638354669333745
11397,generador,1,6.638354669333745
11398,general,1,5.028916756899646
11399,general bernardo,2,6.638354669333745
11400,general bernardo o,3,6.638354669333745
11401,general de,2,5.2520603082138555
11402,general de la,3,5.539742380665636
11403,general de urbanismo,3,6.232889561225582
11404,general del,2,6.638354669333745
11405,general del impacto,3,6.638354669333745
11406,generales,1,5.722063937459591
11407,generales del,2,6.232889561225582
11408,generales del medio,3,6.232889561225582
11409,generalizado,1,6.638354669333745
11410,generalizado de,2,6.638354669333745
11411,generalizado de las,3,6.638354669333745
11412,generalmente,1,6.232889561225582
11413,generalmente de,2,6.232889561225582
11414,generalmente de forma,3,6.232889561225582
11415,generan,1,6.638354669333745
11416,generan exclusivamente,2,6.638354669333745
11417,generan exclusivamente por,3,6.638354669333745
11418,generando,1,5.722063937459591
11419,generando alternativas,2,6.638354669333745
11420,generando alternativas a,3,6.638354669333745
11421,generando calor,2,6.638354669333745
11422,generando calor a,3,6.638354669333745
11423,generando el,2,6.638354669333745
11424,generando el aumento,3,6.638354669333745
11425,generando los,2,6.638354669333745
11426,generando los periodos,3,6.638354669333745
11427,generando un,2,6.638354669333745
11428,generando un aumento,3,6.638354669333745
11429,generar,1,6.232889561225582
11430,generar agua,2,6.638354669333745
11431,generar agua caliente,3,6.638354669333745
11432,generar electricidad,2,6.638354669333745
11433,generar electricidad que,3,6.638354669333745
11434,generar vapor,2,6.638354669333745
11435,generar vapor de,3,6.638354669333745
11436,generará,1,6.638354669333745
11437,generará un,2,6.638354669333745
11438,generará un programa,3,6.638354669333745
11439,generen,1,5.945207488773801
11440,generen el,2,6.638354669333745
11441,generen el menor,3,6.638354669333745
11442,generen un,2,6.638354669333745
11443,generen un aumento,3,6.638354669333745
11444,generen una,2,6.638354669333745
11445,generen una reducción,3,6.638354669333745
11446,geográfi,1,6.638354669333745
11447,geográfi si,2,6.638354669333745
11448,geográfi si se,3,6.638354669333745
11449,geográfica,1,6.638354669333745
11450,gestionar,1,6.638354669333745
11451,gestionar la,2,6.638354669333745
11452,gestionar la asignación,3,6.638354669333745
11453,gestionará,1,5.722063937459591
11454,gestionará la,2,5.722063937459591
11455,gestionará la aprobación,3,6.638354669333745
11456,gestionará la construcción,3,6.638354669333745
11457,gestionará la obtención,3,6.638354669333745
11458,gestionará la realización,3,6.638354669333745
11459,gestión,1,4.692444520278432
11460,gestión ambiental,2,5.722063937459591
11461,gestión ambiental local,3,5.945207488773801
11462,gestión ambiental que,3,6.638354669333745
11463,gestión de,2,5.134277272557472
11464,gestión de episodios,3,5.945207488773801
11465,gestión de la,3,6.638354669333745
11466,gestión de masas,3,6.638354669333745
11467,gestión de tránsito,3,6.232889561225582
11468,gestión de áreas,3,6.638354669333745
11469,gestión para,2,6.638354669333745
11470,gestión para obtener,3,6.638354669333745
11471,gestión promoción,2,6.638354669333745
11472,gestión promoción y,3,6.638354669333745
11473,global,1,5.945207488773801
11474,global mayor,2,6.638354669333745
11475,global mayor o,3,6.638354669333745
11476,global para,2,6.638354669333745
11477,global para combatir,3,6.638354669333745
11478,globales,1,6.638354669333745
11479,gobierno,1,5.2520603082138555
11480,gobierno en,2,6.638354669333745
11481,gobierno en materia,3,6.638354669333745
11482,gobierno regional,2,5.385591700838378
11483,gobierno regional de,3,5.945207488773801
11484,gobierno regional metropolitano,3,5.945207488773801
11485,grado,1,5.722063937459591
11486,grado a1,2,6.232889561225582
11487,grado a1 y,3,6.232889561225582
11488,grado de,2,6.638354669333745
11489,grado de cumplimiento,3,6.638354669333745
11490,grado nº5,2,6.638354669333745
11491,grado nº5 y,3,6.638354669333745
11492,grados,1,6.638354669333745
11493,grados nº5,2,6.638354669333745
11494,grados nº5 y,3,6.638354669333745
11495,gradualmente,1,6.232889561225582
11496,gradualmente el,2,6.232889561225582
11497,gradualmente el consumo,3,6.232889561225582
11498,gran,1,5.385591700838378
11499,gran establecimiento,2,5.539742380665636
11500,gran establecimiento de,3,6.638354669333745
11501,gran establecimiento existente,3,5.722063937459591
11502,gran establecimiento nuevo,3,6.638354669333745
11503,gran establecimiento que,3,6.232889561225582
11504,gran santiago14,2,6.638354669333745
11505,grandes,1,5.028916756899646
11506,grandes establecimientos,2,5.028916756899646
11507,grandes establecimientos existentes,3,5.385591700838378
11508,grandes establecimientos nuevos,3,6.638354669333745
11509,grandes establecimientos sujetos,3,6.638354669333745
11510,gris,1,6.638354669333745
11511,gris o,2,6.638354669333745
11512,gris o azul,3,6.638354669333745
11513,grueso,1,6.232889561225582
11514,grueso en,2,6.638354669333745
11515,grueso en la,3,6.638354669333745
11516,grueso prácticamente,2,6.638354669333745
11517,grueso prácticamente se,3,6.638354669333745
11518,grupales,1,6.232889561225582
11519,grupo,1,5.722063937459591
11520,grupo electrógeno,2,5.722063937459591
11521,grupo electrógeno corresponde,3,6.638354669333745
11522,grupo electrógeno horas,3,6.638354669333745
11523,grupo electrógeno nuevo,3,6.232889561225582
11524,grupo electrógeno que,3,6.232889561225582
11525,grupo electrógeno según,3,6.638354669333745
11526,grupos,1,5.539742380665636
11527,grupos electrógenos,2,5.539742380665636
11528,grupos electrógenos de,3,6.638354669333745
11529,grupos electrógenos ni,3,6.638354669333745
11530,grupos electrógenos nuevos,3,5.945207488773801
11531,gráfico,1,5.134277272557472
11532,gráfico 11,2,6.638354669333745
11533,gráfico 11 muestra,3,6.638354669333745
11534,gráfico de,2,6.638354669333745
11535,gráfico de acuerdo,3,6.638354669333745
11536,gráfico muestra,2,5.945207488773801
11537,gráfico muestra el,3,6.638354669333745
11538,gráfico muestra la,3,6.638354669333745
11539,gráfico muestra medidas,3,6.638354669333745
11540,gráfico para,2,6.638354669333745
11541,gráfico para los,3,6.638354669333745
11542,guano,1,5.2520603082138555
11543,guano de,2,6.638354669333745
11544,guano de las,3,6.638354669333745
11545,guano del,2,5.945207488773801
11546,guano del pabellón,3,6.638354669333745
11547,guano del plantel,3,6.232889561225582
11548,guano que,2,5.945207488773801
11549,guano que fue,3,5.945207488773801
11550,guardan,1,6.638354669333745
11551,guardan relación,2,6.638354669333745
11552,guardan relación con,3,6.638354669333745
11553,ha,1,5.945207488773801
11554,ha experimentado,2,6.638354669333745
11555,ha experimentado modificaciones,3,6.638354669333745
11556,ha ido,2,6.638354669333745
11557,ha ido convirtiendo,3,6.638354669333745
11558,ha traducido,2,6.638354669333745
11559,ha traducido en,3,6.638354669333745
11560,habilitación,1,6.638354669333745
11561,habilitación prioritaria,2,6.638354669333745
11562,habilitación prioritaria de,3,6.638354669333745
11563,habitacionales,1,6.638354669333745
11564,habitacionales financiados,2,6.638354669333745
11565,habitacionales financiados por,3,6.638354669333745
11566,habitación,1,6.638354669333745
11567,habitación de,2,6.638354669333745
11568,habitación de forma,3,6.638354669333745
11569,habitantes,1,5.945207488773801
11570,habitantes al,2,6.638354669333745
11571,habitantes al mismo,3,6.638354669333745
11572,habitantes con,2,6.638354669333745
11573,habitantes con una,3,6.638354669333745
11574,habitantes de,2,6.232889561225582
11575,habitantes de la,3,6.232889561225582
11576,habitualmente,1,5.945207488773801
11577,habitualmente realizan,2,5.945207488773801
11578,habitualmente realizan durante,3,5.945207488773801
11579,habrá,1,5.945207488773801
11580,habrá un,2,5.945207488773801
11581,habrá un plazo,3,5.945207488773801
11582,hacer,1,6.232889561225582
11583,hacer un,2,6.638354669333745
11584,hacer un diagnóstico,3,6.638354669333745
11585,hacer valer,2,6.638354669333745
11586,hacer valer emisiones,3,6.638354669333745
11587,hacia,1,6.232889561225582
11588,hacia el,2,6.232889561225582
11589,hacia el centro,3,6.638354669333745
11590,hacia el sector,3,6.638354669333745
11591,han,1,4.93360657709532
11592,han constatado,2,6.638354669333745
11593,han constatado los,3,6.638354669333745
11594,han ejecutado,2,6.638354669333745
11595,han ejecutado estudios,3,6.638354669333745
11596,han experimentado,2,6.638354669333745
11597,han experimentado una,3,6.638354669333745
11598,han identificado,2,6.638354669333745
11599,han identificado los,3,6.638354669333745
11600,han permitido,2,5.945207488773801
11601,han permitido demostrar,3,6.638354669333745
11602,han permitido identificar,3,6.638354669333745
11603,han permitido una,3,6.638354669333745
11604,han sido,2,5.945207488773801
11605,han sido medidas,3,6.638354669333745
11606,han sido obtenidos,3,6.638354669333745
11607,han sido una,3,6.638354669333745
11608,hará,1,5.722063937459591
11609,hará antes,2,6.638354669333745
11610,hará antes de,3,6.638354669333745
11611,hará en,2,6.638354669333745
11612,hará en base,3,6.638354669333745
11613,hará por,2,6.638354669333745
11614,hará por medio,3,6.638354669333745
11615,hará públicas,2,6.638354669333745
11616,hará públicas las,3,6.638354669333745
11617,hasta,1,5.539742380665636
11618,hasta el,2,6.232889561225582
11619,hasta el año,3,6.232889561225582
11620,hasta mwt,2,6.638354669333745
11621,hasta mwt que,3,6.638354669333745
11622,hasta un,2,6.638354669333745
11623,hasta un máximo,3,6.638354669333745
11624,hasta valores,2,6.638354669333745
11625,hasta valores que,3,6.638354669333745
11626,hayan,1,6.232889561225582
11627,hayan avanzado,2,6.638354669333745
11628,hayan avanzado en,3,6.638354669333745
11629,hayan elaborado,2,6.638354669333745
11630,hayan elaborado o,3,6.638354669333745
11631,hayan sido,2,6.638354669333745
11632,hayan sido compensadas,3,6.638354669333745
11633,hc,1,6.638354669333745
11634,hc hidrocarburos,2,6.638354669333745
11635,hc hidrocarburos no,3,6.638354669333745
11636,hcnm,1,6.638354669333745
11637,hcnm óxidos,2,6.638354669333745
11638,hcnm óxidos de,3,6.638354669333745
11639,hecha,1,6.638354669333745
11640,hecha en,2,6.638354669333745
11641,hecha en 1996,3,6.638354669333745
11642,hechizos,1,6.638354669333745
11643,hechizos u,2,6.638354669333745
11644,hechizos u otros,3,6.638354669333745
11645,hecho,1,6.638354669333745
11646,hecho cada,2,6.638354669333745
11647,hecho cada cambio,3,6.638354669333745
11648,hidrocarburos,1,6.232889561225582
11649,hidrocarburos hc,2,6.638354669333745
11650,hidrocarburos hc hidrocarburos,3,6.638354669333745
11651,hidrocarburos no,2,6.638354669333745
11652,hidrocarburos no metánicos,3,6.638354669333745
11653,hidrocarburos y,2,6.638354669333745
11654,hidrocarburos y contar,3,6.638354669333745
11655,higgins,1,5.945207488773801
11656,higgins de,2,6.638354669333745
11657,higgins de la,3,6.638354669333745
11658,higgins en,2,6.638354669333745
11659,higgins en que,3,6.638354669333745
11660,históricas,1,6.638354669333745
11661,históricas asociadas,2,6.638354669333745
11662,históricas asociadas a,3,6.638354669333745
11663,hizo,1,6.638354669333745
11664,hizo cargo,2,6.638354669333745
11665,hizo cargo de,3,6.638354669333745
11666,hogar,1,6.232889561225582
11667,hogar abierto,2,6.638354669333745
11668,hogar abierto calefactores,3,6.638354669333745
11669,hogar las,2,6.638354669333745
11670,hogar las emisiones,3,6.638354669333745
11671,homogenización,1,6.638354669333745
11672,homogenización o,2,6.638354669333745
11673,homogenización o pozo,3,6.638354669333745
11674,homologación,1,5.722063937459591
11675,homologación de,2,6.232889561225582
11676,homologación de los,3,6.232889561225582
11677,homologación que,2,6.638354669333745
11678,homologación que establece,3,6.638354669333745
11679,homologación y,2,6.638354669333745
11680,homologación y o,3,6.638354669333745
11681,hora,1,5.722063937459591
11682,hora de,2,6.638354669333745
11683,hora de comunicación,3,6.638354669333745
11684,hora mg,2,6.232889561225582
11685,hora mg kw,3,6.232889561225582
11686,hora p99,2,6.638354669333745
11687,hora p99 co,3,6.638354669333745
11688,horaria,1,6.638354669333745
11689,horaria de,2,6.638354669333745
11690,horaria de co,3,6.638354669333745
11691,horarios,1,5.722063937459591
11692,horarios en,2,6.638354669333745
11693,horarios en el,3,6.638354669333745
11694,horarios exclusivos,2,6.638354669333745
11695,horarios exclusivos para,3,6.638354669333745
11696,horarios zonas,2,6.232889561225582
11697,horarios zonas perímetros,3,6.232889561225582
11698,horas,1,4.623451648791481
11699,horas a,2,6.638354669333745
11700,horas a la,3,6.638354669333745
11701,horas así,2,6.638354669333745
11702,horas así como,3,6.638354669333745
11703,horas de,2,5.722063937459591
11704,horas de 120,3,6.638354669333745
11705,horas de funcionamiento,3,6.638354669333745
11706,horas de operación,3,6.638354669333745
11707,horas de tal,3,6.638354669333745
11708,horas p98,2,6.638354669333745
11709,horas p98 o3,3,6.638354669333745
11710,horas p99,2,6.638354669333745
11711,horas p99 no2,3,6.638354669333745
11712,horas para,2,5.945207488773801
11713,horas para la,3,6.232889561225582
11714,horas para promedios,3,6.638354669333745
11715,horas que,2,6.638354669333745
11716,horas que faltan,3,6.638354669333745
11717,horas y,2,6.232889561225582
11718,horas y en,3,6.232889561225582
11719,horizonte,1,5.945207488773801
11720,horizonte de,2,5.945207488773801
11721,horizonte de evaluación,3,5.945207488773801
11722,horno,1,6.232889561225582
11723,horno de,2,6.638354669333745
11724,horno de barro,3,6.638354669333745
11725,horno no,2,6.638354669333745
11726,horno no removible,3,6.638354669333745
11727,hornos,1,5.385591700838378
11728,hornos de,2,5.945207488773801
11729,hornos de barro,3,6.638354669333745
11730,hornos de procesos,3,6.232889561225582
11731,hornos fundiciones,2,6.638354669333745
11732,hornos fundiciones procesos,3,6.638354669333745
11733,hornos panaderos,2,6.638354669333745
11734,hornos panaderos de,3,6.638354669333745
11735,hornos panificadores,2,6.638354669333745
11736,horómetro,1,6.638354669333745
11737,horómetro digital,2,6.638354669333745
11738,horómetro digital sellado,3,6.638354669333745
11739,hospedajes,1,6.638354669333745
11740,hospitalarias,1,6.638354669333745
11741,hospitalarias en,2,6.638354669333745
11742,hospitalarias en pacientes,3,6.638354669333745
11743,hoteles,1,6.638354669333745
11744,hoteles u,2,6.638354669333745
11745,hoteles u otra,3,6.638354669333745
11746,hr,1,6.638354669333745
11747,hr y,2,6.638354669333745
11748,hr y hrs,3,6.638354669333745
11749,hrs,1,6.638354669333745
11750,hrs p99,2,6.638354669333745
11751,hrs p99 y,3,6.638354669333745
11752,huevos,1,5.945207488773801
11753,huevos plantel,2,6.638354669333745
11754,huevos plantel de,3,6.638354669333745
11755,huevos que,2,6.232889561225582
11756,huevos que no,3,6.638354669333745
11757,huevos que posean,3,6.638354669333745
11758,huevos se,2,6.638354669333745
11759,huevos se exceptúa,3,6.638354669333745
11760,huevos sin,2,6.638354669333745
11761,huevos sin perjuicio,3,6.638354669333745
11762,humedad,1,5.945207488773801
11763,humedad en,2,6.638354669333745
11764,humedad en la,3,6.638354669333745
11765,humedad interior,2,6.638354669333745
11766,humedad interior de,3,6.638354669333745
11767,humedad menor,2,6.638354669333745
11768,humedad menor al,3,6.638354669333745
11769,humo,1,6.232889561225582
11770,humo blanco,2,6.638354669333745
11771,humo blanco a,3,6.638354669333745
11772,humo visible,2,6.232889561225582
11773,humo visible de,3,6.638354669333745
11774,humo visible negro,3,6.638354669333745
11775,humos,1,6.232889561225582
11776,humos visibles,2,6.232889561225582
11777,humos visibles provenientes,3,6.638354669333745
11778,idealmente,1,5.945207488773801
11779,idealmente realizándolas,2,5.945207488773801
11780,idealmente realizándolas bajo,3,5.945207488773801
11781,identifica,1,6.638354669333745
11782,identifica la,2,6.638354669333745
11783,identifica la fuente,3,6.638354669333745
11784,identificación,1,6.232889561225582
11785,identificación de,2,6.638354669333745
11786,identificación de nuevos,3,6.638354669333745
11787,identificación horas,2,6.638354669333745
11788,identificación horas de,3,6.638354669333745
11789,identificado,1,6.638354669333745
11790,identificado los,2,6.638354669333745
11791,identificado los sistemas,3,6.638354669333745
11792,identificar,1,6.232889561225582
11793,identificar los,2,6.232889561225582
11794,identificar los impactos,3,6.638354669333745
11795,identificar los patrones,3,6.638354669333745
11796,identifique,1,6.638354669333745
11797,identifique las,2,6.638354669333745
11798,identifique las acciones,3,6.638354669333745
11799,identifiquen,1,6.638354669333745
11800,identifiquen tanques,2,6.638354669333745
11801,identifiquen tanques de,3,6.638354669333745
11802,ido,1,6.638354669333745
11803,ido convirtiendo,2,6.638354669333745
11804,ido convirtiendo en,3,6.638354669333745
11805,ignición,1,6.232889561225582
11806,ignición por,2,6.232889561225582
11807,ignición por chispa,3,6.232889561225582
11808,igual,1,4.7665524924321545
11809,igual a,2,5.028916756899646
11810,igual a 10,3,6.638354669333745
11811,igual a 25,3,6.638354669333745
11812,igual a 30,3,6.638354669333745
11813,igual a 50,3,6.638354669333745
11814,igual a 560,3,6.232889561225582
11815,igual a 80,3,6.232889561225582
11816,igual a mwt,3,6.638354669333745
11817,igual modo,2,6.638354669333745
11818,igual modo aquellos,3,6.638354669333745
11819,igual o,2,6.232889561225582
11820,igual o superior,3,6.232889561225582
11821,igual que,2,6.638354669333745
11822,igual que en,3,6.638354669333745
11823,iguales,1,6.638354669333745
11824,iguales o,2,6.638354669333745
11825,iguales o superiores,3,6.638354669333745
11826,ii,1,6.638354669333745
11827,ii el,2,6.638354669333745
11828,ii el 114,3,6.638354669333745
11829,iii,1,5.722063937459591
11830,iii 10,2,6.232889561225582
11831,iii 10 según,3,6.638354669333745
11832,iii el,2,6.638354669333745
11833,iii el 115,3,6.638354669333745
11834,iii o,2,6.232889561225582
11835,iii o la,3,6.638354669333745
11836,iii o tabla,3,6.638354669333745
11837,imagen,1,6.638354669333745
11838,imagen país,2,6.638354669333745
11839,imagen país externalidades,3,6.638354669333745
11840,impacten,1,6.638354669333745
11841,impacten positivamente,2,6.638354669333745
11842,impacten positivamente en,3,6.638354669333745
11843,impacto,1,5.028916756899646
11844,impacto ambiental,2,5.945207488773801
11845,impacto ambiental seia,3,6.638354669333745
11846,impacto ambiental y,3,6.638354669333745
11847,impacto de,2,6.638354669333745
11848,impacto de nuestras,3,6.638354669333745
11849,impacto económico,2,6.638354669333745
11850,impacto económico y,3,6.638354669333745
11851,impacto en,2,6.232889561225582
11852,impacto en la,3,6.638354669333745
11853,impacto en salud,3,6.638354669333745
11854,impacto importante,2,6.638354669333745
11855,impacto importante en,3,6.638354669333745
11856,impacto sobre,2,6.638354669333745
11857,impacto sobre la,3,6.638354669333745
11858,impactos,1,5.539742380665636
11859,impactos asociados,2,6.638354669333745
11860,impactos asociados al,3,6.638354669333745
11861,impactos en,2,6.232889561225582
11862,impactos en la,3,6.638354669333745
11863,impactos en salud,3,6.638354669333745
11864,impactos negativos,2,6.638354669333745
11865,impactos negativos sobre,3,6.638354669333745
11866,impactos no,2,6.638354669333745
11867,impactos no cuantificados,3,6.638354669333745
11868,implementa,1,6.638354669333745
11869,implementa la,2,6.638354669333745
11870,implementa la superintendencia,3,6.638354669333745
11871,implementación,1,4.3870628707272505
11872,implementación con,2,6.638354669333745
11873,implementación con un,3,6.638354669333745
11874,implementación de,2,4.93360657709532
11875,implementación de la,3,6.638354669333745
11876,implementación de las,3,5.945207488773801
11877,implementación de los,3,6.638354669333745
11878,implementación de manera,3,6.638354669333745
11879,implementación de medidas,3,6.638354669333745
11880,implementación de programas,3,6.638354669333745
11881,implementación de un,3,6.232889561225582
11882,implementación de una,3,6.638354669333745
11883,implementación del,2,5.945207488773801
11884,implementación del plan,3,6.232889561225582
11885,implementación del ppda,3,6.638354669333745
11886,implementación eficaz,2,6.638354669333745
11887,implementación eficaz de,3,6.638354669333745
11888,implementación y,2,6.638354669333745
11889,implementación y eficiencia,3,6.638354669333745
11890,implementar,1,5.028916756899646
11891,implementar acciones,2,6.638354669333745
11892,implementar acciones que,3,6.638354669333745
11893,implementar cubiertas,2,6.638354669333745
11894,implementar cubiertas que,3,6.638354669333745
11895,implementar en,2,6.638354669333745
11896,implementar en un,3,6.638354669333745
11897,implementar esta,2,6.638354669333745
11898,implementar esta obligación,3,6.638354669333745
11899,implementar medidas,2,5.945207488773801
11900,implementar medidas en,3,6.232889561225582
11901,implementar medidas para,3,6.638354669333745
11902,implementar métodos,2,6.638354669333745
11903,implementar métodos de,3,6.638354669333745
11904,implementarse,1,6.638354669333745
11905,implementarse con,2,6.638354669333745
11906,implementarse con anterioridad,3,6.638354669333745
11907,implementará,1,5.722063937459591
11908,implementará de,2,6.638354669333745
11909,implementará de acuerdo,3,6.638354669333745
11910,implementará el,2,6.638354669333745
11911,implementará el programa,3,6.638354669333745
11912,implementará según,2,6.638354669333745
11913,implementará según la,3,6.638354669333745
11914,implementará una,2,6.638354669333745
11915,implementará una plataforma,3,6.638354669333745
11916,implementarán,1,6.638354669333745
11917,implementarán una,2,6.638354669333745
11918,implementarán una campaña,3,6.638354669333745
11919,implicando,1,6.638354669333745
11920,implicando por,2,6.638354669333745
11921,implicando por lo,3,6.638354669333745
11922,implicará,1,5.945207488773801
11923,implicará pérdida,2,5.945207488773801
11924,implicará pérdida de,3,5.945207488773801
11925,impliquen,1,5.945207488773801
11926,impliquen menor,2,5.945207488773801
11927,impliquen menor desplazamiento,3,5.945207488773801
11928,importador,1,6.638354669333745
11929,importador o,2,6.638354669333745
11930,importador o sus,3,6.638354669333745
11931,importancia,1,6.232889561225582
11932,importancia de,2,6.638354669333745
11933,importancia de las,3,6.638354669333745
11934,importancia del,2,6.638354669333745
11935,importancia del control,3,6.638354669333745
11936,importante,1,6.232889561225582
11937,importante en,2,6.638354669333745
11938,importante en la,3,6.638354669333745
11939,importante reducción,2,6.638354669333745
11940,importante reducción de,3,6.638354669333745
11941,importantes,1,6.232889561225582
11942,importantes aportes,2,6.638354669333745
11943,importantes aportes del,3,6.638354669333745
11944,importantes mejoras,2,6.638354669333745
11945,importantes mejoras en,3,6.638354669333745
11946,impuestas,1,6.638354669333745
11947,impuestas en,2,6.638354669333745
11948,impuestas en otras,3,6.638354669333745
11949,impulsadas,1,6.638354669333745
11950,impulsadas en,2,6.638354669333745
11951,impulsadas en el,3,6.638354669333745
11952,imputar,1,6.638354669333745
11953,imputar a,2,6.638354669333745
11954,imputar a dicha,3,6.638354669333745
11955,incendios,1,6.232889561225582
11956,incendios forestales,2,6.232889561225582
11957,incendios forestales y,3,6.638354669333745
11958,incentivar,1,6.638354669333745
11959,incentivar el,2,6.638354669333745
11960,incentivar el uso,3,6.638354669333745
11961,incentivos,1,6.638354669333745
11962,incentivos de,2,6.638354669333745
11963,incentivos de reducción,3,6.638354669333745
11964,incida,1,6.638354669333745
11965,incida en,2,6.638354669333745
11966,incida en un,3,6.638354669333745
11967,incidencia,1,6.638354669333745
11968,incidencia de,2,6.638354669333745
11969,incidencia de infecciones,3,6.638354669333745
11970,incineración,1,6.638354669333745
11971,incineración de,2,6.638354669333745
11972,incineración de vapores,3,6.638354669333745
11973,inciso,1,5.945207488773801
11974,inciso anterior,2,6.638354669333745
11975,inciso anterior los,3,6.638354669333745
11976,inciso penúltimo,2,6.638354669333745
11977,inciso penúltimo del,3,6.638354669333745
11978,inciso primero,2,6.638354669333745
11979,inciso primero del,3,6.638354669333745
11980,incluido,1,6.232889561225582
11981,incluido el,2,6.638354669333745
11982,incluido el contenido,3,6.638354669333745
11983,incluido en,2,6.638354669333745
11984,incluido en el,3,6.638354669333745
11985,incluir,1,6.638354669333745
11986,incluir temperatura,2,6.638354669333745
11987,incluir temperatura concentración,3,6.638354669333745
11988,incluirá,1,6.638354669333745
11989,incluirá una,2,6.638354669333745
11990,incluirá una línea,3,6.638354669333745
11991,inclusiva,1,6.638354669333745
11992,inclusiva 15,2,6.638354669333745
11993,inclusiva 15 manual,3,6.638354669333745
11994,inclusión,1,6.638354669333745
11995,inclusión de,2,6.638354669333745
11996,inclusión de la,3,6.638354669333745
11997,incluye,1,6.232889561225582
11998,incluye a,2,6.638354669333745
11999,incluye a las,3,6.638354669333745
12000,incluye la,2,6.638354669333745
12001,incluye la estación,3,6.638354669333745
12002,incluyen,1,6.232889561225582
12003,incluyen aquellas,2,6.638354669333745
12004,incluyen aquellas montadas,3,6.638354669333745
12005,incluyen las,2,6.638354669333745
12006,incluyen las especificaciones,3,6.638354669333745
12007,incluyendo,1,6.638354669333745
12008,incluyendo furgones,2,6.638354669333745
12009,incluyendo furgones escolares,3,6.638354669333745
12010,incompatibles,1,6.638354669333745
12011,incompatibles con,2,6.638354669333745
12012,incompatibles con las,3,6.638354669333745
12013,incompleta,1,6.232889561225582
12014,incompleta de,2,6.232889561225582
12015,incompleta de combustibles,3,6.232889561225582
12016,incorpora,1,6.232889561225582
12017,incorpora al,2,6.638354669333745
12018,incorpora al material,3,6.638354669333745
12019,incorpora estaciones,2,6.638354669333745
12020,incorpora estaciones hasta,3,6.638354669333745
12021,incorporación,1,6.232889561225582
12022,incorporación de,2,6.232889561225582
12023,incorporación de contenidos,3,6.638354669333745
12024,incorporación de la,3,6.638354669333745
12025,incorporadas,1,6.232889561225582
12026,incorporadas en,2,6.232889561225582
12027,incorporadas en acciones,3,6.638354669333745
12028,incorporadas en fuentes,3,6.638354669333745
12029,incorporan,1,6.638354669333745
12030,incorporan los,2,6.638354669333745
12031,incorporan los relacionados,3,6.638354669333745
12032,incorporar,1,5.945207488773801
12033,incorporar dentro,2,6.638354669333745
12034,incorporar dentro de,3,6.638354669333745
12035,incorporar nuevas,2,6.638354669333745
12036,incorporar nuevas medidas,3,6.638354669333745
12037,incorporar progresivamente,2,6.638354669333745
12038,incorporar progresivamente vehículos,3,6.638354669333745
12039,incorporarán,1,6.638354669333745
12040,incorporarán anualmente,2,6.638354669333745
12041,incorporarán anualmente los,3,6.638354669333745
12042,incremento,1,6.232889561225582
12043,incremento del,2,6.232889561225582
12044,incremento del asma,3,6.638354669333745
12045,incremento del parque,3,6.638354669333745
12046,incremento en,2,6.638354669333745
12047,incremento en la,3,6.638354669333745
12048,incumplimiento,1,5.945207488773801
12049,incumplimiento corresponderá,2,6.232889561225582
12050,incumplimiento corresponderá a,3,6.232889561225582
12051,incumplimiento de,2,6.638354669333745
12052,incumplimiento de normativa,3,6.638354669333745
12053,indc,1,6.638354669333745
12054,indc por,2,6.638354669333745
12055,indc por sus,3,6.638354669333745
12056,independencia,1,6.638354669333745
12057,independencia las,2,6.638354669333745
12058,independencia las condes,3,6.638354669333745
12059,independiente,1,6.638354669333745
12060,independiente de,2,6.638354669333745
12061,independiente de su,3,6.638354669333745
12062,independientemente,1,6.638354669333745
12063,independientemente del,2,6.638354669333745
12064,independientemente del proceso,3,6.638354669333745
12065,indica,1,5.722063937459591
12066,indica a,2,6.638354669333745
12067,indica a continuación,3,6.638354669333745
12068,indica en,2,5.945207488773801
12069,indica en la,3,5.945207488773801
12070,indicación,1,6.638354669333745
12071,indicación de,2,6.638354669333745
12072,indicación de los,3,6.638354669333745
12073,indicada,1,6.232889561225582
12074,indicada en,2,6.232889561225582
12075,indicada en el,3,6.638354669333745
12076,indicada en la,3,6.638354669333745
12077,indicadas,1,5.722063937459591
12078,indicadas en,2,5.945207488773801
12079,indicadas en la,3,6.232889561225582
12080,indicadas en los,3,6.638354669333745
12081,indicadas guardan,2,6.638354669333745
12082,indicadas guardan relación,3,6.638354669333745
12083,indicado,1,5.134277272557472
12084,indicado en,2,5.539742380665636
12085,indicado en el,3,5.722063937459591
12086,indicado en la,3,6.638354669333745
12087,indicado para,2,6.638354669333745
12088,indicado para cada,3,6.638354669333745
12089,indicado por,2,6.638354669333745
12090,indicado por el,3,6.638354669333745
12091,indicado precedente,2,6.638354669333745
12092,indicador,1,6.638354669333745
12093,indicador de,2,6.638354669333745
12094,indicador de cumplimiento,3,6.638354669333745
12095,indicadores,1,6.232889561225582
12096,indicadores orientados,2,6.638354669333745
12097,indicadores orientados a,3,6.638354669333745
12098,indicadores que,2,6.638354669333745
12099,indicadores que pueden,3,6.638354669333745
12100,indicados,1,4.7665524924321545
12101,indicados en,2,4.846595200105691
12102,indicados en el,3,4.93360657709532
12103,indicados en los,3,6.638354669333745
12104,indicados son,2,6.638354669333745
12105,indicados son el,3,6.638354669333745
12106,indican,1,5.385591700838378
12107,indican a,2,6.638354669333745
12108,indican a continuación,3,6.638354669333745
12109,indican en,2,6.232889561225582
12110,indican en la,3,6.232889561225582
12111,indican la,2,6.638354669333745
12112,indican la importancia,3,6.638354669333745
12113,indican que,2,6.638354669333745
12114,indican que la,3,6.638354669333745
12115,indicar,1,6.638354669333745
12116,indicar que,2,6.638354669333745
12117,indicar que el,3,6.638354669333745
12118,indicándose,1,6.638354669333745
12119,indicándose la,2,6.638354669333745
12120,indicándose la frase,3,6.638354669333745
12121,indique,1,6.638354669333745
12122,indique que,2,6.638354669333745
12123,indique que la,3,6.638354669333745
12124,indirecta,1,6.638354669333745
12125,indirecta sus,2,6.638354669333745
12126,indirecta sus emisiones,3,6.638354669333745
12127,indirectas,1,5.945207488773801
12128,indirectas aquellos,2,6.638354669333745
12129,indirectas aquellos proyectos,3,6.638354669333745
12130,indirectas las,2,6.232889561225582
12131,indirectas las asociadas,3,6.638354669333745
12132,indirectas las que,3,6.638354669333745
12133,indistintamente,1,6.232889561225582
12134,indistintamente ley,2,6.638354669333745
12135,indistintamente ley 19,3,6.638354669333745
12136,indistintamente los,2,6.638354669333745
12137,indistintamente los niveles,3,6.638354669333745
12138,individual,1,6.638354669333745
12139,individual calefactores,2,6.638354669333745
12140,individual calefactores y,3,6.638354669333745
12141,individualizar,1,6.638354669333745
12142,individualizar los,2,6.638354669333745
12143,individualizar los resultados,3,6.638354669333745
12144,industria,1,6.232889561225582
12145,industria una,2,6.638354669333745
12146,industria una transformación,3,6.638354669333745
12147,industrial,1,4.846595200105691
12148,industrial 39,2,6.638354669333745
12149,industrial 39 de,3,6.638354669333745
12150,industrial cuya,2,6.638354669333745
12151,industrial cuya matriz,3,6.638354669333745
12152,industrial para,2,6.638354669333745
12153,industrial para cuantificar,3,6.638354669333745
12154,industrial portátil,2,6.638354669333745
12155,industrial portátil o,3,6.638354669333745
12156,industrial que,2,6.232889561225582
12157,industrial que se,3,6.232889561225582
12158,industrial y,2,6.232889561225582
12159,industrial y comercial,3,6.638354669333745
12160,industrial y o,3,6.638354669333745
12161,industriales,1,5.722063937459591
12162,industriales hornos,2,6.638354669333745
12163,industriales hornos fundiciones,3,6.638354669333745
12164,industriales o,2,6.638354669333745
12165,industriales o comerciales,3,6.638354669333745
12166,industriales que,2,6.232889561225582
12167,industriales que se,3,6.232889561225582
12168,inercia,1,6.232889561225582
12169,inercia equivalente,2,6.232889561225582
12170,inercia equivalente por,3,6.232889561225582
12171,infartos,1,6.638354669333745
12172,infartos al,2,6.638354669333745
12173,infartos al miocardio,3,6.638354669333745
12174,infecciones,1,6.638354669333745
12175,infecciones y,2,6.638354669333745
12176,infecciones y cáncer,3,6.638354669333745
12177,inferior,1,5.945207488773801
12178,inferior del,2,6.638354669333745
12179,inferior del combustible,3,6.638354669333745
12180,inferior o,2,6.232889561225582
12181,inferior o igual,3,6.232889561225582
12182,inferiores,1,6.638354669333745
12183,inflamación,1,6.638354669333745
12184,inflamación pulmonar,2,6.638354669333745
12185,inflamación pulmonar inflamación,3,6.638354669333745
12186,inflamación sistémica,2,6.638354669333745
12187,inflamación sistémica disfunciones,3,6.638354669333745
12188,información,1,4.93360657709532
12189,información a,2,6.638354669333745
12190,información a los,3,6.638354669333745
12191,información correspondiente,2,6.638354669333745
12192,información de,2,5.722063937459591
12193,información de base,3,6.638354669333745
12194,información de los,3,6.638354669333745
12195,información de referencia,3,6.638354669333745
12196,información de una,3,6.638354669333745
12197,información el,2,6.638354669333745
12198,información el ministerio,3,6.638354669333745
12199,información para,2,6.638354669333745
12200,información para los,3,6.638354669333745
12201,información que,2,6.232889561225582
12202,información que permita,3,6.638354669333745
12203,información que sean,3,6.638354669333745
12204,información referidos,2,6.638354669333745
12205,información referidos a,3,6.638354669333745
12206,información y,2,6.638354669333745
12207,información y aplicación,3,6.638354669333745
12208,informada,1,6.638354669333745
12209,informada por,2,6.638354669333745
12210,informada por el,3,6.638354669333745
12211,informado,1,6.638354669333745
12212,informado a,2,6.638354669333745
12213,informado a la,3,6.638354669333745
12214,informados,1,6.638354669333745
12215,informados a,2,6.638354669333745
12216,informados a la,3,6.638354669333745
12217,informal,1,6.638354669333745
12218,informal la,2,6.638354669333745
12219,informal la seremi,3,6.638354669333745
12220,informar,1,5.385591700838378
12221,informar a,2,6.638354669333745
12222,informar a la,3,6.638354669333745
12223,informar al,2,6.638354669333745
12224,informar al público,3,6.638354669333745
12225,informar dentro,2,6.638354669333745
12226,informar dentro de,3,6.638354669333745
12227,informar en,2,6.638354669333745
12228,informar en la,3,6.638354669333745
12229,informar oportuna,2,6.638354669333745
12230,informar oportuna y,3,6.638354669333745
12231,informar oportunamente,2,6.638354669333745
12232,informar oportunamente de,3,6.638354669333745
12233,informarse,1,6.638354669333745
12234,informarse de,2,6.638354669333745
12235,informarse de dicha,3,6.638354669333745
12236,informará,1,5.722063937459591
12237,informará a,2,6.232889561225582
12238,informará a la,3,6.638354669333745
12239,informará a los,3,6.638354669333745
12240,informará anualmente,2,6.638354669333745
12241,informará anualmente al,3,6.638354669333745
12242,informará diariamente,2,6.638354669333745
12243,informará diariamente al,3,6.638354669333745
12244,informativas,1,6.638354669333745
12245,informativas en,2,6.638354669333745
12246,informativas en materia,3,6.638354669333745
12247,informe,1,5.2520603082138555
12248,informe acerca,2,6.638354669333745
12249,informe acerca de,3,6.638354669333745
12250,informe anual,2,6.638354669333745
12251,informe anual de,3,6.638354669333745
12252,informe con,2,6.638354669333745
12253,informe con el,3,6.638354669333745
12254,informe de,2,6.638354669333745
12255,informe de pre,3,6.638354669333745
12256,informe final,2,6.638354669333745
12257,informe final caracterización,3,6.638354669333745
12258,informe que,2,6.638354669333745
12259,informe que dé,3,6.638354669333745
12260,informe será,2,6.638354669333745
12261,informe será publicado,3,6.638354669333745
12262,informes,1,6.638354669333745
12263,informes y,2,6.638354669333745
12264,informes y otros,3,6.638354669333745
12265,informática,1,6.638354669333745
12266,informática para,2,6.638354669333745
12267,informática para el,3,6.638354669333745
12268,infracciones,1,6.232889561225582
12269,infracciones o,2,6.232889561225582
12270,infracciones o contravenciones,3,6.232889561225582
12271,infracción,1,6.638354669333745
12272,infracción a,2,6.638354669333745
12273,infracción a este,3,6.638354669333745
12274,infraestructura,1,5.945207488773801
12275,infraestructura de,2,6.638354669333745
12276,infraestructura de ciclorutas,3,6.638354669333745
12277,infraestructura deberán,2,6.638354669333745
12278,infraestructura deberán utilizar,3,6.638354669333745
12279,infraestructura especializada,2,6.638354669333745
12280,infraestructura especializada así,3,6.638354669333745
12281,infraestructura pública,2,6.638354669333745
12282,infraestructura pública deberá,3,6.638354669333745
12283,inglés,1,6.232889561225582
12284,ingresar,1,6.232889561225582
12285,ingresar al,2,6.232889561225582
12286,ingresar al seia,3,6.232889561225582
12287,ingresen,1,5.722063937459591
12288,ingresen al,2,5.722063937459591
12289,ingresen al parque,3,6.638354669333745
12290,ingresen al seia,3,6.232889561225582
12291,ingresen al sistema,3,6.638354669333745
12292,ingreso,1,5.945207488773801
12293,ingreso de,2,6.232889561225582
12294,ingreso de vehículos,3,6.232889561225582
12295,ingreso del,2,6.638354669333745
12296,ingreso del proyecto,3,6.638354669333745
12297,inhibe,1,6.638354669333745
12298,inhibe el,2,6.638354669333745
12299,inhibe el viento,3,6.638354669333745
12300,inicia,1,6.232889561225582
12301,inicia operaciones,2,6.232889561225582
12302,inicia operaciones o,3,6.232889561225582
12303,iniciales,1,6.638354669333745
12304,iniciales que,2,6.638354669333745
12305,iniciales que se,3,6.638354669333745
12306,iniciar,1,5.945207488773801
12307,iniciar el,2,6.638354669333745
12308,iniciar el diseño,3,6.638354669333745
12309,iniciar la,2,6.232889561225582
12310,iniciar la operación,3,6.638354669333745
12311,iniciar la revisión,3,6.638354669333745
12312,iniciará,1,6.638354669333745
12313,iniciará la,2,6.638354669333745
12314,iniciará la revisión,3,6.638354669333745
12315,iniciativas,1,6.638354669333745
12316,iniciativas fuente,2,6.638354669333745
12317,iniciativas fuente chile,3,6.638354669333745
12318,inicio,1,5.385591700838378
12319,inicio a,2,6.638354669333745
12320,inicio a la,3,6.638354669333745
12321,inicio al,2,5.722063937459591
12322,inicio al proceso,3,5.722063937459591
12323,inicio o,2,6.638354669333745
12324,inicio o término,3,6.638354669333745
12325,inmobiliarios,1,6.638354669333745
12326,inmobiliarios también,2,6.638354669333745
12327,inmobiliarios también se,3,6.638354669333745
12328,inscripciones,1,6.638354669333745
12329,inscripciones de,2,6.638354669333745
12330,inscripciones de taxis,3,6.638354669333745
12331,inscripciones para,2,6.638354669333745
12332,inscripciones para vehículos,3,6.638354669333745
12333,inscripción,1,6.232889561225582
12334,inscripción en,2,6.232889561225582
12335,inscripción en el,3,6.232889561225582
12336,inspección,1,6.638354669333745
12337,inspección que,2,6.638354669333745
12338,inspección que permite,3,6.638354669333745
12339,inspectores,1,6.232889561225582
12340,inspectores fiscales,2,6.232889561225582
12341,inspectores fiscales y,3,6.232889561225582
12342,instala,1,6.638354669333745
12343,instala y,2,6.638354669333745
12344,instala y su,3,6.638354669333745
12345,instalaciones,1,5.2520603082138555
12346,instalaciones de,2,5.385591700838378
12347,instalaciones de almacenamiento,3,6.232889561225582
12348,instalaciones de aves,3,6.232889561225582
12349,instalaciones de distribución,3,6.232889561225582
12350,instalaciones públicas,2,6.638354669333745
12351,instalaciones públicas y,3,6.638354669333745
12352,instalación,1,6.638354669333745
12353,instalación de,2,6.638354669333745
12354,instalación de distribución,3,6.638354669333745
12355,instalada,1,6.638354669333745
12356,instalada igual,2,6.638354669333745
12357,instalada igual o,3,6.638354669333745
12358,instalan,1,6.638354669333745
12359,instalan sus,2,6.638354669333745
12360,instalan sus componentes,3,6.638354669333745
12361,instalen,1,6.638354669333745
12362,instalen con,2,6.638354669333745
12363,instalen con posterioridad,3,6.638354669333745
12364,institucional,1,6.638354669333745
12365,institucional que,2,6.638354669333745
12366,institucional que se,3,6.638354669333745
12367,institucionales,1,6.638354669333745
12368,institucionales de,2,6.638354669333745
12369,institucionales de coordinación,3,6.638354669333745
12370,instituciones,1,5.945207488773801
12371,instituciones con,2,6.232889561225582
12372,instituciones con atribuciones,3,6.232889561225582
12373,instituciones públicas,2,6.638354669333745
12374,instituciones públicas de,3,6.638354669333745
12375,instrumentación,1,6.638354669333745
12376,instrumentación industrial,2,6.638354669333745
12377,instrumentación industrial para,3,6.638354669333745
12378,instrumento,1,5.945207488773801
12379,instrumento cuando,2,6.638354669333745
12380,instrumento cuando ejecuten,3,6.638354669333745
12381,instrumento de,2,6.638354669333745
12382,instrumento de gestión,3,6.638354669333745
12383,instrumento portátil,2,6.638354669333745
12384,instrumento portátil que,3,6.638354669333745
12385,instrumentos,1,5.539742380665636
12386,instrumentos de,2,6.638354669333745
12387,instrumentos de gestión,3,6.638354669333745
12388,instrumentos del,2,6.638354669333745
12389,instrumentos del plan,3,6.638354669333745
12390,instrumentos en,2,6.638354669333745
12391,instrumentos en base,3,6.638354669333745
12392,instrumentos protocolos,2,6.638354669333745
12393,instrumentos protocolos y,3,6.638354669333745
12394,instrumentos y,2,6.638354669333745
12395,instrumentos y medidas,3,6.638354669333745
12396,insuficiente,1,6.638354669333745
12397,insuficiente para,2,6.638354669333745
12398,insuficiente para cumplir,3,6.638354669333745
12399,insuficientes,1,6.638354669333745
12400,insuficientes para,2,6.638354669333745
12401,insuficientes para alcanzar,3,6.638354669333745
12402,integración,1,6.638354669333745
12403,integración modal,2,6.638354669333745
12404,integración modal y,3,6.638354669333745
12405,integral,1,5.945207488773801
12406,integral de,2,6.232889561225582
12407,integral de dichos,3,6.638354669333745
12408,integral de éstos,3,6.638354669333745
12409,integral en,2,6.638354669333745
12410,integral en educación,3,6.638354669333745
12411,intendencia,1,5.945207488773801
12412,intendencia hará,2,6.638354669333745
12413,intendencia hará públicas,3,6.638354669333745
12414,intendencia regional,2,6.232889561225582
12415,intendencia regional coordinará,3,6.638354669333745
12416,intendencia regional metropolitana,3,6.638354669333745
12417,intendente,1,5.385591700838378
12418,intendente declarará,2,6.638354669333745
12419,intendente declarará la,3,6.638354669333745
12420,intendente informar,2,6.638354669333745
12421,intendente informar oportunamente,3,6.638354669333745
12422,intendente la,2,6.638354669333745
12423,intendente la seremi,3,6.638354669333745
12424,intendente podrá,2,6.638354669333745
12425,intendente podrá dejar,3,6.638354669333745
12426,intendente regional,2,6.232889561225582
12427,intendente regional acerca,3,6.638354669333745
12428,intendente regional en,3,6.638354669333745
12429,intensifi,1,5.945207488773801
12430,intensifi rán,2,5.945207488773801
12431,intensifi rán con,3,5.945207488773801
12432,intensificación,1,5.945207488773801
12433,intensificación de,2,5.945207488773801
12434,intensificación de la,3,5.945207488773801
12435,intensificar,1,6.232889561225582
12436,intensificar la,2,6.232889561225582
12437,intensificar la fiscalización,3,6.232889561225582
12438,interior,1,5.2520603082138555
12439,interior de,2,5.722063937459591
12440,interior de la,3,6.638354669333745
12441,interior de los,3,5.945207488773801
12442,interior del,2,6.232889561225582
12443,interior del anillo,3,6.232889561225582
12444,interior y,2,6.638354669333745
12445,interior y exterior,3,6.638354669333745
12446,intermodal,1,6.638354669333745
12447,intermodal para,2,6.638354669333745
12448,intermodal para la,3,6.638354669333745
12449,interna,1,5.539742380665636
12450,interna acoplado,2,6.638354669333745
12451,interna acoplado a,3,6.638354669333745
12452,interna con,2,6.638354669333745
12453,interna con encendido,3,6.638354669333745
12454,interna de,2,6.638354669333745
12455,interna de encendido,3,6.638354669333745
12456,internacional,1,5.945207488773801
12457,internacional podrán,2,6.638354669333745
12458,internacional podrán solicitar,3,6.638354669333745
12459,internacional que,2,6.638354669333745
12460,internacional que apoye,3,6.638354669333745
12461,internacionales,1,6.232889561225582
12462,internacionales indican,2,6.638354669333745
12463,internacionales indican la,3,6.638354669333745
12464,internacionales y,2,6.638354669333745
12465,internacionales y nacionales,3,6.638354669333745
12466,interrumpida,1,6.638354669333745
12467,interrumpida por,2,6.638354669333745
12468,interrumpida por el,3,6.638354669333745
12469,intertanto,1,6.232889561225582
12470,intertanto se,2,6.232889561225582
12471,intertanto se ordenará,3,6.232889561225582
12472,interurbano,1,6.638354669333745
12473,interurbano a,2,6.638354669333745
12474,interurbano a lo,3,6.638354669333745
12475,interés,1,6.638354669333745
12476,interés público,2,6.638354669333745
12477,interés público fortaleciendo,3,6.638354669333745
12478,invalide,1,6.638354669333745
12479,invalide los,2,6.638354669333745
12480,invalide los resultados,3,6.638354669333745
12481,inventario,1,6.232889561225582
12482,inventario de,2,6.232889561225582
12483,inventario de emisiones,3,6.232889561225582
12484,invernadero,1,6.638354669333745
12485,invernadero beneficios,2,6.638354669333745
12486,invernadero beneficios para,3,6.638354669333745
12487,inversión,1,5.722063937459591
12488,inversión públicos,2,6.638354669333745
12489,inversión públicos y,3,6.638354669333745
12490,inversión térmica,2,6.232889561225582
12491,inversión térmica sobre,3,6.638354669333745
12492,inversión térmica superficial,3,6.638354669333745
12493,inversión y,2,6.638354669333745
12494,inversión y operación,3,6.638354669333745
12495,invierno,1,6.638354669333745
12496,invierno donde,2,6.638354669333745
12497,invierno donde sus,3,6.638354669333745
12498,inviolable,1,6.638354669333745
12499,inviolable sin,2,6.638354669333745
12500,inviolable sin vuelta,3,6.638354669333745
12501,ir,1,6.638354669333745
12502,ir mejorando,2,6.638354669333745
12503,ir mejorando las,3,6.638354669333745
12504,iso,1,6.638354669333745
12505,iso 8178,2,6.638354669333745
12506,iso 8178 motores,3,6.638354669333745
12507,iv,1,6.232889561225582
12508,iv el,2,6.638354669333745
12509,iv requisitos,2,6.638354669333745
12510,iv requisitos para,3,6.638354669333745
12511,jornadas,1,6.638354669333745
12512,jornadas de,2,6.638354669333745
12513,jornadas de diálogos,3,6.638354669333745
12514,julio,1,6.638354669333745
12515,julio de,2,6.638354669333745
12516,julio de cada,3,6.638354669333745
12517,junio,1,6.232889561225582
12518,junio de,2,6.232889561225582
12519,junio de 2009,3,6.638354669333745
12520,junio de 2019,3,6.638354669333745
12521,junto,1,6.232889561225582
12522,junto con,2,6.232889561225582
12523,junto con la,3,6.638354669333745
12524,junto con un,3,6.638354669333745
12525,juzgado,1,6.232889561225582
12526,juzgado que,2,6.232889561225582
12527,juzgado que corresponda,3,6.232889561225582
12528,kerosene,1,5.539742380665636
12529,kerosene doméstico,2,6.638354669333745
12530,kerosene doméstico e,3,6.638354669333745
12531,kerosene empleado,2,6.232889561225582
12532,kerosene empleado como,3,6.232889561225582
12533,kerosene requisitos,2,6.638354669333745
12534,kilowatt,1,6.232889561225582
12535,kilowatt hora,2,6.232889561225582
12536,kilowatt hora mg,3,6.232889561225582
12537,kilowatts,1,6.638354669333745
12538,kilowatts kw,2,6.638354669333745
12539,kilowatts kw y,3,6.638354669333745
12540,kilómetros,1,6.232889561225582
12541,kilómetros de,2,6.232889561225582
12542,kilómetros de ciclorutas,3,6.638354669333745
12543,kilómetros de pistas,3,6.638354669333745
12544,km2,1,6.638354669333745
12545,km2 donde,2,6.638354669333745
12546,km2 donde el,3,6.638354669333745
12547,kw,1,5.385591700838378
12548,kw de,2,6.638354669333745
12549,kw de alimentación,3,6.638354669333745
12550,kw e,2,6.232889561225582
12551,kw e inferior,3,6.232889561225582
12552,kw se,2,6.638354669333745
12553,kw se excluyen,3,6.638354669333745
12554,kw si,2,6.638354669333745
12555,kw si la,3,6.638354669333745
12556,kw y,2,6.638354669333745
12557,kw y que,3,6.638354669333745
12558,kwt,1,6.232889561225582
12559,kwt deberán,2,6.638354669333745
12560,kwt deberán acreditar,3,6.638354669333745
12561,kwt las,2,6.638354669333745
12562,kwt las que,3,6.638354669333745
12563,la,1,1.291247138616277
12564,la acción,2,6.638354669333745
12565,la acción del,3,6.638354669333745
12566,la acreditación,2,6.232889561225582
12567,la acreditación del,3,6.638354669333745
12568,la acreditación se,3,6.638354669333745
12569,la actividad,2,5.722063937459591
12570,la actividad asociadas,3,6.638354669333745
12571,la actividad física,3,5.945207488773801
12572,la actualización,2,5.945207488773801
12573,la actualización de,3,6.638354669333745
12574,la actualización deben,3,6.638354669333745
12575,la actualización quedó,3,6.638354669333745
12576,la adecuada,2,6.638354669333745
12577,la adecuada implementación,3,6.638354669333745
12578,la administración,2,6.232889561225582
12579,la administración del,3,6.232889561225582
12580,la agencia,2,5.539742380665636
12581,la agencia ambiental,3,6.232889561225582
12582,la agencia de,3,5.945207488773801
12583,la agricultura,2,6.232889561225582
12584,la agricultura y,3,6.232889561225582
12585,la aplicación,2,5.722063937459591
12586,la aplicación de,3,5.722063937459591
12587,la aprobación,2,5.945207488773801
12588,la aprobación de,3,6.232889561225582
12589,la aprobación del,3,6.638354669333745
12590,la asignación,2,6.638354669333745
12591,la asignación de,3,6.638354669333745
12592,la atmósfera,2,6.232889561225582
12593,la atmósfera a,3,6.638354669333745
12594,la atmósfera al,3,6.638354669333745
12595,la autoridad,2,6.232889561225582
12596,la autoridad pública,3,6.638354669333745
12597,la autoridad sanitaria,3,6.638354669333745
12598,la base,2,5.945207488773801
12599,la base de,3,6.232889561225582
12600,la base total,3,6.638354669333745
12601,la cadena,2,5.722063937459591
12602,la cadena de,3,5.722063937459591
12603,la caldera,2,6.638354669333745
12604,la caldera cumple,3,6.638354669333745
12605,la calefacción,2,5.539742380665636
12606,la calefacción con,3,6.638354669333745
12607,la calefacción en,3,6.232889561225582
12608,la calefacción residencial,3,6.232889561225582
12609,la calidad,2,4.558913127653909
12610,la calidad de,3,5.539742380665636
12611,la calidad del,3,4.93360657709532
12612,la cantidad,2,6.232889561225582
12613,la cantidad de,3,6.638354669333745
12614,la cantidad total,3,6.638354669333745
12615,la capa,2,6.232889561225582
12616,la capa de,3,6.232889561225582
12617,la capacidad,2,5.722063937459591
12618,la capacidad de,3,5.945207488773801
12619,la capacidad máxima,3,6.638354669333745
12620,la captura,2,6.638354669333745
12621,la captura de,3,6.638354669333745
12622,la caracterización,2,6.638354669333745
12623,la caracterización de,3,6.638354669333745
12624,la certificación,2,6.638354669333745
12625,la certificación referida,3,6.638354669333745
12626,la circulación,2,6.638354669333745
12627,la circulación de,3,6.638354669333745
12628,la ciudad,2,6.638354669333745
12629,la ciudad de,3,6.638354669333745
12630,la ciudadanía,2,6.232889561225582
12631,la ciudadanía respecto,3,6.638354669333745
12632,la cocción,2,5.945207488773801
12633,la cocción de,3,5.945207488773801
12634,la cogeneración,2,6.638354669333745
12635,la cogeneración éstas,3,6.638354669333745
12636,la colaboración,2,6.638354669333745
12637,la colaboración del,3,6.638354669333745
12638,la combustión,2,6.232889561225582
12639,la combustión como,3,6.638354669333745
12640,la combustión de,3,6.638354669333745
12641,la combustión incompleta,3,6.638354669333745
12642,la comercialización,2,6.232889561225582
12643,la comercialización de,3,6.232889561225582
12644,la compensación,2,4.846595200105691
12645,la compensación de,3,4.93360657709532
12646,la compensación entre,3,6.638354669333745
12647,la comunidad,2,5.945207488773801
12648,la comunidad a,3,6.638354669333745
12649,la comunidad europea,3,6.638354669333745
12650,la comunidad respecto,3,6.638354669333745
12651,la conaf,2,5.945207488773801
12652,la conaf deberá,3,6.638354669333745
12653,la conaf elaborarán,3,6.638354669333745
12654,la conaf podrá,3,6.638354669333745
12655,la concentración,2,5.945207488773801
12656,la concentración anual,3,6.638354669333745
12657,la concentración de,3,6.638354669333745
12658,la concentración reportada,3,6.638354669333745
12659,la condensación,2,6.638354669333745
12660,la condensación de,3,6.638354669333745
12661,la condición,2,6.638354669333745
12662,la condición de,3,6.638354669333745
12663,la conectividad,2,6.638354669333745
12664,la conectividad ecológica,3,6.638354669333745
12665,la conservación,2,6.638354669333745
12666,la conservación de,3,6.638354669333745
12667,la construcción,2,5.722063937459591
12668,la construcción de,3,5.722063937459591
12669,la consulta,2,6.638354669333745
12670,la consulta ciudadana,3,6.638354669333745
12671,la contaminación,2,5.722063937459591
12672,la contaminación atmosférica,3,6.232889561225582
12673,la contaminación en,3,6.638354669333745
12674,la contaminación por,3,6.638354669333745
12675,la continuidad,2,6.638354669333745
12676,la continuidad del,3,6.638354669333745
12677,la contraloría,2,6.638354669333745
12678,la contraloría general,3,6.638354669333745
12679,la contribución,2,6.638354669333745
12680,la contribución de,3,6.638354669333745
12681,la coordinación,2,6.638354669333745
12682,la coordinación institucional,3,6.638354669333745
12683,la cordillera,2,5.945207488773801
12684,la cordillera de,3,5.945207488773801
12685,la corporación,2,6.638354669333745
12686,la corporación nacional,3,6.638354669333745
12687,la correcta,2,6.232889561225582
12688,la correcta aplicación,3,6.232889561225582
12689,la costa,2,6.232889561225582
12690,la costa alcanza,3,6.638354669333745
12691,la costa en,3,6.638354669333745
12692,la creación,2,6.232889561225582
12693,la creación de,3,6.638354669333745
12694,la creación gestión,3,6.638354669333745
12695,la creciente,2,6.638354669333745
12696,la creciente importancia,3,6.638354669333745
12697,la cual,2,5.945207488773801
12698,la cual en,3,6.638354669333745
12699,la cual los,3,6.638354669333745
12700,la cual se,3,6.638354669333745
12701,la cuenca,2,4.846595200105691
12702,la cuenca así,3,6.638354669333745
12703,la cuenca de,3,5.539742380665636
12704,la cuenca hacia,3,6.638354669333745
12705,la cuenca lo,3,6.638354669333745
12706,la cuenca particularmente,3,6.638354669333745
12707,la cuenca que,3,6.638354669333745
12708,la cuenca una,3,6.638354669333745
12709,la de,2,6.232889561225582
12710,la de santiago,3,6.638354669333745
12711,la de terceros,3,6.638354669333745
12712,la declaración,2,5.539742380665636
12713,la declaración de,3,5.539742380665636
12714,la demanda,2,6.638354669333745
12715,la demanda nacional,3,6.638354669333745
12716,la descontaminación,2,6.638354669333745
12717,la descontaminación atmosférica,3,6.638354669333745
12718,la determinación,2,6.638354669333745
12719,la determinación indicada,3,6.638354669333745
12720,la dictación,2,6.232889561225582
12721,la dictación de,3,6.232889561225582
12722,la difusión,2,6.638354669333745
12723,la difusión de,3,6.638354669333745
12724,la dimensión,2,6.638354669333745
12725,la dimensión ambiental,3,6.638354669333745
12726,la dirección,2,6.638354669333745
12727,la dirección de,3,6.638354669333745
12728,la disminución,2,5.722063937459591
12729,la disminución de,3,6.232889561225582
12730,la disminución del,3,6.638354669333745
12731,la disminución en,3,6.638354669333745
12732,la disponibilidad,2,6.232889561225582
12733,la disponibilidad de,3,6.638354669333745
12734,la disponibilidad presupuestaria,3,6.638354669333745
12735,la disposición,2,6.638354669333745
12736,la disposición final,3,6.638354669333745
12737,la distribución,2,6.638354669333745
12738,la distribución y,3,6.638354669333745
12739,la duración,2,6.638354669333745
12740,la duración de,3,6.638354669333745
12741,la educación,2,5.945207488773801
12742,la educación ambiental,3,6.638354669333745
12743,la educación formal,3,6.638354669333745
12744,la educación informal,3,6.638354669333745
12745,la eficiencia,2,6.232889561225582
12746,la eficiencia declarada,3,6.638354669333745
12747,la eficiencia en,3,6.638354669333745
12748,la ejecución,2,6.232889561225582
12749,la ejecución de,3,6.638354669333745
12750,la ejecución del,3,6.638354669333745
12751,la elaboración,2,5.385591700838378
12752,la elaboración de,3,5.722063937459591
12753,la elaboración del,3,6.638354669333745
12754,la elaboración y,3,6.638354669333745
12755,la emisiones,2,6.638354669333745
12756,la emisiones de,3,6.638354669333745
12757,la emisión,2,4.93360657709532
12758,la emisión anual,3,6.638354669333745
12759,la emisión continua,3,6.638354669333745
12760,la emisión continuada,3,6.638354669333745
12761,la emisión de,3,5.722063937459591
12762,la emisión másica,3,6.638354669333745
12763,la emisión máxima,3,5.945207488773801
12764,la energía,2,6.232889561225582
12765,la energía eléctrica,3,6.638354669333745
12766,la energía que,3,6.638354669333745
12767,la entrada,2,3.3612099363415693
12768,la entrada en,3,3.3612099363415693
12769,la entrega,2,6.232889561225582
12770,la entrega de,3,6.232889561225582
12771,la erosión,2,6.638354669333745
12772,la erosión de,3,6.638354669333745
12773,la escala,2,6.638354669333745
12774,la escala de,3,6.638354669333745
12775,la especificación,2,6.638354669333745
12776,la especificación de,3,6.638354669333745
12777,la estabilidad,2,6.638354669333745
12778,la estabilidad dinámica,3,6.638354669333745
12779,la estación,2,5.945207488773801
12780,la estación de,3,6.232889561225582
12781,la estación parque,3,6.638354669333745
12782,la estimación,2,6.232889561225582
12783,la estimación de,3,6.638354669333745
12784,la estimación debe,3,6.638354669333745
12785,la evaluación,2,5.722063937459591
12786,la evaluación ambiental,3,6.638354669333745
12787,la evaluación de,3,6.638354669333745
12788,la evaluación del,3,6.638354669333745
12789,la evaluación e,3,6.638354669333745
12790,la evidencia,2,6.638354669333745
12791,la evidencia demuestra,3,6.638354669333745
12792,la evolución,2,5.722063937459591
12793,la evolución de,3,5.722063937459591
12794,la excepción,2,6.638354669333745
12795,la excepción contemplada,3,6.638354669333745
12796,la exigencia,2,5.385591700838378
12797,la exigencia anterior,3,6.638354669333745
12798,la exigencia de,3,6.232889561225582
12799,la exigencia del,3,6.638354669333745
12800,la exigencia establecida,3,6.638354669333745
12801,la exigencia legal,3,6.638354669333745
12802,la experiencia,2,6.638354669333745
12803,la experiencia de,3,6.638354669333745
12804,la falta,2,6.638354669333745
12805,la falta de,3,6.638354669333745
12806,la fase,2,6.232889561225582
12807,la fase de,3,6.232889561225582
12808,la fecha,2,4.7665524924321545
12809,la fecha de,3,5.134277272557472
12810,la fecha en,3,6.638354669333745
12811,la fecha es,3,6.638354669333745
12812,la fecha los,3,6.638354669333745
12813,la finalidad,2,6.638354669333745
12814,la finalidad de,3,6.638354669333745
12815,la fiscalización,2,4.93360657709532
12816,la fiscalización de,3,5.722063937459591
12817,la fiscalización del,3,5.945207488773801
12818,la flota,2,6.638354669333745
12819,la flota de,3,6.638354669333745
12820,la forma,2,6.638354669333745
12821,la forma y,3,6.638354669333745
12822,la formación,2,6.638354669333745
12823,la formación de,3,6.638354669333745
12824,la fracción,2,5.945207488773801
12825,la fracción fina,3,6.232889561225582
12826,la fracción mp10,3,6.638354669333745
12827,la frase,2,6.638354669333745
12828,la frase petróleo,3,6.638354669333745
12829,la frecuencia,2,5.945207488773801
12830,la frecuencia descrita,3,6.232889561225582
12831,la frecuencia que,3,6.638354669333745
12832,la fuente,2,5.539742380665636
12833,la fuente independientemente,3,6.638354669333745
12834,la fuente mantenga,3,6.638354669333745
12835,la fuente que,3,6.638354669333745
12836,la fuente sea,3,6.638354669333745
12837,la fuente y,3,5.945207488773801
12838,la gasolina,2,6.232889561225582
12839,la gasolina para,3,6.638354669333745
12840,la gasolina sólo,3,6.638354669333745
12841,la gec,2,6.638354669333745
12842,la generación,2,5.945207488773801
12843,la generación de,3,5.945207488773801
12844,la gestión,2,5.539742380665636
12845,la gestión ambiental,3,6.232889561225582
12846,la gestión de,3,5.945207488773801
12847,la habilitación,2,6.638354669333745
12848,la habilitación prioritaria,3,6.638354669333745
12849,la homologación,2,5.945207488773801
12850,la homologación de,3,6.232889561225582
12851,la homologación y,3,6.638354669333745
12852,la hora,2,6.638354669333745
12853,la hora de,3,6.638354669333745
12854,la implementación,2,4.93360657709532
12855,la implementación de,3,5.539742380665636
12856,la implementación del,3,5.945207488773801
12857,la implementación y,3,6.638354669333745
12858,la importancia,2,6.638354669333745
12859,la importancia del,3,6.638354669333745
12860,la incidencia,2,6.638354669333745
12861,la incidencia de,3,6.638354669333745
12862,la inclusión,2,6.638354669333745
12863,la inclusión de,3,6.638354669333745
12864,la incorporación,2,6.232889561225582
12865,la incorporación de,3,6.232889561225582
12866,la industria,2,6.232889561225582
12867,la industria una,3,6.638354669333745
12868,la inercia,2,6.232889561225582
12869,la inercia equivalente,3,6.232889561225582
12870,la información,2,6.232889561225582
12871,la información a,3,6.638354669333745
12872,la información correspondiente,3,6.638354669333745
12873,la infraestructura,2,6.638354669333745
12874,la infraestructura de,3,6.638354669333745
12875,la instalación,2,6.638354669333745
12876,la instalación de,3,6.638354669333745
12877,la integración,2,6.638354669333745
12878,la integración modal,3,6.638354669333745
12879,la intendencia,2,5.945207488773801
12880,la intendencia hará,3,6.638354669333745
12881,la intendencia regional,3,6.232889561225582
12882,la latencia,2,6.638354669333745
12883,la latencia para,3,6.638354669333745
12884,la legislación,2,6.638354669333745
12885,la legislación internacional,3,6.638354669333745
12886,la ley,2,5.722063937459591
12887,la ley 19,3,6.232889561225582
12888,la ley de,3,6.638354669333745
12889,la ley nº,3,6.638354669333745
12890,la leña,2,5.722063937459591
12891,la leña que,3,6.638354669333745
12892,la llegada,2,6.638354669333745
12893,la llegada del,3,6.638354669333745
12894,la madera,2,4.623451648791481
12895,la madera aquellos,3,6.638354669333745
12896,la madera conforme,3,6.638354669333745
12897,la madera en,3,5.722063937459591
12898,la madera excepto,3,6.638354669333745
12899,la madera mediante,3,6.638354669333745
12900,la madera para,3,5.722063937459591
12901,la mantención,2,6.232889561225582
12902,la mantención realizada,3,6.638354669333745
12903,la mantención y,3,6.638354669333745
12904,la maquinaria,2,5.722063937459591
12905,la maquinaria móvil,3,5.945207488773801
12906,la maquinaria propia,3,6.638354669333745
12907,la materia,2,6.638354669333745
12908,la materia prima,3,6.638354669333745
12909,la medición,2,6.638354669333745
12910,la medición de,3,6.638354669333745
12911,la medición efectuada,3,6.638354669333745
12912,la medida,2,5.385591700838378
12913,la medida de,3,6.232889561225582
12914,la medida los,3,6.638354669333745
12915,la medida que,3,5.945207488773801
12916,la mejora,2,5.945207488773801
12917,la mejora de,3,6.232889561225582
12918,la mejora en,3,6.638354669333745
12919,la memoria,2,6.638354669333745
12920,la memoria de,3,6.638354669333745
12921,la meta,2,5.028916756899646
12922,la meta de,3,5.722063937459591
12923,la meta del,3,5.722063937459591
12924,la meta establecida,3,6.638354669333745
12925,la meta trianual,3,6.638354669333745
12926,la metodología,2,5.385591700838378
12927,la metodología de,3,5.722063937459591
12928,la metodología establecida,3,6.638354669333745
12929,la metodología utilizada,3,6.638354669333745
12930,la misma,2,6.232889561225582
12931,la misma manera,3,6.638354669333745
12932,la misma zona,3,6.638354669333745
12933,la modalidad,2,6.638354669333745
12934,la modalidad del,3,6.638354669333745
12935,la nch2907,2,6.638354669333745
12936,la nch2907 2005,3,6.638354669333745
12937,la nch2965,2,6.638354669333745
12938,la nch2965 2005,3,6.638354669333745
12939,la nch3246,2,6.638354669333745
12940,la nch3246 2011,3,6.638354669333745
12941,la nch61,2,6.638354669333745
12942,la nch61 1999,3,6.638354669333745
12943,la nch62,2,6.638354669333745
12944,la nch62 2000,3,6.638354669333745
12945,la nch63,2,6.638354669333745
12946,la nch63 2000,3,6.638354669333745
12947,la nch64,2,6.638354669333745
12948,la nch64 1995,3,6.638354669333745
12949,la norma,2,3.897514645408545
12950,la norma de,3,5.028916756899646
12951,la norma desde,3,6.638354669333745
12952,la norma epa,3,6.638354669333745
12953,la norma euro,3,6.638354669333745
12954,la norma los,3,6.232889561225582
12955,la norma nch2115,3,6.638354669333745
12956,la norma nch2907,3,5.945207488773801
12957,la norma nch2965,3,6.638354669333745
12958,la norma nch3246,3,6.638354669333745
12959,la norma nch61,3,6.232889561225582
12960,la norma nch62,3,6.232889561225582
12961,la norma nch63,3,6.232889561225582
12962,la norma nch64,3,6.638354669333745
12963,la norma nch72,3,6.232889561225582
12964,la norma primaria,3,6.638354669333745
12965,la norma que,3,6.638354669333745
12966,la norma vigente,3,6.638354669333745
12967,la normativa,2,4.93360657709532
12968,la normativa ambiental,3,6.232889561225582
12969,la normativa definida,3,6.638354669333745
12970,la normativa el,3,6.638354669333745
12971,la normativa internacional,3,6.638354669333745
12972,la normativa que,3,6.638354669333745
12973,la normativa vigente,3,5.722063937459591
12974,la nueva,2,6.638354669333745
12975,la nueva actividad,3,6.638354669333745
12976,la nómina,2,6.232889561225582
12977,la nómina con,3,6.232889561225582
12978,la obligación,2,6.232889561225582
12979,la obligación de,3,6.638354669333745
12980,la obligación regirá,3,6.638354669333745
12981,la obtención,2,6.638354669333745
12982,la obtención de,3,6.638354669333745
12983,la ocurrencia,2,6.232889561225582
12984,la ocurrencia de,3,6.232889561225582
12985,la oferta,2,6.232889561225582
12986,la oferta de,3,6.232889561225582
12987,la operación,2,5.385591700838378
12988,la operación de,3,6.638354669333745
12989,la operación del,3,5.539742380665636
12990,la ordenanza,2,5.945207488773801
12991,la ordenanza en,3,6.638354669333745
12992,la ordenanza general,3,6.232889561225582
12993,la paralización,2,6.232889561225582
12994,la paralización de,3,6.232889561225582
12995,la participación,2,6.638354669333745
12996,la participación de,3,6.638354669333745
12997,la periodicidad,2,6.638354669333745
12998,la periodicidad en,3,6.638354669333745
12999,la pertinencia,2,6.638354669333745
13000,la pertinencia de,3,6.638354669333745
13001,la placa,2,6.638354669333745
13002,la placa que,3,6.638354669333745
13003,la población,2,5.722063937459591
13004,la población expuesta,3,6.638354669333745
13005,la población pueden,3,6.638354669333745
13006,la población se,3,6.638354669333745
13007,la población tasa,3,6.638354669333745
13008,la posibilidad,2,6.638354669333745
13009,la posibilidad de,3,6.638354669333745
13010,la potencia,2,6.638354669333745
13011,la potencia máxima,3,6.638354669333745
13012,la presentación,2,6.638354669333745
13013,la presentación ante,3,6.638354669333745
13014,la presidencia,2,5.539742380665636
13015,la presidencia minsegpres,3,6.638354669333745
13016,la presidencia para,3,6.232889561225582
13017,la presidencia que,3,6.638354669333745
13018,la presidencia se,3,6.638354669333745
13019,la prestación,2,5.945207488773801
13020,la prestación de,3,5.945207488773801
13021,la prevención,2,6.638354669333745
13022,la prevención y,3,6.638354669333745
13023,la producción,2,6.638354669333745
13024,la producción de,3,6.638354669333745
13025,la prohibición,2,5.945207488773801
13026,la prohibición de,3,5.945207488773801
13027,la propulsión,2,6.638354669333745
13028,la propulsión de,3,6.638354669333745
13029,la provincia,2,5.722063937459591
13030,la provincia de,3,5.722063937459591
13031,la publicación,2,5.539742380665636
13032,la publicación de,3,6.232889561225582
13033,la publicación del,3,6.232889561225582
13034,la publicación en,3,6.638354669333745
13035,la página,2,6.638354669333745
13036,la página web,3,6.638354669333745
13037,la que,2,5.722063937459591
13038,la que deberá,3,6.232889561225582
13039,la que la,3,6.638354669333745
13040,la que presenta,3,6.638354669333745
13041,la quema,2,6.638354669333745
13042,la quema de,3,6.638354669333745
13043,la realización,2,6.638354669333745
13044,la realización de,3,6.638354669333745
13045,la rebaja,2,6.638354669333745
13046,la rebaja permanezca,3,6.638354669333745
13047,la recolección,2,6.638354669333745
13048,la recolección de,3,6.638354669333745
13049,la recuperación,2,6.638354669333745
13050,la recuperación de,3,6.638354669333745
13051,la red,2,5.722063937459591
13052,la red ha,3,6.638354669333745
13053,la red macam,3,6.232889561225582
13054,la red oficial,3,6.638354669333745
13055,la reducción,2,4.3357695763397
13056,la reducción de,3,4.692444520278432
13057,la reducción del,3,6.232889561225582
13058,la reducción en,3,6.232889561225582
13059,la reducción exigida,3,6.232889561225582
13060,la reemplace,2,6.638354669333745
13061,la referida,2,6.638354669333745
13062,la referida obligación,3,6.638354669333745
13063,la región,2,2.9126612420970934
13064,la región de,3,6.638354669333745
13065,la región del,3,6.638354669333745
13066,la región metropolitana,3,2.9620539974266693
13067,la región una,3,6.638354669333745
13068,la región y,3,6.638354669333745
13069,la región éste,3,6.638354669333745
13070,la relación,2,6.638354669333745
13071,la relación exposición,3,6.638354669333745
13072,la república,2,6.638354669333745
13073,la república y,3,6.638354669333745
13074,la requerida,2,6.638354669333745
13075,la requerida para,3,6.638354669333745
13076,la resolución,2,5.722063937459591
13077,la resolución 600,3,6.638354669333745
13078,la resolución de,3,6.638354669333745
13079,la resolución exenta,3,6.232889561225582
13080,la resolución que,3,6.638354669333745
13081,la restricción,2,6.638354669333745
13082,la restricción vehicular,3,6.638354669333745
13083,la reutilización,2,6.232889561225582
13084,la reutilización del,3,6.232889561225582
13085,la revisión,2,6.232889561225582
13086,la revisión de,3,6.638354669333745
13087,la revisión y,3,6.638354669333745
13088,la salud,2,5.2520603082138555
13089,la salud como,3,6.638354669333745
13090,la salud de,3,5.722063937459591
13091,la salud en,3,6.638354669333745
13092,la sección,2,6.638354669333745
13093,la sección vi,3,6.638354669333745
13094,la secretaría,2,5.722063937459591
13095,la secretaría de,3,6.638354669333745
13096,la secretaría regional,3,5.945207488773801
13097,la separa,2,6.638354669333745
13098,la separa de,3,6.638354669333745
13099,la seremi,2,3.930304468231536
13100,la seremi de,3,4.692444520278432
13101,la seremi del,3,4.3870628707272505
13102,la sesión,2,6.638354669333745
13103,la sesión ordinaria,3,6.638354669333745
13104,la siguiente,2,4.93360657709532
13105,la siguiente tabla,3,4.93360657709532
13106,la situación,2,5.945207488773801
13107,la situación a,3,6.638354669333745
13108,la situación actual,3,6.638354669333745
13109,la situación base,3,6.638354669333745
13110,la sociedad,2,6.638354669333745
13111,la sociedad civil,3,6.638354669333745
13112,la subsecretaría,2,6.638354669333745
13113,la subsecretaría de,3,6.638354669333745
13114,la subvención,2,5.945207488773801
13115,la subvención escolar,3,5.945207488773801
13116,la suma,2,6.232889561225582
13117,la suma de,3,6.232889561225582
13118,la superación,2,6.232889561225582
13119,la superación de,3,6.638354669333745
13120,la superación y,3,6.638354669333745
13121,la superficie,2,6.638354669333745
13122,la superficie del,3,6.638354669333745
13123,la superintendencia,2,3.570301734200129
13124,la superintendencia de,3,4.623451648791481
13125,la superintendencia del,3,3.964206019907217
13126,la sustentabilidad,2,6.232889561225582
13127,la sustentabilidad del,3,6.638354669333745
13128,la sustentabilidad se,3,6.638354669333745
13129,la tabla,2,3.930304468231536
13130,la tabla anterior,3,5.028916756899646
13131,la tabla iii,3,5.945207488773801
13132,la tabla muestra,3,6.638354669333745
13133,la tabla precedente,3,6.638354669333745
13134,la tabla se,3,6.638354669333745
13135,la tabla vi,3,5.134277272557472
13136,la tabla vii,3,6.638354669333745
13137,la tabla xii,3,6.638354669333745
13138,la tabla y,3,6.232889561225582
13139,la temperatura,2,6.638354669333745
13140,la temperatura global,3,6.638354669333745
13141,la temporada,2,6.638354669333745
13142,la temporada otoño,3,6.638354669333745
13143,la tendencia,2,6.638354669333745
13144,la tendencia de,3,6.638354669333745
13145,la toma,2,6.638354669333745
13146,la toma de,3,6.638354669333745
13147,la totalidad,2,6.638354669333745
13148,la totalidad de,3,6.638354669333745
13149,la usach,2,6.638354669333745
13150,la usach durante,3,6.638354669333745
13151,la utilización,2,6.638354669333745
13152,la utilización de,3,6.638354669333745
13153,la ventanilla,2,6.638354669333745
13154,la ventanilla única,3,6.638354669333745
13155,la ventilación,2,6.638354669333745
13156,la verificación,2,6.638354669333745
13157,la verificación del,3,6.638354669333745
13158,la vida,2,6.232889561225582
13159,la vida estadística,3,6.638354669333745
13160,la vida útil,3,6.638354669333745
13161,la vigencia,2,6.638354669333745
13162,la vigencia del,3,6.638354669333745
13163,la visibilidad,2,6.638354669333745
13164,la visibilidad disminución,3,6.638354669333745
13165,la vía,2,6.638354669333745
13166,la vía pública,3,6.638354669333745
13167,la zona,2,4.558913127653909
13168,la zona a,3,6.638354669333745
13169,la zona de,3,6.232889561225582
13170,la zona se,3,6.638354669333745
13171,la zona sujeta,3,5.028916756899646
13172,la zona sur,3,6.638354669333745
13173,la zona y,3,6.638354669333745
13174,la última,2,6.638354669333745
13175,la última distribución,3,6.638354669333745
13176,laboratorio,1,6.638354669333745
13177,laboratorio iso,2,6.638354669333745
13178,laboratorio iso 8178,3,6.638354669333745
13179,laboratorios,1,6.232889561225582
13180,laboratorios de,2,6.638354669333745
13181,laboratorios de medición,3,6.638354669333745
13182,laboratorios especialmente,2,6.638354669333745
13183,laboratorios especialmente contratados,3,6.638354669333745
13184,labores,1,6.638354669333745
13185,labores de,2,6.638354669333745
13186,labores de reparto,3,6.638354669333745
13187,lado,1,6.232889561225582
13188,lado con,2,6.638354669333745
13189,lado con respecto,3,6.638354669333745
13190,lado los,2,6.638354669333745
13191,lado los beneficios,3,6.638354669333745
13192,ladrillos,1,6.638354669333745
13193,ladrillos barro,2,6.638354669333745
13194,ladrillos barro y,3,6.638354669333745
13195,largo,1,6.638354669333745
13196,largo de,2,6.638354669333745
13197,largo de toda,3,6.638354669333745
13198,las,1,2.0844777777332046
13199,las acciones,2,5.945207488773801
13200,las acciones establecidas,3,6.638354669333745
13201,las acciones globales,3,6.638354669333745
13202,las acciones y,3,6.638354669333745
13203,las acreditaciones,2,6.638354669333745
13204,las acreditaciones históricas,3,6.638354669333745
13205,las actividades,2,5.385591700838378
13206,las actividades comprometidas,3,6.638354669333745
13207,las actividades de,3,5.945207488773801
13208,las actividades emisoras,3,6.638354669333745
13209,las actividades normales,3,6.638354669333745
13210,las actualizaciones,2,6.638354669333745
13211,las actualizaciones del,3,6.638354669333745
13212,las anteriores,2,6.638354669333745
13213,las anteriores que,3,6.638354669333745
13214,las aplicadas,2,6.638354669333745
13215,las aplicadas al,3,6.638354669333745
13216,las asociadas,2,6.232889561225582
13217,las asociadas al,3,6.232889561225582
13218,las atribuciones,2,6.232889561225582
13219,las atribuciones de,3,6.638354669333745
13220,las atribuciones legales,3,6.638354669333745
13221,las autopistas,2,6.638354669333745
13222,las autopistas y,3,6.638354669333745
13223,las aves,2,6.638354669333745
13224,las aves al,3,6.638354669333745
13225,las bases,2,6.638354669333745
13226,las bases administrativas,3,6.638354669333745
13227,las calderas,2,5.385591700838378
13228,las calderas de,3,6.232889561225582
13229,las calderas nuevas,3,6.638354669333745
13230,las calderas que,3,6.638354669333745
13231,las calderas y,3,6.232889561225582
13232,las campañas,2,6.638354669333745
13233,las campañas de,3,6.638354669333745
13234,las capacidades,2,6.638354669333745
13235,las capacidades institucionales,3,6.638354669333745
13236,las características,2,6.638354669333745
13237,las características e,3,6.638354669333745
13238,las compensaciones,2,6.232889561225582
13239,las compensaciones de,3,6.638354669333745
13240,las compensaciones podrán,3,6.638354669333745
13241,las comunas,2,5.539742380665636
13242,las comunas de,3,5.539742380665636
13243,las concentraciones,2,5.134277272557472
13244,las concentraciones año,3,6.638354669333745
13245,las concentraciones de,3,5.945207488773801
13246,las concentraciones diarias,3,6.638354669333745
13247,las concentraciones hasta,3,6.638354669333745
13248,las concentraciones trianuales,3,6.232889561225582
13249,las condes,2,6.638354669333745
13250,las condes y,3,6.638354669333745
13251,las condiciones,2,5.385591700838378
13252,las condiciones de,3,5.722063937459591
13253,las condiciones mencionadas,3,6.638354669333745
13254,las condiciones meteorológicas,3,6.638354669333745
13255,las condiciones normalizadas,3,6.638354669333745
13256,las condiciones técnicas,3,6.638354669333745
13257,las conversiones,2,6.232889561225582
13258,las conversiones iniciales,3,6.638354669333745
13259,las conversiones para,3,6.638354669333745
13260,las correcciones,2,6.638354669333745
13261,las correcciones en,3,6.638354669333745
13262,las cuales,2,6.638354669333745
13263,las cuales se,3,6.638354669333745
13264,las definiciones,2,6.638354669333745
13265,las definiciones señaladas,3,6.638354669333745
13266,las demás,2,6.638354669333745
13267,las demás instituciones,3,6.638354669333745
13268,las dependencias,2,6.638354669333745
13269,las dependencias de,3,6.638354669333745
13270,las directivas,2,6.638354669333745
13271,las directivas de,3,6.638354669333745
13272,las disposiciones,2,5.2520603082138555
13273,las disposiciones contenidas,3,6.232889561225582
13274,las disposiciones del,3,6.638354669333745
13275,las disposiciones establecidas,3,6.638354669333745
13276,las disposiciones que,3,6.638354669333745
13277,las disposiciones referidas,3,5.945207488773801
13278,las diversas,2,6.638354669333745
13279,las diversas instituciones,3,6.638354669333745
13280,las eficiencias,2,6.638354669333745
13281,las eficiencias de,3,6.638354669333745
13282,las emisiones,2,4.3870628707272505
13283,las emisiones asociadas,3,6.232889561225582
13284,las emisiones de,3,5.134277272557472
13285,las emisiones del,3,6.232889561225582
13286,las emisiones directas,3,6.638354669333745
13287,las emisiones en,3,6.638354669333745
13288,las emisiones equivalentes,3,6.232889561225582
13289,las emisiones que,3,6.638354669333745
13290,las emisiones se,3,6.638354669333745
13291,las emisiones vehiculares,3,6.638354669333745
13292,las emisiones y,3,6.638354669333745
13293,las empresas,2,6.232889561225582
13294,las empresas del,3,6.638354669333745
13295,las empresas distribuidoras,3,6.638354669333745
13296,las especificaciones,2,6.232889561225582
13297,las especificaciones de,3,6.638354669333745
13298,las especificaciones técnicas,3,6.638354669333745
13299,las estaciones,2,5.722063937459591
13300,las estaciones consideradas,3,6.638354669333745
13301,las estaciones de,3,6.232889561225582
13302,las estaciones para,3,6.638354669333745
13303,las estipulaciones,2,6.638354669333745
13304,las estipulaciones del,3,6.638354669333745
13305,las estrategias,2,6.638354669333745
13306,las estrategias locales,3,6.638354669333745
13307,las etapas,2,6.232889561225582
13308,las etapas de,3,6.638354669333745
13309,las etapas para,3,6.638354669333745
13310,las excepciones,2,6.232889561225582
13311,las excepciones mencionadas,3,6.232889561225582
13312,las exigencias,2,5.945207488773801
13313,las exigencias fi,3,6.638354669333745
13314,las exigencias impuestas,3,6.638354669333745
13315,las exigencias relacionadas,3,6.638354669333745
13316,las fechas,2,6.232889561225582
13317,las fechas los,3,6.232889561225582
13318,las figuras,2,6.638354669333745
13319,las figuras anteriores,3,6.638354669333745
13320,las fuentes,2,4.692444520278432
13321,las fuentes afectas,3,6.638354669333745
13322,las fuentes de,3,6.638354669333745
13323,las fuentes dispondrán,3,6.638354669333745
13324,las fuentes emisoras,3,6.638354669333745
13325,las fuentes estacionarias,3,5.134277272557472
13326,las fuentes reguladas,3,6.638354669333745
13327,las ha,2,6.638354669333745
13328,las ha ido,3,6.638354669333745
13329,las horas,2,6.638354669333745
13330,las horas de,3,6.638354669333745
13331,las indicadas,2,6.638354669333745
13332,las indicadas en,3,6.638354669333745
13333,las infracciones,2,6.232889561225582
13334,las infracciones o,3,6.232889561225582
13335,las instalaciones,2,5.722063937459591
13336,las instalaciones de,3,5.945207488773801
13337,las instalaciones públicas,3,6.638354669333745
13338,las limitaciones,2,6.638354669333745
13339,las limitaciones del,3,6.638354669333745
13340,las mantenciones,2,6.638354669333745
13341,las mantenciones al,3,6.638354669333745
13342,las masas,2,6.232889561225582
13343,las masas de,3,6.232889561225582
13344,las mayores,2,6.638354669333745
13345,las mayores responsables,3,6.638354669333745
13346,las mediciones,2,5.539742380665636
13347,las mediciones con,3,6.638354669333745
13348,las mediciones deberán,3,6.638354669333745
13349,las mediciones se,3,5.945207488773801
13350,las medidas,2,3.8657659470939647
13351,las medidas actualmente,3,6.638354669333745
13352,las medidas aplicadas,3,6.638354669333745
13353,las medidas consideradas,3,6.638354669333745
13354,las medidas correspondientes,3,6.638354669333745
13355,las medidas de,3,5.028916756899646
13356,las medidas del,3,5.539742380665636
13357,las medidas e,3,6.638354669333745
13358,las medidas establecidas,3,6.638354669333745
13359,las medidas exigidas,3,6.638354669333745
13360,las medidas impulsadas,3,6.638354669333745
13361,las medidas mencionadas,3,6.638354669333745
13362,las medidas propuestas,3,5.945207488773801
13363,las medidas que,3,5.722063937459591
13364,las medidas tendientes,3,6.638354669333745
13365,las medidas y,3,6.638354669333745
13366,las metas,2,5.2520603082138555
13367,las metas de,3,5.539742380665636
13368,las metas establecidas,3,6.638354669333745
13369,las metas indicadas,3,6.638354669333745
13370,las mismas,2,6.232889561225582
13371,las mismas condiciones,3,6.638354669333745
13372,las mismas formalidades,3,6.638354669333745
13373,las modificaciones,2,5.945207488773801
13374,las modificaciones de,3,5.945207488773801
13375,las normas,2,5.028916756899646
13376,las normas de,3,5.2520603082138555
13377,las normas horaria,3,6.638354669333745
13378,las normas primarias,3,6.232889561225582
13379,las nuevas,2,6.638354669333745
13380,las nuevas inscripciones,3,6.638354669333745
13381,las obras,2,6.638354669333745
13382,las obras de,3,6.638354669333745
13383,las operaciones,2,5.722063937459591
13384,las operaciones agrícolas,3,6.638354669333745
13385,las operaciones de,3,5.945207488773801
13386,las partículas,2,5.945207488773801
13387,las partículas de,3,6.638354669333745
13388,las partículas o,3,6.638354669333745
13389,las partículas y,3,6.638354669333745
13390,las personas,2,6.638354669333745
13391,las personas más,3,6.638354669333745
13392,las primeras,2,6.638354669333745
13393,las primeras decenas,3,6.638354669333745
13394,las principales,2,6.232889561225582
13395,las principales medidas,3,6.638354669333745
13396,las principales observaciones,3,6.638354669333745
13397,las prohibiciones,2,6.638354669333745
13398,las prohibiciones relativas,3,6.638354669333745
13399,las provenientes,2,6.638354669333745
13400,las provenientes de,3,6.638354669333745
13401,las páginas,2,6.638354669333745
13402,las páginas web,3,6.638354669333745
13403,las que,2,5.722063937459591
13404,las que el,3,6.638354669333745
13405,las que para,3,6.638354669333745
13406,las que se,3,6.232889561225582
13407,las quemas,2,5.945207488773801
13408,las quemas agrícolas,3,5.945207488773801
13409,las reducciones,2,6.232889561225582
13410,las reducciones adicionales,3,6.638354669333745
13411,las reducciones necesarias,3,6.638354669333745
13412,las reglas,2,6.638354669333745
13413,las reglas de,3,6.638354669333745
13414,las residencias,2,6.638354669333745
13415,las residencias que,3,6.638354669333745
13416,las respectivas,2,6.638354669333745
13417,las respectivas bases,3,6.638354669333745
13418,las restricciones,2,6.232889561225582
13419,las restricciones de,3,6.232889561225582
13420,las siguientes,2,4.846595200105691
13421,las siguientes componentes,3,6.638354669333745
13422,las siguientes condiciones,3,6.638354669333745
13423,las siguientes especificaciones,3,6.638354669333745
13424,las siguientes estrategias,3,6.638354669333745
13425,las siguientes medidas,3,5.722063937459591
13426,las siguientes tablas,3,6.232889561225582
13427,las siguientes áreas,3,6.638354669333745
13428,las situaciones,2,6.638354669333745
13429,las situaciones de,3,6.638354669333745
13430,las superaciones,2,6.638354669333745
13431,las superaciones de,3,6.638354669333745
13432,las tablas,2,6.638354669333745
13433,las tablas vi,3,6.638354669333745
13434,las tecnologías,2,6.638354669333745
13435,las tecnologías de,3,6.638354669333745
13436,las tintas,2,6.638354669333745
13437,las tintas pinturas,3,6.638354669333745
13438,las viviendas,2,6.638354669333745
13439,las viviendas ubicadas,3,6.638354669333745
13440,las vías,2,6.232889561225582
13441,las vías de,3,6.638354669333745
13442,las vías públicas,3,6.638354669333745
13443,las vías ubicadas,3,6.638354669333745
13444,las zonas,2,6.638354669333745
13445,las zonas del,3,6.638354669333745
13446,latencia,1,5.945207488773801
13447,latencia o,2,6.638354669333745
13448,latencia o saturación,3,6.638354669333745
13449,latencia para,2,6.638354669333745
13450,latencia para la,3,6.638354669333745
13451,latencia por,2,6.638354669333745
13452,latencia por monóxido,3,6.638354669333745
13453,latente,1,5.2520603082138555
13454,latente la,2,6.638354669333745
13455,latente la región,3,6.638354669333745
13456,latente o,2,6.638354669333745
13457,latente o saturada,3,6.638354669333745
13458,latente por,2,5.722063937459591
13459,latente por dióxido,3,5.945207488773801
13460,latente por no,3,6.638354669333745
13461,lavado,1,5.539742380665636
13462,lavado de,2,5.539742380665636
13463,lavado de calles,3,5.539742380665636
13464,le,1,6.232889561225582
13465,le aplicará,2,6.638354669333745
13466,le aplicará al,3,6.638354669333745
13467,le sea,2,6.638354669333745
13468,le sea aplicable,3,6.638354669333745
13469,legal,1,6.638354669333745
13470,legal o,2,6.638354669333745
13471,legal o reglamentaria,3,6.638354669333745
13472,legales,1,5.539742380665636
13473,legales de,2,6.638354669333745
13474,legales de fiscalización,3,6.638354669333745
13475,legales fiscalizará,2,6.638354669333745
13476,legales fiscalizará en,3,6.638354669333745
13477,legales la,2,6.232889561225582
13478,legales la autoridad,3,6.638354669333745
13479,legales la compensación,3,6.638354669333745
13480,legislación,1,6.638354669333745
13481,legislación internacional,2,6.638354669333745
13482,legislación internacional podrán,3,6.638354669333745
13483,letra,1,6.232889561225582
13484,letra del,2,6.232889561225582
13485,letra del decreto,3,6.232889561225582
13486,levantamiento,1,6.638354669333745
13487,levantamiento de,2,6.638354669333745
13488,levantamiento de información,3,6.638354669333745
13489,levantará,1,6.638354669333745
13490,levantará un,2,6.638354669333745
13491,levantará un catastro,3,6.638354669333745
13492,ley,1,5.722063937459591
13493,ley 19,2,5.945207488773801
13494,ley 19 300,3,5.945207488773801
13495,ley de,2,6.638354669333745
13496,ley de presupuestos,3,6.638354669333745
13497,ley nº,2,6.638354669333745
13498,ley nº 19,3,6.638354669333745
13499,leña,1,3.7205839372494665
13500,leña artefacto,2,6.638354669333745
13501,leña artefacto que,3,6.638354669333745
13502,leña briquetas,2,6.638354669333745
13503,leña briquetas o,3,6.638354669333745
13504,leña carbón,2,5.2520603082138555
13505,leña carbón vegetal,3,5.2520603082138555
13506,leña cumple,2,6.638354669333745
13507,leña cumple con,3,6.638354669333745
13508,leña deberán,2,6.232889561225582
13509,leña deberán contar,3,6.638354669333745
13510,leña deberán informar,3,6.638354669333745
13511,leña diseñado,2,6.638354669333745
13512,leña diseñado principalmente,3,6.638354669333745
13513,leña el,2,6.638354669333745
13514,leña el transporte,3,6.638354669333745
13515,leña en,2,6.638354669333745
13516,leña en zonas,3,6.638354669333745
13517,leña las,2,6.232889561225582
13518,leña las provenientes,3,6.638354669333745
13519,leña las quemas,3,6.638354669333745
13520,leña muestreos,2,6.638354669333745
13521,leña muestreos e,3,6.638354669333745
13522,leña para,2,6.638354669333745
13523,leña para calefacción,3,6.638354669333745
13524,leña pellet,2,5.945207488773801
13525,leña pellet de,3,5.945207488773801
13526,leña porción,2,6.638354669333745
13527,leña porción de,3,6.638354669333745
13528,leña que,2,6.232889561225582
13529,leña que rigen,3,6.638354669333745
13530,leña que sea,3,6.638354669333745
13531,leña requisitos,2,6.638354669333745
13532,leña se,2,6.638354669333745
13533,leña se utilizará,3,6.638354669333745
13534,leña seca,2,6.232889561225582
13535,leña seca aquella,3,6.638354669333745
13536,leña y,2,5.028916756899646
13537,leña y carbón,3,6.232889561225582
13538,leña y o,3,6.638354669333745
13539,leña y otros,3,6.232889561225582
13540,leña y pellet,3,5.722063937459591
13541,libertador,1,6.638354669333745
13542,libertador general,2,6.638354669333745
13543,libertador general bernardo,3,6.638354669333745
13544,licuado,1,6.638354669333745
13545,licuado de,2,6.638354669333745
13546,licuado de petróleo,3,6.638354669333745
13547,licuados,1,6.638354669333745
13548,licuados de,2,6.638354669333745
13549,licuados de petróleo,3,6.638354669333745
13550,ligantes,1,6.638354669333745
13551,limita,1,6.638354669333745
13552,limita al,2,6.638354669333745
13553,limita al oriente,3,6.638354669333745
13554,limitaciones,1,6.638354669333745
13555,limitaciones del,2,6.638354669333745
13556,limitaciones del análisis,3,6.638354669333745
13557,limpieza,1,6.232889561225582
13558,limpieza adicional,2,6.638354669333745
13559,limpieza adicional a,3,6.638354669333745
13560,limpieza anticipada,2,6.638354669333745
13561,limpios,1,6.638354669333745
13562,lineamientos,1,6.638354669333745
13563,lineamientos objetivos,2,6.638354669333745
13564,lineamientos objetivos y,3,6.638354669333745
13565,link,1,6.638354669333745
13566,lista,1,6.638354669333745
13567,lista de,2,6.638354669333745
13568,lista de los,3,6.638354669333745
13569,listado,1,5.945207488773801
13570,listado de,2,5.945207488773801
13571,listado de aquellas,3,6.638354669333745
13572,listado de calefactores,3,6.638354669333745
13573,listado de grandes,3,6.638354669333745
13574,literales,1,6.232889561225582
13575,literales a,2,6.232889561225582
13576,literales a o,3,6.232889561225582
13577,litros,1,6.638354669333745
13578,litros deberán,2,6.638354669333745
13579,litros deberán acreditar,3,6.638354669333745
13580,livianos,1,6.232889561225582
13581,livianos y,2,6.638354669333745
13582,livianos y medianos,3,6.638354669333745
13583,llamado,1,6.638354669333745
13584,llamado california,2,6.638354669333745
13585,llamado california code,3,6.638354669333745
13586,llamado code,2,6.638354669333745
13587,llamado code of,3,6.638354669333745
13588,llamados,1,6.638354669333745
13589,llamados o,2,6.638354669333745
13590,llamados o concursos,3,6.638354669333745
13591,llegada,1,6.638354669333745
13592,llegada del,2,6.638354669333745
13593,llegada del gas,3,6.638354669333745
13594,llevada,1,6.638354669333745
13595,llevada a,2,6.638354669333745
13596,llevada a efecto,3,6.638354669333745
13597,lo,1,3.2043674648485996
13598,lo anterior,2,5.385591700838378
13599,lo anterior el,3,6.638354669333745
13600,lo anterior es,3,6.638354669333745
13601,lo anterior la,3,6.638354669333745
13602,lo anterior los,3,6.638354669333745
13603,lo anterior permite,3,6.638354669333745
13604,lo anterior se,3,6.638354669333745
13605,lo cual,2,6.232889561225582
13606,lo cual gestionará,3,6.638354669333745
13607,lo cual la,3,6.638354669333745
13608,lo dispuesto,2,4.4982885058374755
13609,lo dispuesto en,3,4.4982885058374755
13610,lo establece,2,6.638354669333745
13611,lo establece la,3,6.638354669333745
13612,lo establecido,2,4.240459396535375
13613,lo establecido en,3,4.286979412170268
13614,lo establecido por,3,6.638354669333745
13615,lo estipulado,2,5.945207488773801
13616,lo estipulado en,3,5.945207488773801
13617,lo exige,2,6.638354669333745
13618,lo exige la,3,6.638354669333745
13619,lo exigido,2,6.232889561225582
13620,lo exigido en,3,6.232889561225582
13621,lo global,2,6.638354669333745
13622,lo global para,3,6.638354669333745
13623,lo indicado,2,5.722063937459591
13624,lo indicado en,3,6.232889561225582
13625,lo indicado por,3,6.638354669333745
13626,lo indicado precedente,3,6.638354669333745
13627,lo largo,2,6.638354669333745
13628,lo largo de,3,6.638354669333745
13629,lo local,2,6.638354669333745
13630,lo local a,3,6.638354669333745
13631,lo que,2,4.623451648791481
13632,lo que afecta,3,6.638354669333745
13633,lo que conlleva,3,6.638354669333745
13634,lo que las,3,6.638354669333745
13635,lo que no,3,5.028916756899646
13636,lo que se,3,6.232889561225582
13637,lo que sea,3,6.638354669333745
13638,lo reemplace,2,6.638354669333745
13639,lo reportado,2,6.638354669333745
13640,lo reportado por,3,6.638354669333745
13641,lo señalado,2,5.722063937459591
13642,lo señalado en,3,5.722063937459591
13643,lo siguiente,2,6.232889561225582
13644,lo superen,2,6.638354669333745
13645,lo superen conforme,3,6.638354669333745
13646,lo tanto,2,6.638354669333745
13647,lo tanto un,3,6.638354669333745
13648,local,1,5.539742380665636
13649,local a,2,6.638354669333745
13650,local a lo,3,6.638354669333745
13651,local con,2,6.638354669333745
13652,local con énfasis,3,6.638354669333745
13653,local en,2,6.638354669333745
13654,local en materias,3,6.638354669333745
13655,local observados,2,6.638354669333745
13656,local observados durante,3,6.638354669333745
13657,locales,1,5.722063937459591
13658,locales de,2,6.638354669333745
13659,locales de descontaminación,3,6.638354669333745
13660,locales las,2,6.638354669333745
13661,locales las restricciones,3,6.638354669333745
13662,locales vinculados,2,6.638354669333745
13663,locales vinculados a,3,6.638354669333745
13664,localizadas,1,6.638354669333745
13665,localizadas en,2,6.638354669333745
13666,localizadas en la,3,6.638354669333745
13667,locomoción,1,5.945207488773801
13668,locomoción colectiva,2,5.945207488773801
13669,locomoción colectiva urbana,3,5.945207488773801
13670,locomotoras,1,6.638354669333745
13671,locomotoras u,2,6.638354669333745
13672,locomotoras u otros,3,6.638354669333745
13673,lograr,1,5.945207488773801
13674,lograr la,2,6.232889561225582
13675,lograr la meta,3,6.232889561225582
13676,lograr un,2,6.638354669333745
13677,lograr un adecuado,3,6.638354669333745
13678,logre,1,6.638354669333745
13679,logre acreditar,2,6.638354669333745
13680,logre acreditar dentro,3,6.638354669333745
13681,logros,1,6.638354669333745
13682,logros alcanzados,2,6.638354669333745
13683,logros alcanzados a,3,6.638354669333745
13684,logró,1,6.638354669333745
13685,logró importantes,2,6.638354669333745
13686,logró importantes mejoras,3,6.638354669333745
13687,los,1,1.8221135132657138
13688,los 12,2,5.539742380665636
13689,los 12 meses,3,5.539742380665636
13690,los 18,2,6.638354669333745
13691,los 18 meses,3,6.638354669333745
13692,los 200,2,6.232889561225582
13693,los 200 cerro,3,6.638354669333745
13694,los 200 de,3,6.638354669333745
13695,los 24,2,6.638354669333745
13696,los 24 meses,3,6.638354669333745
13697,los 36,2,6.638354669333745
13698,los 36 meses,3,6.638354669333745
13699,los afectan,2,6.638354669333745
13700,los afectan de,3,6.638354669333745
13701,los alimentos,2,6.638354669333745
13702,los alimentos provisto,3,6.638354669333745
13703,los andes,2,6.232889561225582
13704,los andes con,3,6.638354669333745
13705,los andes y,3,6.638354669333745
13706,los animales,2,6.638354669333745
13707,los animales sistema,3,6.638354669333745
13708,los antecedentes,2,5.722063937459591
13709,los antecedentes fundantes,3,6.638354669333745
13710,los antecedentes internacionales,3,6.638354669333745
13711,los antecedentes recopilados,3,6.638354669333745
13712,los antecedentes suficientes,3,6.638354669333745
13713,los artefactos,2,6.232889561225582
13714,los artefactos que,3,6.232889561225582
13715,los artículos,2,5.2520603082138555
13716,los artículos 36,3,6.232889561225582
13717,los artículos 63,3,6.232889561225582
13718,los artículos anteriores,3,6.638354669333745
13719,los artículos precedentes,3,6.638354669333745
13720,los artículos siguientes,3,6.638354669333745
13721,los automóviles,2,6.638354669333745
13722,los automóviles buses,3,6.638354669333745
13723,los años,2,6.232889561225582
13724,los años 1998,3,6.638354669333745
13725,los años 2017,3,6.638354669333745
13726,los beneficios,2,5.028916756899646
13727,los beneficios al,3,6.638354669333745
13728,los beneficios del,3,6.638354669333745
13729,los beneficios menos,3,6.638354669333745
13730,los beneficios netos,3,6.638354669333745
13731,los beneficios por,3,6.232889561225582
13732,los beneficios producto,3,6.638354669333745
13733,los beneficios valorizados,3,6.232889561225582
13734,los beneficios y,3,6.638354669333745
13735,los buses,2,5.722063937459591
13736,los buses cuyos,3,6.638354669333745
13737,los buses destinados,3,5.945207488773801
13738,los calefactores,2,5.385591700838378
13739,los calefactores a,3,6.638354669333745
13740,los calefactores de,3,5.945207488773801
13741,los calefactores y,3,6.638354669333745
13742,los camiones,2,6.638354669333745
13743,los camiones tanques,3,6.638354669333745
13744,los casos,2,5.945207488773801
13745,los casos de,3,5.945207488773801
13746,los cerros,2,6.638354669333745
13747,los cerros de,3,6.638354669333745
13748,los combustibles,2,5.539742380665636
13749,los combustibles en,3,6.638354669333745
13750,los combustibles líquidos,3,6.232889561225582
13751,los combustibles que,3,6.638354669333745
13752,los combustibles usados,3,6.638354669333745
13753,los combustibles y,3,6.638354669333745
13754,los comerciantes,2,6.232889561225582
13755,los comerciantes de,3,6.232889561225582
13756,los componentes,2,6.232889561225582
13757,los componentes de,3,6.638354669333745
13758,los componentes y,3,6.638354669333745
13759,los consumidores,2,5.945207488773801
13760,los consumidores acerca,3,6.638354669333745
13761,los consumidores los,3,6.638354669333745
13762,los contaminantes,2,5.134277272557472
13763,los contaminantes criterio,3,6.638354669333745
13764,los contaminantes en,3,6.638354669333745
13765,los contaminantes material,3,6.638354669333745
13766,los contaminantes normados,3,6.638354669333745
13767,los contaminantes que,3,6.638354669333745
13768,los contaminantes quedan,3,6.638354669333745
13769,los contaminantes se,3,6.232889561225582
13770,los corredores,2,6.638354669333745
13771,los corredores verdes,3,6.638354669333745
13772,los costos,2,5.539742380665636
13773,los costos estimados,3,6.638354669333745
13774,los costos se,3,6.638354669333745
13775,los costos valorizados,3,6.638354669333745
13776,los costos y,3,6.638354669333745
13777,los criterios,2,5.722063937459591
13778,los criterios anteriores,3,6.638354669333745
13779,los criterios indicados,3,5.945207488773801
13780,los cuales,2,5.539742380665636
13781,los cuales indican,3,6.638354669333745
13782,los cuales se,3,5.722063937459591
13783,los datos,2,5.539742380665636
13784,los datos de,3,5.945207488773801
13785,los datos del,3,6.638354669333745
13786,los datos que,3,6.638354669333745
13787,los derivados,2,6.638354669333745
13788,los derivados de,3,6.638354669333745
13789,los diferentes,2,6.638354669333745
13790,los diferentes ecosistemas,3,6.638354669333745
13791,los distintos,2,6.232889561225582
13792,los distintos meses,3,6.638354669333745
13793,los distintos sectores,3,6.638354669333745
13794,los días,2,6.638354669333745
13795,los días sobre,3,6.638354669333745
13796,los ecosistemas,2,6.638354669333745
13797,los ecosistemas naturales,3,6.638354669333745
13798,los efectos,2,6.232889561225582
13799,los efectos de,3,6.638354669333745
13800,los efectos legales,3,6.638354669333745
13801,los elementos,2,6.638354669333745
13802,los elementos necesarios,3,6.638354669333745
13803,los episodios,2,5.722063937459591
13804,los episodios críticos,3,6.232889561225582
13805,los episodios de,3,6.232889561225582
13806,los esfuerzos,2,6.232889561225582
13807,los esfuerzos de,3,6.638354669333745
13808,los esfuerzos que,3,6.638354669333745
13809,los estados,2,5.722063937459591
13810,los estados unidos,3,5.722063937459591
13811,los estudios,2,6.232889561225582
13812,los estudios de,3,6.638354669333745
13813,los estudios necesarios,3,6.638354669333745
13814,los estándares,2,5.539742380665636
13815,los estándares técnicos,3,6.232889561225582
13816,los estándares vigentes,3,5.945207488773801
13817,los eventos,2,6.638354669333745
13818,los eventos evitados,3,6.638354669333745
13819,los eventuales,2,6.638354669333745
13820,los eventuales efectos,3,6.638354669333745
13821,los exigidos,2,6.638354669333745
13822,los exigidos por,3,6.638354669333745
13823,los factores,2,6.232889561225582
13824,los factores de,3,6.232889561225582
13825,los faldeos,2,6.638354669333745
13826,los faldeos de,3,6.638354669333745
13827,los fenómenos,2,6.638354669333745
13828,los fenómenos de,3,6.638354669333745
13829,los galpones,2,5.945207488773801
13830,los galpones habrá,3,5.945207488773801
13831,los gases,2,5.539742380665636
13832,los gases como,3,6.638354669333745
13833,los gases de,3,6.232889561225582
13834,los gases licuados,3,6.638354669333745
13835,los gases se,3,6.638354669333745
13836,los grandes,2,5.385591700838378
13837,los grandes establecimientos,3,5.385591700838378
13838,los grupos,2,5.945207488773801
13839,los grupos electrógenos,3,5.945207488773801
13840,los habitantes,2,6.232889561225582
13841,los habitantes de,3,6.232889561225582
13842,los horarios,2,6.232889561225582
13843,los horarios zonas,3,6.232889561225582
13844,los hornos,2,6.638354669333745
13845,los hornos panaderos,3,6.638354669333745
13846,los impactos,2,5.945207488773801
13847,los impactos asociados,3,6.638354669333745
13848,los impactos en,3,6.638354669333745
13849,los impactos negativos,3,6.638354669333745
13850,los instrumentos,2,6.638354669333745
13851,los instrumentos y,3,6.638354669333745
13852,los literales,2,6.232889561225582
13853,los literales a,3,6.232889561225582
13854,los llamados,2,6.638354669333745
13855,los llamados o,3,6.638354669333745
13856,los límites,2,4.93360657709532
13857,los límites de,3,5.539742380665636
13858,los límites máximos,3,5.945207488773801
13859,los límites siguientes,3,6.232889561225582
13860,los mayores,2,6.638354669333745
13861,los mayores desafíos,3,6.638354669333745
13862,los mecanismos,2,6.232889561225582
13863,los mecanismos establecidos,3,6.638354669333745
13864,los mecanismos que,3,6.638354669333745
13865,los medios,2,5.945207488773801
13866,los medios disponibles,3,5.945207488773801
13867,los mercados,2,6.638354669333745
13868,los mercados internacionales,3,6.638354669333745
13869,los meses,2,6.232889561225582
13870,los meses de,3,6.638354669333745
13871,los meses siguientes,3,6.638354669333745
13872,los mismos,2,5.722063937459591
13873,los mismos antecedentes,3,6.638354669333745
13874,los mismos criterios,3,6.638354669333745
13875,los mismos procesos,3,6.232889561225582
13876,los montos,2,6.638354669333745
13877,los montos por,3,6.638354669333745
13878,los motores,2,6.232889561225582
13879,los motores de,3,6.638354669333745
13880,los motores destinados,3,6.638354669333745
13881,los municipios,2,5.539742380665636
13882,los municipios de,3,5.722063937459591
13883,los municipios que,3,6.638354669333745
13884,los métodos,2,5.539742380665636
13885,los métodos de,3,6.638354669333745
13886,los métodos indicados,3,6.638354669333745
13887,los métodos normalizados,3,5.945207488773801
13888,los niveles,2,4.623451648791481
13889,los niveles considerados,3,6.638354669333745
13890,los niveles de,3,5.028916756899646
13891,los niveles menos,3,6.638354669333745
13892,los niveles máximos,3,6.232889561225582
13893,los niveles que,3,6.638354669333745
13894,los niveles señalados,3,6.638354669333745
13895,los objetivos,2,6.232889561225582
13896,los objetivos de,3,6.638354669333745
13897,los objetivos del,3,6.638354669333745
13898,los operadores,2,6.638354669333745
13899,los operadores de,3,6.638354669333745
13900,los organismos,2,5.385591700838378
13901,los organismos competentes,3,5.945207488773801
13902,los organismos de,3,6.638354669333745
13903,los organismos sectoriales,3,6.638354669333745
13904,los organismos y,3,6.638354669333745
13905,los parámetros,2,5.945207488773801
13906,los parámetros de,3,6.638354669333745
13907,los parámetros físicos,3,6.638354669333745
13908,los parámetros indicados,3,6.638354669333745
13909,los parámetros y,3,6.638354669333745
13910,los patrones,2,6.232889561225582
13911,los patrones de,3,6.638354669333745
13912,los patrones meteorológicos,3,6.638354669333745
13913,los peores,2,6.638354669333745
13914,los peores en,3,6.638354669333745
13915,los periodos,2,6.638354669333745
13916,los periodos de,3,6.638354669333745
13917,los petróleos,2,6.232889561225582
13918,los petróleos combustibles,3,6.232889561225582
13919,los planes,2,5.539742380665636
13920,los planes de,3,5.539742380665636
13921,los planteles,2,6.232889561225582
13922,los planteles de,3,6.638354669333745
13923,los planteles en,3,6.638354669333745
13924,los planteles existentes,3,6.638354669333745
13925,los plazos,2,5.722063937459591
13926,los plazos establecidos,3,6.232889561225582
13927,los plazos propuestos,3,6.638354669333745
13928,los plazos señalados,3,6.638354669333745
13929,los principales,2,5.945207488773801
13930,los principales cambios,3,6.638354669333745
13931,los principales lineamientos,3,6.638354669333745
13932,los principales resultados,3,6.638354669333745
13933,los procedimientos,2,6.232889561225582
13934,los procedimientos autorizados,3,6.638354669333745
13935,los procedimientos establecidos,3,6.638354669333745
13936,los procesos,2,6.232889561225582
13937,los procesos de,3,6.638354669333745
13938,los procesos que,3,6.638354669333745
13939,los programas,2,5.945207488773801
13940,los programas de,3,6.232889561225582
13941,los programas habitacionales,3,6.638354669333745
13942,los promedios,2,6.638354669333745
13943,los promedios anuales,3,6.638354669333745
13944,los promedios de,3,6.638354669333745
13945,los protocolos,2,5.722063937459591
13946,los protocolos correspondientes,3,6.638354669333745
13947,los protocolos de,3,6.638354669333745
13948,los protocolos indicados,3,6.638354669333745
13949,los protocolos para,3,6.638354669333745
13950,los proyectos,2,5.385591700838378
13951,los proyectos de,3,6.638354669333745
13952,los proyectos evaluados,3,6.638354669333745
13953,los proyectos existentes,3,6.232889561225582
13954,los proyectos o,3,6.638354669333745
13955,los proyectos y,3,6.232889561225582
13956,los puntos,2,6.638354669333745
13957,los puntos de,3,6.638354669333745
13958,los que,2,5.2520603082138555
13959,los que adicionalmente,3,6.638354669333745
13960,los que continúan,3,6.638354669333745
13961,los que debidamente,3,6.638354669333745
13962,los que se,3,5.722063937459591
13963,los receptores,2,6.638354669333745
13964,los receptores de,3,6.638354669333745
13965,los reconocidos,2,6.638354669333745
13966,los reconocidos como,3,6.638354669333745
13967,los referidos,2,6.232889561225582
13968,los referidos contaminantes,3,6.638354669333745
13969,los referidos planes,3,6.638354669333745
13970,los relacionados,2,6.638354669333745
13971,los relacionados a,3,6.638354669333745
13972,los relieves,2,6.638354669333745
13973,los relieves montañosos,3,6.638354669333745
13974,los reportes,2,6.638354669333745
13975,los reportes de,3,6.638354669333745
13976,los requerimientos,2,6.232889561225582
13977,los requerimientos asociados,3,6.638354669333745
13978,los requerimientos técnicos,3,6.638354669333745
13979,los requisitos,2,5.945207488773801
13980,los requisitos establecidos,3,6.232889561225582
13981,los requisitos técnicos,3,6.638354669333745
13982,los resultados,2,5.2520603082138555
13983,los resultados de,3,5.722063937459591
13984,los resultados del,3,6.232889561225582
13985,los resultados entregados,3,6.638354669333745
13986,los servicios,2,5.945207488773801
13987,los servicios competentes,3,6.232889561225582
13988,los servicios públicos,3,6.638354669333745
13989,los siguientes,2,4.286979412170268
13990,los siguientes documentos,3,6.638354669333745
13991,los siguientes episodios,3,6.638354669333745
13992,los siguientes establecimientos,3,6.638354669333745
13993,los siguientes gases,3,6.638354669333745
13994,los siguientes indicadores,3,6.638354669333745
13995,los siguientes límites,3,6.638354669333745
13996,los siguientes planteles,3,6.638354669333745
13997,los siguientes programas,3,6.638354669333745
13998,los siguientes requisitos,3,5.2520603082138555
13999,los siguientes tipos,3,6.638354669333745
14000,los sistemas,2,5.385591700838378
14001,los sistemas antes,3,6.638354669333745
14002,los sistemas de,3,5.722063937459591
14003,los sistemas meteorológicos,3,6.638354669333745
14004,los subsidios,2,6.638354669333745
14005,los subsidios se,3,6.638354669333745
14006,los síntomas,2,6.638354669333745
14007,los síntomas e,3,6.638354669333745
14008,los tanques,2,6.638354669333745
14009,los tanques que,3,6.638354669333745
14010,los temas,2,6.638354669333745
14011,los temas de,3,6.638354669333745
14012,los terrenos,2,6.638354669333745
14013,los terrenos agrícolas,3,6.638354669333745
14014,los titulares,2,5.028916756899646
14015,los titulares antes,3,6.638354669333745
14016,los titulares de,3,5.2520603082138555
14017,los titulares puedan,3,6.638354669333745
14018,los valores,2,5.539742380665636
14019,los valores establecidos,3,6.232889561225582
14020,los valores máximos,3,6.638354669333745
14021,los valores trianuales,3,6.232889561225582
14022,los vapores,2,6.638354669333745
14023,los vapores durante,3,6.638354669333745
14024,los vehículos,2,5.539742380665636
14025,los vehículos cuya,3,6.232889561225582
14026,los vehículos motor,3,6.638354669333745
14027,los vehículos motorizados,3,6.638354669333745
14028,los vehículos que,3,6.638354669333745
14029,los viajes,2,6.638354669333745
14030,los viajes y,3,6.638354669333745
14031,los ya,2,6.638354669333745
14032,los ya mencionados,3,6.638354669333745
14033,los ámbitos,2,6.638354669333745
14034,los ámbitos que,3,6.638354669333745
14035,los órganos,2,6.638354669333745
14036,los órganos de,3,6.638354669333745
14037,los últimos,2,6.638354669333745
14038,los últimos años,3,6.638354669333745
14039,lote,1,6.638354669333745
14040,lote de,2,6.638354669333745
14041,lote de leña,3,6.638354669333745
14042,lugar,1,5.945207488773801
14043,lugar dentro,2,6.638354669333745
14044,lugar dentro de,3,6.638354669333745
14045,lugar fijo,2,6.638354669333745
14046,lugar fijo cuyas,3,6.638354669333745
14047,lugar visible,2,6.638354669333745
14048,lugar visible de,3,6.638354669333745
14049,lugares,1,6.638354669333745
14050,lugares de,2,6.638354669333745
14051,lugares de emplazamiento,3,6.638354669333745
14052,límite,1,5.028916756899646
14053,límite con,2,6.638354669333745
14054,límite con la,3,6.638354669333745
14055,límite de,2,5.385591700838378
14056,límite de emisión,3,5.385591700838378
14057,límite del,2,6.638354669333745
14058,límite del contenido,3,6.638354669333745
14059,límite indicado,2,6.638354669333745
14060,límite indicado para,3,6.638354669333745
14061,límites,1,4.558913127653909
14062,límites de,2,5.028916756899646
14063,límites de emisión,3,5.028916756899646
14064,límites máximos,2,5.722063937459591
14065,límites máximos de,3,5.945207488773801
14066,límites máximos permitidos,3,6.638354669333745
14067,límites siguientes,2,6.232889561225582
14068,línea,1,6.232889561225582
14069,línea base,2,6.638354669333745
14070,línea base de,3,6.638354669333745
14071,línea con,2,6.638354669333745
14072,línea con los,3,6.638354669333745
14073,líquido,1,6.232889561225582
14074,líquido con,2,6.638354669333745
14075,líquido con menos,3,6.638354669333745
14076,líquido deberán,2,6.638354669333745
14077,líquido deberán efectuar,3,6.638354669333745
14078,líquidos,1,5.385591700838378
14079,líquidos clase,2,5.945207488773801
14080,líquidos clase a,3,6.638354669333745
14081,líquidos clase existentes,3,6.638354669333745
14082,líquidos clase que,3,6.638354669333745
14083,líquidos derivados,2,6.638354669333745
14084,líquidos derivados del,3,6.638354669333745
14085,líquidos y,2,6.232889561225582
14086,líquidos y gaseosos,3,6.232889561225582
14087,m3,1,5.2520603082138555
14088,m3 con,2,6.638354669333745
14089,m3 con las,3,6.638354669333745
14090,m3 deberán,2,6.638354669333745
14091,m3 deberán contar,3,6.638354669333745
14092,m3 en,2,6.638354669333745
14093,m3 en la,3,6.638354669333745
14094,m3 para,2,6.232889561225582
14095,m3 para el,3,6.638354669333745
14096,m3 para mp2,3,6.638354669333745
14097,m3 requerida,2,6.638354669333745
14098,m3 requerida para,3,6.638354669333745
14099,m3 respectivamente,2,6.638354669333745
14100,m3 respectivamente como,3,6.638354669333745
14101,m3 y,2,6.638354669333745
14102,m3 y 20,3,6.638354669333745
14103,m3 y 50,3,6.638354669333745
14104,m3n,1,6.638354669333745
14105,m3n después,2,6.638354669333745
14106,m3n después del,3,6.638354669333745
14107,macam,1,6.232889561225582
14108,macam incorpora,2,6.638354669333745
14109,macam incorpora estaciones,3,6.638354669333745
14110,macam que,2,6.638354669333745
14111,macam que muestran,3,6.638354669333745
14112,macam6,1,6.638354669333745
14113,macizo,1,6.638354669333745
14114,macizo de,2,6.638354669333745
14115,macizo de alhué,3,6.638354669333745
14116,madera,1,4.11262602502549
14117,madera aquellos,2,6.638354669333745
14118,madera aquellos productos,3,6.638354669333745
14119,madera combustible,2,6.638354669333745
14120,madera combustible sólido,3,6.638354669333745
14121,madera conforme,2,6.638354669333745
14122,madera conforme a,3,6.638354669333745
14123,madera contenida,2,6.638354669333745
14124,madera contenida en,3,6.638354669333745
14125,madera en,2,5.2520603082138555
14126,madera en bruto,3,6.638354669333745
14127,madera en la,3,6.232889561225582
14128,madera en las,3,6.638354669333745
14129,madera en toda,3,5.945207488773801
14130,madera excepto,2,6.638354669333745
14131,madera excepto calefactores,3,6.638354669333745
14132,madera fabricado,2,6.638354669333745
14133,madera fabricado construido,3,6.638354669333745
14134,madera mediante,2,6.638354669333745
14135,madera mediante resistencia,3,6.638354669333745
14136,madera para,2,5.722063937459591
14137,madera para cualquier,3,6.232889561225582
14138,madera para fines,3,6.638354669333745
14139,madera para las,3,6.638354669333745
14140,madera pulverizada,2,6.638354669333745
14141,madera pulverizada sin,3,6.638354669333745
14142,madera que,2,5.945207488773801
14143,madera que cumplan,3,6.232889561225582
14144,madera que posean,3,6.638354669333745
14145,madera según,2,6.638354669333745
14146,madera según lo,3,6.638354669333745
14147,madera y,2,5.722063937459591
14148,madera y o,3,6.638354669333745
14149,madera y otros,3,5.945207488773801
14150,maestro,1,6.232889561225582
14151,maestro de,2,6.232889561225582
14152,maestro de ciclovías,3,6.638354669333745
14153,maestro de transporte,3,6.638354669333745
14154,maipo,1,6.638354669333745
14155,maipo que,2,6.638354669333745
14156,maipo que abre,3,6.638354669333745
14157,mala,1,6.638354669333745
14158,mala ventilación,2,6.638354669333745
14159,mala ventilación predomina,3,6.638354669333745
14160,manejo,1,5.722063937459591
14161,manejo de,2,6.638354669333745
14162,manejo de combustible,3,6.638354669333745
14163,manejo del,2,6.638354669333745
14164,manejo del guano,3,6.638354669333745
14165,manejo pabellón,2,6.638354669333745
14166,manejo pabellón o,3,6.638354669333745
14167,manera,1,5.2520603082138555
14168,manera de,2,6.638354669333745
14169,manera de hacer,3,6.638354669333745
14170,manera directa,2,6.638354669333745
14171,manera directa y,3,6.638354669333745
14172,manera el,2,6.638354669333745
14173,manera el ozono,3,6.638354669333745
14174,manera exclusiva,2,6.638354669333745
14175,manera exclusiva y,3,6.638354669333745
14176,manera indirecta,2,6.638354669333745
14177,manera indirecta sus,3,6.638354669333745
14178,manera permanente,2,6.638354669333745
14179,manera similar,2,6.638354669333745
14180,manera similar al,3,6.638354669333745
14181,manta,1,6.638354669333745
14182,manta flotante,2,6.638354669333745
14183,manta flotante interna,3,6.638354669333745
14184,mantenciones,1,6.638354669333745
14185,mantenciones al,2,6.638354669333745
14186,mantenciones al motor,3,6.638354669333745
14187,mantención,1,5.945207488773801
14188,mantención realizada,2,6.638354669333745
14189,mantención realizada al,3,6.638354669333745
14190,mantención y,2,6.232889561225582
14191,mantención y generación,3,6.638354669333745
14192,mantención y reforestación,3,6.638354669333745
14193,mantendrán,1,6.638354669333745
14194,mantendrán vigentes,2,6.638354669333745
14195,mantendrán vigentes las,3,6.638354669333745
14196,mantener,1,6.638354669333745
14197,mantener su,2,6.638354669333745
14198,mantener su límite,3,6.638354669333745
14199,mantenga,1,6.638354669333745
14200,mantenga dicha,2,6.638354669333745
14201,mantenga dicha condición,3,6.638354669333745
14202,mantengan,1,6.638354669333745
14203,mantengan operativos,2,6.638354669333745
14204,mantengan operativos sistemas,3,6.638354669333745
14205,mantenidos,1,6.638354669333745
14206,mantenidos en,2,6.638354669333745
14207,mantenidos en confinamiento,3,6.638354669333745
14208,mantenimiento,1,6.638354669333745
14209,mantiene,1,6.638354669333745
14210,mantiene constante,2,6.638354669333745
14211,mantiene constante durante,3,6.638354669333745
14212,mantienen,1,6.232889561225582
14213,mantienen encendidos,2,6.638354669333745
14214,mantienen encendidos durante,3,6.638354669333745
14215,mantienen plenamente,2,6.638354669333745
14216,mantienen plenamente vigentes,3,6.638354669333745
14217,manual,1,5.945207488773801
14218,manual de,2,6.232889561225582
14219,manual de biciestacionamientos,3,6.638354669333745
14220,manual de construcción,3,6.638354669333745
14221,manual de vialidad,3,6.638354669333745
14222,manual o,2,6.638354669333745
14223,manual o automática,3,6.638354669333745
14224,maquinaria,1,5.2520603082138555
14225,maquinaria fuera,2,6.232889561225582
14226,maquinaria fuera de,3,6.232889561225582
14227,maquinaria móvil,2,5.722063937459591
14228,maquinaria móvil fuera,3,5.722063937459591
14229,maquinaria propia,2,6.638354669333745
14230,maquinaria propia y,3,6.638354669333745
14231,marca,1,6.232889561225582
14232,marca y,2,6.232889561225582
14233,marca y modelo,3,6.232889561225582
14234,marcha,1,6.638354669333745
14235,marcha en,2,6.638354669333745
14236,marcha en un,3,6.638354669333745
14237,marco,1,5.2520603082138555
14238,marco de,2,5.722063937459591
14239,marco de la,3,5.945207488773801
14240,marco de los,3,6.638354669333745
14241,marco del,2,6.232889561225582
14242,marco del ds,3,6.638354669333745
14243,marco del plan,3,6.638354669333745
14244,marco normativo,2,6.638354669333745
14245,marco normativo que,3,6.638354669333745
14246,mario,1,6.232889561225582
14247,mario molina,2,6.232889561225582
14248,mario molina 2014,3,6.638354669333745
14249,mario molina para,3,6.638354669333745
14250,masa,1,6.638354669333745
14251,masa de,2,6.638354669333745
14252,masa de los,3,6.638354669333745
14253,masas,1,5.722063937459591
14254,masas de,2,5.722063937459591
14255,masas de vegetación,3,5.722063937459591
14256,materia,1,5.722063937459591
14257,materia de,2,5.945207488773801
14258,materia de biocombustibles,3,6.638354669333745
14259,materia de descontaminación,3,6.638354669333745
14260,materia de reducción,3,6.638354669333745
14261,materia prima,2,6.638354669333745
14262,materia prima o,3,6.638354669333745
14263,material,1,3.693915690167305
14264,material particulado,2,3.7205839372494665
14265,material particulado 60,3,6.638354669333745
14266,material particulado a,3,6.232889561225582
14267,material particulado de,3,6.232889561225582
14268,material particulado desde,3,6.638354669333745
14269,material particulado en,3,6.232889561225582
14270,material particulado equivalente,3,6.638354669333745
14271,material particulado establecidas,3,6.638354669333745
14272,material particulado fino,3,5.134277272557472
14273,material particulado fortalecerá,3,6.638354669333745
14274,material particulado grueso,3,6.638354669333745
14275,material particulado la,3,6.638354669333745
14276,material particulado mp,3,6.638354669333745
14277,material particulado mp10,3,6.638354669333745
14278,material particulado mp2,3,6.638354669333745
14279,material particulado para,3,6.232889561225582
14280,material particulado respirable,3,5.385591700838378
14281,material particulado se,3,6.638354669333745
14282,material particulado según,3,5.945207488773801
14283,material particulado teniendo,3,6.638354669333745
14284,material particulado tiene,3,6.638354669333745
14285,material particulado y,3,6.232889561225582
14286,material sobre,2,6.638354669333745
14287,material sobre las,3,6.638354669333745
14288,materiales,1,6.232889561225582
14289,materiales efectos,2,6.638354669333745
14290,materiales efectos sobre,3,6.638354669333745
14291,materiales empleados,2,6.638354669333745
14292,materiales empleados o,3,6.638354669333745
14293,materials,1,6.232889561225582
14294,materias,1,5.539742380665636
14295,materias asociadas,2,6.638354669333745
14296,materias asociadas a,3,6.638354669333745
14297,materias de,2,6.232889561225582
14298,materias de calefacción,3,6.638354669333745
14299,materias de calidad,3,6.638354669333745
14300,materias producto,2,6.638354669333745
14301,materias producto del,3,6.638354669333745
14302,matriz,1,6.638354669333745
14303,matriz energética,2,6.638354669333745
14304,matriz energética pasó,3,6.638354669333745
14305,mayo,1,5.385591700838378
14306,mayo al,2,5.722063937459591
14307,mayo al 31,3,5.722063937459591
14308,mayo de,2,6.232889561225582
14309,mayo de 2018,3,6.638354669333745
14310,mayo de cada,3,6.638354669333745
14311,mayor,1,5.134277272557472
14312,mayor a,2,6.232889561225582
14313,mayor a minutos,3,6.638354669333745
14314,mayor a mwt,3,6.638354669333745
14315,mayor aporte,2,6.638354669333745
14316,mayor aporte en,3,6.638354669333745
14317,mayor o,2,5.539742380665636
14318,mayor o igual,3,5.539742380665636
14319,mayor reducción,2,6.638354669333745
14320,mayor reducción corresponde,3,6.638354669333745
14321,mayores,1,6.232889561225582
14322,mayores desafíos,2,6.638354669333745
14323,mayores responsables,2,6.638354669333745
14324,mayores responsables de,3,6.638354669333745
14325,mecanismo,1,6.638354669333745
14326,mecanismo para,2,6.638354669333745
14327,mecanismo para alcanzar,3,6.638354669333745
14328,mecanismos,1,5.722063937459591
14329,mecanismos establecidos,2,6.638354669333745
14330,mecanismos establecidos por,3,6.638354669333745
14331,mecanismos para,2,6.232889561225582
14332,mecanismos para incentivar,3,6.638354669333745
14333,mecanismos para la,3,6.638354669333745
14334,mecanismos que,2,6.638354669333745
14335,mecanismos que fije,3,6.638354669333745
14336,mecánica,1,6.232889561225582
14337,mecánica con,2,6.638354669333745
14338,mecánica con un,3,6.638354669333745
14339,mecánica y,2,6.638354669333745
14340,mecánica y el,3,6.638354669333745
14341,mecánicamente,1,6.638354669333745
14342,mecánicamente aptos,2,6.638354669333745
14343,mecánicamente aptos para,3,6.638354669333745
14344,medianos,1,6.638354669333745
14345,medianos para,2,6.638354669333745
14346,medianos para establecer,3,6.638354669333745
14347,mediante,1,4.196007633964541
14348,mediante acuerdo,2,6.232889561225582
14349,mediante acuerdo 13,3,6.638354669333745
14350,mediante acuerdo 215,3,6.638354669333745
14351,mediante el,2,5.385591700838378
14352,mediante el cual,3,6.638354669333745
14353,mediante el ds,3,5.945207488773801
14354,mediante el símbolo,3,6.638354669333745
14355,mediante el uso,3,6.638354669333745
14356,mediante horómetro,2,6.638354669333745
14357,mediante horómetro digital,3,6.638354669333745
14358,mediante la,2,5.539742380665636
14359,mediante la acción,3,6.638354669333745
14360,mediante la exigencia,3,6.638354669333745
14361,mediante la presentación,3,6.638354669333745
14362,mediante la resolución,3,6.638354669333745
14363,mediante la ventanilla,3,6.638354669333745
14364,mediante laboratorios,2,6.638354669333745
14365,mediante laboratorios especialmente,3,6.638354669333745
14366,mediante los,2,6.232889561225582
14367,mediante los mecanismos,3,6.638354669333745
14368,mediante los protocolos,3,6.638354669333745
14369,mediante mantención,2,6.638354669333745
14370,mediante mantención y,3,6.638354669333745
14371,mediante resistencia,2,6.638354669333745
14372,mediante resistencia eléctrica,3,6.638354669333745
14373,mediante resolución,2,6.232889561225582
14374,mediante resolución antes,3,6.638354669333745
14375,mediante resolución fundada,3,6.638354669333745
14376,mediante un,2,6.638354669333745
14377,mediante un registro,3,6.638354669333745
14378,mediante una,2,6.638354669333745
14379,mediante una metodología,3,6.638354669333745
14380,medibles,1,6.638354669333745
14381,medibles esto,2,6.638354669333745
14382,medibles esto es,3,6.638354669333745
14383,mediciones,1,5.385591700838378
14384,mediciones con,2,6.638354669333745
14385,mediciones con la,3,6.638354669333745
14386,mediciones deberán,2,6.638354669333745
14387,mediciones deberán ser,3,6.638354669333745
14388,mediciones realizadas,2,6.638354669333745
14389,mediciones realizadas han,3,6.638354669333745
14390,mediciones se,2,5.945207488773801
14391,mediciones se efectuarán,3,5.945207488773801
14392,medición,1,4.93360657709532
14393,medición de,2,5.722063937459591
14394,medición de calidad,3,6.638354669333745
14395,medición de las,3,6.232889561225582
14396,medición de material,3,6.638354669333745
14397,medición efectuada,2,6.638354669333745
14398,medición efectuada a,3,6.638354669333745
14399,medición en,2,6.638354669333745
14400,medición en terreno,3,6.638354669333745
14401,medición homologación,2,6.638354669333745
14402,medición homologación y,3,6.638354669333745
14403,medición oficiales,2,6.638354669333745
14404,medición oficiales y,3,6.638354669333745
14405,medición remota,2,6.638354669333745
14406,medición remota entre,3,6.638354669333745
14407,medición será,2,6.638354669333745
14408,medición será definido,3,6.638354669333745
14409,medición y,2,6.638354669333745
14410,medición y análisis,3,6.638354669333745
14411,medida,1,4.441130091997526
14412,medida corresponderá,2,6.638354669333745
14413,medida corresponderá al,3,6.638354669333745
14414,medida de,2,6.232889561225582
14415,medida de restricción,3,6.232889561225582
14416,medida el,2,6.638354669333745
14417,medida el uso,3,6.638354669333745
14418,medida en,2,6.638354669333745
14419,medida en base,3,6.638354669333745
14420,medida los,2,6.638354669333745
14421,medida los siguientes,3,6.638354669333745
14422,medida para,2,6.638354669333745
14423,medida para lo,3,6.638354669333745
14424,medida que,2,5.945207488773801
14425,medida que adopte,3,5.945207488773801
14426,medida será,2,6.232889561225582
14427,medida será fiscalizada,3,6.232889561225582
14428,medida también,2,6.232889561225582
14429,medida también es,3,6.232889561225582
14430,medida y,2,6.638354669333745
14431,medida y sanción,3,6.638354669333745
14432,medidas,1,3.32416866466122
14433,medidas a,2,6.638354669333745
14434,medidas a fin,3,6.638354669333745
14435,medidas actualmente,2,6.638354669333745
14436,medidas actualmente establecidas,3,6.638354669333745
14437,medidas adoptadas,2,6.638354669333745
14438,medidas adoptadas para,3,6.638354669333745
14439,medidas aplicables,2,6.638354669333745
14440,medidas aplicables durante,3,6.638354669333745
14441,medidas aplicadas,2,6.638354669333745
14442,medidas aplicadas durante,3,6.638354669333745
14443,medidas con,2,6.638354669333745
14444,medidas con mayor,3,6.638354669333745
14445,medidas consideradas,2,6.638354669333745
14446,medidas consideradas en,3,6.638354669333745
14447,medidas correspondientes,2,6.638354669333745
14448,medidas correspondientes a,3,6.638354669333745
14449,medidas de,2,4.846595200105691
14450,medidas de compensación,3,6.638354669333745
14451,medidas de control,3,6.232889561225582
14452,medidas de este,3,6.638354669333745
14453,medidas de prevención,3,6.638354669333745
14454,medidas de reducción,3,5.945207488773801
14455,medidas de restricción,3,5.945207488773801
14456,medidas del,2,5.539742380665636
14457,medidas del plan,3,5.722063937459591
14458,medidas del ppda,3,6.638354669333745
14459,medidas desde,2,6.638354669333745
14460,medidas desde el,3,6.638354669333745
14461,medidas e,2,6.638354669333745
14462,medidas e instrumentos,3,6.638354669333745
14463,medidas en,2,5.722063937459591
14464,medidas en el,3,6.232889561225582
14465,medidas en horas,3,6.638354669333745
14466,medidas en los,3,6.638354669333745
14467,medidas establecidas,2,6.232889561225582
14468,medidas establecidas en,3,6.232889561225582
14469,medidas exigidas,2,6.638354669333745
14470,medidas exigidas en,3,6.638354669333745
14471,medidas impulsadas,2,6.638354669333745
14472,medidas impulsadas en,3,6.638354669333745
14473,medidas la,2,6.638354669333745
14474,medidas la prohibición,3,6.638354669333745
14475,medidas mencionadas,2,6.638354669333745
14476,medidas mencionadas se,3,6.638354669333745
14477,medidas para,2,6.232889561225582
14478,medidas para los,3,6.638354669333745
14479,medidas para reducir,3,6.638354669333745
14480,medidas permanentes,2,6.232889561225582
14481,medidas permanentes y,3,6.638354669333745
14482,medidas propuestas,2,5.722063937459591
14483,medidas propuestas en,3,6.232889561225582
14484,medidas propuestas están,3,6.638354669333745
14485,medidas propuestas no,3,6.638354669333745
14486,medidas que,2,5.539742380665636
14487,medidas que establece,3,6.638354669333745
14488,medidas que mejoran,3,6.638354669333745
14489,medidas que se,3,5.945207488773801
14490,medidas son,2,6.638354669333745
14491,medidas son insuficientes,3,6.638354669333745
14492,medidas tendientes,2,6.638354669333745
14493,medidas tendientes a,3,6.638354669333745
14494,medidas tienen,2,6.638354669333745
14495,medidas tienen un,3,6.638354669333745
14496,medidas y,2,6.638354669333745
14497,medidas y actividades,3,6.638354669333745
14498,medio,1,2.820642343376841
14499,medio ambiente,2,2.820642343376841
14500,medio ambiente 2016,3,6.232889561225582
14501,medio ambiente 2017,3,6.638354669333745
14502,medio ambiente a,3,6.232889561225582
14503,medio ambiente actualizará,3,6.638354669333745
14504,medio ambiente antes,3,5.945207488773801
14505,medio ambiente apoyará,3,5.945207488773801
14506,medio ambiente con,3,5.945207488773801
14507,medio ambiente coordinará,3,6.638354669333745
14508,medio ambiente de,3,6.232889561225582
14509,medio ambiente deberá,3,5.385591700838378
14510,medio ambiente deberán,3,6.232889561225582
14511,medio ambiente el,3,6.638354669333745
14512,medio ambiente en,3,4.7665524924321545
14513,medio ambiente encargará,3,6.638354669333745
14514,medio ambiente entidad,3,6.638354669333745
14515,medio ambiente estará,3,6.638354669333745
14516,medio ambiente informará,3,6.232889561225582
14517,medio ambiente iniciará,3,6.638354669333745
14518,medio ambiente junto,3,6.638354669333745
14519,medio ambiente la,3,6.232889561225582
14520,medio ambiente levantará,3,6.638354669333745
14521,medio ambiente los,3,6.638354669333745
14522,medio ambiente mediante,3,6.638354669333745
14523,medio ambiente para,3,5.945207488773801
14524,medio ambiente por,3,6.232889561225582
14525,medio ambiente propondrá,3,6.638354669333745
14526,medio ambiente que,3,6.232889561225582
14527,medio ambiente se,3,5.385591700838378
14528,medio ambiente señala,3,6.638354669333745
14529,medio ambiente sin,3,6.638354669333745
14530,medio ambiente sobre,3,6.638354669333745
14531,medio ambiente un,3,5.945207488773801
14532,medio ambiente y,3,4.846595200105691
14533,medio de,2,6.638354669333745
14534,medio de programas,3,6.638354669333745
14535,medios,1,5.722063937459591
14536,medios de,2,6.638354669333745
14537,medios de comunicación,3,6.638354669333745
14538,medios disponibles,2,5.945207488773801
14539,medios disponibles las,3,5.945207488773801
14540,medir,1,6.638354669333745
14541,medir a,2,6.638354669333745
14542,medir a una,3,6.638354669333745
14543,medirse,1,6.638354669333745
14544,medirse el,2,6.638354669333745
14545,medirse el número,3,6.638354669333745
14546,mediterránea,1,6.638354669333745
14547,mediterránea que,2,6.638354669333745
14548,mediterránea que se,3,6.638354669333745
14549,mejora,1,5.539742380665636
14550,mejora de,2,6.232889561225582
14551,mejora de calidad,3,6.232889561225582
14552,mejora en,2,6.232889561225582
14553,mejora en la,3,6.638354669333745
14554,mejora en visibilidad,3,6.638354669333745
14555,mejora notable,2,6.638354669333745
14556,mejora notable de,3,6.638354669333745
14557,mejoramiento,1,5.945207488773801
14558,mejoramiento de,2,6.232889561225582
14559,mejoramiento de la,3,6.638354669333745
14560,mejoramiento de los,3,6.638354669333745
14561,mejoramiento significativo,2,6.638354669333745
14562,mejoramiento significativo de,3,6.638354669333745
14563,mejoran,1,6.638354669333745
14564,mejoran la,2,6.638354669333745
14565,mejoran la eficiencia,3,6.638354669333745
14566,mejorando,1,6.232889561225582
14567,mejorando las,2,6.638354669333745
14568,mejorando las especificaciones,3,6.638354669333745
14569,mejorando significativamente,2,6.638354669333745
14570,mejorando significativamente la,3,6.638354669333745
14571,mejorar,1,5.945207488773801
14572,mejorar la,2,6.232889561225582
14573,mejorar la caracterización,3,6.638354669333745
14574,mejorar la integración,3,6.638354669333745
14575,mejorar las,2,6.638354669333745
14576,mejorar las capacidades,3,6.638354669333745
14577,mejoras,1,6.638354669333745
14578,mejoras en,2,6.638354669333745
14579,mejoras en la,3,6.638354669333745
14580,mejores,1,6.638354669333745
14581,mejores en,2,6.638354669333745
14582,mejores en términos,3,6.638354669333745
14583,mejoría,1,6.638354669333745
14584,mejoría tal,2,6.638354669333745
14585,mejoría tal en,3,6.638354669333745
14586,memoria,1,6.638354669333745
14587,memoria de,2,6.638354669333745
14588,memoria de cálculo,3,6.638354669333745
14589,mencionadas,1,5.722063937459591
14590,mencionadas en,2,6.638354669333745
14591,mencionadas en relación,3,6.638354669333745
14592,mencionadas se,2,5.945207488773801
14593,mencionadas se acreditarán,3,6.232889561225582
14594,mencionadas se alinean,3,6.638354669333745
14595,mencionado,1,6.638354669333745
14596,mencionado se,2,6.638354669333745
14597,mencionado se conservará,3,6.638354669333745
14598,mencionados,1,6.232889561225582
14599,mencionados siempre,2,6.638354669333745
14600,mencionados siempre que,3,6.638354669333745
14601,mencionados sin,2,6.638354669333745
14602,mencionados sin perjuicio,3,6.638354669333745
14603,mencionan,1,6.638354669333745
14604,mencionan los,2,6.638354669333745
14605,mencionan los beneficios,3,6.638354669333745
14606,menor,1,4.558913127653909
14607,menor a,2,5.385591700838378
14608,menor a 20,3,6.232889561225582
14609,menor a 20mwt,3,6.638354669333745
14610,menor a 300,3,6.232889561225582
14611,menor a mwt,3,6.638354669333745
14612,menor al,2,6.638354669333745
14613,menor al 25,3,6.638354669333745
14614,menor contaminación,2,6.638354669333745
14615,menor contaminación se,3,6.638354669333745
14616,menor desplazamiento,2,5.945207488773801
14617,menor desplazamiento idealmente,3,5.945207488773801
14618,menor impacto,2,6.638354669333745
14619,menor impacto en,3,6.638354669333745
14620,menor medida,2,6.232889561225582
14621,menor medida también,3,6.232889561225582
14622,menor o,2,6.638354669333745
14623,menor o igual,3,6.638354669333745
14624,menos,1,4.93360657709532
14625,menos 20,2,6.638354669333745
14626,menos 20 mm,3,6.638354669333745
14627,menos contaminantes,2,6.638354669333745
14628,menos de,2,6.638354669333745
14629,menos de 50,3,6.638354669333745
14630,menos el,2,5.945207488773801
14631,menos el 90,3,6.638354669333745
14632,menos el de,3,6.638354669333745
14633,menos el siguiente,3,6.638354669333745
14634,menos estrictos,2,6.638354669333745
14635,menos estrictos cumpliendo,3,6.638354669333745
14636,menos expuesta,2,6.638354669333745
14637,menos expuesta a,3,6.638354669333745
14638,menos los,2,6.638354669333745
14639,menos los costos,3,6.638354669333745
14640,menos para,2,6.638354669333745
14641,menos para mp,3,6.638354669333745
14642,mercado,1,6.232889561225582
14643,mercado automotriz,2,6.638354669333745
14644,mercado automotriz en,3,6.638354669333745
14645,mercado dando,2,6.638354669333745
14646,mercado dando prioridad,3,6.638354669333745
14647,mercados,1,6.638354669333745
14648,mercados internacionales,2,6.638354669333745
14649,mercados internacionales y,3,6.638354669333745
14650,mercancías,1,6.638354669333745
14651,mercancías por,2,6.638354669333745
14652,mercancías por carretera,3,6.638354669333745
14653,mes,1,5.945207488773801
14654,mes continuado,2,6.638354669333745
14655,mes de,2,6.638354669333745
14656,mes de abril,3,6.638354669333745
14657,mes desde,2,6.638354669333745
14658,mes desde la,3,6.638354669333745
14659,meses,1,3.4813542481836324
14660,meses a,2,5.945207488773801
14661,meses a contar,3,6.638354669333745
14662,meses a partir,3,6.638354669333745
14663,meses a través,3,6.638354669333745
14664,meses contados,2,5.2520603082138555
14665,meses contados desde,3,5.2520603082138555
14666,meses de,2,5.539742380665636
14667,meses de entrar,3,6.638354669333745
14668,meses de la,3,5.945207488773801
14669,meses de publicado,3,6.638354669333745
14670,meses del,2,6.638354669333745
14671,meses del año,3,6.638354669333745
14672,meses desde,2,4.441130091997526
14673,meses desde la,3,4.4982885058374755
14674,meses desde su,3,6.638354669333745
14675,meses después,2,6.232889561225582
14676,meses después de,3,6.232889561225582
14677,meses para,2,6.232889561225582
14678,meses para dar,3,6.638354669333745
14679,meses para implementar,3,6.638354669333745
14680,meses siguientes,2,5.2520603082138555
14681,meses siguientes a,3,5.385591700838378
14682,meses siguientes de,3,6.638354669333745
14683,meses y,2,6.638354669333745
14684,meses y sus,3,6.638354669333745
14685,meta,1,4.93360657709532
14686,meta de,2,5.539742380665636
14687,meta de calidad,3,6.638354669333745
14688,meta de emisión,3,5.945207488773801
14689,meta de horas,3,6.638354669333745
14690,meta del,2,5.722063937459591
14691,meta del plan,3,6.232889561225582
14692,meta del ppda,3,6.232889561225582
14693,meta establecida,2,6.638354669333745
14694,meta establecida en,3,6.638354669333745
14695,meta trianual,2,6.638354669333745
14696,meta trianual de,3,6.638354669333745
14697,metalúrgicos,1,6.638354669333745
14698,metalúrgicos la,2,6.638354669333745
14699,metalúrgicos la combustión,3,6.638354669333745
14700,metas,1,4.846595200105691
14701,metas anuales,2,6.232889561225582
14702,metas anuales de,3,6.232889561225582
14703,metas de,2,5.2520603082138555
14704,metas de calidad,3,6.232889561225582
14705,metas de emisión,3,6.232889561225582
14706,metas de reducción,3,5.945207488773801
14707,metas establecidas,2,6.638354669333745
14708,metas indicadas,2,6.638354669333745
14709,metas indicadas guardan,3,6.638354669333745
14710,meteorológicas,1,6.638354669333745
14711,meteorológicas posterior,2,6.638354669333745
14712,meteorológicas posterior a,3,6.638354669333745
14713,meteorológico,1,6.638354669333745
14714,meteorológico es,2,6.638354669333745
14715,meteorológico es decisivo,3,6.638354669333745
14716,meteorológicos,1,6.232889561225582
14717,meteorológicos de,2,6.638354669333745
14718,meteorológicos de escala,3,6.638354669333745
14719,meteorológicos que,2,6.638354669333745
14720,meteorológicos que modulan,3,6.638354669333745
14721,metodología,1,5.134277272557472
14722,metodología de,2,5.722063937459591
14723,metodología de análisis,3,6.638354669333745
14724,metodología de la,3,6.638354669333745
14725,metodología de pronóstico,3,6.232889561225582
14726,metodología establecida,2,6.638354669333745
14727,metodología establecida en,3,6.638354669333745
14728,metodología que,2,6.232889561225582
14729,metodología que establezca,3,6.638354669333745
14730,metodología que sea,3,6.638354669333745
14731,metodología utilizada,2,6.638354669333745
14732,metodología utilizada la,3,6.638354669333745
14733,metropolitana,1,2.9370526952212526
14734,metropolitana como,2,6.638354669333745
14735,metropolitana como el,3,6.638354669333745
14736,metropolitana de,2,3.0140137363573807
14737,metropolitana de engorda,3,6.638354669333745
14738,metropolitana de santiago,3,3.0274367566895215
14739,metropolitana ministerios,2,6.638354669333745
14740,metropolitana ministerios y,3,6.638354669333745
14741,metropolitana muestran,2,6.638354669333745
14742,metropolitana muestran altos,3,6.638354669333745
14743,metropolitana previo,2,6.638354669333745
14744,metropolitana previo al,3,6.638354669333745
14745,metropolitana se,2,6.638354669333745
14746,metropolitana se coordinará,3,6.638354669333745
14747,metropolitana seremi,2,6.638354669333745
14748,metropolitana seremi del,3,6.638354669333745
14749,metropolitano,1,5.539742380665636
14750,metropolitano de,2,5.945207488773801
14751,metropolitano de santiago,3,5.945207488773801
14752,metropolitano dtpm,2,6.638354669333745
14753,metropolitano dtpm generará,3,6.638354669333745
14754,metropolitano reforzará,2,6.638354669333745
14755,metropolitano reforzará el,3,6.638354669333745
14756,metros,1,6.638354669333745
14757,metros lo,2,6.638354669333745
14758,metros lo que,3,6.638354669333745
14759,metálico,1,6.638354669333745
14760,metálico abierto,2,6.638354669333745
14761,metálico abierto que,3,6.638354669333745
14762,metánicos,1,6.638354669333745
14763,metánicos hcnm,2,6.638354669333745
14764,metánicos hcnm óxidos,3,6.638354669333745
14765,mezcla,1,6.638354669333745
14766,mezcla inhibe,2,6.638354669333745
14767,mezcla inhibe el,3,6.638354669333745
14768,mfr,1,6.638354669333745
14769,mfr agroindustria,2,6.638354669333745
14770,mfr agroindustria emisiones,3,6.638354669333745
14771,mg,1,5.945207488773801
14772,mg kw,2,6.232889561225582
14773,mg m3n,2,6.638354669333745
14774,mg m3n después,3,6.638354669333745
14775,miembros,1,6.638354669333745
14776,miembros de,2,6.638354669333745
14777,miembros de organizaciones,3,6.638354669333745
14778,mientras,1,5.539742380665636
14779,mientras la,2,6.638354669333745
14780,mientras la fuente,3,6.638354669333745
14781,mientras no,2,5.945207488773801
14782,mientras no entren,3,5.945207488773801
14783,mientras que,2,6.638354669333745
14784,mientras que el,3,6.638354669333745
14785,miligramos,1,6.232889561225582
14786,miligramos kilowatt,2,6.232889561225582
14787,miligramos kilowatt hora,3,6.232889561225582
14788,minimización,1,6.638354669333745
14789,minimización de,2,6.638354669333745
14790,minimización de las,3,6.638354669333745
14791,ministerial,1,5.945207488773801
14792,ministerial de,2,6.638354669333745
14793,ministerial de salud,3,6.638354669333745
14794,ministerial del,2,6.232889561225582
14795,ministerial del medio,3,6.232889561225582
14796,ministerio,1,2.7465343712231194
14797,ministerio de,2,3.288450582059141
14798,ministerio de agricultura,3,6.232889561225582
14799,ministerio de economía,3,4.7665524924321545
14800,ministerio de energía,3,5.2520603082138555
14801,ministerio de medio,3,6.232889561225582
14802,ministerio de obras,3,5.945207488773801
14803,ministerio de salud,3,5.539742380665636
14804,ministerio de transportes,3,4.073405311872209
14805,ministerio de vivienda,3,5.028916756899646
14806,ministerio del,2,3.502860453404596
14807,ministerio del medio,3,3.502860453404596
14808,ministerio que,2,6.232889561225582
14809,ministerio que da,3,6.638354669333745
14810,ministerio que declaró,3,6.638354669333745
14811,ministerio secretaría,2,5.539742380665636
14812,ministerio secretaría general,3,5.539742380665636
14813,ministerios,1,6.638354669333745
14814,ministerios y,2,6.638354669333745
14815,ministerios y servicios,3,6.638354669333745
14816,ministros,1,6.638354669333745
14817,ministros para,2,6.638354669333745
14818,ministros para la,3,6.638354669333745
14819,minsegpres,1,4.4982885058374755
14820,minsegpres donde,2,6.638354669333745
14821,minsegpres donde se,3,6.638354669333745
14822,minsegpres en,2,6.638354669333745
14823,minsegpres en los,3,6.638354669333745
14824,minsegpres la,2,6.638354669333745
14825,minsegpres la actualización,3,6.638354669333745
14826,minsegpres logró,2,6.638354669333745
14827,minsegpres logró importantes,3,6.638354669333745
14828,minsegpres que,2,6.232889561225582
14829,minsegpres que revisa,3,6.638354669333745
14830,minsegpres que sean,3,6.638354669333745
14831,minsegpres se,2,6.232889561225582
14832,minsegpres se elaboró,3,6.638354669333745
14833,minsegpres se observa,3,6.638354669333745
14834,minsegpres señala,2,6.638354669333745
14835,minsegpres señala como,3,6.638354669333745
14836,minsegpres y,2,5.539742380665636
14837,minsegpres y que,3,6.638354669333745
14838,minsegpres y se,3,6.638354669333745
14839,minsegpres y sus,3,5.945207488773801
14840,minutos,1,5.722063937459591
14841,minutos al,2,6.232889561225582
14842,minutos al día,3,6.232889561225582
14843,minutos continuos,2,6.638354669333745
14844,minutos continuos según,3,6.638354669333745
14845,miocardio,1,6.638354669333745
14846,miocardio inflamación,2,6.638354669333745
14847,miocardio inflamación pulmonar,3,6.638354669333745
14848,misma,1,6.232889561225582
14849,misma manera,2,6.638354669333745
14850,misma manera el,3,6.638354669333745
14851,misma zona,2,6.638354669333745
14852,misma zona geográfica,3,6.638354669333745
14853,mismas,1,6.232889561225582
14854,mismas condiciones,2,6.638354669333745
14855,mismas condiciones que,3,6.638354669333745
14856,mismas formalidades,2,6.638354669333745
14857,mismas formalidades a,3,6.638354669333745
14858,mismo,1,5.2520603082138555
14859,mismo año1,2,6.638354669333745
14860,mismo año1 y,3,6.638354669333745
14861,mismo emplazamiento,2,6.638354669333745
14862,mismo emplazamiento y,3,6.638354669333745
14863,mismo en,2,6.638354669333745
14864,mismo en el,3,6.638354669333745
14865,mismo ministerio,2,6.232889561225582
14866,mismo ministerio que,3,6.232889561225582
14867,mismo plazo,2,6.638354669333745
14868,mismo plazo la,3,6.638354669333745
14869,mismo proceso,2,6.638354669333745
14870,mismo proceso productivo,3,6.638354669333745
14871,mismos,1,5.722063937459591
14872,mismos antecedentes,2,6.638354669333745
14873,mismos antecedentes destacan,3,6.638354669333745
14874,mismos criterios,2,6.638354669333745
14875,mismos criterios establecidos,3,6.638354669333745
14876,mismos procesos,2,6.232889561225582
14877,mismos procesos de,3,6.232889561225582
14878,mitigación,1,6.638354669333745
14879,mitigación que,2,6.638354669333745
14880,mitigación que se,3,6.638354669333745
14881,mitigar,1,6.638354669333745
14882,mitigar el,2,6.638354669333745
14883,mitigar el impacto,3,6.638354669333745
14884,mm,1,5.722063937459591
14885,mm para,2,6.638354669333745
14886,mm para asegurar,3,6.638354669333745
14887,mm usd,2,5.945207488773801
14888,mm usd para,3,6.232889561225582
14889,mm usd y,3,6.638354669333745
14890,mma,1,6.638354669333745
14891,modal,1,6.638354669333745
14892,modal y,2,6.638354669333745
14893,modal y la,3,6.638354669333745
14894,modalidad,1,6.638354669333745
14895,modalidad del,2,6.638354669333745
14896,modalidad del proceso,3,6.638354669333745
14897,modalidades,1,6.638354669333745
14898,modalidades en,2,6.638354669333745
14899,modalidades en el,3,6.638354669333745
14900,modelo,1,5.722063937459591
14901,modelo año,2,6.638354669333745
14902,modelo año de,3,6.638354669333745
14903,modelo de,2,6.638354669333745
14904,modelo de fiscalización,3,6.638354669333745
14905,modelo establecida,2,6.232889561225582
14906,modelo establecida por,3,6.232889561225582
14907,modelo no,2,6.232889561225582
14908,modelo no se,3,6.232889561225582
14909,modifi,1,6.638354669333745
14910,modifi aciones,2,6.638354669333745
14911,modifi aciones y,3,6.638354669333745
14912,modificaciones,1,4.846595200105691
14913,modificaciones de,2,5.945207488773801
14914,modificaciones de los,3,5.945207488773801
14915,modificaciones el,2,6.232889561225582
14916,modificaciones el cual,3,6.232889561225582
14917,modificaciones en,2,6.638354669333745
14918,modificaciones en su,3,6.638354669333745
14919,modificaciones que,2,6.638354669333745
14920,modificaciones que estén,3,6.638354669333745
14921,modificaciones se,2,6.232889561225582
14922,modificaciones se aplicarán,3,6.232889561225582
14923,modificaciones y,2,5.722063937459591
14924,modificaciones y de,3,6.638354669333745
14925,modificaciones y en,3,6.232889561225582
14926,modificaciones y o,3,6.638354669333745
14927,modificación,1,6.638354669333745
14928,modificación es,2,6.638354669333745
14929,modificación es y,3,6.638354669333745
14930,modificar,1,5.945207488773801
14931,modificar la,2,5.945207488773801
14932,modificar la actividad,3,5.945207488773801
14933,modificarse,1,6.638354669333745
14934,modificarse el,2,6.638354669333745
14935,modificarse el límite,3,6.638354669333745
14936,modifinse,1,6.638354669333745
14937,modifinse aplicarán,2,6.638354669333745
14938,modifinse aplicarán las,3,6.638354669333745
14939,modo,1,5.945207488773801
14940,modo aquellos,2,6.638354669333745
14941,modo aquellos proyectos,3,6.638354669333745
14942,modo fijo,2,6.638354669333745
14943,modo fijo o,3,6.638354669333745
14944,modo que,2,6.638354669333745
14945,modo que de,3,6.638354669333745
14946,modulan,1,6.638354669333745
14947,modulan la,2,6.638354669333745
14948,modulan la capacidad,3,6.638354669333745
14949,modulante,1,6.638354669333745
14950,molina,1,6.232889561225582
14951,molina 2014,2,6.638354669333745
14952,molina 2014 geasur,3,6.638354669333745
14953,molina para,2,6.638354669333745
14954,molina para el,3,6.638354669333745
14955,momento,1,6.232889561225582
14956,momento de,2,6.232889561225582
14957,momento de la,3,6.232889561225582
14958,monitoreo,1,5.385591700838378
14959,monitoreo clasificada,2,6.638354669333745
14960,monitoreo clasificada como,3,6.638354669333745
14961,monitoreo con,2,6.638354669333745
14962,monitoreo con representatividad,3,6.638354669333745
14963,monitoreo continuo,2,5.945207488773801
14964,monitoreo continuo de,3,6.638354669333745
14965,monitoreo continuo indicado,3,6.638354669333745
14966,monitoreo de,2,6.232889561225582
14967,monitoreo de calidad,3,6.232889561225582
14968,montadas,1,6.638354669333745
14969,montadas sobre,2,6.638354669333745
14970,montadas sobre vehículos,3,6.638354669333745
14971,montañoso,1,6.638354669333745
14972,montañoso de,2,6.638354669333745
14973,montañoso de chacabuco,3,6.638354669333745
14974,montañosos,1,6.232889561225582
14975,montañosos 11,2,6.638354669333745
14976,montañosos 11 a,3,6.638354669333745
14977,montañosos que,2,6.638354669333745
14978,montañosos que encierran,3,6.638354669333745
14979,montos,1,6.638354669333745
14980,montos por,2,6.638354669333745
14981,montos por los,3,6.638354669333745
14982,monóxido,1,5.134277272557472
14983,monóxido de,2,5.134277272557472
14984,monóxido de carbono,3,5.134277272557472
14985,morbilidad,1,6.638354669333745
14986,morbilidad días,2,6.638354669333745
14987,morbilidad días de,3,6.638354669333745
14988,mortalidad,1,5.945207488773801
14989,mortalidad prematura,2,6.232889561225582
14990,mortalidad prematura morbilidad,3,6.638354669333745
14991,mortalidad prematura que,3,6.638354669333745
14992,mortalidad y,2,6.638354669333745
14993,mortalidad y admisiones,3,6.638354669333745
14994,motivo,1,6.638354669333745
14995,motivo de,2,6.638354669333745
14996,motivo de seguridad,3,6.638354669333745
14997,motocicletas,1,6.638354669333745
14998,motocicletas y,2,6.638354669333745
14999,motocicletas y similares,3,6.638354669333745
15000,motor,1,5.028916756899646
15001,motor cuyas,2,6.232889561225582
15002,motor cuyas emisiones,3,6.232889561225582
15003,motor de,2,6.232889561225582
15004,motor de combustión,3,6.638354669333745
15005,motor de un,3,6.638354669333745
15006,motor diésel,2,6.638354669333745
15007,motor diésel no,3,6.638354669333745
15008,motor mayor,2,6.638354669333745
15009,motor mayor o,3,6.638354669333745
15010,motor o,2,6.638354669333745
15011,motor o sistema,3,6.638354669333745
15012,motor sea,2,6.638354669333745
15013,motor sea necesario,3,6.638354669333745
15014,motor superior,2,6.638354669333745
15015,motor superior o,3,6.638354669333745
15016,motor y,2,6.638354669333745
15017,motor y todos,3,6.638354669333745
15018,motores,1,5.134277272557472
15019,motores con,2,6.638354669333745
15020,motores con gas,3,6.638354669333745
15021,motores de,2,5.385591700838378
15022,motores de combustión,3,5.945207488773801
15023,motores de ignición,3,6.232889561225582
15024,motores de uso,3,6.638354669333745
15025,motores destinados,2,6.638354669333745
15026,motores destinados a,3,6.638354669333745
15027,motores sean,2,6.638354669333745
15028,motores sean mecánicamente,3,6.638354669333745
15029,motorizados,1,6.638354669333745
15030,motorizados de,2,6.638354669333745
15031,motorizados de encendido,3,6.638354669333745
15032,movimiento,1,6.638354669333745
15033,movimiento del,2,6.638354669333745
15034,movimiento del aire,3,6.638354669333745
15035,mp,1,5.134277272557472
15036,mp a,2,6.638354669333745
15037,mp a la,3,6.638354669333745
15038,mp establecidos,2,6.638354669333745
15039,mp establecidos en,3,6.638354669333745
15040,mp mp10,2,6.638354669333745
15041,mp mp10 mp2,3,6.638354669333745
15042,mp nox,2,6.638354669333745
15043,mp nox y,3,6.638354669333745
15044,mp posee,2,6.638354669333745
15045,mp posee otros,3,6.638354669333745
15046,mp que,2,6.638354669333745
15047,mp que no,3,6.638354669333745
15048,mp según,2,6.638354669333745
15049,mp según la,3,6.638354669333745
15050,mp10,1,3.930304468231536
15051,mp10 considerando,2,6.638354669333745
15052,mp10 considerando las,3,6.638354669333745
15053,mp10 el,2,6.638354669333745
15054,mp10 el ds,3,6.638354669333745
15055,mp10 en,2,6.638354669333745
15056,mp10 en el,3,6.638354669333745
15057,mp10 equivalente,2,5.945207488773801
15058,mp10 equivalente de,3,5.945207488773801
15059,mp10 los,2,6.638354669333745
15060,mp10 los siguientes,3,6.638354669333745
15061,mp10 material,2,6.638354669333745
15062,mp10 material particulado,3,6.638354669333745
15063,mp10 mp2,2,6.232889561225582
15064,mp10 mp2 so,3,6.638354669333745
15065,mp10 mp2 y,3,6.638354669333745
15066,mp10 partículas,2,5.945207488773801
15067,mp10 partículas en,3,5.945207488773801
15068,mp10 que,2,6.638354669333745
15069,mp10 que se,3,6.638354669333745
15070,mp10 respecto,2,6.638354669333745
15071,mp10 respecto de,3,6.638354669333745
15072,mp10 se,2,6.638354669333745
15073,mp10 se han,3,6.638354669333745
15074,mp10 y,2,4.692444520278432
15075,mp10 y especialmente,3,6.638354669333745
15076,mp10 y mp2,3,5.028916756899646
15077,mp10 y o,3,6.638354669333745
15078,mp10 y ozono,3,6.638354669333745
15079,mp10 y principalmente,3,6.638354669333745
15080,mp2,1,3.54731221597543
15081,mp2 a,2,6.232889561225582
15082,mp2 a la,3,6.232889561225582
15083,mp2 alcanza,2,6.638354669333745
15084,mp2 alcanza el,3,6.638354669333745
15085,mp2 arrojó,2,6.638354669333745
15086,mp2 arrojó que,3,6.638354669333745
15087,mp2 como,2,5.945207488773801
15088,mp2 como concentración,3,5.945207488773801
15089,mp2 considerando,2,6.638354669333745
15090,mp2 considerando las,3,6.638354669333745
15091,mp2 corresponden,2,6.638354669333745
15092,mp2 corresponden al,3,6.638354669333745
15093,mp2 de,2,6.638354669333745
15094,mp2 de 50,3,6.638354669333745
15095,mp2 desde,2,6.638354669333745
15096,mp2 desde la,3,6.638354669333745
15097,mp2 diaria,2,6.638354669333745
15098,mp2 diaria y,3,6.638354669333745
15099,mp2 diario,2,6.638354669333745
15100,mp2 diario es,3,6.638354669333745
15101,mp2 documento,2,6.638354669333745
15102,mp2 documento en,3,6.638354669333745
15103,mp2 el,2,6.638354669333745
15104,mp2 el ds,3,6.638354669333745
15105,mp2 en,2,5.539742380665636
15106,mp2 en el,3,6.638354669333745
15107,mp2 en la,3,6.638354669333745
15108,mp2 en preemergencia,3,6.638354669333745
15109,mp2 en sus,3,6.638354669333745
15110,mp2 en toda,3,6.638354669333745
15111,mp2 equivalente,2,5.722063937459591
15112,mp2 equivalente indicadas,3,6.638354669333745
15113,mp2 equivalente ni,3,6.638354669333745
15114,mp2 equivalente pero,3,6.638354669333745
15115,mp2 equivalente y,3,6.638354669333745
15116,mp2 es,2,6.638354669333745
15117,mp2 es producido,3,6.638354669333745
15118,mp2 lo,2,6.638354669333745
15119,mp2 lo que,3,6.638354669333745
15120,mp2 los,2,6.232889561225582
15121,mp2 los que,3,6.638354669333745
15122,mp2 los siguientes,3,6.638354669333745
15123,mp2 material,2,6.638354669333745
15124,mp2 material particulado,3,6.638354669333745
15125,mp2 medidas,2,6.638354669333745
15126,mp2 medidas en,3,6.638354669333745
15127,mp2 norma,2,6.638354669333745
15128,mp2 norma anual,3,6.638354669333745
15129,mp2 ozono,2,6.638354669333745
15130,mp2 ozono o,3,6.638354669333745
15131,mp2 percentil,2,6.638354669333745
15132,mp2 percentil 98,3,6.638354669333745
15133,mp2 presenta,2,6.638354669333745
15134,mp2 presenta una,3,6.638354669333745
15135,mp2 producto,2,6.638354669333745
15136,mp2 producto de,3,6.638354669333745
15137,mp2 que,2,6.638354669333745
15138,mp2 que se,3,6.638354669333745
15139,mp2 se,2,6.232889561225582
15140,mp2 se aplicarán,3,6.638354669333745
15141,mp2 se constata,3,6.638354669333745
15142,mp2 so,2,6.638354669333745
15143,mp2 so nox,3,6.638354669333745
15144,mp2 y,2,5.945207488773801
15145,mp2 y emisiones,3,6.638354669333745
15146,mp2 y mp10,3,6.638354669333745
15147,mp2 y o,3,6.638354669333745
15148,muerta,1,6.638354669333745
15149,muerta en,2,6.638354669333745
15150,muerta en los,3,6.638354669333745
15151,muestra,1,5.539742380665636
15152,muestra el,2,6.232889561225582
15153,muestra el aumento,3,6.638354669333745
15154,muestra el resumen,3,6.638354669333745
15155,muestra en,2,6.638354669333745
15156,muestra en valor,3,6.638354669333745
15157,muestra la,2,6.638354669333745
15158,muestra la tendencia,3,6.638354669333745
15159,muestra medidas,2,6.638354669333745
15160,muestra medidas adoptadas,3,6.638354669333745
15161,muestran,1,6.232889561225582
15162,muestran altos,2,6.638354669333745
15163,muestran altos niveles,3,6.638354669333745
15164,muestran una,2,6.638354669333745
15165,muestran una evaluación,3,6.638354669333745
15166,muestreos,1,6.638354669333745
15167,muestreos e,2,6.638354669333745
15168,muestreos e inspección,3,6.638354669333745
15169,municipales,1,5.539742380665636
15170,municipales de,2,6.638354669333745
15171,municipales de conformidad,3,6.638354669333745
15172,municipales debiendo,2,6.638354669333745
15173,municipales debiendo denunciarse,3,6.638354669333745
15174,municipales en,2,6.638354669333745
15175,municipales en la,3,6.638354669333745
15176,municipales y,2,6.232889561225582
15177,municipales y aplicarán,3,6.638354669333745
15178,municipales y en,3,6.638354669333745
15179,municipalidades,1,6.638354669333745
15180,municipalidades y,2,6.638354669333745
15181,municipalidades y ciudadanía,3,6.638354669333745
15182,municipios,1,5.539742380665636
15183,municipios de,2,5.722063937459591
15184,municipios de la,3,5.722063937459591
15185,municipios que,2,6.638354669333745
15186,municipios que hayan,3,6.638354669333745
15187,muy,1,6.638354669333745
15188,muy superiores,2,6.638354669333745
15189,muy superiores a,3,6.638354669333745
15190,mwt,1,5.539742380665636
15191,mwt deberán,2,6.638354669333745
15192,mwt deberán disponer,3,6.638354669333745
15193,mwt podrán,2,6.638354669333745
15194,mwt podrán mantener,3,6.638354669333745
15195,mwt que,2,5.945207488773801
15196,mwt que usen,3,5.945207488773801
15197,mwt y,2,6.232889561225582
15198,mwt y mayor,3,6.638354669333745
15199,mwt y menor,3,6.638354669333745
15200,máquina,1,6.638354669333745
15201,máquina móvil,2,6.638354669333745
15202,máquina móvil o,3,6.638354669333745
15203,más,1,4.3870628707272505
15204,más al,2,6.638354669333745
15205,más al sur,3,6.638354669333745
15206,más alto,2,6.638354669333745
15207,más alto de,3,6.638354669333745
15208,más contaminantes,2,6.638354669333745
15209,más de,2,5.945207488773801
15210,más de 50,3,6.638354669333745
15211,más de cinco,3,6.638354669333745
15212,más de un,3,6.638354669333745
15213,más deficitarias,2,6.232889561225582
15214,más deficitarias aquellas,3,6.638354669333745
15215,más deficitarias en,3,6.638354669333745
15216,más del,2,6.638354669333745
15217,más del 50,3,6.638354669333745
15218,más desfavorable,2,6.638354669333745
15219,más eficientes,2,6.638354669333745
15220,más eficientes y,3,6.638354669333745
15221,más equipos,2,6.638354669333745
15222,más equipos y,3,6.638354669333745
15223,más la,2,5.945207488773801
15224,más la disponibilidad,3,6.638354669333745
15225,más la emisión,3,6.232889561225582
15226,más limpios,2,6.638354669333745
15227,más procesos,2,6.638354669333745
15228,más procesos existentes,3,6.638354669333745
15229,más vulnerables,2,6.638354669333745
15230,más vulnerables así,3,6.638354669333745
15231,másica,1,6.232889561225582
15232,másica anual,2,6.232889561225582
15233,másica anual asignada,3,6.638354669333745
15234,másica anual autorizada,3,6.638354669333745
15235,máxima,1,5.539742380665636
15236,máxima de,2,5.722063937459591
15237,máxima de funcionamiento,3,6.638354669333745
15238,máxima de mp10,3,6.232889561225582
15239,máxima de mp2,3,6.232889561225582
15240,máxima del,2,6.638354669333745
15241,máxima del equipo,3,6.638354669333745
15242,máxima equivalente,2,6.638354669333745
15243,máxima equivalente del,3,6.638354669333745
15244,máxima total,2,6.638354669333745
15245,máxima total de,3,6.638354669333745
15246,máximas,1,6.232889561225582
15247,máximas de,2,6.232889561225582
15248,máximas de acuerdo,3,6.638354669333745
15249,máximas de mp10,3,6.638354669333745
15250,máximo,1,4.93360657709532
15251,máximo 15,2,6.638354669333745
15252,máximo 15 días,3,6.638354669333745
15253,máximo de,2,5.2520603082138555
15254,máximo de 15,3,6.638354669333745
15255,máximo de 24,3,6.638354669333745
15256,máximo de 30,3,5.945207488773801
15257,máximo de quince,3,6.232889561225582
15258,máximo permisible,2,6.638354669333745
15259,máximo permisible de,3,6.638354669333745
15260,máximos,1,5.134277272557472
15261,máximos de,2,5.385591700838378
15262,máximos de emisiones,3,6.232889561225582
15263,máximos de emisión,3,5.722063937459591
15264,máximos permitidos,2,6.638354669333745
15265,máximos permitidos usando,3,6.638354669333745
15266,método,1,5.134277272557472
15267,método astm,2,6.232889561225582
15268,método astm d3231,3,6.638354669333745
15269,método astm d3237,3,6.638354669333745
15270,método d613,2,6.638354669333745
15271,método d613 para,3,6.638354669333745
15272,método de,2,5.945207488773801
15273,método de crianza,3,6.638354669333745
15274,método de medición,3,6.638354669333745
15275,método de prueba,3,6.638354669333745
15276,método ramsbottom,2,6.232889561225582
15277,métodos,1,5.385591700838378
15278,métodos de,2,6.232889561225582
15279,métodos de control,3,6.638354669333745
15280,métodos de medición,3,6.638354669333745
15281,métodos indicados,2,6.638354669333745
15282,métodos indicados en,3,6.638354669333745
15283,métodos normalizados,2,5.945207488773801
15284,métodos normalizados definidos,3,5.945207488773801
15285,mínimo,1,6.638354669333745
15286,mínimo d4737,2,6.638354669333745
15287,mínimo d4737 de,3,6.638354669333745
15288,móvil,1,5.2520603082138555
15289,móvil de,2,6.638354669333745
15290,móvil de horas,3,6.638354669333745
15291,móvil fuera,2,5.722063937459591
15292,móvil fuera de,3,5.722063937459591
15293,móvil o,2,6.232889561225582
15294,móvil o equipo,3,6.638354669333745
15295,móvil o estacionario,3,6.638354669333745
15296,móvil que,2,6.638354669333745
15297,móvil que combustiona,3,6.638354669333745
15298,móviles,1,6.232889561225582
15299,móviles de,2,6.638354669333745
15300,móviles de 24,3,6.638354669333745
15301,móviles en,2,6.638354669333745
15302,móviles en la,3,6.638354669333745
15303,nacional,1,5.539742380665636
15304,nacional conocieron,2,6.638354669333745
15305,nacional conocieron y,3,6.638354669333745
15306,nacional de,2,6.638354669333745
15307,nacional de servicios,3,6.638354669333745
15308,nacional forestal,2,6.638354669333745
15309,nacional forestal conaf,3,6.638354669333745
15310,nacional o,2,6.638354669333745
15311,nacional o el,3,6.638354669333745
15312,nacional tentativa,2,6.638354669333745
15313,nacional tentativa indc,3,6.638354669333745
15314,nacionales,1,6.638354669333745
15315,natural,1,5.945207488773801
15316,natural bhp,2,6.638354669333745
15317,natural bhp para,3,6.638354669333745
15318,natural desde,2,6.638354669333745
15319,natural desde una,3,6.638354669333745
15320,natural exigencias,2,6.638354669333745
15321,natural exigencias de,3,6.638354669333745
15322,natural las,2,6.638354669333745
15323,natural las mediciones,3,6.638354669333745
15324,naturales,1,6.638354669333745
15325,naturales asegurando,2,6.638354669333745
15326,naturales asegurando la,3,6.638354669333745
15327,navia,1,6.638354669333745
15328,navia y,2,6.638354669333745
15329,navia y desde,3,6.638354669333745
15330,nch2115,1,6.638354669333745
15331,nch2907,1,5.722063937459591
15332,nch2907 2005,2,6.638354669333745
15333,nch2907 2005 combustible,3,6.638354669333745
15334,nch2907 de,2,6.638354669333745
15335,nch2907 de acuerdo,3,6.638354669333745
15336,nch2907 o,2,6.638354669333745
15337,nch2907 o la,3,6.638354669333745
15338,nch2907 se,2,6.638354669333745
15339,nch2907 se refiere,3,6.638354669333745
15340,nch2965,1,6.232889561225582
15341,nch2965 2005,2,6.638354669333745
15342,nch2965 2005 combustible,3,6.638354669333745
15343,nch2965 se,2,6.638354669333745
15344,nch2965 se refiere,3,6.638354669333745
15345,nch3246,1,6.232889561225582
15346,nch3246 2011,2,6.638354669333745
15347,nch3246 2011 biocombustibles,3,6.638354669333745
15348,nch3246 se,2,6.638354669333745
15349,nch3246 se refiere,3,6.638354669333745
15350,nch61,1,5.945207488773801
15351,nch61 1999,2,6.638354669333745
15352,nch61 1999 petróleo,3,6.638354669333745
15353,nch61 declarada,2,6.638354669333745
15354,nch61 declarada oficial,3,6.638354669333745
15355,nch61 se,2,6.638354669333745
15356,nch61 se refiere,3,6.638354669333745
15357,nch62,1,5.945207488773801
15358,nch62 2000,2,6.638354669333745
15359,nch62 2000 petróleo,3,6.638354669333745
15360,nch62 declarada,2,6.638354669333745
15361,nch62 declarada oficial,3,6.638354669333745
15362,nch62 se,2,6.638354669333745
15363,nch62 se refiere,3,6.638354669333745
15364,nch63,1,5.945207488773801
15365,nch63 2000,2,6.638354669333745
15366,nch63 2000 kerosene,3,6.638354669333745
15367,nch63 declarada,2,6.638354669333745
15368,nch63 declarada oficial,3,6.638354669333745
15369,nch63 se,2,6.638354669333745
15370,nch63 se refiere,3,6.638354669333745
15371,nch64,1,6.232889561225582
15372,nch64 1995,2,6.638354669333745
15373,nch64 1995 gasolina,3,6.638354669333745
15374,nch64 se,2,6.638354669333745
15375,nch64 se refi,3,6.638354669333745
15376,nch72,1,6.232889561225582
15377,necesaria,1,6.638354669333745
15378,necesaria la,2,6.638354669333745
15379,necesaria la determinación,3,6.638354669333745
15380,necesarias,1,6.232889561225582
15381,necesarias y,2,6.638354669333745
15382,necesarias y factibles,3,6.638354669333745
15383,necesario,1,5.385591700838378
15384,necesario implementar,2,6.232889561225582
15385,necesario implementar medidas,3,6.232889561225582
15386,necesario incorporar,2,6.638354669333745
15387,necesario incorporar nuevas,3,6.638354669333745
15388,necesario los,2,6.638354669333745
15389,necesario los instrumentos,3,6.638354669333745
15390,necesario para,2,6.638354669333745
15391,necesario para sistemas,3,6.638354669333745
15392,necesario según,2,6.638354669333745
15393,necesario según lo,3,6.638354669333745
15394,necesarios,1,6.232889561225582
15395,necesarios para,2,6.638354669333745
15396,necesarios para una,3,6.638354669333745
15397,necesarios y,2,6.638354669333745
15398,necesarios y la,3,6.638354669333745
15399,negativos,1,6.232889561225582
15400,negativos en,2,6.638354669333745
15401,negativos en ecosistemas,3,6.638354669333745
15402,negativos sobre,2,6.638354669333745
15403,negativos sobre la,3,6.638354669333745
15404,negro,1,5.539742380665636
15405,negro conocido,2,6.638354669333745
15406,negro conocido como,3,6.638354669333745
15407,negro en,2,6.638354669333745
15408,negro en las,3,6.638354669333745
15409,negro es,2,6.638354669333745
15410,negro es un,3,6.638354669333745
15411,negro gris,2,6.638354669333745
15412,negro gris o,3,6.638354669333745
15413,negro tanto,2,6.638354669333745
15414,negro tanto en,3,6.638354669333745
15415,negruzco,1,6.638354669333745
15416,negruzco de,2,6.638354669333745
15417,negruzco de composición,3,6.638354669333745
15418,neta,1,6.232889561225582
15419,neta del,2,6.638354669333745
15420,neta del motor,3,6.638354669333745
15421,neta instalada,2,6.638354669333745
15422,neta instalada igual,3,6.638354669333745
15423,neto,1,6.638354669333745
15424,neto de,2,6.638354669333745
15425,neto de 965,3,6.638354669333745
15426,netos,1,6.638354669333745
15427,netos corresponden,2,6.638354669333745
15428,netos corresponden a,3,6.638354669333745
15429,nh,1,5.539742380665636
15430,nh la,2,6.638354669333745
15431,nh la metodología,3,6.638354669333745
15432,nh ponderadas,2,6.232889561225582
15433,nh ponderadas por,3,6.232889561225582
15434,nh que,2,6.638354669333745
15435,nh que se,3,6.638354669333745
15436,nh3,1,6.638354669333745
15437,nh3 corresponden,2,6.638354669333745
15438,nh3 corresponden al,3,6.638354669333745
15439,ni,1,5.945207488773801
15440,ni hornos,2,6.638354669333745
15441,ni hornos panificadores,3,6.638354669333745
15442,ni la,2,6.638354669333745
15443,ni la emisión,3,6.638354669333745
15444,ni procesos,2,6.638354669333745
15445,ni procesos con,3,6.638354669333745
15446,ningún,1,6.232889561225582
15447,ningún caso,2,6.232889561225582
15448,ningún caso podrá,3,6.232889561225582
15449,nitrogenados,1,6.638354669333745
15450,nitrogenados y,2,6.638354669333745
15451,nitrogenados y de,3,6.638354669333745
15452,nitrógeno,1,5.2520603082138555
15453,nitrógeno a,2,6.232889561225582
15454,nitrógeno a la,3,6.232889561225582
15455,nitrógeno compuestos,2,6.638354669333745
15456,nitrógeno compuestos orgánicos,3,6.638354669333745
15457,nitrógeno no,2,6.638354669333745
15458,nitrógeno no y,3,6.638354669333745
15459,nitrógeno no2,2,6.638354669333745
15460,nitrógeno no2 iii,3,6.638354669333745
15461,nitrógeno nox,2,6.638354669333745
15462,nitrógeno nox y,3,6.638354669333745
15463,nivel,1,4.846595200105691
15464,nivel agregado,2,6.638354669333745
15465,nivel agregado como,3,6.638354669333745
15466,nivel de,2,5.385591700838378
15467,nivel de acatamiento,3,6.638354669333745
15468,nivel de actividad,3,6.232889561225582
15469,nivel de eficiencia,3,6.232889561225582
15470,nivel de mp10,3,6.638354669333745
15471,nivel previstas,2,5.945207488773801
15472,nivel previstas en,3,5.945207488773801
15473,nivel óptimo,2,6.638354669333745
15474,nivel óptimo de,3,6.638354669333745
15475,niveles,1,4.3357695763397
15476,niveles considerados,2,6.638354669333745
15477,niveles considerados de,3,6.638354669333745
15478,niveles de,2,4.93360657709532
15479,niveles de avance,3,6.638354669333745
15480,niveles de black,3,6.638354669333745
15481,niveles de calidad,3,6.638354669333745
15482,niveles de concentración,3,6.638354669333745
15483,niveles de contaminación,3,6.638354669333745
15484,niveles de emisiones,3,6.232889561225582
15485,niveles de emisión,3,6.232889561225582
15486,niveles de exposición,3,6.638354669333745
15487,niveles menos,2,6.638354669333745
15488,niveles menos estrictos,3,6.638354669333745
15489,niveles máximos,2,5.945207488773801
15490,niveles máximos de,3,5.945207488773801
15491,niveles que,2,5.945207488773801
15492,niveles que definen,3,6.638354669333745
15493,niveles que originan,3,6.232889561225582
15494,niveles señalados,2,6.638354669333745
15495,niveles señalados en,3,6.638354669333745
15496,niveles son,2,6.638354669333745
15497,niveles son un,3,6.638354669333745
15498,no,1,3.1119941447175843
15499,no aprobarse,2,6.638354669333745
15500,no aprobarse o,3,6.638354669333745
15501,no canalizadas,2,6.638354669333745
15502,no canalizadas en,3,6.638354669333745
15503,no contengan,2,6.638354669333745
15504,no contengan materias,3,6.638354669333745
15505,no convencionales,2,6.638354669333745
15506,no convencionales ernc,3,6.638354669333745
15507,no correspondan,2,6.232889561225582
15508,no correspondan a,3,6.232889561225582
15509,no cuantificados,2,6.232889561225582
15510,no cuantificados en,3,6.232889561225582
15511,no cumplan,2,5.945207488773801
15512,no cumplan con,3,5.945207488773801
15513,no destinados,2,6.638354669333745
15514,no destinados al,3,6.638354669333745
15515,no efectuadas,2,6.638354669333745
15516,no efectuadas a,3,6.638354669333745
15517,no en,2,6.638354669333745
15518,no en el,3,6.638354669333745
15519,no entren,2,5.945207488773801
15520,no entren en,3,5.945207488773801
15521,no es,2,6.638354669333745
15522,no es posible,3,6.638354669333745
15523,no está,2,6.638354669333745
15524,no está permitido,3,6.638354669333745
15525,no existir,2,6.638354669333745
15526,no existir la,3,6.638354669333745
15527,no fueron,2,6.638354669333745
15528,no fueron valorizados,3,6.638354669333745
15529,no han,2,6.638354669333745
15530,no han experimentado,3,6.638354669333745
15531,no implicará,2,5.945207488773801
15532,no implicará pérdida,3,5.945207488773801
15533,no incluye,2,6.638354669333745
15534,no incluye a,3,6.638354669333745
15535,no mediante,2,6.638354669333745
15536,no mediante el,3,6.638354669333745
15537,no metánicos,2,6.638354669333745
15538,no metánicos hcnm,3,6.638354669333745
15539,no pertenecen,2,6.638354669333745
15540,no pertenecen al,3,6.638354669333745
15541,no podrá,2,6.638354669333745
15542,no podrá modificarse,3,6.638354669333745
15543,no podrán,2,5.945207488773801
15544,no podrán funcionar,3,5.945207488773801
15545,no posean,2,6.638354669333745
15546,no posean instalaciones,3,6.638354669333745
15547,no posee,2,6.638354669333745
15548,no posee templador,3,6.638354669333745
15549,no produciendo,2,6.638354669333745
15550,no produciendo una,3,6.638354669333745
15551,no programado,2,6.638354669333745
15552,no programado de,3,6.638354669333745
15553,no removible,2,6.638354669333745
15554,no represente,2,6.638354669333745
15555,no represente riesgo,3,6.638354669333745
15556,no respondan,2,6.638354669333745
15557,no respondan a,3,6.638354669333745
15558,no se,2,4.692444520278432
15559,no se aplicará,3,6.638354669333745
15560,no se aprueben,3,6.638354669333745
15561,no se dispone,3,6.638354669333745
15562,no se encuentra,3,6.638354669333745
15563,no se encuentren,3,6.232889561225582
15564,no se incluyen,3,6.638354669333745
15565,no se logre,3,6.638354669333745
15566,no se permitirá,3,6.232889561225582
15567,no se podrán,3,6.638354669333745
15568,no se supere,3,6.638354669333745
15569,no se superen,3,6.638354669333745
15570,no sea,2,5.028916756899646
15571,no sea contrario,3,5.028916756899646
15572,no sean,2,6.638354669333745
15573,no sean calderas,3,6.638354669333745
15574,no será,2,6.638354669333745
15575,no será necesaria,3,6.638354669333745
15576,no superen,2,6.232889561225582
15577,no superen los,3,6.232889561225582
15578,no sustituirán,2,6.638354669333745
15579,no sustituirán las,3,6.638354669333745
15580,no utilicen,2,6.638354669333745
15581,no utilicen combustible,3,6.638354669333745
15582,no viceversa,2,6.638354669333745
15583,no viceversa o,3,6.638354669333745
15584,no y,2,6.638354669333745
15585,no y monóxido,3,6.638354669333745
15586,no2,1,5.945207488773801
15587,no2 anual,2,6.638354669333745
15588,no2 anual y,3,6.638354669333745
15589,no2 iii,2,6.638354669333745
15590,no2 iii el,3,6.638354669333745
15591,no2 y,2,6.638354669333745
15592,no2 y so2,3,6.638354669333745
15593,nombre,1,6.638354669333745
15594,nombre del,2,6.638354669333745
15595,nombre del propietario,3,6.638354669333745
15596,nominal,1,5.945207488773801
15597,nominal corresponde,2,6.638354669333745
15598,nominal corresponde a,3,6.638354669333745
15599,nominal menor,2,6.638354669333745
15600,nominal menor o,3,6.638354669333745
15601,nominal y,2,6.638354669333745
15602,nominal y las,3,6.638354669333745
15603,norma,1,3.747982911437581
15604,norma anual,2,6.638354669333745
15605,norma anual y,3,6.638354669333745
15606,norma de,2,4.846595200105691
15607,norma de 20,3,6.638354669333745
15608,norma de calidad,3,6.638354669333745
15609,norma de co,3,6.638354669333745
15610,norma de emisión,3,5.385591700838378
15611,norma de horas,3,6.232889561225582
15612,norma desde,2,6.638354669333745
15613,norma desde el,3,6.638354669333745
15614,norma diaria,2,6.638354669333745
15615,norma diaria para,3,6.638354669333745
15616,norma epa,2,6.638354669333745
15617,norma epa equivalente,3,6.638354669333745
15618,norma euro,2,6.638354669333745
15619,norma euro y,3,6.638354669333745
15620,norma los,2,6.232889561225582
15621,norma los vehículos,3,6.232889561225582
15622,norma nch2115,2,6.638354669333745
15623,norma nch2907,2,5.945207488773801
15624,norma nch2907 de,3,6.638354669333745
15625,norma nch2907 o,3,6.638354669333745
15626,norma nch2965,2,6.638354669333745
15627,norma nch3246,2,6.638354669333745
15628,norma nch61,2,6.232889561225582
15629,norma nch61 declarada,3,6.638354669333745
15630,norma nch62,2,6.232889561225582
15631,norma nch62 declarada,3,6.638354669333745
15632,norma nch63,2,6.232889561225582
15633,norma nch63 declarada,3,6.638354669333745
15634,norma nch64,2,6.638354669333745
15635,norma nch72,2,6.232889561225582
15636,norma para,2,6.638354669333745
15637,norma para mp10,3,6.638354669333745
15638,norma primaria,2,6.638354669333745
15639,norma primaria de,3,6.638354669333745
15640,norma que,2,6.638354669333745
15641,norma que el,3,6.638354669333745
15642,norma vigente,2,6.638354669333745
15643,normados,1,6.638354669333745
15644,normados una,2,6.638354669333745
15645,normados una reducción,3,6.638354669333745
15646,normales,1,6.638354669333745
15647,normales de,2,6.638354669333745
15648,normales de transferencia,3,6.638354669333745
15649,normalizadas,1,6.638354669333745
15650,normalizadas de,2,6.638354669333745
15651,normalizadas de medición,3,6.638354669333745
15652,normalizados,1,5.945207488773801
15653,normalizados definidos,2,5.945207488773801
15654,normalizados definidos por,3,5.945207488773801
15655,normas,1,4.692444520278432
15656,normas complementarias,2,6.638354669333745
15657,normas complementarias para,3,6.638354669333745
15658,normas de,2,5.2520603082138555
15659,normas de calidad,3,6.232889561225582
15660,normas de emisión,3,6.232889561225582
15661,normas de ingreso,3,6.638354669333745
15662,normas de mp2,3,6.638354669333745
15663,normas de no2,3,6.638354669333745
15664,normas diaria,2,6.638354669333745
15665,normas diaria y,3,6.638354669333745
15666,normas expuestas,2,6.638354669333745
15667,normas expuestas en,3,6.638354669333745
15668,normas horaria,2,6.638354669333745
15669,normas horaria de,3,6.638354669333745
15670,normas primarias,2,6.232889561225582
15671,normas primarias de,3,6.638354669333745
15672,normas primarias y,3,6.638354669333745
15673,normas y,2,6.638354669333745
15674,normas y metas,3,6.638354669333745
15675,normativa,1,4.692444520278432
15676,normativa ambiental,2,5.945207488773801
15677,normativa ambiental o,3,6.638354669333745
15678,normativa ambiental vigente,3,6.232889561225582
15679,normativa aplicable,2,6.638354669333745
15680,normativa definida,2,6.638354669333745
15681,normativa definida en,3,6.638354669333745
15682,normativa el,2,6.638354669333745
15683,normativa el que,3,6.638354669333745
15684,normativa internacional,2,6.638354669333745
15685,normativa para,2,6.638354669333745
15686,normativa para la,3,6.638354669333745
15687,normativa que,2,6.638354669333745
15688,normativa que le,3,6.638354669333745
15689,normativa vigente,2,5.722063937459591
15690,normativa vigente de,3,6.638354669333745
15691,normativa vigente para,3,6.638354669333745
15692,normativas,1,6.638354669333745
15693,normativas vigentes,2,6.638354669333745
15694,normativas vigentes en,3,6.638354669333745
15695,normativo,1,6.638354669333745
15696,normativo que,2,6.638354669333745
15697,normativo que permita,3,6.638354669333745
15698,norte,1,6.638354669333745
15699,norte el,2,6.638354669333745
15700,norte el cordón,3,6.638354669333745
15701,norteamérica,1,6.638354669333745
15702,norteamérica us,2,6.638354669333745
15703,norteamérica us epa,3,6.638354669333745
15704,notable,1,6.638354669333745
15705,notable de,2,6.638354669333745
15706,notable de la,3,6.638354669333745
15707,noviembre,1,6.232889561225582
15708,noviembre de,2,6.232889561225582
15709,noviembre de 2000,3,6.232889561225582
15710,nox,1,5.385591700838378
15711,nox co,2,6.638354669333745
15712,nox co y,3,6.638354669333745
15713,nox corresponden,2,6.638354669333745
15714,nox corresponden al,3,6.638354669333745
15715,nox superan,2,6.638354669333745
15716,nox superan el,3,6.638354669333745
15717,nox y,2,5.945207488773801
15718,nox y material,3,6.638354669333745
15719,nox y mp,3,6.638354669333745
15720,nox y so,3,6.638354669333745
15721,nox3,1,6.232889561225582
15722,nox3 y,2,6.232889561225582
15723,nox3 y o,3,6.232889561225582
15724,nuestras,1,6.638354669333745
15725,nuestras conductas,2,6.638354669333745
15726,nuestras conductas ciudadanas,3,6.638354669333745
15727,nueva,1,5.385591700838378
15728,nueva actividad,2,6.638354669333745
15729,nueva actividad como,3,6.638354669333745
15730,nueva emisión,2,6.638354669333745
15731,nueva emisión másica,3,6.638354669333745
15732,nueva es,2,6.638354669333745
15733,nueva es aquella,3,6.638354669333745
15734,nueva infraestructura,2,6.638354669333745
15735,nueva infraestructura especializada,3,6.638354669333745
15736,nueva normativa,2,6.638354669333745
15737,nueva normativa para,3,6.638354669333745
15738,nueva reformulación,2,6.638354669333745
15739,nueva reformulación del,3,6.638354669333745
15740,nuevas,1,5.2520603082138555
15741,nuevas inscripciones,2,6.638354669333745
15742,nuevas inscripciones de,3,6.638354669333745
15743,nuevas inscripciones para,3,6.638354669333745
15744,nuevas medidas,2,6.638354669333745
15745,nuevas medidas de,3,6.638354669333745
15746,nuevas metas,2,6.232889561225582
15747,nuevas metas anuales,3,6.232889561225582
15748,nuevas que,2,6.638354669333745
15749,nuevas que no,3,6.638354669333745
15750,nuevas y,2,6.232889561225582
15751,nuevas y existentes,3,6.638354669333745
15752,nuevas y las,3,6.638354669333745
15753,nuevo,1,4.93360657709532
15754,nuevo a,2,6.638354669333745
15755,nuevo a aquel,3,6.638354669333745
15756,nuevo aquel,2,6.232889561225582
15757,nuevo aquel calefactor,3,6.638354669333745
15758,nuevo aquel plantel,3,6.638354669333745
15759,nuevo cumple,2,6.638354669333745
15760,nuevo cumple con,3,6.638354669333745
15761,nuevo es,2,6.638354669333745
15762,nuevo es aquel,3,6.638354669333745
15763,nuevo plan,2,6.638354669333745
15764,nuevo plan de,3,6.638354669333745
15765,nuevo proyecto,2,6.638354669333745
15766,nuevo que,2,6.638354669333745
15767,nuevo que inicia,3,6.638354669333745
15768,nuevo sistema,2,6.638354669333745
15769,nuevo sistema de,3,6.638354669333745
15770,nuevo texto,2,6.232889561225582
15771,nuevo texto de,3,6.232889561225582
15772,nuevos,1,5.028916756899646
15773,nuevos a,2,6.638354669333745
15774,nuevos a leña,3,6.638354669333745
15775,nuevos deberán,2,6.638354669333745
15776,nuevos deberán cumplir,3,6.638354669333745
15777,nuevos potenciales,2,6.638354669333745
15778,nuevos potenciales de,3,6.638354669333745
15779,nuevos productos,2,6.638354669333745
15780,nuevos productos y,3,6.638354669333745
15781,nuevos proyectos,2,6.638354669333745
15782,nuevos proyectos o,3,6.638354669333745
15783,nuevos que,2,6.232889561225582
15784,nuevos que no,3,6.638354669333745
15785,nuevos que utilicen,3,6.638354669333745
15786,nuevos y,2,6.638354669333745
15787,nuevos y existentes,3,6.638354669333745
15788,nuevos éstos,2,6.638354669333745
15789,nuevos éstos deberán,3,6.638354669333745
15790,nula,1,6.638354669333745
15791,nula demanda,2,6.638354669333745
15792,nula demanda térmica,3,6.638354669333745
15793,nº,1,5.134277272557472
15794,nº 100,2,6.638354669333745
15795,nº 100 de,3,6.638354669333745
15796,nº 12,2,5.945207488773801
15797,nº 12 de,3,5.945207488773801
15798,nº 160,2,6.638354669333745
15799,nº 160 de,3,6.638354669333745
15800,nº 18,2,6.232889561225582
15801,nº 18 de,3,6.232889561225582
15802,nº 19,2,6.638354669333745
15803,nº 19 300,3,6.638354669333745
15804,nº 59,2,6.638354669333745
15805,nº 59 de,3,6.638354669333745
15806,nº5,1,6.232889561225582
15807,nº5 y,2,6.232889561225582
15808,nº5 y nº6,3,6.232889561225582
15809,nº6,1,6.232889561225582
15810,nº6 que,2,6.232889561225582
15811,nº6 que se,3,6.232889561225582
15812,nº66,1,6.638354669333745
15813,nº66 de,2,6.638354669333745
15814,nº66 de 2009,3,6.638354669333745
15815,nómina,1,6.232889561225582
15816,nómina con,2,6.232889561225582
15817,nómina con los,3,6.232889561225582
15818,número,1,5.2520603082138555
15819,número de,2,5.2520603082138555
15820,número de cetano,3,6.638354669333745
15821,número de episodios,3,6.232889561225582
15822,número de identificación,3,6.638354669333745
15823,número de partículas,3,6.638354669333745
15824,número de preemergencias,3,6.638354669333745
15825,número de registro,3,6.638354669333745
15826,o,1,2.471689445532019
15827,o a,2,5.722063937459591
15828,o a la,3,6.638354669333745
15829,o a través,3,6.638354669333745
15830,o acreditarse,2,6.638354669333745
15831,o acreditarse la,3,6.638354669333745
15832,o actividad,2,5.945207488773801
15833,o actividad al,3,6.232889561225582
15834,o actividad sin,3,6.638354669333745
15835,o actividades,2,5.539742380665636
15836,o actividades con,3,6.638354669333745
15837,o actividades en,3,6.638354669333745
15838,o actividades nuevas,3,6.638354669333745
15839,o actividades que,3,6.638354669333745
15840,o actividades sin,3,6.638354669333745
15841,o actividades y,3,6.638354669333745
15842,o adobe,2,6.638354669333745
15843,o adobe que,3,6.638354669333745
15844,o adoptar,2,6.638354669333745
15845,o adoptar las,3,6.638354669333745
15846,o aerosoles,2,6.638354669333745
15847,o aerosoles de,3,6.638354669333745
15848,o alojamiento,2,6.638354669333745
15849,o alojamiento de,3,6.638354669333745
15850,o ampliaciones,2,6.638354669333745
15851,o ampliaciones de,3,6.638354669333745
15852,o ampliación,2,6.638354669333745
15853,o ampliación es,3,6.638354669333745
15854,o aquella,2,6.232889561225582
15855,o aquella que,3,6.232889561225582
15856,o arbustos,2,6.638354669333745
15857,o arbustos utilizada,3,6.638354669333745
15858,o armado,2,6.638354669333745
15859,o armado que,3,6.638354669333745
15860,o automática,2,6.638354669333745
15861,o automática de,3,6.638354669333745
15862,o azul,2,6.638354669333745
15863,o azul excepto,3,6.638354669333745
15864,o bien,2,5.945207488773801
15865,o bien del,3,6.638354669333745
15866,o bien en,3,6.638354669333745
15867,o bien que,3,6.638354669333745
15868,o carbón,2,6.638354669333745
15869,o carbón vegetal,3,6.638354669333745
15870,o ceder,2,6.638354669333745
15871,o ceder emisiones,3,6.638354669333745
15872,o certificación,2,6.638354669333745
15873,o certificación de,3,6.638354669333745
15874,o certificación estipuladas,3,6.638354669333745
15875,o chimenea,2,6.638354669333745
15876,o chimeneas,2,6.638354669333745
15877,o chimeneas conforme,3,6.638354669333745
15878,o cierre,2,6.638354669333745
15879,o comercial,2,6.232889561225582
15880,o comerciales,2,6.638354669333745
15881,o comerciales ubicados,3,6.638354669333745
15882,o con,2,6.638354669333745
15883,o con falta,3,6.638354669333745
15884,o concursos,2,6.638354669333745
15885,o concursos para,3,6.638354669333745
15886,o contracción,2,6.638354669333745
15887,o contracción de,3,6.638354669333745
15888,o contratos,2,6.638354669333745
15889,o contravenciones,2,6.232889561225582
15890,o contravenciones que,3,6.232889561225582
15891,o cuenta,2,6.232889561225582
15892,o cuenta con,3,6.232889561225582
15893,o dar,2,6.638354669333745
15894,o dar inicio,3,6.638354669333745
15895,o de,2,6.638354669333745
15896,o de aptitud,3,6.638354669333745
15897,o deban,2,6.232889561225582
15898,o deban cerrar,3,6.638354669333745
15899,o deban someterse,3,6.638354669333745
15900,o dentro,2,6.638354669333745
15901,o dentro de,3,6.638354669333745
15902,o disminuyendo,2,6.638354669333745
15903,o disminuyendo las,3,6.638354669333745
15904,o dispositivo,2,6.638354669333745
15905,o dispositivo móvil,3,6.638354669333745
15906,o distribución,2,6.232889561225582
15907,o distribución de,3,6.638354669333745
15908,o distribución se,3,6.638354669333745
15909,o distribuyan,2,6.638354669333745
15910,o distribuyan en,3,6.638354669333745
15911,o ductos,2,6.638354669333745
15912,o ductos de,3,6.638354669333745
15913,o el,2,6.232889561225582
15914,o el déficit,3,6.638354669333745
15915,o el que,3,6.638354669333745
15916,o eliminación,2,6.638354669333745
15917,o eliminación de,3,6.638354669333745
15918,o en,2,6.638354669333745
15919,o en la,3,6.638354669333745
15920,o equipo,2,6.638354669333745
15921,o equipo industrial,3,6.638354669333745
15922,o establecimientos,2,6.638354669333745
15923,o establecimientos que,3,6.638354669333745
15924,o estacionario,2,6.638354669333745
15925,o estacionario que,3,6.638354669333745
15926,o estudios,2,6.232889561225582
15927,o estudios de,3,6.638354669333745
15928,o estudios referidos,3,6.638354669333745
15929,o etiquetado,2,6.638354669333745
15930,o etiquetado de,3,6.638354669333745
15931,o expenda,2,5.539742380665636
15932,o expenda en,3,5.539742380665636
15933,o expendan,2,6.232889561225582
15934,o expendan en,3,6.232889561225582
15935,o familia,2,6.638354669333745
15936,o familia del,3,6.638354669333745
15937,o gaseoso,2,6.638354669333745
15938,o gaseoso en,3,6.638354669333745
15939,o generador,2,6.638354669333745
15940,o higgins,2,5.945207488773801
15941,o higgins de,3,6.638354669333745
15942,o higgins en,3,6.638354669333745
15943,o igual,2,5.028916756899646
15944,o igual a,3,5.028916756899646
15945,o información,2,6.638354669333745
15946,o información referidos,3,6.638354669333745
15947,o kerosene,2,6.638354669333745
15948,o la,2,6.232889561225582
15949,o la que,3,6.638354669333745
15950,o la tabla,3,6.638354669333745
15951,o locales,2,6.638354669333745
15952,o locales vinculados,3,6.638354669333745
15953,o los,2,6.232889561225582
15954,o los contaminantes,3,6.638354669333745
15955,o los esfuerzos,3,6.638354669333745
15956,o manta,2,6.638354669333745
15957,o manta flotante,3,6.638354669333745
15958,o materiales,2,6.638354669333745
15959,o materiales empleados,3,6.638354669333745
15960,o mecánica,2,6.232889561225582
15961,o mecánica con,3,6.638354669333745
15962,o mecánica y,3,6.638354669333745
15963,o mediante,2,6.638354669333745
15964,o mediante laboratorios,3,6.638354669333745
15965,o mejores,2,6.638354669333745
15966,o mejores en,3,6.638354669333745
15967,o mercancías,2,6.638354669333745
15968,o mercancías por,3,6.638354669333745
15969,o mitigación,2,6.638354669333745
15970,o mitigación que,3,6.638354669333745
15971,o modificaciones,2,6.638354669333745
15972,o modificaciones y,3,6.638354669333745
15973,o modulante,2,6.638354669333745
15974,o mp2,2,6.638354669333745
15975,o mp2 que,3,6.638354669333745
15976,o muerta,2,6.638354669333745
15977,o muerta en,3,6.638354669333745
15978,o más,2,5.945207488773801
15979,o más contaminantes,3,6.638354669333745
15980,o más equipos,3,6.638354669333745
15981,o más procesos,3,6.638354669333745
15982,o nh,2,6.232889561225582
15983,o nh ponderadas,3,6.232889561225582
15984,o nivel,2,5.945207488773801
15985,o nivel previstas,3,5.945207488773801
15986,o no,2,6.638354669333745
15987,o no en,3,6.638354669333745
15988,o nula,2,6.638354669333745
15989,o nula demanda,3,6.638354669333745
15990,o pabellón,2,6.638354669333745
15991,o pabellón después,3,6.638354669333745
15992,o para,2,6.638354669333745
15993,o para generar,3,6.638354669333745
15994,o parcialmente,2,6.232889561225582
15995,o parcialmente a,3,6.638354669333745
15996,o parcialmente la,3,6.638354669333745
15997,o parte,2,6.638354669333745
15998,o parte de,3,6.638354669333745
15999,o particulares,2,6.638354669333745
16000,o pellet,2,6.638354669333745
16001,o pellet de,3,6.638354669333745
16002,o por,2,6.232889561225582
16003,o por el,3,6.638354669333745
16004,o por las,3,6.638354669333745
16005,o por término,3,6.638354669333745
16006,o pozo,2,6.638354669333745
16007,o pozo purinero,3,6.638354669333745
16008,o producción,2,6.638354669333745
16009,o producción de,3,6.638354669333745
16010,o pueda,2,6.638354669333745
16011,o pueda producir,3,6.638354669333745
16012,o puedan,2,5.2520603082138555
16013,o puedan combustionar,3,6.638354669333745
16014,o puedan utilizar,3,5.385591700838378
16015,o puede,2,5.539742380665636
16016,o puede combustionar,3,5.539742380665636
16017,o que,2,6.232889561225582
16018,o que hayan,3,6.638354669333745
16019,o que no,3,6.638354669333745
16020,o realizar,2,6.638354669333745
16021,o realizar la,3,6.638354669333745
16022,o rechazados,2,6.638354669333745
16023,o rechazados en,3,6.638354669333745
16024,o reducción,2,6.638354669333745
16025,o reducción de,3,6.638354669333745
16026,o reglamentaria,2,6.638354669333745
16027,o reglamentaria y,3,6.638354669333745
16028,o reproducción,2,6.232889561225582
16029,o reproducción de,3,6.232889561225582
16030,o residuos,2,6.638354669333745
16031,o residuos vegetales,3,6.638354669333745
16032,o saturación,2,6.638354669333745
16033,o saturación para,3,6.638354669333745
16034,o saturada,2,6.638354669333745
16035,o saturada por,3,6.638354669333745
16036,o sectoriales,2,6.638354669333745
16037,o secundarias,2,6.638354669333745
16038,o secundarias de,3,6.638354669333745
16039,o servicios,2,6.638354669333745
16040,o servicios del,3,6.638354669333745
16041,o sin,2,6.232889561225582
16042,o sin ayuda,3,6.638354669333745
16043,o sin carretera,3,6.638354669333745
16044,o sin carrocería,3,6.638354669333745
16045,o sistema,2,6.638354669333745
16046,o sistema de,3,6.638354669333745
16047,o sistemas,2,6.638354669333745
16048,o sistemas de,3,6.638354669333745
16049,o superior,2,6.232889561225582
16050,o superior a,3,6.232889561225582
16051,o superiores,2,6.638354669333745
16052,o superiores a,3,6.638354669333745
16053,o sus,2,6.638354669333745
16054,o sus representantes,3,6.638354669333745
16055,o tabla,2,6.638354669333745
16056,o tabla iii,3,6.638354669333745
16057,o terreno,2,6.638354669333745
16058,o terreno donde,3,6.638354669333745
16059,o transferencias,2,6.638354669333745
16060,o transferencias de,3,6.638354669333745
16061,o término,2,6.638354669333745
16062,o término a,3,6.638354669333745
16063,o varias,2,6.638354669333745
16064,o varias actividades,3,6.638354669333745
16065,o vehículo,2,6.638354669333745
16066,o vehículo con,3,6.638354669333745
16067,o vida,2,6.232889561225582
16068,o vida útil,3,6.232889561225582
16069,o y,2,6.232889561225582
16070,o y co,3,6.638354669333745
16071,o y monóxido,3,6.638354669333745
16072,o3,1,5.945207488773801
16073,o3 en,2,6.638354669333745
16074,o3 en su,3,6.638354669333745
16075,o3 ii,2,6.638354669333745
16076,o3 ii el,3,6.638354669333745
16077,o3 promedio,2,6.638354669333745
16078,o3 promedio móvil,3,6.638354669333745
16079,objetivo,1,5.028916756899646
16080,objetivo dar,2,6.638354669333745
16081,objetivo dar cumplimiento,3,6.638354669333745
16082,objetivo de,2,5.945207488773801
16083,objetivo de establecer,3,6.638354669333745
16084,objetivo de iniciar,3,6.638354669333745
16085,objetivo de prevenir,3,6.638354669333745
16086,objetivo es,2,6.638354669333745
16087,objetivo es enfrentar,3,6.638354669333745
16088,objetivo estará,2,6.638354669333745
16089,objetivo estará orientado,3,6.638354669333745
16090,objetivo evaluar,2,6.638354669333745
16091,objetivo evaluar los,3,6.638354669333745
16092,objetivo principal,2,6.638354669333745
16093,objetivo principal será,3,6.638354669333745
16094,objetivo propuesto,2,6.638354669333745
16095,objetivo propuesto por,3,6.638354669333745
16096,objetivos,1,5.2520603082138555
16097,objetivos de,2,5.539742380665636
16098,objetivos de aprendizaje,3,5.945207488773801
16099,objetivos de gobierno,3,6.638354669333745
16100,objetivos de protección,3,6.638354669333745
16101,objetivos del,2,6.638354669333745
16102,objetivos del presente,3,6.638354669333745
16103,objetivos y,2,6.638354669333745
16104,objetivos y acciones,3,6.638354669333745
16105,objeto,1,6.232889561225582
16106,objeto de,2,6.232889561225582
16107,objeto de difundir,3,6.638354669333745
16108,objeto de mejorar,3,6.638354669333745
16109,obligaciones,1,6.232889561225582
16110,obligaciones a,2,6.638354669333745
16111,obligaciones a que,3,6.638354669333745
16112,obligaciones derivadas,2,6.638354669333745
16113,obligaciones derivadas según,3,6.638354669333745
16114,obligación,1,5.722063937459591
16115,obligación de,2,6.232889561225582
16116,obligación de compensar,3,6.638354669333745
16117,obligación de utilización,3,6.638354669333745
16118,obligación regirá,2,6.638354669333745
16119,obligación regirá para,3,6.638354669333745
16120,obligado,1,6.638354669333745
16121,obligado a,2,6.638354669333745
16122,obligado a reducir,3,6.638354669333745
16123,obras,1,5.385591700838378
16124,obras de,2,5.945207488773801
16125,obras de construcción,3,5.945207488773801
16126,obras municipales,2,6.638354669333745
16127,obras municipales y,3,6.638354669333745
16128,obras públicas,2,5.945207488773801
16129,obras públicas el,3,6.232889561225582
16130,obras públicas y,3,6.638354669333745
16131,observa,1,5.722063937459591
16132,observa en,2,5.722063937459591
16133,observa en el,3,6.232889561225582
16134,observa en la,3,6.638354669333745
16135,observa en los,3,6.638354669333745
16136,observaciones,1,6.638354669333745
16137,observaciones recibidas,2,6.638354669333745
16138,observaciones recibidas en,3,6.638354669333745
16139,observados,1,6.232889561225582
16140,observados actualmente,2,6.638354669333745
16141,observados actualmente principalmente,3,6.638354669333745
16142,observados durante,2,6.638354669333745
16143,observados durante la,3,6.638354669333745
16144,observar,1,6.232889561225582
16145,observar en,2,6.232889561225582
16146,observar en el,3,6.638354669333745
16147,observar en la,3,6.638354669333745
16148,observarse,1,6.638354669333745
16149,observarse los,2,6.638354669333745
16150,observarse los procedimientos,3,6.638354669333745
16151,observándose,1,6.638354669333745
16152,observándose los,2,6.638354669333745
16153,observándose los parámetros,3,6.638354669333745
16154,obstructiva,1,6.638354669333745
16155,obstructiva crónica,2,6.638354669333745
16156,obstructiva crónica y,3,6.638354669333745
16157,obtención,1,6.638354669333745
16158,obtención de,2,6.638354669333745
16159,obtención de recursos,3,6.638354669333745
16160,obtener,1,6.232889561225582
16161,obtener un,2,6.638354669333745
16162,obtener un valor,3,6.638354669333745
16163,obtener una,2,6.638354669333745
16164,obtener una implementación,3,6.638354669333745
16165,obtengan,1,6.232889561225582
16166,obtengan del,2,6.638354669333745
16167,obtengan del monitoreo,3,6.638354669333745
16168,obtengan resolución,2,6.638354669333745
16169,obtengan resolución de,3,6.638354669333745
16170,obtenidos,1,6.232889561225582
16171,obtenidos a,2,6.638354669333745
16172,obtenidos a partir,3,6.638354669333745
16173,obtenidos en,2,6.638354669333745
16174,obtenidos en el,3,6.638354669333745
16175,octubre,1,5.945207488773801
16176,octubre de,2,5.945207488773801
16177,octubre de 1999,3,6.638354669333745
16178,octubre de 2014,3,6.638354669333745
16179,octubre de 2016,3,6.638354669333745
16180,ocurren,1,6.638354669333745
16181,ocurren durante,2,6.638354669333745
16182,ocurren durante la,3,6.638354669333745
16183,ocurrencia,1,6.232889561225582
16184,ocurrencia de,2,6.232889561225582
16185,ocurrencia de los,3,6.232889561225582
16186,oeste,1,6.638354669333745
16187,oeste la,2,6.638354669333745
16188,oeste la cordillera,3,6.638354669333745
16189,of,1,5.722063937459591
16190,of federal,2,5.722063937459591
16191,of federal regulation,3,6.638354669333745
16192,of federal regulations,3,5.945207488773801
16193,of regulation,2,6.638354669333745
16194,of regulation que,3,6.638354669333745
16195,oferta,1,6.232889561225582
16196,oferta de,2,6.232889561225582
16197,oferta de los,3,6.638354669333745
16198,oferta de transporte,3,6.638354669333745
16199,oficial,1,4.623451648791481
16200,oficial de,2,6.232889561225582
16201,oficial de los,3,6.638354669333745
16202,oficial de monitoreo,3,6.638354669333745
16203,oficial el,2,5.2520603082138555
16204,oficial el 15,3,6.232889561225582
16205,oficial el 23,3,6.232889561225582
16206,oficial el de,3,6.232889561225582
16207,oficial el ds,3,6.638354669333745
16208,oficial en,2,6.638354669333745
16209,oficial en los,3,6.638354669333745
16210,oficial por,2,5.028916756899646
16211,oficial por decreto,3,5.722063937459591
16212,oficial por el,3,5.945207488773801
16213,oficial por resolución,3,6.232889561225582
16214,oficiales,1,6.638354669333745
16215,oficiales y,2,6.638354669333745
16216,oficiales y los,3,6.638354669333745
16217,oil,1,6.638354669333745
16218,oil requisitos,2,6.638354669333745
16219,operacional,1,5.385591700838378
16220,operacional de,2,5.385591700838378
16221,operacional de gec,3,5.539742380665636
16222,operacional de gestión,3,6.638354669333745
16223,operaciones,1,5.385591700838378
16224,operaciones agrícolas,2,6.638354669333745
16225,operaciones de,2,5.945207488773801
16226,operaciones de carga,3,6.638354669333745
16227,operaciones de partida,3,6.232889561225582
16228,operaciones o,2,6.232889561225582
16229,operaciones o cuenta,3,6.232889561225582
16230,operación,1,4.3357695763397
16231,operación 12,2,6.638354669333745
16232,operación 12 meses,3,6.638354669333745
16233,operación a,2,6.232889561225582
16234,operación a contar,3,6.638354669333745
16235,operación a partir,3,6.638354669333745
16236,operación ante,2,6.638354669333745
16237,operación ante la,3,6.638354669333745
16238,operación asociados,2,6.638354669333745
16239,operación asociados a,3,6.638354669333745
16240,operación autorizadas,2,6.638354669333745
16241,operación autorizadas para,3,6.638354669333745
16242,operación de,2,5.945207488773801
16243,operación de artefactos,3,6.638354669333745
16244,operación de la,3,6.638354669333745
16245,operación de los,3,6.638354669333745
16246,operación del,2,5.539742380665636
16247,operación del equipo,3,6.638354669333745
16248,operación del interior,3,5.945207488773801
16249,operación del motor,3,6.638354669333745
16250,operación dentro,2,6.232889561225582
16251,operación dentro de,3,6.232889561225582
16252,operación o,2,6.232889561225582
16253,operación o cierre,3,6.638354669333745
16254,operación o dispositivo,3,6.638354669333745
16255,operación y,2,6.638354669333745
16256,operación y cierre,3,6.638354669333745
16257,operadores,1,6.638354669333745
16258,operadores de,2,6.638354669333745
16259,operadores de las,3,6.638354669333745
16260,operando,1,5.945207488773801
16261,operando a,2,5.945207488773801
16262,operando a la,3,5.945207488773801
16263,operar,1,6.638354669333745
16264,operar en,2,6.638354669333745
16265,operar en un,3,6.638354669333745
16266,operará,1,6.638354669333745
16267,operará tanto,2,6.638354669333745
16268,operará tanto para,3,6.638354669333745
16269,operativos,1,6.638354669333745
16270,operativos sistemas,2,6.638354669333745
16271,operativos sistemas de,3,6.638354669333745
16272,opere,1,6.638354669333745
16273,opere en,2,6.638354669333745
16274,opere en modo,3,6.638354669333745
16275,operen,1,6.232889561225582
16276,operen en,2,6.232889561225582
16277,operen en la,3,6.638354669333745
16278,operen en los,3,6.638354669333745
16279,opinión,1,6.638354669333745
16280,opinión respecto,2,6.638354669333745
16281,opinión respecto del,3,6.638354669333745
16282,oportuna,1,6.638354669333745
16283,oportuna y,2,6.638354669333745
16284,oportuna y debidamente,3,6.638354669333745
16285,oportunamente,1,6.232889561225582
16286,oportunamente a,2,6.638354669333745
16287,oportunamente a los,3,6.638354669333745
16288,oportunamente de,2,6.638354669333745
16289,oportunamente de la,3,6.638354669333745
16290,oportunidad,1,6.638354669333745
16291,oportunidad y,2,6.638354669333745
16292,oportunidad y ubicación,3,6.638354669333745
16293,optar,1,6.638354669333745
16294,optar a,2,6.638354669333745
16295,optar a nuevas,3,6.638354669333745
16296,ordenanza,1,5.539742380665636
16297,ordenanza en,2,6.638354669333745
16298,ordenanza en base,3,6.638354669333745
16299,ordenanza general,2,6.232889561225582
16300,ordenanza general de,3,6.232889561225582
16301,ordenanza que,2,6.232889561225582
16302,ordenanza que permita,3,6.232889561225582
16303,ordenará,1,6.232889561225582
16304,ordenará la,2,6.232889561225582
16305,ordenará la paralización,3,6.232889561225582
16306,ordenó,1,5.945207488773801
16307,ordenó acumularlo,2,6.638354669333745
16308,ordenó acumularlo con,3,6.638354669333745
16309,ordenó su,2,6.232889561225582
16310,ordenó su acumulación,3,6.232889561225582
16311,ordinaria,1,6.638354669333745
16312,ordinaria 22,2,6.638354669333745
16313,ordinaria 22 de,3,6.638354669333745
16314,organismo,1,6.638354669333745
16315,organismos,1,5.2520603082138555
16316,organismos competentes,2,5.945207488773801
16317,organismos competentes intensifi,3,5.945207488773801
16318,organismos de,2,6.232889561225582
16319,organismos de la,3,6.232889561225582
16320,organismos sectoriales,2,6.638354669333745
16321,organismos sectoriales que,3,6.638354669333745
16322,organismos y,2,6.638354669333745
16323,organismos y servicios,3,6.638354669333745
16324,organizaciones,1,6.638354669333745
16325,organizaciones de,2,6.638354669333745
16326,organizaciones de interés,3,6.638354669333745
16327,orgánico,1,6.638354669333745
16328,orgánico representan,2,6.638354669333745
16329,orgánico representan el,3,6.638354669333745
16330,orgánicos,1,5.945207488773801
16331,orgánicos más,2,6.638354669333745
16332,orgánicos más la,3,6.638354669333745
16333,orgánicos volátiles,2,6.232889561225582
16334,orgánicos volátiles amoníaco,3,6.638354669333745
16335,orgánicos volátiles y,3,6.638354669333745
16336,orientadas,1,5.945207488773801
16337,orientadas a,2,6.232889561225582
16338,orientadas a la,3,6.638354669333745
16339,orientadas a realizar,3,6.638354669333745
16340,orientadas al,2,6.638354669333745
16341,orientadas al control,3,6.638354669333745
16342,orientado,1,6.638354669333745
16343,orientado a,2,6.638354669333745
16344,orientado a educar,3,6.638354669333745
16345,orientados,1,6.232889561225582
16346,orientados a,2,6.232889561225582
16347,orientados a la,3,6.232889561225582
16348,orientarse,1,6.638354669333745
16349,orientarse a,2,6.638354669333745
16350,oriente,1,6.638354669333745
16351,oriente con,2,6.638354669333745
16352,oriente con los,3,6.638354669333745
16353,origen,1,6.232889561225582
16354,origen a,2,6.638354669333745
16355,origen a nuevos,3,6.638354669333745
16356,origen del,2,6.638354669333745
16357,origen del fabricante,3,6.638354669333745
16358,originan,1,5.945207488773801
16359,originan emisiones,2,6.638354669333745
16360,originan emisiones residuos,3,6.638354669333745
16361,originan situaciones,2,6.232889561225582
16362,originan situaciones de,3,6.232889561225582
16363,ortúzar,1,6.638354669333745
16364,ortúzar 2004,2,6.638354669333745
16365,ortúzar 2004 proyectado,3,6.638354669333745
16366,otorgados,1,6.638354669333745
16367,otorgados en,2,6.638354669333745
16368,otorgados en el,3,6.638354669333745
16369,otoño,1,6.638354669333745
16370,otoño invierno,2,6.638354669333745
16371,otoño invierno donde,3,6.638354669333745
16372,otra,1,5.945207488773801
16373,otra clase,2,6.638354669333745
16374,otra clase de,3,6.638354669333745
16375,otra condición,2,6.638354669333745
16376,otra condición que,3,6.638354669333745
16377,otra parte,2,6.638354669333745
16378,otra parte chile,3,6.638354669333745
16379,otras,1,4.7665524924321545
16380,otras actividades,2,6.232889561225582
16381,otras actividades directamente,3,6.232889561225582
16382,otras ciudades,2,6.638354669333745
16383,otras ciudades del,3,6.638354669333745
16384,otras comunas,2,6.638354669333745
16385,otras comunas del,3,6.638354669333745
16386,otras fuentes,2,6.638354669333745
16387,otras fuentes energéticas,3,6.638354669333745
16388,otras instituciones,2,6.638354669333745
16389,otras instituciones con,3,6.638354669333745
16390,otras medidas,2,6.638354669333745
16391,otras medidas la,3,6.638354669333745
16392,otras normativas,2,6.638354669333745
16393,otras normativas vigentes,3,6.638354669333745
16394,otras obligaciones,2,6.638354669333745
16395,otras obligaciones a,3,6.638354669333745
16396,otras partes,2,6.638354669333745
16397,otras partes de,3,6.638354669333745
16398,otras que,2,6.638354669333745
16399,otras que permitan,3,6.638354669333745
16400,otro,1,5.722063937459591
16401,otro fi,2,6.638354669333745
16402,otro fi distinto,3,6.638354669333745
16403,otro instrumento,2,6.638354669333745
16404,otro instrumento cuando,3,6.638354669333745
16405,otro lado,2,6.232889561225582
16406,otro lado con,3,6.638354669333745
16407,otro lado los,3,6.638354669333745
16408,otros,1,4.1534480195457455
16409,otros antecedentes,2,6.638354669333745
16410,otros antecedentes los,3,6.638354669333745
16411,otros artefactos,2,6.638354669333745
16412,otros artefactos similares,3,6.638354669333745
16413,otros beneficios,2,6.638354669333745
16414,otros beneficios no,3,6.638354669333745
16415,otros canales,2,6.638354669333745
16416,otros canales que,3,6.638354669333745
16417,otros compuestos,2,6.638354669333745
16418,otros derivados,2,4.7665524924321545
16419,otros derivados de,3,4.7665524924321545
16420,otros elementos,2,6.638354669333745
16421,otros elementos y,3,6.638354669333745
16422,otros objetivos,2,6.638354669333745
16423,otros objetivos de,3,6.638354669333745
16424,otros planes,2,6.638354669333745
16425,otros planes y,3,6.638354669333745
16426,otros similares,2,6.638354669333745
16427,otros similares deberán,3,6.638354669333745
16428,otros telemedición,2,6.638354669333745
16429,otto,1,6.232889561225582
16430,otto cycle,2,6.638354669333745
16431,otto cycle engines,3,6.638354669333745
16432,otto que,2,6.638354669333745
16433,otto que circulen,3,6.638354669333745
16434,oxígeno,1,6.638354669333745
16435,oxígeno concentración,2,6.638354669333745
16436,oxígeno concentración de,3,6.638354669333745
16437,ozono,1,4.93360657709532
16438,ozono monóxido,2,6.638354669333745
16439,ozono monóxido de,3,6.638354669333745
16440,ozono no,2,6.638354669333745
16441,ozono no es,3,6.638354669333745
16442,ozono o,2,6.232889561225582
16443,ozono o los,3,6.638354669333745
16444,ozono o y,3,6.638354669333745
16445,ozono o3,2,6.638354669333745
16446,ozono o3 ii,3,6.638354669333745
16447,ozono para,2,6.638354669333745
16448,ozono para su,3,6.638354669333745
16449,ozono saldría,2,6.638354669333745
16450,ozono saldría de,3,6.638354669333745
16451,ozono troposférico,2,6.638354669333745
16452,ozono y,2,6.232889561225582
16453,ozono y monóxido,3,6.232889561225582
16454,p98,1,6.638354669333745
16455,p98 o3,2,6.638354669333745
16456,p98 o3 promedio,3,6.638354669333745
16457,p99,1,6.638354669333745
16458,p99 co,2,6.638354669333745
16459,p99 co hr,3,6.638354669333745
16460,p99 no2,2,6.638354669333745
16461,p99 no2 anual,3,6.638354669333745
16462,p99 y,2,6.638354669333745
16463,p99 y so2,3,6.638354669333745
16464,pabellón,1,5.945207488773801
16465,pabellón como,2,6.638354669333745
16466,pabellón como máximo,3,6.638354669333745
16467,pabellón después,2,6.638354669333745
16468,pabellón después de,3,6.638354669333745
16469,pabellón o,2,6.638354669333745
16470,pabellón o alojamiento,3,6.638354669333745
16471,pacientes,1,6.638354669333745
16472,pacientes con,2,6.638354669333745
16473,pacientes con enfermedad,3,6.638354669333745
16474,paine,1,6.638354669333745
16475,paine constituyen,2,6.638354669333745
16476,paine constituyen el,3,6.638354669333745
16477,panaderos,1,6.638354669333745
16478,panaderos de,2,6.638354669333745
16479,panaderos de potencia,3,6.638354669333745
16480,panificadores,1,6.638354669333745
16481,para,1,2.1165660922847054
16482,para acreditar,2,6.638354669333745
16483,para acreditar sus,3,6.638354669333745
16484,para alcanzar,2,5.945207488773801
16485,para alcanzar la,3,6.638354669333745
16486,para alcanzar las,3,6.638354669333745
16487,para alcanzar total,3,6.638354669333745
16488,para algunas,2,6.638354669333745
16489,para algunas propiedades,3,6.638354669333745
16490,para asegurar,2,6.638354669333745
16491,para asegurar que,3,6.638354669333745
16492,para cada,2,5.722063937459591
16493,para cada año,3,6.638354669333745
16494,para cada fuente,3,6.638354669333745
16495,para cada uno,3,6.232889561225582
16496,para calderas,2,6.232889561225582
16497,para calderas y,3,6.232889561225582
16498,para calefacción,2,5.945207488773801
16499,para calefacción que,3,6.638354669333745
16500,para calefacción ya,3,6.638354669333745
16501,para calidad,2,6.638354669333745
16502,para calidad del,3,6.638354669333745
16503,para casos,2,6.232889561225582
16504,para casos de,3,6.232889561225582
16505,para certificación,2,6.638354669333745
16506,para certificación de,3,6.638354669333745
16507,para combatir,2,6.638354669333745
16508,para combatir el,3,6.638354669333745
16509,para combustionar,2,6.638354669333745
16510,para combustionar leña,3,6.638354669333745
16511,para combustión,2,6.638354669333745
16512,para combustión catalítica,3,6.638354669333745
16513,para completar,2,5.945207488773801
16514,para completar el,3,5.945207488773801
16515,para cualquier,2,6.232889561225582
16516,para cualquier fin,3,6.232889561225582
16517,para cuantificar,2,6.638354669333745
16518,para cuantificar variables,3,6.638354669333745
16519,para cumplir,2,5.722063937459591
16520,para cumplir con,3,5.945207488773801
16521,para cumplir la,3,6.638354669333745
16522,para cuya,2,6.638354669333745
16523,para cuya elaboración,3,6.638354669333745
16524,para dar,2,6.232889561225582
16525,para dar cumplimento,3,6.638354669333745
16526,para dar cumplimiento,3,6.638354669333745
16527,para desplazarse,2,6.638354669333745
16528,para desplazarse sobre,3,6.638354669333745
16529,para determinar,2,6.638354669333745
16530,para determinar su,3,6.638354669333745
16531,para dicho,2,6.638354669333745
16532,para dicho acondicionamiento,3,6.638354669333745
16533,para dioxido,2,6.638354669333745
16534,para dioxido de,3,6.638354669333745
16535,para disponer,2,6.638354669333745
16536,para disponer de,3,6.638354669333745
16537,para dióxido,2,6.232889561225582
16538,para dióxido de,3,6.232889561225582
16539,para efectos,2,5.722063937459591
16540,para efectos de,3,5.722063937459591
16541,para el,2,4.035664983889362
16542,para el acondicionamiento,3,6.232889561225582
16543,para el año,3,5.945207488773801
16544,para el caso,3,6.638354669333745
16545,para el control,3,6.638354669333745
16546,para el cumplimiento,3,5.945207488773801
16547,para el desarrollo,3,6.638354669333745
16548,para el diseño,3,6.638354669333745
16549,para el kerosene,3,6.638354669333745
16550,para el manejo,3,6.638354669333745
16551,para el material,3,6.638354669333745
16552,para el ministerio,3,6.638354669333745
16553,para el mma,3,6.638354669333745
16554,para el o,3,6.638354669333745
16555,para el parque,3,6.638354669333745
16556,para el ppda,3,6.638354669333745
16557,para el presente,3,6.638354669333745
16558,para el registro,3,6.638354669333745
16559,para el regulado,3,6.638354669333745
16560,para el sector,3,6.638354669333745
16561,para el total,3,6.638354669333745
16562,para el uso,3,6.638354669333745
16563,para elaborar,2,6.638354669333745
16564,para elaborar propuestas,3,6.638354669333745
16565,para ello,2,5.385591700838378
16566,para ello deberán,3,6.232889561225582
16567,para ello el,3,6.638354669333745
16568,para ello en,3,6.638354669333745
16569,para ello se,3,6.638354669333745
16570,para ello y,3,6.638354669333745
16571,para episodios,2,6.638354669333745
16572,para episodios de,3,6.638354669333745
16573,para equipos,2,6.638354669333745
16574,para equipos de,3,6.638354669333745
16575,para esta,2,6.638354669333745
16576,para esta zona,3,6.638354669333745
16577,para establecer,2,6.232889561225582
16578,para establecer la,3,6.638354669333745
16579,para establecer regulaciones,3,6.638354669333745
16580,para este,2,5.722063937459591
16581,para este cálculo,3,6.638354669333745
16582,para este efecto,3,6.232889561225582
16583,para este propósito,3,6.638354669333745
16584,para estos,2,5.945207488773801
16585,para estos efectos,3,5.945207488773801
16586,para facilitar,2,6.638354669333745
16587,para facilitar su,3,6.638354669333745
16588,para fines,2,6.638354669333745
16589,para fines científicos,3,6.638354669333745
16590,para fuentes,2,6.638354669333745
16591,para fuentes estacionarias,3,6.638354669333745
16592,para funcionarios,2,6.638354669333745
16593,para funcionarios municipales,3,6.638354669333745
16594,para generar,2,6.232889561225582
16595,para generar agua,3,6.638354669333745
16596,para generar electricidad,3,6.638354669333745
16597,para generar vapor,3,6.638354669333745
16598,para grandes,2,6.638354669333745
16599,para grandes establecimientos,3,6.638354669333745
16600,para implementar,2,6.638354669333745
16601,para implementar esta,3,6.638354669333745
16602,para incentivar,2,6.638354669333745
16603,para incentivar el,3,6.638354669333745
16604,para iniciar,2,6.638354669333745
16605,para iniciar la,3,6.638354669333745
16606,para la,2,3.4603008389858
16607,para la acreditación,3,6.638354669333745
16608,para la agricultura,3,6.638354669333745
16609,para la aplicación,3,6.638354669333745
16610,para la calefacción,3,6.232889561225582
16611,para la cocción,3,6.638354669333745
16612,para la construcción,3,6.232889561225582
16613,para la continuidad,3,6.638354669333745
16614,para la correcta,3,6.232889561225582
16615,para la declaración,3,5.945207488773801
16616,para la dictación,3,6.232889561225582
16617,para la difusión,3,6.638354669333745
16618,para la elaboración,3,6.638354669333745
16619,para la estación,3,6.638354669333745
16620,para la evaluación,3,6.232889561225582
16621,para la fase,3,6.638354669333745
16622,para la fiscalización,3,6.638354669333745
16623,para la flota,3,6.638354669333745
16624,para la fracción,3,6.638354669333745
16625,para la gestión,3,6.232889561225582
16626,para la homologación,3,6.232889561225582
16627,para la implementación,3,6.638354669333745
16628,para la maquinaria,3,6.638354669333745
16629,para la norma,3,6.638354669333745
16630,para la producción,3,6.638354669333745
16631,para la quema,3,6.638354669333745
16632,para la recolección,3,6.638354669333745
16633,para la región,3,4.692444520278432
16634,para la sustentabilidad,3,6.638354669333745
16635,para la zona,3,6.638354669333745
16636,para las,2,5.539742380665636
16637,para las actualizaciones,3,6.638354669333745
16638,para las compensaciones,3,6.638354669333745
16639,para las concentraciones,3,6.638354669333745
16640,para las fuentes,3,6.638354669333745
16641,para las normas,3,6.638354669333745
16642,para lo,2,6.638354669333745
16643,para lo cual,3,6.638354669333745
16644,para lograr,2,6.638354669333745
16645,para lograr un,3,6.638354669333745
16646,para los,2,4.692444520278432
16647,para los artefactos,3,6.638354669333745
16648,para los consumidores,3,6.638354669333745
16649,para los contaminantes,3,6.232889561225582
16650,para los distintos,3,6.638354669333745
16651,para los efectos,3,6.638354669333745
16652,para los gases,3,6.638354669333745
16653,para los grandes,3,6.638354669333745
16654,para los motores,3,6.638354669333745
16655,para los receptores,3,6.638354669333745
16656,para los referidos,3,6.638354669333745
16657,para los valores,3,6.638354669333745
16658,para los vehículos,3,6.638354669333745
16659,para material,2,5.2520603082138555
16660,para material particulado,3,5.2520603082138555
16661,para mitigar,2,6.638354669333745
16662,para mitigar el,3,6.638354669333745
16663,para monóxido,2,6.638354669333745
16664,para monóxido de,3,6.638354669333745
16665,para motores,2,5.945207488773801
16666,para motores con,3,6.638354669333745
16667,para motores de,3,6.232889561225582
16668,para mp,2,6.232889561225582
16669,para mp establecidos,3,6.638354669333745
16670,para mp mp10,3,6.638354669333745
16671,para mp10,2,5.722063937459591
16672,para mp10 mp2,3,6.638354669333745
16673,para mp10 y,3,5.945207488773801
16674,para mp2,2,5.722063937459591
16675,para mp2 alcanza,3,6.638354669333745
16676,para mp2 en,3,6.638354669333745
16677,para mp2 equivalente,3,6.638354669333745
16678,para obtener,2,6.232889561225582
16679,para obtener un,3,6.638354669333745
16680,para obtener una,3,6.638354669333745
16681,para operar,2,6.638354669333745
16682,para operar en,3,6.638354669333745
16683,para optar,2,6.638354669333745
16684,para optar a,3,6.638354669333745
16685,para ozono,2,6.638354669333745
16686,para ozono o3,3,6.638354669333745
16687,para producción,2,5.945207488773801
16688,para producción de,3,5.945207488773801
16689,para promedios,2,6.638354669333745
16690,para promedios móviles,3,6.638354669333745
16691,para promover,2,6.638354669333745
16692,para promover buenas,3,6.638354669333745
16693,para que,2,6.638354669333745
16694,para que los,3,6.638354669333745
16695,para recibir,2,6.638354669333745
16696,para recibir diversas,3,6.638354669333745
16697,para reducir,2,6.638354669333745
16698,para reducir las,3,6.638354669333745
16699,para remoción,2,6.638354669333745
16700,para remoción de,3,6.638354669333745
16701,para sensibilizar,2,6.638354669333745
16702,para sensibilizar a,3,6.638354669333745
16703,para ser,2,6.638354669333745
16704,para ser utilizado,3,6.638354669333745
16705,para sistemas,2,6.638354669333745
16706,para sistemas de,3,6.638354669333745
16707,para so,2,6.638354669333745
16708,para so establecidos,3,6.638354669333745
16709,para su,2,5.722063937459591
16710,para su comercialización,3,6.638354669333745
16711,para su concentración,3,6.638354669333745
16712,para su nuevo,3,6.638354669333745
16713,para su uso,3,6.638354669333745
16714,para tales,2,6.638354669333745
16715,para tales efectos,3,6.638354669333745
16716,para transferir,2,6.638354669333745
16717,para transferir calor,3,6.638354669333745
16718,para un,2,6.232889561225582
16719,para un horizonte,3,6.232889561225582
16720,para una,2,5.945207488773801
16721,para una casa,3,6.638354669333745
16722,para una eficiente,3,6.638354669333745
16723,para una nueva,3,6.638354669333745
16724,para uso,2,6.638354669333745
16725,para uso comercial,3,6.638354669333745
16726,para valores,2,6.638354669333745
16727,para valores inferiores,3,6.638354669333745
16728,para vehículos,2,6.638354669333745
16729,para vehículos propulsados,3,6.638354669333745
16730,parafina,1,6.638354669333745
16731,paralización,1,5.722063937459591
16732,paralización de,2,6.232889561225582
16733,paralización de las,3,6.232889561225582
16734,paralización fuentes,2,6.232889561225582
16735,paralización fuentes estacionarias,3,6.232889561225582
16736,paralizar,1,6.232889561225582
16737,paralizar aquellos,2,6.232889561225582
16738,paralizar aquellos establecimientos,3,6.232889561225582
16739,parcialmente,1,6.232889561225582
16740,parcialmente a,2,6.638354669333745
16741,parcialmente a través,3,6.638354669333745
16742,parcialmente la,2,6.638354669333745
16743,parcialmente la reducción,3,6.638354669333745
16744,paridad,1,6.638354669333745
16745,paridad de,2,6.638354669333745
16746,paridad de compra,3,6.638354669333745
16747,parque,1,5.539742380665636
16748,parque de,2,6.638354669333745
16749,parque de vehículos,3,6.638354669333745
16750,parque o,2,6.232889561225582
16751,parque o higgins,3,6.232889561225582
16752,parque vehicular,2,6.232889561225582
16753,parque vehicular con,3,6.638354669333745
16754,parrilla,1,6.638354669333745
16755,parrilla aparato,2,6.638354669333745
16756,parrilla aparato que,3,6.638354669333745
16757,parrillas,1,6.638354669333745
16758,parrillas hornos,2,6.638354669333745
16759,parrillas hornos de,3,6.638354669333745
16760,part,1,5.945207488773801
16761,part 1065,2,5.945207488773801
16762,part 1065 procedures,3,5.945207488773801
16763,parte,1,5.134277272557472
16764,parte chile,2,6.638354669333745
16765,parte chile expresó,3,6.638354669333745
16766,parte de,2,6.638354669333745
16767,parte de ellas,3,6.638354669333745
16768,parte del,2,6.232889561225582
16769,parte del concurso,3,6.638354669333745
16770,parte del proyecto,3,6.638354669333745
16771,parte medición,2,6.638354669333745
16772,parte medición de,3,6.638354669333745
16773,parte para,2,6.638354669333745
16774,parte para la,3,6.638354669333745
16775,parte requisitos,2,6.638354669333745
16776,parte requisitos generales,3,6.638354669333745
16777,parte tanto,2,6.638354669333745
16778,parte tanto el,3,6.638354669333745
16779,partes,1,6.638354669333745
16780,partes de,2,6.638354669333745
16781,partes de árboles,3,6.638354669333745
16782,participación,1,6.638354669333745
16783,participación de,2,6.638354669333745
16784,participación de establecimientos,3,6.638354669333745
16785,participan,1,6.638354669333745
16786,participan en,2,6.638354669333745
16787,participan en la,3,6.638354669333745
16788,particulado,1,3.7205839372494665
16789,particulado 60,2,6.638354669333745
16790,particulado 60 de,3,6.638354669333745
16791,particulado a,2,6.232889561225582
16792,particulado a fuentes,3,6.232889561225582
16793,particulado a que,3,6.638354669333745
16794,particulado de,2,6.232889561225582
16795,particulado de acuerdo,3,6.232889561225582
16796,particulado desde,2,6.638354669333745
16797,particulado desde la,3,6.638354669333745
16798,particulado en,2,6.232889561225582
16799,particulado en 30,3,6.638354669333745
16800,particulado en la,3,6.638354669333745
16801,particulado equivalente,2,6.638354669333745
16802,particulado equivalente tomando,3,6.638354669333745
16803,particulado establecidas,2,6.638354669333745
16804,particulado establecidas en,3,6.638354669333745
16805,particulado fino,2,5.134277272557472
16806,particulado fino respirable,3,5.385591700838378
16807,particulado fino y,3,6.638354669333745
16808,particulado fortalecerá,2,6.638354669333745
16809,particulado fortalecerá el,3,6.638354669333745
16810,particulado grueso,2,6.638354669333745
16811,particulado grueso prácticamente,3,6.638354669333745
16812,particulado la,2,6.638354669333745
16813,particulado la cual,3,6.638354669333745
16814,particulado mp,2,6.638354669333745
16815,particulado mp según,3,6.638354669333745
16816,particulado mp10,2,6.638354669333745
16817,particulado mp10 y,3,6.638354669333745
16818,particulado mp2,2,6.638354669333745
16819,particulado mp2 documento,3,6.638354669333745
16820,particulado para,2,6.232889561225582
16821,particulado para la,3,6.638354669333745
16822,particulado para los,3,6.638354669333745
16823,particulado respirable,2,5.385591700838378
16824,particulado respirable mp10,3,5.539742380665636
16825,particulado respirable mp2,3,6.638354669333745
16826,particulado se,2,6.638354669333745
16827,particulado se realizará,3,6.638354669333745
16828,particulado según,2,5.945207488773801
16829,particulado según las,3,6.638354669333745
16830,particulado según lo,3,6.638354669333745
16831,particulado según los,3,6.638354669333745
16832,particulado teniendo,2,6.638354669333745
16833,particulado teniendo en,3,6.638354669333745
16834,particulado tiene,2,6.638354669333745
16835,particulado tiene efectos,3,6.638354669333745
16836,particulado y,2,6.232889561225582
16837,particulado y gases,3,6.638354669333745
16838,particulado y sus,3,6.638354669333745
16839,particular,1,6.638354669333745
16840,particular el,2,6.638354669333745
16841,particular el crecimiento,3,6.638354669333745
16842,particulares,1,6.638354669333745
16843,particularmente,1,6.638354669333745
16844,particularmente durante,2,6.638354669333745
16845,particularmente durante el,3,6.638354669333745
16846,partida,1,6.232889561225582
16847,partida por,2,6.232889561225582
16848,partida por un,3,6.232889561225582
16849,partir,1,4.441130091997526
16850,partir de,2,4.692444520278432
16851,partir de 12,3,6.638354669333745
16852,partir de 24,3,6.232889561225582
16853,partir de biomasa,3,6.638354669333745
16854,partir de combustión,3,6.638354669333745
16855,partir de gases,3,6.638354669333745
16856,partir de la,3,5.945207488773801
16857,partir de las,3,6.232889561225582
16858,partir de madera,3,6.638354669333745
16859,partir de septiembre,3,6.638354669333745
16860,partir de un,3,6.638354669333745
16861,partir del,2,5.722063937459591
16862,partir del año,3,5.945207488773801
16863,partir del cual,3,6.638354669333745
16864,partículas,1,4.93360657709532
16865,partículas cerrados,2,6.638354669333745
16866,partículas cerrados para,3,6.638354669333745
16867,partículas de,2,6.638354669333745
16868,partículas de carbono,3,6.638354669333745
16869,partículas en,2,5.539742380665636
16870,partículas en banco,3,6.638354669333745
16871,partículas en la,3,6.638354669333745
16872,partículas en suspensión,3,5.945207488773801
16873,partículas no,2,6.638354669333745
16874,partículas no efectuadas,3,6.638354669333745
16875,partículas o,2,6.638354669333745
16876,partículas o aerosoles,3,6.638354669333745
16877,partículas y,2,6.638354669333745
16878,partículas y su,3,6.638354669333745
16879,parámetros,1,5.945207488773801
16880,parámetros de,2,6.638354669333745
16881,parámetros de seguridad,3,6.638354669333745
16882,parámetros físicos,2,6.638354669333745
16883,parámetros físicos de,3,6.638354669333745
16884,parámetros indicados,2,6.638354669333745
16885,parámetros indicados son,3,6.638354669333745
16886,parámetros y,2,6.638354669333745
16887,parámetros y disposiciones,3,6.638354669333745
16888,parís,1,6.638354669333745
16889,parís 2015,2,6.638354669333745
16890,parís 2015 que,3,6.638354669333745
16891,pasadas,1,6.638354669333745
16892,pasadas se,2,6.638354669333745
16893,pasadas se ha,3,6.638354669333745
16894,pasajeros,1,5.385591700838378
16895,pasajeros a,2,6.638354669333745
16896,pasajeros a fin,3,6.638354669333745
16897,pasajeros de,2,6.232889561225582
16898,pasajeros de santiago,3,6.232889561225582
16899,pasajeros incluyendo,2,6.638354669333745
16900,pasajeros incluyendo furgones,3,6.638354669333745
16901,pasajeros o,2,6.638354669333745
16902,pasajeros o mercancías,3,6.638354669333745
16903,pasajeros que,2,6.638354669333745
16904,pasajeros que convoque,3,6.638354669333745
16905,paso,1,6.638354669333745
16906,pasó,1,6.638354669333745
16907,pasó de,2,6.638354669333745
16908,pasó de ser,3,6.638354669333745
16909,patios,1,6.638354669333745
16910,patios de,2,6.638354669333745
16911,patios de alimentación,3,6.638354669333745
16912,patrones,1,6.232889561225582
16913,patrones de,2,6.638354669333745
16914,patrones de producción,3,6.638354669333745
16915,patrones meteorológicos,2,6.638354669333745
16916,patrones meteorológicos que,3,6.638354669333745
16917,país,1,5.722063937459591
16918,país con,2,6.638354669333745
16919,país con altos,3,6.638354669333745
16920,país cuyo,2,6.638354669333745
16921,país cuyo almacenamiento,3,6.638354669333745
16922,país externalidades,2,6.638354669333745
16923,país externalidades positivas,3,6.638354669333745
16924,país y,2,6.232889561225582
16925,país y beneficios,3,6.638354669333745
16926,país y también,3,6.638354669333745
16927,país y una,3,6.638354669333745
16928,pellet,1,4.7665524924321545
16929,pellet de,2,4.7665524924321545
16930,pellet de madera,3,4.7665524924321545
16931,penúltimo,1,6.638354669333745
16932,penúltimo del,2,6.638354669333745
16933,penúltimo del presente,3,6.638354669333745
16934,peores,1,6.638354669333745
16935,peores en,2,6.638354669333745
16936,peores en términos,3,6.638354669333745
16937,percentil,1,6.638354669333745
16938,percentil 98,2,6.638354669333745
16939,percentil 98 para,3,6.638354669333745
16940,perdida,1,6.638354669333745
16941,perfeccionarse,1,6.638354669333745
16942,perfeccionarse en,2,6.638354669333745
16943,perfeccionarse en diversas,3,6.638354669333745
16944,periodicidad,1,6.638354669333745
16945,periodicidad en,2,6.638354669333745
16946,periodicidad en que,3,6.638354669333745
16947,periodo,1,5.539742380665636
16948,periodo de,2,6.638354669333745
16949,periodo de aplicación,3,6.638354669333745
16950,periodo del,2,6.638354669333745
16951,periodo del plan,3,6.638354669333745
16952,periodo frío,2,6.638354669333745
16953,periodo máximo,2,6.638354669333745
16954,periodo máximo de,3,6.638354669333745
16955,periodo para,2,6.638354669333745
16956,periodo para cuya,3,6.638354669333745
16957,periodos,1,6.638354669333745
16958,periodos de,2,6.638354669333745
16959,periodos de cuasi,3,6.638354669333745
16960,periodos de fuerte,3,6.638354669333745
16961,perjuicio,1,5.134277272557472
16962,perjuicio de,2,5.385591700838378
16963,perjuicio de las,3,6.232889561225582
16964,perjuicio de lo,3,5.722063937459591
16965,perjuicio que,2,6.232889561225582
16966,perjuicio que el,3,6.232889561225582
16967,permanente,1,5.134277272557472
16968,permanente cumplimiento,2,6.638354669333745
16969,permanente cumplimiento de,3,6.638354669333745
16970,permanente de,2,6.232889561225582
16971,permanente de la,3,6.638354669333745
16972,permanente de un,3,6.638354669333745
16973,permanentes,1,5.945207488773801
16974,permanentes entendiendo,2,6.638354669333745
16975,permanentes entendiendo por,3,6.638354669333745
16976,permanentes y,2,6.638354669333745
16977,permanentes y de,3,6.638354669333745
16978,permanezca,1,6.638354669333745
16979,permanezca por,2,6.638354669333745
16980,permanezca por el,3,6.638354669333745
16981,permisible,1,6.638354669333745
16982,permisible de,2,6.638354669333745
16983,permisible de emisión,3,6.638354669333745
16984,permisos,1,6.638354669333745
16985,permisos otorgados,2,6.638354669333745
16986,permisos otorgados en,3,6.638354669333745
16987,permita,1,5.385591700838378
16988,permita acreditar,2,6.638354669333745
16989,permita acreditar y,3,6.638354669333745
16990,permita definir,2,6.638354669333745
16991,permita definir estándares,3,6.638354669333745
16992,permita establecer,2,6.232889561225582
16993,permita establecer medidas,3,6.232889561225582
16994,permita regular,2,6.638354669333745
16995,permita regular y,3,6.638354669333745
16996,permita verificar,2,6.638354669333745
16997,permita verificar el,3,6.638354669333745
16998,permitan,1,5.2520603082138555
16999,permitan asegurar,2,6.638354669333745
17000,permitan asegurar el,3,6.638354669333745
17001,permitan capturar,2,6.638354669333745
17002,permitan capturar los,3,6.638354669333745
17003,permitan cuantificar,2,6.638354669333745
17004,permitan cuantificar la,3,6.638354669333745
17005,permitan estimar,2,6.232889561225582
17006,permitan estimar adecuadamente,3,6.638354669333745
17007,permitan estimar de,3,6.638354669333745
17008,permitan ir,2,6.638354669333745
17009,permitan ir mejorando,3,6.638354669333745
17010,permitan medir,2,6.638354669333745
17011,permitan medir a,3,6.638354669333745
17012,permite,1,5.722063937459591
17013,permite concluir,2,6.638354669333745
17014,permite concluir que,3,6.638354669333745
17015,permite determinar,2,6.638354669333745
17016,permite determinar el,3,6.638354669333745
17017,permite la,2,6.638354669333745
17018,permite la erosión,3,6.638354669333745
17019,permite verificar,2,6.638354669333745
17020,permite verificar que,3,6.638354669333745
17021,permiten,1,6.638354669333745
17022,permiten evaluar,2,6.638354669333745
17023,permiten evaluar el,3,6.638354669333745
17024,permitido,1,5.385591700838378
17025,permitido agregar,2,6.638354669333745
17026,permitido agregar compuestos,3,6.638354669333745
17027,permitido demostrar,2,6.638354669333745
17028,permitido demostrar que,3,6.638354669333745
17029,permitido el,2,6.638354669333745
17030,permitido el uso,3,6.638354669333745
17031,permitido identificar,2,6.638354669333745
17032,permitido identificar los,3,6.638354669333745
17033,permitido será,2,6.638354669333745
17034,permitido será de,3,6.638354669333745
17035,permitido una,2,6.638354669333745
17036,permitido una reducción,3,6.638354669333745
17037,permitidos,1,5.945207488773801
17038,permitidos en,2,6.232889561225582
17039,permitidos en la,3,6.232889561225582
17040,permitidos usando,2,6.638354669333745
17041,permitidos usando como,3,6.638354669333745
17042,permitieron,1,6.638354669333745
17043,permitieron confirmar,2,6.638354669333745
17044,permitieron confirmar que,3,6.638354669333745
17045,permitirá,1,5.945207488773801
17046,permitirá la,2,5.945207488773801
17047,permitirá la comercialización,3,6.638354669333745
17048,permitirá la emisión,3,6.232889561225582
17049,permitirán,1,6.232889561225582
17050,permitirán cumplir,2,6.638354669333745
17051,permitirán cumplir tanto,3,6.638354669333745
17052,permitirán humos,2,6.638354669333745
17053,permitirán humos visibles,3,6.638354669333745
17054,permitió,1,6.638354669333745
17055,permitió identificar,2,6.638354669333745
17056,permitió identificar los,3,6.638354669333745
17057,pero,1,6.232889561225582
17058,pero no,2,6.232889561225582
17059,pero no se,3,6.638354669333745
17060,pero no viceversa,3,6.638354669333745
17061,persiste,1,6.638354669333745
17062,persiste para,2,6.638354669333745
17063,persiste para material,3,6.638354669333745
17064,persisten,1,6.638354669333745
17065,persisten actividades,2,6.638354669333745
17066,persisten actividades que,3,6.638354669333745
17067,personas,1,6.638354669333745
17068,personas más,2,6.638354669333745
17069,personas más vulnerables,3,6.638354669333745
17070,pertenecen,1,6.638354669333745
17071,pertenecen al,2,6.638354669333745
17072,pertenecen al listado,3,6.638354669333745
17073,pertenecientes,1,6.638354669333745
17074,pertenecientes a,2,6.638354669333745
17075,pertenecientes a grandes,3,6.638354669333745
17076,pertinencia,1,6.638354669333745
17077,pertinencia de,2,6.638354669333745
17078,pertinencia de una,3,6.638354669333745
17079,perímetro,1,5.945207488773801
17080,perímetro del,2,5.945207488773801
17081,perímetro del plantel,3,5.945207488773801
17082,perímetros,1,6.232889561225582
17083,perímetros especiales,2,6.232889561225582
17084,perímetros especiales y,3,6.232889561225582
17085,período,1,4.623451648791481
17086,período de,2,5.134277272557472
17087,período de gec,3,5.539742380665636
17088,período de gestión,3,6.638354669333745
17089,período de la,3,6.638354669333745
17090,período de reparación,3,6.638354669333745
17091,período determinado,2,6.638354669333745
17092,período determinado y,3,6.638354669333745
17093,período en,2,6.638354669333745
17094,período en que,3,6.638354669333745
17095,período estival,2,6.638354669333745
17096,período estival el,3,6.638354669333745
17097,período mayor,2,6.638354669333745
17098,período mayor a,3,6.638354669333745
17099,período máximo,2,6.232889561225582
17100,período máximo de,3,6.232889561225582
17101,pesados,1,5.945207488773801
17102,pesados con,2,6.638354669333745
17103,pesados con antigüedad,3,6.638354669333745
17104,pesados y,2,6.638354669333745
17105,pesados y carbón,3,6.638354669333745
17106,petróleo,1,5.028916756899646
17107,petróleo combustible,2,6.638354669333745
17108,petróleo combustible fuel,3,6.638354669333745
17109,petróleo de,2,6.232889561225582
17110,petróleo de clase,3,6.638354669333745
17111,petróleo de uso,3,6.638354669333745
17112,petróleo diésel,2,5.539742380665636
17113,petróleo diésel por,3,6.638354669333745
17114,petróleo diésel provenga,3,6.638354669333745
17115,petróleo diésel que,3,6.232889561225582
17116,petróleo diésel requisitos,3,6.638354669333745
17117,petróleo diésel sin,3,6.638354669333745
17118,petróleo para,2,6.638354669333745
17119,petróleo para combustión,3,6.638354669333745
17120,petróleos,1,5.722063937459591
17121,petróleos combustibles,2,6.232889561225582
17122,petróleos combustibles grado,3,6.638354669333745
17123,petróleos combustibles grados,3,6.638354669333745
17124,petróleos pesados,2,6.232889561225582
17125,petróleos pesados y,3,6.638354669333745
17126,pinturas,1,6.638354669333745
17127,pinturas barnices,2,6.638354669333745
17128,pinturas barnices u,3,6.638354669333745
17129,piscina,1,6.638354669333745
17130,piscina de,2,6.638354669333745
17131,piscina de homogenización,3,6.638354669333745
17132,piso,1,6.232889561225582
17133,piso deberán,2,6.232889561225582
17134,piso deberán realizar,3,6.232889561225582
17135,pistas,1,6.638354669333745
17136,pistas solo,2,6.638354669333745
17137,pistas solo bus,3,6.638354669333745
17138,placa,1,6.638354669333745
17139,placa que,2,6.638354669333745
17140,placa que actualmente,3,6.638354669333745
17141,plan,1,3.054835730877636
17142,plan a,2,6.232889561225582
17143,plan a escala,3,6.638354669333745
17144,plan a fin,3,6.638354669333745
17145,plan comunicacional,2,6.638354669333745
17146,plan comunicacional cuya,3,6.638354669333745
17147,plan con,2,6.638354669333745
17148,plan con el,3,6.638354669333745
17149,plan corresponden,2,6.638354669333745
17150,plan corresponden a,3,6.638354669333745
17151,plan de,2,3.9992973397184874
17152,plan de aspirado,3,6.638354669333745
17153,plan de capacitación,3,6.638354669333745
17154,plan de conformidad,3,6.638354669333745
17155,plan de cumplimiento,3,6.638354669333745
17156,plan de desarrollo,3,6.638354669333745
17157,plan de descontaminación,3,5.722063937459591
17158,plan de difusión,3,6.232889561225582
17159,plan de gestión,3,6.232889561225582
17160,plan de prevención,3,4.623451648791481
17161,plan de reducción,3,6.232889561225582
17162,plan de trabajo,3,6.638354669333745
17163,plan deberá,2,6.232889561225582
17164,plan deberá cumplir,3,6.638354669333745
17165,plan deberá ser,3,6.638354669333745
17166,plan el,2,5.945207488773801
17167,plan el ministerio,3,5.945207488773801
17168,plan en,2,5.945207488773801
17169,plan en la,3,6.232889561225582
17170,plan en los,3,6.638354669333745
17171,plan es,2,6.638354669333745
17172,plan es cumplir,3,6.638354669333745
17173,plan esta,2,6.638354669333745
17174,plan esta superintendencia,3,6.638354669333745
17175,plan implementará,2,6.638354669333745
17176,plan implementará el,3,6.638354669333745
17177,plan implicando,2,6.638354669333745
17178,plan implicando por,3,6.638354669333745
17179,plan lo,2,6.638354669333745
17180,plan lo siguiente,3,6.638354669333745
17181,plan los,2,6.638354669333745
17182,plan los que,3,6.638354669333745
17183,plan maestro,2,6.232889561225582
17184,plan maestro de,3,6.232889561225582
17185,plan o,2,6.232889561225582
17186,plan o aquella,3,6.232889561225582
17187,plan operacional,2,5.385591700838378
17188,plan operacional de,3,5.385591700838378
17189,plan orientados,2,6.638354669333745
17190,plan orientados a,3,6.638354669333745
17191,plan para,2,6.638354669333745
17192,plan para esta,3,6.638354669333745
17193,plan requería,2,6.638354669333745
17194,plan requería reformularse,3,6.638354669333745
17195,plan se,2,5.945207488773801
17196,plan se divide,3,6.638354669333745
17197,plan se encuentra,3,6.638354669333745
17198,plan se procedió,3,6.638354669333745
17199,plan sólo,2,6.638354669333745
17200,plan sólo podrán,3,6.638354669333745
17201,plan y,2,5.945207488773801
17202,plan y con,3,6.638354669333745
17203,plan y las,3,6.638354669333745
17204,plan y su,3,6.638354669333745
17205,planes,1,4.692444520278432
17206,planes de,2,4.93360657709532
17207,planes de descontaminación,3,6.232889561225582
17208,planes de prevención,3,6.232889561225582
17209,planes de reducción,3,5.385591700838378
17210,planes deberá,2,6.638354669333745
17211,planes deberá formalizarse,3,6.638354669333745
17212,planes podrán,2,6.638354669333745
17213,planes podrán ser,3,6.638354669333745
17214,planes y,2,6.638354669333745
17215,planes y políticas,3,6.638354669333745
17216,planificación,1,6.638354669333745
17217,planificación de,2,6.638354669333745
17218,planificación de transporte,3,6.638354669333745
17219,plantas,1,6.638354669333745
17220,plantas termoeléctricas,2,6.638354669333745
17221,plantas termoeléctricas calderas,3,6.638354669333745
17222,planteadas,1,6.638354669333745
17223,planteadas se,2,6.638354669333745
17224,planteadas se establece,3,6.638354669333745
17225,plantel,1,4.93360657709532
17226,plantel de,2,6.232889561225582
17227,plantel de crianza,3,6.232889561225582
17228,plantel de cría,3,6.232889561225582
17229,plantel en,2,6.232889561225582
17230,plantel en un,3,6.232889561225582
17231,plantel existente,2,6.638354669333745
17232,plantel existente aquel,3,6.638354669333745
17233,plantel nuevo,2,6.638354669333745
17234,plantel nuevo aquel,3,6.638354669333745
17235,plantel nuevo que,3,6.638354669333745
17236,plantel que,2,6.638354669333745
17237,plantel que inicia,3,6.638354669333745
17238,planteles,1,4.93360657709532
17239,planteles afectos,2,6.638354669333745
17240,planteles afectos deberán,3,6.638354669333745
17241,planteles de,2,5.385591700838378
17242,planteles de aves,3,5.722063937459591
17243,planteles de porcinos,3,6.232889561225582
17244,planteles deberán,2,6.638354669333745
17245,planteles deberán cumplir,3,6.638354669333745
17246,planteles en,2,6.232889561225582
17247,planteles en el,3,6.638354669333745
17248,planteles en la,3,6.638354669333745
17249,planteles existentes,2,6.638354669333745
17250,planteles existentes que,3,6.638354669333745
17251,plasmaron,1,6.638354669333745
17252,plasmaron los,2,6.638354669333745
17253,plasmaron los principales,3,6.638354669333745
17254,plataforma,1,6.638354669333745
17255,plataforma informática,2,6.638354669333745
17256,plataforma informática para,3,6.638354669333745
17257,plazo,1,3.642622395779755
17258,plazo de,2,3.8051413252775297
17259,plazo de 10,3,6.232889561225582
17260,plazo de 12,3,4.846595200105691
17261,plazo de 15,3,5.945207488773801
17262,plazo de 18,3,6.232889561225582
17263,plazo de 24,3,5.722063937459591
17264,plazo de 36,3,5.945207488773801
17265,plazo de años,3,6.638354669333745
17266,plazo de mes,3,6.638354669333745
17267,plazo de meses,3,5.539742380665636
17268,plazo de vigencia,3,6.638354669333745
17269,plazo indicado,2,6.638354669333745
17270,plazo indicado en,3,6.638354669333745
17271,plazo la,2,6.638354669333745
17272,plazo la superintendencia,3,6.638354669333745
17273,plazo máximo,2,6.232889561225582
17274,plazo máximo de,3,6.232889561225582
17275,plazo que,2,6.638354669333745
17276,plazo que se,3,6.638354669333745
17277,plazo si,2,6.232889561225582
17278,plazo si considera,3,6.232889561225582
17279,plazos,1,5.539742380665636
17280,plazos establecidos,2,6.232889561225582
17281,plazos establecidos en,3,6.232889561225582
17282,plazos propuestos,2,6.638354669333745
17283,plazos que,2,6.638354669333745
17284,plazos que dicha,3,6.638354669333745
17285,plazos señalados,2,6.638354669333745
17286,plazos señalados en,3,6.638354669333745
17287,plena,1,6.638354669333745
17288,plena carga,2,6.638354669333745
17289,plena carga de,3,6.638354669333745
17290,plenamente,1,6.638354669333745
17291,plenamente vigentes,2,6.638354669333745
17292,plenamente vigentes todas,3,6.638354669333745
17293,plomo,1,5.945207488773801
17294,plomo a,2,6.638354669333745
17295,plomo a excepción,3,6.638354669333745
17296,plomo y,2,6.232889561225582
17297,plomo y azufre,3,6.638354669333745
17298,plomo y reducción,3,6.638354669333745
17299,poblacional,1,6.638354669333745
17300,poblacional emrp,2,6.638354669333745
17301,poblacional emrp que,3,6.638354669333745
17302,población,1,5.539742380665636
17303,población expuesta,2,6.638354669333745
17304,población expuesta debido,3,6.638354669333745
17305,población pueden,2,6.638354669333745
17306,población pueden señalar,3,6.638354669333745
17307,población se,2,6.638354669333745
17308,población se verá,3,6.638354669333745
17309,población tasa,2,6.638354669333745
17310,población tasa de,3,6.638354669333745
17311,población total,2,6.638354669333745
17312,población total estimada,3,6.638354669333745
17313,población urbana,2,6.638354669333745
17314,población urbana de,3,6.638354669333745
17315,poch,1,6.638354669333745
17316,poch 2016,2,6.638354669333745
17317,poch 2016 podemos,3,6.638354669333745
17318,podemos,1,6.638354669333745
17319,podemos indicar,2,6.638354669333745
17320,podemos indicar que,3,6.638354669333745
17321,poder,1,6.232889561225582
17322,poder calorífico,2,6.638354669333745
17323,poder calorífico inferior,3,6.638354669333745
17324,poder de,2,6.638354669333745
17325,poder de paridad,3,6.638354669333745
17326,podrá,1,4.441130091997526
17327,podrá alcanzarse,2,6.638354669333745
17328,podrá alcanzarse íntegra,3,6.638354669333745
17329,podrá aplicar,2,6.232889561225582
17330,podrá aplicar estos,3,6.638354669333745
17331,podrá aplicar los,3,6.638354669333745
17332,podrá considerar,2,6.638354669333745
17333,podrá considerar lo,3,6.638354669333745
17334,podrá dejar,2,6.638354669333745
17335,podrá dejar sin,3,6.638354669333745
17336,podrá dictar,2,6.638354669333745
17337,podrá dictar normas,3,6.638354669333745
17338,podrá disponerse,2,6.638354669333745
17339,podrá disponerse un,3,6.638354669333745
17340,podrá establecer,2,5.945207488773801
17341,podrá establecer entre,3,6.638354669333745
17342,podrá establecer fundadamente,3,6.638354669333745
17343,podrá establecer la,3,6.638354669333745
17344,podrá excepcionalmente,2,6.638354669333745
17345,podrá excepcionalmente mediante,3,6.638354669333745
17346,podrá hacer,2,6.638354669333745
17347,podrá hacer valer,3,6.638354669333745
17348,podrá modificarse,2,6.638354669333745
17349,podrá modificarse el,3,6.638354669333745
17350,podrá recomendar,2,5.945207488773801
17351,podrá recomendar modificar,3,5.945207488773801
17352,podrá superar,2,6.638354669333745
17353,podrá superar la,3,6.638354669333745
17354,podrán,1,4.3870628707272505
17355,podrán circular,2,6.638354669333745
17356,podrán circular en,3,6.638354669333745
17357,podrán compensar,2,6.638354669333745
17358,podrán compensar o,3,6.638354669333745
17359,podrán considerar,2,6.638354669333745
17360,podrán considerar las,3,6.638354669333745
17361,podrán dar,2,6.638354669333745
17362,podrán dar inicio,3,6.638354669333745
17363,podrán efectuarlo,2,6.638354669333745
17364,podrán efectuarlo directamente,3,6.638354669333745
17365,podrán funcionar,2,5.945207488773801
17366,podrán funcionar los,3,5.945207488773801
17367,podrán imputar,2,6.638354669333745
17368,podrán imputar a,3,6.638354669333745
17369,podrán incluir,2,6.638354669333745
17370,podrán incluir temperatura,3,6.638354669333745
17371,podrán mantener,2,6.638354669333745
17372,podrán mantener su,3,6.638354669333745
17373,podrán realizarse,2,6.232889561225582
17374,podrán realizarse en,3,6.638354669333745
17375,podrán realizarse entre,3,6.638354669333745
17376,podrán ser,2,6.638354669333745
17377,podrán ser aprobados,3,6.638354669333745
17378,podrán solicitar,2,6.638354669333745
17379,podrán solicitar al,3,6.638354669333745
17380,podrán tener,2,6.638354669333745
17381,podrán tener uno,3,6.638354669333745
17382,podrán utilizar,2,6.232889561225582
17383,podrán utilizar equipos,3,6.638354669333745
17384,podrán utilizar las,3,6.638354669333745
17385,polvo,1,6.638354669333745
17386,políticas,1,6.638354669333745
17387,políticas afines,2,6.638354669333745
17388,ponderadas,1,6.232889561225582
17389,ponderadas por,2,6.232889561225582
17390,ponderadas por los,3,6.232889561225582
17391,por,1,2.4336620499427797
17392,por actividades,2,6.638354669333745
17393,por actividades o,3,6.638354669333745
17394,por ahorros,2,6.638354669333745
17395,por ahorros en,3,6.638354669333745
17396,por carabineros,2,6.232889561225582
17397,por carabineros de,3,6.232889561225582
17398,por carretera,2,6.638354669333745
17399,por carretera aptos,3,6.638354669333745
17400,por chimenea,2,6.638354669333745
17401,por chispa,2,5.945207488773801
17402,por chispa ciclo,3,6.638354669333745
17403,por chispa requisitos,3,6.638354669333745
17404,por cilindro,2,6.638354669333745
17405,por cilindro del,3,6.638354669333745
17406,por compresión,2,6.232889561225582
17407,por compresión con,3,6.638354669333745
17408,por compresión deberán,3,6.638354669333745
17409,por comunas,2,6.638354669333745
17410,por comunas más,3,6.638354669333745
17411,por concentración,2,6.638354669333745
17412,por concentración descritas,3,6.638354669333745
17413,por contaminante,2,6.638354669333745
17414,por contaminante y,3,6.638354669333745
17415,por corredores,2,6.638354669333745
17416,por corredores verdes,3,6.638354669333745
17417,por debajo,2,6.638354669333745
17418,por debajo de,3,6.638354669333745
17419,por decreto,2,5.722063937459591
17420,por decreto exento,3,5.722063937459591
17421,por dicho,2,6.638354669333745
17422,por dicho organismo,3,6.638354669333745
17423,por dióxido,2,5.945207488773801
17424,por dióxido de,3,5.945207488773801
17425,por ds,2,6.232889561225582
17426,por ds 67,3,6.638354669333745
17427,por ds nº66,3,6.638354669333745
17428,por ejemplo,2,6.638354669333745
17429,por ejemplo las,3,6.638354669333745
17430,por el,2,4.1534480195457455
17431,por el 13,3,6.638354669333745
17432,por el calentamiento,3,6.638354669333745
17433,por el daño,3,6.638354669333745
17434,por el decreto,3,5.945207488773801
17435,por el ds,3,6.638354669333745
17436,por el estado,3,6.638354669333745
17437,por el fabricante,3,5.945207488773801
17438,por el ministerio,3,5.722063937459591
17439,por el norte,3,6.638354669333745
17440,por el oeste,3,6.638354669333745
17441,por el período,3,6.638354669333745
17442,por el presente,3,6.638354669333745
17443,por el proveedor,3,6.638354669333745
17444,por el sector,3,6.638354669333745
17445,por el sur,3,6.638354669333745
17446,por el transporte,3,6.232889561225582
17447,por el tubo,3,6.638354669333745
17448,por el valle,3,6.638354669333745
17449,por ello,2,6.638354669333745
17450,por ello en,3,6.638354669333745
17451,por emisiones,2,5.945207488773801
17452,por emisiones de,3,6.638354669333745
17453,por emisiones directas,3,6.638354669333745
17454,por emisiones indirectas,3,6.638354669333745
17455,por establecimiento,2,5.945207488773801
17456,por establecimiento fuente,3,6.638354669333745
17457,por establecimiento incluido,3,6.638354669333745
17458,por establecimiento y,3,6.638354669333745
17459,por finalidad,2,6.638354669333745
17460,por finalidad evitar,3,6.638354669333745
17461,por incumplimiento,2,6.638354669333745
17462,por incumplimiento de,3,6.638354669333745
17463,por la,2,3.930304468231536
17464,por la agencia,3,5.722063937459591
17465,por la autoridad,3,6.638354669333745
17466,por la dirección,3,6.638354669333745
17467,por la falta,3,6.638354669333745
17468,por la ley,3,6.638354669333745
17469,por la metodología,3,6.638354669333745
17470,por la norma,3,6.638354669333745
17471,por la nueva,3,6.638354669333745
17472,por la seremi,3,5.722063937459591
17473,por la superintendencia,3,4.623451648791481
17474,por la usach,3,6.638354669333745
17475,por las,2,5.945207488773801
17476,por las directivas,3,6.638354669333745
17477,por las normas,3,6.638354669333745
17478,por las reglas,3,6.638354669333745
17479,por las vías,3,6.638354669333745
17480,por lo,2,5.945207488773801
17481,por lo anterior,3,6.638354669333745
17482,por lo establecido,3,6.638354669333745
17483,por lo tanto,3,6.638354669333745
17484,por los,2,5.385591700838378
17485,por los factores,3,6.232889561225582
17486,por los grandes,3,6.638354669333745
17487,por los parámetros,3,6.638354669333745
17488,por los que,3,6.638354669333745
17489,por los titulares,3,6.638354669333745
17490,por marca,2,6.232889561225582
17491,por marca y,3,6.232889561225582
17492,por material,2,5.385591700838378
17493,por material particulado,3,5.385591700838378
17494,por medio,2,6.638354669333745
17495,por medio de,3,6.638354669333745
17496,por monóxido,2,6.638354669333745
17497,por monóxido de,3,6.638354669333745
17498,por motivo,2,6.638354669333745
17499,por motivo de,3,6.638354669333745
17500,por mp10,2,5.028916756899646
17501,por mp10 el,3,6.638354669333745
17502,por mp10 partículas,3,6.638354669333745
17503,por mp10 se,3,6.638354669333745
17504,por mp10 y,3,5.722063937459591
17505,por mp2,2,5.385591700838378
17506,por mp2 a,3,6.638354669333745
17507,por mp2 el,3,6.638354669333745
17508,por mp2 los,3,6.638354669333745
17509,por mp2 y,3,6.638354669333745
17510,por más,2,6.232889561225582
17511,por más de,3,6.232889561225582
17512,por no,2,6.638354669333745
17513,por no mediante,3,6.638354669333745
17514,por o3,2,6.638354669333745
17515,por o3 en,3,6.638354669333745
17516,por objetivo,2,6.638354669333745
17517,por objetivo dar,3,6.638354669333745
17518,por otra,2,6.638354669333745
17519,por otra parte,3,6.638354669333745
17520,por otro,2,6.232889561225582
17521,por otro lado,3,6.232889561225582
17522,por ozono,2,6.638354669333745
17523,por ozono monóxido,3,6.638354669333745
17524,por reducciones,2,6.638354669333745
17525,por reducciones adicionales,3,6.638354669333745
17526,por reducción,2,6.638354669333745
17527,por reducción de,3,6.638354669333745
17528,por resolución,2,5.722063937459591
17529,por resolución exenta,3,5.722063937459591
17530,por sector,2,6.638354669333745
17531,por sector de,3,6.638354669333745
17532,por situación,2,6.638354669333745
17533,por situación base,3,6.638354669333745
17534,por su,2,5.945207488773801
17535,por su parte,3,6.232889561225582
17536,por su relación,3,6.638354669333745
17537,por sus,2,6.638354669333745
17538,por sus siglas,3,6.638354669333745
17539,por tal,2,6.232889561225582
17540,por tal que,3,6.232889561225582
17541,por tanto,2,6.638354669333745
17542,por tanto se,3,6.638354669333745
17543,por término,2,6.638354669333745
17544,por término de,3,6.638354669333745
17545,por un,2,5.722063937459591
17546,por un período,3,5.722063937459591
17547,por uno,2,6.232889561225582
17548,por uno o,3,6.232889561225582
17549,por último,2,6.232889561225582
17550,por último cabe,3,6.638354669333745
17551,por último las,3,6.638354669333745
17552,por única,2,5.945207488773801
17553,por única vez,3,5.945207488773801
17554,porcentaje,1,6.638354669333745
17555,porcentaje se,2,6.638354669333745
17556,porcentaje se estima,3,6.638354669333745
17557,porcinos,1,5.945207488773801
17558,porcinos aquellos,2,6.638354669333745
17559,porcinos aquellos que,3,6.638354669333745
17560,porcinos plantel,2,6.638354669333745
17561,porcinos plantel de,3,6.638354669333745
17562,porcinos que,2,6.638354669333745
17563,porcinos que cuenten,3,6.638354669333745
17564,porción,1,6.638354669333745
17565,porción de,2,6.638354669333745
17566,porción de madera,3,6.638354669333745
17567,porosa,1,6.638354669333745
17568,porosa y,2,6.638354669333745
17569,porosa y frágil,3,6.638354669333745
17570,portátil,1,6.232889561225582
17571,portátil o,2,6.638354669333745
17572,portátil o vehículo,3,6.638354669333745
17573,portátil que,2,6.638354669333745
17574,portátil que permite,3,6.638354669333745
17575,posean,1,5.722063937459591
17576,posean emisiones,2,6.638354669333745
17577,posean emisiones de,3,6.638354669333745
17578,posean instalaciones,2,6.232889561225582
17579,posean instalaciones de,3,6.232889561225582
17580,posean método,2,6.638354669333745
17581,posean método de,3,6.638354669333745
17582,posee,1,5.945207488773801
17583,posee otros,2,6.638354669333745
17584,posee otros beneficios,3,6.638354669333745
17585,posee templador,2,6.638354669333745
17586,posee templador tiene,3,6.638354669333745
17587,posee una,2,6.638354669333745
17588,posee una cámara,3,6.638354669333745
17589,posibilidad,1,6.638354669333745
17590,posibilidad de,2,6.638354669333745
17591,posibilidad de un,3,6.638354669333745
17592,posible,1,5.945207488773801
17593,posible alcanzar,2,6.638354669333745
17594,posible alcanzar la,3,6.638354669333745
17595,posible concluir,2,6.638354669333745
17596,posible concluir que,3,6.638354669333745
17597,posible determinar,2,6.638354669333745
17598,posible determinar la,3,6.638354669333745
17599,positivamente,1,6.638354669333745
17600,positivamente en,2,6.638354669333745
17601,positivamente en los,3,6.638354669333745
17602,positivas,1,6.638354669333745
17603,positivas asociadas,2,6.638354669333745
17604,positivas asociadas a,3,6.638354669333745
17605,positivo,1,6.638354669333745
17606,positivo en,2,6.638354669333745
17607,positivo en la,3,6.638354669333745
17608,posterior,1,5.945207488773801
17609,posterior a,2,6.638354669333745
17610,posterior a la,3,6.638354669333745
17611,posterior recuperación,2,6.232889561225582
17612,posterior recuperación de,3,6.638354669333745
17613,posterior recuperación y,3,6.638354669333745
17614,posterioridad,1,5.539742380665636
17615,posterioridad a,2,5.722063937459591
17616,posterioridad a la,3,5.722063937459591
17617,posterioridad de,2,6.638354669333745
17618,posterioridad de la,3,6.638354669333745
17619,posteriormente,1,6.638354669333745
17620,posteriormente se,2,6.638354669333745
17621,posteriormente se deberá,3,6.638354669333745
17622,postura,1,6.638354669333745
17623,postura y,2,6.638354669333745
17624,postura y o,3,6.638354669333745
17625,potencia,1,4.7665524924321545
17626,potencia mayor,2,6.232889561225582
17627,potencia mayor a,3,6.638354669333745
17628,potencia mayor o,3,6.638354669333745
17629,potencia menor,2,5.722063937459591
17630,potencia menor a,3,5.722063937459591
17631,potencia máxima,2,6.638354669333745
17632,potencia máxima del,3,6.638354669333745
17633,potencia neta,2,6.232889561225582
17634,potencia neta del,3,6.638354669333745
17635,potencia neta instalada,3,6.638354669333745
17636,potencia superior,2,6.638354669333745
17637,potencia superior a,3,6.638354669333745
17638,potencia térmica,2,5.945207488773801
17639,potencia térmica menor,3,6.638354669333745
17640,potencia térmica nominal,3,6.232889561225582
17641,potenciales,1,6.638354669333745
17642,potenciales de,2,6.638354669333745
17643,potenciales de reducción,3,6.638354669333745
17644,potencias,1,6.638354669333745
17645,potencias hasta,2,6.638354669333745
17646,potencias hasta mwt,3,6.638354669333745
17647,pozo,1,6.638354669333745
17648,pozo purinero,2,6.638354669333745
17649,pozo purinero deberán,3,6.638354669333745
17650,ppda,1,4.692444520278432
17651,ppda como,2,6.638354669333745
17652,ppda como se,3,6.638354669333745
17653,ppda de,2,6.638354669333745
17654,ppda de la,3,6.638354669333745
17655,ppda focaliza,2,6.638354669333745
17656,ppda focaliza sus,3,6.638354669333745
17657,ppda mediante,2,6.638354669333745
17658,ppda mediante acuerdo,3,6.638354669333745
17659,ppda por,2,6.638354669333745
17660,ppda por mp10,3,6.638354669333745
17661,ppda que,2,6.638354669333745
17662,ppda que incorpora,3,6.638354669333745
17663,ppda son,2,6.638354669333745
17664,ppda son muy,3,6.638354669333745
17665,ppda tiene,2,6.232889561225582
17666,ppda tiene impactos,3,6.638354669333745
17667,ppda tiene un,3,6.638354669333745
17668,ppda y,2,6.232889561225582
17669,ppda y sus,3,6.638354669333745
17670,ppda y una,3,6.638354669333745
17671,ppm,1,5.945207488773801
17672,ppm de,2,5.945207488773801
17673,ppm de azufre,3,5.945207488773801
17674,pre,1,6.232889561225582
17675,pre factibilidad,2,6.638354669333745
17676,pre factibilidad sobre,3,6.638354669333745
17677,pre limpieza,2,6.638354669333745
17678,pre limpieza anticipada,3,6.638354669333745
17679,precedente,1,5.722063937459591
17680,precedente el,2,6.638354669333745
17681,precedente el ministerio,3,6.638354669333745
17682,precedente están,2,6.638354669333745
17683,precedente están referidos,3,6.638354669333745
17684,precedente para,2,6.638354669333745
17685,precedente para ser,3,6.638354669333745
17686,precedentes,1,6.638354669333745
17687,precedentes deberán,2,6.638354669333745
17688,precedentes deberán observarse,3,6.638354669333745
17689,precursores,1,5.385591700838378
17690,precursores como,2,6.638354669333745
17691,precursores como el,3,6.638354669333745
17692,precursores de,2,6.232889561225582
17693,precursores de estos,3,6.638354669333745
17694,precursores de material,3,6.638354669333745
17695,precursores emitidos,2,6.638354669333745
17696,precursores emitidos considerando,3,6.638354669333745
17697,precursores en,2,6.638354669333745
17698,precursores en la,3,6.638354669333745
17699,precursores por,2,6.638354669333745
17700,precursores por sector,3,6.638354669333745
17701,predio,1,6.638354669333745
17702,predio o,2,6.638354669333745
17703,predio o terreno,3,6.638354669333745
17704,predomina,1,6.638354669333745
17705,predomina en,2,6.638354669333745
17706,predomina en toda,3,6.638354669333745
17707,predominan,1,6.638354669333745
17708,predominan los,2,6.638354669333745
17709,predominan los relieves,3,6.638354669333745
17710,preemergencia,1,5.539742380665636
17711,preemergencia o,2,6.638354669333745
17712,preemergencia o nivel,3,6.638354669333745
17713,preemergencia y,2,5.722063937459591
17714,preemergencia y emergencia,3,5.722063937459591
17715,preemergencias,1,6.638354669333745
17716,preemergencias que,2,6.638354669333745
17717,preemergencias que sitúa,3,6.638354669333745
17718,preferentemente,1,6.638354669333745
17719,preferentemente forestal,2,6.638354669333745
17720,preferentemente forestal en,3,6.638354669333745
17721,preliminar,1,6.638354669333745
17722,preliminar de,2,6.638354669333745
17723,preliminar de compensación,3,6.638354669333745
17724,prematura,1,6.232889561225582
17725,prematura morbilidad,2,6.638354669333745
17726,prematura morbilidad días,3,6.638354669333745
17727,prematura que,2,6.638354669333745
17728,prematura que se,3,6.638354669333745
17729,presenta,1,5.945207488773801
17730,presenta los,2,6.638354669333745
17731,presenta los mayores,3,6.638354669333745
17732,presenta resultados,2,6.638354669333745
17733,presenta resultados similares,3,6.638354669333745
17734,presenta una,2,6.638354669333745
17735,presenta una variabilidad,3,6.638354669333745
17736,presentación,1,6.232889561225582
17737,presentación ante,2,6.638354669333745
17738,presentación ante la,3,6.638354669333745
17739,presentadas,1,6.232889561225582
17740,presentadas en,2,6.232889561225582
17741,presentadas en sus,3,6.232889561225582
17742,presentado,1,6.638354669333745
17743,presentado ante,2,6.638354669333745
17744,presentado ante la,3,6.638354669333745
17745,presentan,1,6.232889561225582
17746,presentan en,2,6.638354669333745
17747,presentan en la,3,6.638354669333745
17748,presentan los,2,6.638354669333745
17749,presentan los principales,3,6.638354669333745
17750,presentar,1,5.028916756899646
17751,presentar a,2,6.232889561225582
17752,presentar a la,3,6.232889561225582
17753,presentar ante,2,6.638354669333745
17754,presentar ante la,3,6.638354669333745
17755,presentar la,2,6.638354669333745
17756,presentar la estimación,3,6.638354669333745
17757,presentar los,2,6.638354669333745
17758,presentar los planes,3,6.638354669333745
17759,presentar trimestralmente,2,6.638354669333745
17760,presentar trimestralmente a,3,6.638354669333745
17761,presentar un,2,5.945207488773801
17762,presentar un plan,3,6.638354669333745
17763,presentar un programa,3,6.638354669333745
17764,presentar un sistema,3,6.638354669333745
17765,presente,1,2.658673015431785
17766,presente al,2,6.638354669333745
17767,presente al seia,3,6.638354669333745
17768,presente artículo,2,6.232889561225582
17769,presente artículo comenzarán,3,6.638354669333745
17770,presente artículo conforme,3,6.638354669333745
17771,presente artículo no,3,6.638354669333745
17772,presente capítulo,2,6.232889561225582
17773,presente capítulo a,3,6.638354669333745
17774,presente capítulo así,3,6.638354669333745
17775,presente de,2,6.638354669333745
17776,presente de los,3,6.638354669333745
17777,presente decreto,2,2.9494752152198096
17778,presente decreto a,3,6.638354669333745
17779,presente decreto aquellas,3,6.638354669333745
17780,presente decreto considerando,3,6.638354669333745
17781,presente decreto deberá,3,6.638354669333745
17782,presente decreto deberán,3,6.638354669333745
17783,presente decreto el,3,4.4982885058374755
17784,presente decreto en,3,5.722063937459591
17785,presente decreto especialmente,3,5.945207488773801
17786,presente decreto la,3,5.945207488773801
17787,presente decreto los,3,6.232889561225582
17788,presente decreto mediante,3,6.638354669333745
17789,presente decreto o,3,6.638354669333745
17790,presente decreto presenten,3,6.638354669333745
17791,presente decreto promoverán,3,6.638354669333745
17792,presente decreto que,3,6.638354669333745
17793,presente decreto quedará,3,6.638354669333745
17794,presente decreto se,3,5.134277272557472
17795,presente decreto seguirán,3,5.945207488773801
17796,presente decreto será,3,6.638354669333745
17797,presente decreto solo,3,6.638354669333745
17798,presente decreto sujeto,3,6.638354669333745
17799,presente decreto supremo,3,6.638354669333745
17800,presente decreto toda,3,6.638354669333745
17801,presente decreto un,3,5.722063937459591
17802,presente decreto y,3,6.232889561225582
17803,presente plan,2,4.3357695763397
17804,presente plan a,3,6.638354669333745
17805,presente plan de,3,5.945207488773801
17806,presente plan el,3,5.945207488773801
17807,presente plan esta,3,6.638354669333745
17808,presente plan implementará,3,6.638354669333745
17809,presente plan implicando,3,6.638354669333745
17810,presente plan lo,3,6.638354669333745
17811,presente plan o,3,6.232889561225582
17812,presente plan sólo,3,6.638354669333745
17813,presente plan y,3,6.638354669333745
17814,presente ppda,2,6.232889561225582
17815,presente ppda focaliza,3,6.638354669333745
17816,presente ppda tiene,3,6.638354669333745
17817,presenten,1,5.945207488773801
17818,presenten alguna,2,6.638354669333745
17819,presenten alguna modificación,3,6.638354669333745
17820,presenten en,2,6.638354669333745
17821,presenten en la,3,6.638354669333745
17822,presenten fuera,2,6.638354669333745
17823,presenten fuera del,3,6.638354669333745
17824,presentes,1,6.638354669333745
17825,presentes en,2,6.638354669333745
17826,presentes en la,3,6.638354669333745
17827,presidencia,1,5.539742380665636
17828,presidencia minsegpres,2,6.638354669333745
17829,presidencia para,2,6.232889561225582
17830,presidencia para dioxido,3,6.638354669333745
17831,presidencia para dióxido,3,6.638354669333745
17832,presidencia para monóxido,3,6.638354669333745
17833,presidencia para ozono,3,6.638354669333745
17834,presidencia que,2,6.638354669333745
17835,presidencia que declara,3,6.638354669333745
17836,presidencia que establece,3,6.638354669333745
17837,presidencia que revisa,3,6.638354669333745
17838,presidencia se,2,6.638354669333745
17839,presidencia se revisó,3,6.638354669333745
17840,prestación,1,5.945207488773801
17841,prestación de,2,5.945207488773801
17842,prestación de servicios,3,5.945207488773801
17843,presupuestaria,1,5.945207488773801
17844,presupuestaria de,2,6.638354669333745
17845,presupuestaria de fondos,3,6.638354669333745
17846,presupuestos,1,6.638354669333745
17847,prevención,1,4.441130091997526
17848,prevención y,2,4.441130091997526
17849,prevención y de,3,6.638354669333745
17850,prevención y descontaminación,3,4.4982885058374755
17851,prevención y o,3,6.638354669333745
17852,prevenir,1,6.638354669333745
17853,prevenir incendios,2,6.638354669333745
17854,prevenir incendios forestales,3,6.638354669333745
17855,preventivas,1,6.638354669333745
17856,preventivas y,2,6.638354669333745
17857,preventivas y acciones,3,6.638354669333745
17858,previa,1,5.945207488773801
17859,previa consulta,2,6.638354669333745
17860,previa consulta al,3,6.638354669333745
17861,previa evaluación,2,6.232889561225582
17862,previa evaluación integral,3,6.232889561225582
17863,previamente,1,6.638354669333745
17864,previo,1,6.232889561225582
17865,previo al,2,6.638354669333745
17866,previo al ingreso,3,6.638354669333745
17867,previo análisis,2,6.638354669333745
17868,previo análisis conjunto,3,6.638354669333745
17869,previstas,1,5.945207488773801
17870,previstas en,2,5.945207488773801
17871,previstas en el,3,5.945207488773801
17872,prevé,1,5.722063937459591
17873,prevé se,2,6.638354669333745
17874,prevé se superará,3,6.638354669333745
17875,prevé un,2,5.945207488773801
17876,prevé un empeoramiento,3,5.945207488773801
17877,prima,1,6.638354669333745
17878,prima o,2,6.638354669333745
17879,prima o materiales,3,6.638354669333745
17880,primaria,1,6.638354669333745
17881,primaria de,2,6.638354669333745
17882,primaria de calidad,3,6.638354669333745
17883,primaria para,2,6.638354669333745
17884,primaria para material,3,6.638354669333745
17885,primarias,1,6.232889561225582
17886,primarias de,2,6.638354669333745
17887,primarias de calidad,3,6.638354669333745
17888,primarias y,2,6.638354669333745
17889,primarias y o,3,6.638354669333745
17890,primer,1,6.638354669333745
17891,primer contaminante,2,6.638354669333745
17892,primer contaminante tomando,3,6.638354669333745
17893,primera,1,6.232889561225582
17894,primera inscripción,2,6.232889561225582
17895,primera inscripción en,3,6.232889561225582
17896,primeras,1,6.638354669333745
17897,primeras decenas,2,6.638354669333745
17898,primeras decenas de,3,6.638354669333745
17899,primero,1,6.232889561225582
17900,primero del,2,6.638354669333745
17901,primero del presente,3,6.638354669333745
17902,primero se,2,6.638354669333745
17903,primero se deberá,3,6.638354669333745
17904,principal,1,6.638354669333745
17905,principal será,2,6.638354669333745
17906,principal será mejorar,3,6.638354669333745
17907,principales,1,5.385591700838378
17908,principales cambios,2,6.638354669333745
17909,principales cambios han,3,6.638354669333745
17910,principales fuentes,2,6.638354669333745
17911,principales fuentes son,3,6.638354669333745
17912,principales lineamientos,2,6.638354669333745
17913,principales lineamientos objetivos,3,6.638354669333745
17914,principales medidas,2,6.638354669333745
17915,principales medidas propuestas,3,6.638354669333745
17916,principales observaciones,2,6.638354669333745
17917,principales observaciones recibidas,3,6.638354669333745
17918,principales resultados,2,6.638354669333745
17919,principales resultados de,3,6.638354669333745
17920,principalmente,1,5.385591700838378
17921,principalmente a,2,6.638354669333745
17922,principalmente a gas,3,6.638354669333745
17923,principalmente al,2,6.638354669333745
17924,principalmente al sector,3,6.638354669333745
17925,principalmente diseñada,2,6.638354669333745
17926,principalmente diseñada para,3,6.638354669333745
17927,principalmente las,2,6.638354669333745
17928,principalmente las residencias,3,6.638354669333745
17929,principalmente para,2,6.638354669333745
17930,principalmente para transferir,3,6.638354669333745
17931,principalmente por,2,6.638354669333745
17932,principalmente por mp2,3,6.638354669333745
17933,prioridad,1,6.638354669333745
17934,prioridad a,2,6.638354669333745
17935,prioridad a aquellos,3,6.638354669333745
17936,prioritaria,1,6.638354669333745
17937,prioritaria de,2,6.638354669333745
17938,prioritaria de áreas,3,6.638354669333745
17939,priorizarán,1,6.638354669333745
17940,priorizarán los,2,6.638354669333745
17941,priorizarán los siguientes,3,6.638354669333745
17942,privada,1,6.638354669333745
17943,privada con,2,6.638354669333745
17944,privada con las,3,6.638354669333745
17945,privadas,1,6.638354669333745
17946,privadas destinadas,2,6.638354669333745
17947,privadas destinadas a,3,6.638354669333745
17948,privados,1,6.232889561225582
17949,privados en,2,6.638354669333745
17950,privados en la,3,6.638354669333745
17951,privados y,2,6.638354669333745
17952,privados y sociedad,3,6.638354669333745
17953,procedimiento,1,5.539742380665636
17954,procedimiento de,2,6.638354669333745
17955,procedimiento de evaluación,3,6.638354669333745
17956,procedimiento para,2,6.232889561225582
17957,procedimiento para determinar,3,6.638354669333745
17958,procedimiento para la,3,6.638354669333745
17959,procedimiento que,2,6.638354669333745
17960,procedimiento que regirá,3,6.638354669333745
17961,procedimientos,1,6.232889561225582
17962,procedimientos autorizados,2,6.638354669333745
17963,procedimientos autorizados por,3,6.638354669333745
17964,procedimientos establecidos,2,6.638354669333745
17965,procedimientos establecidos por,3,6.638354669333745
17966,procedió,1,6.638354669333745
17967,procedió a,2,6.638354669333745
17968,procedió a la,3,6.638354669333745
17969,procedures,1,5.945207488773801
17970,procedures code,2,5.945207488773801
17971,procedures code of,3,5.945207488773801
17972,proceso,1,4.441130091997526
17973,proceso a,2,6.638354669333745
17974,proceso a ser,3,6.638354669333745
17975,proceso aquellas,2,6.638354669333745
17976,proceso aquellas fuentes,3,6.638354669333745
17977,proceso citado,2,6.638354669333745
17978,proceso citado anteriormente,3,6.638354669333745
17979,proceso con,2,6.638354669333745
17980,proceso con combustión,3,6.638354669333745
17981,proceso cuyas,2,6.638354669333745
17982,proceso cuyas emisiones,3,6.638354669333745
17983,proceso de,2,4.93360657709532
17984,proceso de consulta,3,6.638354669333745
17985,proceso de elaboración,3,5.539742380665636
17986,proceso de fiscalización,3,6.638354669333745
17987,proceso de homologación,3,6.638354669333745
17988,proceso de producción,3,6.638354669333745
17989,proceso de reformulación,3,6.638354669333745
17990,proceso de revisión,3,5.945207488773801
17991,proceso físico,2,6.638354669333745
17992,proceso físico de,3,6.638354669333745
17993,proceso operación,2,6.638354669333745
17994,proceso operación o,3,6.638354669333745
17995,proceso originan,2,6.638354669333745
17996,proceso originan emisiones,3,6.638354669333745
17997,proceso productivo,2,6.638354669333745
17998,proceso productivo en,3,6.638354669333745
17999,proceso y,2,6.638354669333745
18000,proceso y deben,3,6.638354669333745
18001,procesos,1,4.93360657709532
18002,procesos con,2,5.945207488773801
18003,procesos con combustión,3,5.945207488773801
18004,procesos de,2,5.945207488773801
18005,procesos de análisis,3,6.232889561225582
18006,procesos de combustión,3,6.638354669333745
18007,procesos existentes,2,6.638354669333745
18008,procesos existentes con,3,6.638354669333745
18009,procesos industriales,2,5.945207488773801
18010,procesos industriales hornos,3,6.638354669333745
18011,procesos industriales que,3,6.232889561225582
18012,procesos metalúrgicos,2,6.638354669333745
18013,procesos metalúrgicos la,3,6.638354669333745
18014,procesos que,2,6.638354669333745
18015,procesos que ocurren,3,6.638354669333745
18016,procurará,1,6.638354669333745
18017,procurará la,2,6.638354669333745
18018,procurará la habilitación,3,6.638354669333745
18019,producción,1,5.2520603082138555
18020,producción asociado,2,6.638354669333745
18021,producción asociado observándose,3,6.638354669333745
18022,producción de,2,5.722063937459591
18023,producción de carne,3,6.232889561225582
18024,producción de huevos,3,5.945207488773801
18025,producción sin,2,6.638354669333745
18026,producción sin adición,3,6.638354669333745
18027,producción y,2,6.638354669333745
18028,producción y consumo,3,6.638354669333745
18029,producen,1,6.638354669333745
18030,producen una,2,6.638354669333745
18031,producen una transformación,3,6.638354669333745
18032,producido,1,5.945207488773801
18033,producido deben,2,6.638354669333745
18034,producido deben satisfacer,3,6.638354669333745
18035,producido por,2,6.232889561225582
18036,producido por el,3,6.638354669333745
18037,producido por emisiones,3,6.638354669333745
18038,produciendo,1,6.232889561225582
18039,produciendo simultáneamente,2,6.638354669333745
18040,produciendo simultáneamente energía,3,6.638354669333745
18041,produciendo una,2,6.638354669333745
18042,produciendo una transformación,3,6.638354669333745
18043,producir,1,6.638354669333745
18044,producir emisiones,2,6.638354669333745
18045,productividad,1,6.638354669333745
18046,productividad perdida,2,6.638354669333745
18047,productivo,1,6.638354669333745
18048,productivo en,2,6.638354669333745
18049,productivo en el,3,6.638354669333745
18050,producto,1,5.539742380665636
18051,producto de,2,5.722063937459591
18052,producto de la,3,6.232889561225582
18053,producto de las,3,6.638354669333745
18054,producto de que,3,6.638354669333745
18055,producto del,2,6.638354669333745
18056,producto del proceso,3,6.638354669333745
18057,productor,1,6.638354669333745
18058,productor programe,2,6.638354669333745
18059,productor programe una,3,6.638354669333745
18060,productora,1,5.945207488773801
18061,productora de,2,5.945207488773801
18062,productora de cerdos,3,6.638354669333745
18063,productora de huevos,3,6.232889561225582
18064,productos,1,5.945207488773801
18065,productos sólidos,2,6.638354669333745
18066,productos sólidos que,3,6.638354669333745
18067,productos y,2,6.232889561225582
18068,productos y o,3,6.638354669333745
18069,productos y que,3,6.638354669333745
18070,produzca,1,6.232889561225582
18071,produzca a,2,6.638354669333745
18072,produzca a consecuencia,3,6.638354669333745
18073,produzca o,2,6.638354669333745
18074,produzca o pueda,3,6.638354669333745
18075,profundidad,1,6.638354669333745
18076,profundidad de,2,6.638354669333745
18077,profundidad de al,3,6.638354669333745
18078,programa,1,4.073405311872209
18079,programa de,2,4.286979412170268
18080,programa de aspirado,3,5.722063937459591
18081,programa de calefacción,3,6.638354669333745
18082,programa de capacitación,3,6.638354669333745
18083,programa de compensación,3,5.539742380665636
18084,programa de estabilización,3,6.638354669333745
18085,programa de fiscalización,3,6.232889561225582
18086,programa de implementación,3,6.638354669333745
18087,programa de incentivos,3,6.638354669333745
18088,programa de información,3,6.638354669333745
18089,programa de minimización,3,6.638354669333745
18090,programa de reducción,3,6.638354669333745
18091,programa de regulación,3,6.638354669333745
18092,programa de seguimiento,3,6.638354669333745
18093,programa de vialidad,3,6.638354669333745
18094,programa deberá,2,6.638354669333745
18095,programa deberá implementarse,3,6.638354669333745
18096,programa integral,2,6.638354669333745
18097,programa integral en,3,6.638354669333745
18098,programa para,2,6.232889561225582
18099,programa para la,3,6.232889561225582
18100,programa preliminar,2,6.638354669333745
18101,programa preliminar de,3,6.638354669333745
18102,programa se,2,6.638354669333745
18103,programa se desarrollará,3,6.638354669333745
18104,programado,1,6.638354669333745
18105,programado de,2,6.638354669333745
18106,programado de la,3,6.638354669333745
18107,programas,1,5.134277272557472
18108,programas de,2,5.722063937459591
18109,programas de compensación,3,5.945207488773801
18110,programas de vivienda,3,6.638354669333745
18111,programas habitacionales,2,6.638354669333745
18112,programas habitacionales financiados,3,6.638354669333745
18113,programas relativos,2,6.638354669333745
18114,programas relativos a,3,6.638354669333745
18115,programas y,2,6.638354669333745
18116,programas y acciones,3,6.638354669333745
18117,programe,1,6.638354669333745
18118,programe una,2,6.638354669333745
18119,programe una pre,3,6.638354669333745
18120,programáticas,1,6.638354669333745
18121,programáticas orientadas,2,6.638354669333745
18122,programáticas orientadas a,3,6.638354669333745
18123,progresivamente,1,6.638354669333745
18124,progresivamente vehículos,2,6.638354669333745
18125,progresivamente vehículos más,3,6.638354669333745
18126,prohibiciones,1,6.638354669333745
18127,prohibiciones relativas,2,6.638354669333745
18128,prohibiciones relativas al,3,6.638354669333745
18129,prohibición,1,5.385591700838378
18130,prohibición a,2,6.638354669333745
18131,prohibición a vehículos,3,6.638354669333745
18132,prohibición de,2,5.539742380665636
18133,prohibición de circulación,3,6.638354669333745
18134,prohibición de estacionamiento,3,6.638354669333745
18135,prohibición de funcionamiento,3,6.638354669333745
18136,prohibición de realizar,3,6.638354669333745
18137,prohibición de uso,3,6.638354669333745
18138,prohibirá,1,6.638354669333745
18139,prohibirá el,2,6.638354669333745
18140,prohibirá el uso,3,6.638354669333745
18141,prohíbe,1,5.134277272557472
18142,prohíbe el,2,5.945207488773801
18143,prohíbe el uso,3,5.945207488773801
18144,prohíbe en,2,5.945207488773801
18145,prohíbe en la,3,5.945207488773801
18146,prohíbe la,2,6.232889561225582
18147,prohíbe la distribución,3,6.638354669333745
18148,prohíbe la operación,3,6.638354669333745
18149,prohíben,1,6.638354669333745
18150,prohíben las,2,6.638354669333745
18151,prohíben las emisiones,3,6.638354669333745
18152,promedia,1,6.638354669333745
18153,promedia el,2,6.638354669333745
18154,promedia el dato,3,6.638354669333745
18155,promedio,1,5.945207488773801
18156,promedio de,2,6.638354669333745
18157,promedio de 24,3,6.638354669333745
18158,promedio móvil,2,6.638354669333745
18159,promedio móvil de,3,6.638354669333745
18160,promedio trianual,2,6.638354669333745
18161,promedio trianual de,3,6.638354669333745
18162,promedios,1,5.945207488773801
18163,promedios anuales,2,6.638354669333745
18164,promedios anuales en,3,6.638354669333745
18165,promedios de,2,6.638354669333745
18166,promedios de 24,3,6.638354669333745
18167,promedios horarios,2,6.638354669333745
18168,promedios horarios en,3,6.638354669333745
18169,promedios móviles,2,6.638354669333745
18170,promedios móviles de,3,6.638354669333745
18171,promoción,1,6.638354669333745
18172,promoción y,2,6.638354669333745
18173,promoción y aplicación,3,6.638354669333745
18174,promover,1,5.945207488773801
18175,promover buenas,2,6.638354669333745
18176,promover buenas prácticas,3,6.638354669333745
18177,promover conductas,2,6.638354669333745
18178,promover conductas tendientes,3,6.638354669333745
18179,promover la,2,6.638354669333745
18180,promover la incorporación,3,6.638354669333745
18181,promoverá,1,6.638354669333745
18182,promoverá la,2,6.638354669333745
18183,promoverá la mantención,3,6.638354669333745
18184,promoverán,1,6.638354669333745
18185,promoverán el,2,6.638354669333745
18186,promoverán el establecimiento,3,6.638354669333745
18187,pronunció,1,6.638354669333745
18188,pronunció favorablemente,2,6.638354669333745
18189,pronunció favorablemente sobre,3,6.638354669333745
18190,pronóstico,1,5.945207488773801
18191,pronóstico de,2,6.232889561225582
18192,pronóstico de calidad,3,6.638354669333745
18193,pronóstico de la,3,6.638354669333745
18194,pronóstico de los,3,6.638354669333745
18195,pronóstico que,2,6.232889561225582
18196,pronóstico que asegure,3,6.638354669333745
18197,pronóstico que corresponde,3,6.638354669333745
18198,pronóstico respecto,2,6.638354669333745
18199,pronóstico respecto a,3,6.638354669333745
18200,propenda,1,6.638354669333745
18201,propenda al,2,6.638354669333745
18202,propenda al cumplimiento,3,6.638354669333745
18203,propia,1,6.638354669333745
18204,propia y,2,6.638354669333745
18205,propia y la,3,6.638354669333745
18206,propiedad,1,6.638354669333745
18207,propiedad se,2,6.638354669333745
18208,propiedad se aceptará,3,6.638354669333745
18209,propiedades,1,6.638354669333745
18210,propiedades de,2,6.638354669333745
18211,propiedades de los,3,6.638354669333745
18212,propietario,1,6.638354669333745
18213,propietario modelo,2,6.638354669333745
18214,propietario modelo año,3,6.638354669333745
18215,propondrá,1,6.232889561225582
18216,propondrá el,2,6.638354669333745
18217,propondrá el rediseño,3,6.638354669333745
18218,propondrá en,2,6.638354669333745
18219,propondrá en un,3,6.638354669333745
18220,propondrán,1,6.638354669333745
18221,propondrán acciones,2,6.638354669333745
18222,propondrán acciones que,3,6.638354669333745
18223,proponga,1,6.638354669333745
18224,proponga utilizar,2,6.638354669333745
18225,proponga utilizar compensación,3,6.638354669333745
18226,proporciona,1,6.638354669333745
18227,proporciona un,2,6.638354669333745
18228,proporciona un servicio,3,6.638354669333745
18229,propuesta,1,6.638354669333745
18230,propuesta del,2,6.638354669333745
18231,propuesta del programa,3,6.638354669333745
18232,propuestas,1,5.2520603082138555
18233,propuestas en,2,6.232889561225582
18234,propuestas en el,3,6.232889561225582
18235,propuestas están,2,6.638354669333745
18236,propuestas están orientadas,3,6.638354669333745
18237,propuestas no,2,6.638354669333745
18238,propuestas no respondan,3,6.638354669333745
18239,propuestas permitirán,2,6.638354669333745
18240,propuestas permitirán cumplir,3,6.638354669333745
18241,propuestas regulatorias,2,6.638354669333745
18242,propuestas regulatorias que,3,6.638354669333745
18243,propuesto,1,6.638354669333745
18244,propuesto por,2,6.638354669333745
18245,propuesto por la,3,6.638354669333745
18246,propuestos,1,6.638354669333745
18247,propulsados,1,6.638354669333745
18248,propulsados exclusivamente,2,6.638354669333745
18249,propulsados exclusivamente con,3,6.638354669333745
18250,propulsión,1,6.638354669333745
18251,propulsión de,2,6.638354669333745
18252,propulsión de automotores,3,6.638354669333745
18253,propósito,1,6.232889561225582
18254,propósito de,2,6.638354669333745
18255,propósito de complementar,3,6.638354669333745
18256,protección,1,5.722063937459591
18257,protección ambiental,2,5.945207488773801
18258,protección ambiental de,3,5.945207488773801
18259,protocolo,1,6.232889561225582
18260,protocolo de,2,6.638354669333745
18261,protocolo de certificación,3,6.638354669333745
18262,protocolo para,2,6.638354669333745
18263,protocolo para el,3,6.638354669333745
18264,protocolos,1,5.539742380665636
18265,protocolos correspondientes,2,6.638354669333745
18266,protocolos de,2,6.638354669333745
18267,protocolos de la,3,6.638354669333745
18268,protocolos indicados,2,6.638354669333745
18269,protocolos indicados en,3,6.638354669333745
18270,protocolos para,2,6.638354669333745
18271,protocolos para que,3,6.638354669333745
18272,protocolos y,2,6.638354669333745
18273,protocolos y límites,3,6.638354669333745
18274,proveedor,1,6.638354669333745
18275,proveedor en,2,6.638354669333745
18276,proveedor en todo,3,6.638354669333745
18277,provenga,1,6.638354669333745
18278,provenga de,2,6.638354669333745
18279,provenga de producción,3,6.638354669333745
18280,provenientes,1,5.722063937459591
18281,provenientes de,2,6.232889561225582
18282,provenientes de la,3,6.638354669333745
18283,provenientes de maquinaria,3,6.638354669333745
18284,provenientes del,2,6.232889561225582
18285,provenientes del sistema,3,6.232889561225582
18286,provincia,1,5.722063937459591
18287,provincia de,2,5.722063937459591
18288,provincia de santiago,3,5.722063937459591
18289,provisto,1,6.232889561225582
18290,provisto de,2,6.232889561225582
18291,provisto de un,3,6.232889561225582
18292,proyecciones,1,6.638354669333745
18293,proyecciones censo,2,6.638354669333745
18294,proyecciones censo 2002,3,6.638354669333745
18295,proyectado,1,6.638354669333745
18296,proyectado según,2,6.638354669333745
18297,proyectado según poder,3,6.638354669333745
18298,proyecto,1,5.134277272557472
18299,proyecto definitivo,2,6.232889561225582
18300,proyecto definitivo del,3,6.638354669333745
18301,proyecto definitivo se,3,6.638354669333745
18302,proyecto está,2,6.638354669333745
18303,proyecto está obligado,3,6.638354669333745
18304,proyecto exceptuando,2,6.638354669333745
18305,proyecto exceptuando aquellas,3,6.638354669333745
18306,proyecto o,2,6.232889561225582
18307,proyecto o actividad,3,6.232889561225582
18308,proyecto que,2,6.638354669333745
18309,proyecto que se,3,6.638354669333745
18310,proyectos,1,4.692444520278432
18311,proyectos de,2,6.638354669333745
18312,proyectos de obras,3,6.638354669333745
18313,proyectos evaluados,2,6.638354669333745
18314,proyectos evaluados que,3,6.638354669333745
18315,proyectos existentes,2,5.945207488773801
18316,proyectos existentes que,3,5.945207488773801
18317,proyectos inmobiliarios,2,6.638354669333745
18318,proyectos inmobiliarios también,3,6.638354669333745
18319,proyectos o,2,5.539742380665636
18320,proyectos o actividades,3,5.722063937459591
18321,proyectos o modificaciones,3,6.638354669333745
18322,proyectos que,2,6.232889561225582
18323,proyectos que con,3,6.638354669333745
18324,proyectos que ingresen,3,6.638354669333745
18325,proyectos y,2,5.945207488773801
18326,proyectos y actividades,3,6.638354669333745
18327,proyectos y o,3,6.232889561225582
18328,prueba,1,6.638354669333745
18329,prueba en,2,6.638354669333745
18330,prueba en laboratorio,3,6.638354669333745
18331,pruebas,1,6.638354669333745
18332,pruebas experimentales,2,6.638354669333745
18333,pruebas experimentales temporales,3,6.638354669333745
18334,práctica,1,6.638354669333745
18335,práctica el,2,6.638354669333745
18336,práctica el que,3,6.638354669333745
18337,prácticamente,1,6.638354669333745
18338,prácticamente se,2,6.638354669333745
18339,prácticamente se mantiene,3,6.638354669333745
18340,prácticas,1,6.638354669333745
18341,prácticas en,2,6.638354669333745
18342,prácticas en el,3,6.638354669333745
18343,publicación,1,5.539742380665636
18344,publicación de,2,6.232889561225582
18345,publicación de esta,3,6.638354669333745
18346,publicación de la,3,6.638354669333745
18347,publicación del,2,6.232889561225582
18348,publicación del mismo,3,6.638354669333745
18349,publicación del presente,3,6.638354669333745
18350,publicación en,2,6.638354669333745
18351,publicación en el,3,6.638354669333745
18352,publicada,1,6.232889561225582
18353,publicada en,2,6.232889561225582
18354,publicada en el,3,6.232889561225582
18355,publicado,1,5.385591700838378
18356,publicado anualmente,2,6.638354669333745
18357,publicado anualmente en,3,6.638354669333745
18358,publicado en,2,5.539742380665636
18359,publicado en el,3,5.539742380665636
18360,publicar,1,6.638354669333745
18361,publicar una,2,6.638354669333745
18362,publicar una lista,3,6.638354669333745
18363,publique,1,6.638354669333745
18364,publique en,2,6.638354669333745
18365,publique en el,3,6.638354669333745
18366,pueda,1,6.232889561225582
18367,pueda cuantificar,2,6.638354669333745
18368,pueda cuantificar con,3,6.638354669333745
18369,pueda producir,2,6.638354669333745
18370,pueda producir emisiones,3,6.638354669333745
18371,puedan,1,4.7665524924321545
18372,puedan combustionar,2,6.638354669333745
18373,puedan combustionar leña,3,6.638354669333745
18374,puedan cumplir,2,6.638354669333745
18375,puedan cumplir con,3,6.638354669333745
18376,puedan desarrollar,2,6.638354669333745
18377,puedan desarrollar organismos,3,6.638354669333745
18378,puedan ser,2,6.232889561225582
18379,puedan ser incorporadas,3,6.638354669333745
18380,puedan ser mantenidos,3,6.638354669333745
18381,puedan tener,2,6.638354669333745
18382,puedan tener repercusiones,3,6.638354669333745
18383,puedan utilizar,2,5.385591700838378
18384,puedan utilizar leña,3,5.385591700838378
18385,puede,1,5.028916756899646
18386,puede combustionar,2,5.539742380665636
18387,puede combustionar combustibles,3,6.638354669333745
18388,puede combustionar leña,3,5.722063937459591
18389,puede observar,2,6.232889561225582
18390,puede observar en,3,6.232889561225582
18391,puede presentar,2,6.638354669333745
18392,puede presentar un,3,6.638354669333745
18393,puede suministrar,2,6.638354669333745
18394,puede suministrar un,3,6.638354669333745
18395,pueden,1,5.722063937459591
18396,pueden constatar,2,6.638354669333745
18397,pueden constatar cambios,3,6.638354669333745
18398,pueden demostrar,2,6.638354669333745
18399,pueden demostrar que,3,6.638354669333745
18400,pueden ser,2,6.638354669333745
18401,pueden ser comercializados,3,6.638354669333745
18402,pueden señalar,2,6.638354669333745
18403,pueden señalar que,3,6.638354669333745
18404,puente,1,5.539742380665636
18405,puente alto,2,5.539742380665636
18406,puente alto respecto,3,6.232889561225582
18407,puente alto y,3,5.945207488773801
18408,puesto,1,6.638354669333745
18409,puesto en,2,6.638354669333745
18410,puesto en marcha,3,6.638354669333745
18411,pulmonar,1,6.638354669333745
18412,pulmonar inflamación,2,6.638354669333745
18413,pulmonar inflamación sistémica,3,6.638354669333745
18414,pulmonar obstructiva,2,6.638354669333745
18415,pulmonar obstructiva crónica,3,6.638354669333745
18416,pulverizada,1,6.638354669333745
18417,pulverizada sin,2,6.638354669333745
18418,pulverizada sin tratar,3,6.638354669333745
18419,punto,1,6.232889561225582
18420,punto 17,2,6.638354669333745
18421,punto 17 debiendo,3,6.638354669333745
18422,punto de,2,6.638354669333745
18423,punto de vista,3,6.638354669333745
18424,puntos,1,6.638354669333745
18425,puntos de,2,6.638354669333745
18426,puntos de transferencia,3,6.638354669333745
18427,puntuales,1,6.232889561225582
18428,puntuales y,2,6.232889561225582
18429,puntuales y grupales,3,6.232889561225582
18430,purinero,1,6.638354669333745
18431,purinero deberán,2,6.638354669333745
18432,purinero deberán implementar,3,6.638354669333745
18433,purín,1,6.232889561225582
18434,purín o,2,6.638354669333745
18435,purín o en,3,6.638354669333745
18436,purín según,2,6.638354669333745
18437,purín según se,3,6.638354669333745
18438,página,1,6.232889561225582
18439,página web,2,6.232889561225582
18440,página web del,3,6.638354669333745
18441,página web el,3,6.638354669333745
18442,páginas,1,6.638354669333745
18443,páginas web,2,6.638354669333745
18444,páginas web de,3,6.638354669333745
18445,pérdida,1,5.945207488773801
18446,pérdida de,2,5.945207488773801
18447,pérdida de la,3,5.945207488773801
18448,pública,1,5.945207488773801
18449,pública de,2,6.638354669333745
18450,pública de vehículos,3,6.638354669333745
18451,pública deberá,2,6.638354669333745
18452,pública deberá coordinar,3,6.638354669333745
18453,pública o,2,6.638354669333745
18454,pública o particulares,3,6.638354669333745
18455,públicas,1,5.2520603082138555
18456,públicas de,2,6.232889561225582
18457,públicas de la,3,6.232889561225582
18458,públicas el,2,6.232889561225582
18459,públicas el ministerio,3,6.232889561225582
18460,públicas las,2,6.638354669333745
18461,públicas las medidas,3,6.638354669333745
18462,públicas y,2,6.232889561225582
18463,públicas y las,3,6.638354669333745
18464,públicas y privadas,3,6.638354669333745
18465,público,1,5.134277272557472
18466,público de,2,6.638354669333745
18467,público de pasajeros,3,6.638354669333745
18468,público en,2,6.638354669333745
18469,público en un,3,6.638354669333745
18470,público fortaleciendo,2,6.638354669333745
18471,público fortaleciendo la,3,6.638354669333745
18472,público metropolitano,2,6.638354669333745
18473,público metropolitano dtpm,3,6.638354669333745
18474,público privada,2,6.638354669333745
18475,público privada con,3,6.638354669333745
18476,público y,2,6.638354669333745
18477,público y un,3,6.638354669333745
18478,público17,1,6.638354669333745
18479,públicos,1,5.385591700838378
18480,públicos deberán,2,6.232889561225582
18481,públicos deberán anualmente,3,6.638354669333745
18482,públicos deberán informar,3,6.638354669333745
18483,públicos en,2,6.232889561225582
18484,públicos en aquellas,3,6.638354669333745
18485,públicos en el,3,6.638354669333745
18486,públicos privados,2,6.638354669333745
18487,públicos privados y,3,6.638354669333745
18488,públicos y,2,6.638354669333745
18489,públicos y privados,3,6.638354669333745
18490,que,1,1.7330798908953162
18491,que abre,2,6.638354669333745
18492,que abre la,3,6.638354669333745
18493,que actualmente,2,6.638354669333745
18494,que actualmente implementa,3,6.638354669333745
18495,que adicionalmente,2,6.638354669333745
18496,que adicionalmente contribuirán,3,6.638354669333745
18497,que adopte,2,5.945207488773801
18498,que adopte dicha,3,5.945207488773801
18499,que afecta,2,6.638354669333745
18500,que afecta la,3,6.638354669333745
18501,que alberga,2,6.638354669333745
18502,que alberga a,3,6.638354669333745
18503,que almacenen,2,6.638354669333745
18504,que almacenen combustibles,3,6.638354669333745
18505,que apoye,2,6.638354669333745
18506,que apoye tales,3,6.638354669333745
18507,que aprueba,2,6.232889561225582
18508,que aprueba el,3,6.232889561225582
18509,que apruebe,2,6.638354669333745
18510,que apruebe los,3,6.638354669333745
18511,que arrojó,2,6.638354669333745
18512,que arrojó el,3,6.638354669333745
18513,que asegure,2,6.232889561225582
18514,que asegure dicho,3,6.638354669333745
18515,que asegure una,3,6.638354669333745
18516,que aseguren,2,6.638354669333745
18517,que aseguren la,3,6.638354669333745
18518,que ayuda,2,6.638354669333745
18519,que ayuda a,3,6.638354669333745
18520,que cede,2,6.638354669333745
18521,que cede emisiones,3,6.638354669333745
18522,que cierren,2,6.638354669333745
18523,que cierren o,3,6.638354669333745
18524,que circulen,2,6.638354669333745
18525,que circulen por,3,6.638354669333745
18526,que combustiona,2,5.539742380665636
18527,que combustiona o,3,5.539742380665636
18528,que combustionen,2,6.638354669333745
18529,que combustionen o,3,6.638354669333745
18530,que con,2,6.638354669333745
18531,que con posterioridad,3,6.638354669333745
18532,que conforme,2,6.638354669333745
18533,que conforme a,3,6.638354669333745
18534,que conlleva,2,6.638354669333745
18535,que conlleva co,3,6.638354669333745
18536,que conocidamente,2,6.638354669333745
18537,que conocidamente será,3,6.638354669333745
18538,que considere,2,5.945207488773801
18539,que considere las,3,6.638354669333745
18540,que considere todas,3,6.638354669333745
18541,que considere una,3,6.638354669333745
18542,que consideren,2,6.638354669333745
18543,que consideren la,3,6.638354669333745
18544,que consta,2,6.638354669333745
18545,que consta de,3,6.638354669333745
18546,que contenga,2,6.638354669333745
18547,que contenga nombre,3,6.638354669333745
18548,que continúan,2,6.638354669333745
18549,que continúan como,3,6.638354669333745
18550,que convoque,2,6.638354669333745
18551,que convoque el,3,6.638354669333745
18552,que corresponda,2,6.232889561225582
18553,que corresponda las,3,6.232889561225582
18554,que correspondan,2,6.638354669333745
18555,que corresponde,2,5.945207488773801
18556,que corresponde a,3,6.232889561225582
18557,que corresponde al,3,6.638354669333745
18558,que cuente,2,6.638354669333745
18559,que cuente con,3,6.638354669333745
18560,que cuenten,2,5.945207488773801
18561,que cuenten con,3,5.945207488773801
18562,que cumplan,2,5.722063937459591
18563,que cumplan con,3,5.945207488773801
18564,que cumplan los,3,6.638354669333745
18565,que da,2,6.638354669333745
18566,que da inicio,3,6.638354669333745
18567,que de,2,5.945207488773801
18568,que de acuerdo,3,6.232889561225582
18569,que de no,3,6.638354669333745
18570,que deban,2,6.232889561225582
18571,que deban compensar,3,6.638354669333745
18572,que deban ingresar,3,6.638354669333745
18573,que deberá,2,5.539742380665636
18574,que deberá autorizar,3,6.638354669333745
18575,que deberá contar,3,6.638354669333745
18576,que deberá contemplar,3,6.638354669333745
18577,que deberá orientarse,3,6.638354669333745
18578,que deberá ser,3,6.638354669333745
18579,que deberán,2,6.638354669333745
18580,que deberán implementar,3,6.638354669333745
18581,que debidamente,2,6.638354669333745
18582,que debidamente agregados,3,6.638354669333745
18583,que declara,2,6.638354669333745
18584,que declara zona,3,6.638354669333745
18585,que declaró,2,6.638354669333745
18586,que declaró zona,3,6.638354669333745
18587,que defina,2,6.638354669333745
18588,que defina el,3,6.638354669333745
18589,que definen,2,6.638354669333745
18590,que definen situaciones,3,6.638354669333745
18591,que definirá,2,6.232889561225582
18592,que definirá actividades,3,6.638354669333745
18593,que definirá la,3,6.638354669333745
18594,que demuestre,2,6.638354669333745
18595,que demuestre que,3,6.638354669333745
18596,que dicha,2,6.638354669333745
18597,que dicha superintendencia,3,6.638354669333745
18598,que dichas,2,6.232889561225582
18599,que dichas medidas,3,6.232889561225582
18600,que dio,2,6.638354669333745
18601,que dio inicio,3,6.638354669333745
18602,que dispongan,2,6.638354669333745
18603,que dispongan de,3,6.638354669333745
18604,que dé,2,6.638354669333745
18605,que dé cuenta,3,6.638354669333745
18606,que ejecuten,2,6.638354669333745
18607,que ejecuten los,3,6.638354669333745
18608,que el,2,4.558913127653909
18609,que el 38,3,6.638354669333745
18610,que el consejo,3,6.638354669333745
18611,que el cumplimiento,3,6.638354669333745
18612,que el encendido,3,6.638354669333745
18613,que el fabricante,3,6.638354669333745
18614,que el factor,3,6.638354669333745
18615,que el grado,3,6.638354669333745
18616,que el mp2,3,6.638354669333745
18617,que el petróleo,3,6.638354669333745
18618,que el plan,3,6.638354669333745
18619,que el productor,3,6.638354669333745
18620,que el programa,3,6.638354669333745
18621,que el proyecto,3,6.232889561225582
18622,que el tipo,3,6.638354669333745
18623,que emplean,2,6.638354669333745
18624,que emplean calefacción,3,6.638354669333745
18625,que en,2,5.2520603082138555
18626,que en adelante,3,6.638354669333745
18627,que en base,3,6.638354669333745
18628,que en cambio,3,6.638354669333745
18629,que en cualquiera,3,6.638354669333745
18630,que en el,3,6.638354669333745
18631,que en este,3,6.638354669333745
18632,que en los,3,6.638354669333745
18633,que encierran,2,6.638354669333745
18634,que encierran hacia,3,6.638354669333745
18635,que entra,2,5.945207488773801
18636,que entra en,3,5.945207488773801
18637,que entre,2,6.232889561225582
18638,que entre en,3,6.232889561225582
18639,que es,2,6.232889561225582
18640,que es comercializado,3,6.638354669333745
18641,que es del,3,6.638354669333745
18642,que establece,2,5.385591700838378
18643,que establece el,3,5.945207488773801
18644,que establece la,3,6.638354669333745
18645,que establece norma,3,6.232889561225582
18646,que establezca,2,6.232889561225582
18647,que establezca la,3,6.638354669333745
18648,que establezca para,3,6.638354669333745
18649,que estuvieran,2,6.638354669333745
18650,que estuvieran siendo,3,6.638354669333745
18651,que está,2,6.638354669333745
18652,que está sujeta,3,6.638354669333745
18653,que esté,2,6.638354669333745
18654,que esté sujeto,3,6.638354669333745
18655,que estén,2,6.232889561225582
18656,que estén dadas,3,6.638354669333745
18657,que estén destinados,3,6.638354669333745
18658,que eviten,2,6.638354669333745
18659,que eviten el,3,6.638354669333745
18660,que excluyan,2,6.638354669333745
18661,que excluyan el,3,6.638354669333745
18662,que faltan,2,6.638354669333745
18663,que faltan para,3,6.638354669333745
18664,que fija,2,5.945207488773801
18665,que fija el,3,6.638354669333745
18666,que fija nuevo,3,6.232889561225582
18667,que fije,2,6.638354669333745
18668,que fije al,3,6.638354669333745
18669,que finalmente,2,6.638354669333745
18670,que finalmente el,3,6.638354669333745
18671,que forman,2,6.638354669333745
18672,que forman parte,3,6.638354669333745
18673,que fue,2,5.722063937459591
18674,que fue acumulado,3,5.945207488773801
18675,que fue revisado,3,6.638354669333745
18676,que funciona,2,6.638354669333745
18677,que funciona en,3,6.638354669333745
18678,que generen,2,6.232889561225582
18679,que generen el,3,6.638354669333745
18680,que generen una,3,6.638354669333745
18681,que habitualmente,2,5.945207488773801
18682,que habitualmente realizan,3,5.945207488773801
18683,que han,2,6.232889561225582
18684,que han permitido,3,6.638354669333745
18685,que han sido,3,6.638354669333745
18686,que hayan,2,6.232889561225582
18687,que hayan avanzado,3,6.638354669333745
18688,que hayan elaborado,3,6.638354669333745
18689,que hayan sido,3,6.638354669333745
18690,que identifica,2,6.638354669333745
18691,que identifica la,3,6.638354669333745
18692,que impacten,2,6.638354669333745
18693,que impacten positivamente,3,6.638354669333745
18694,que impliquen,2,5.945207488773801
18695,que impliquen menor,3,5.945207488773801
18696,que incida,2,6.638354669333745
18697,que incida en,3,6.638354669333745
18698,que incorpora,2,6.638354669333745
18699,que incorpora al,3,6.638354669333745
18700,que independiente,2,6.638354669333745
18701,que independiente de,3,6.638354669333745
18702,que indique,2,6.638354669333745
18703,que indique que,3,6.638354669333745
18704,que informará,2,6.638354669333745
18705,que informará a,3,6.638354669333745
18706,que ingresen,2,5.722063937459591
18707,que ingresen al,3,5.722063937459591
18708,que inicia,2,6.232889561225582
18709,que inicia operaciones,3,6.232889561225582
18710,que invalide,2,6.638354669333745
18711,que invalide los,3,6.638354669333745
18712,que la,2,5.028916756899646
18713,que la caldera,3,6.638354669333745
18714,que la implementación,3,6.638354669333745
18715,que la población,3,6.638354669333745
18716,que la rebaja,3,6.638354669333745
18717,que la red,3,6.638354669333745
18718,que la reemplace,3,6.638354669333745
18719,que la región,3,5.945207488773801
18720,que las,2,5.945207488773801
18721,que las ha,3,6.638354669333745
18722,que las indicadas,3,6.638354669333745
18723,que las medidas,3,6.638354669333745
18724,que le,2,6.638354669333745
18725,que le sea,3,6.638354669333745
18726,que lo,2,6.232889561225582
18727,que lo reemplace,3,6.638354669333745
18728,que lo superen,3,6.638354669333745
18729,que los,2,5.2520603082138555
18730,que los afectan,3,6.638354669333745
18731,que los antecedentes,3,6.638354669333745
18732,que los derivados,3,6.638354669333745
18733,que los esfuerzos,3,6.638354669333745
18734,que los resultados,3,6.232889561225582
18735,que los titulares,3,6.638354669333745
18736,que mejoran,2,6.638354669333745
18737,que mejoran la,3,6.638354669333745
18738,que modulan,2,6.638354669333745
18739,que modulan la,3,6.638354669333745
18740,que muestran,2,6.638354669333745
18741,que muestran una,3,6.638354669333745
18742,que no,2,4.11262602502549
18743,que no correspondan,3,6.232889561225582
18744,que no cumplan,3,5.945207488773801
18745,que no fueron,3,6.638354669333745
18746,que no han,3,6.638354669333745
18747,que no pertenecen,3,6.638354669333745
18748,que no posean,3,6.638354669333745
18749,que no produciendo,3,6.638354669333745
18750,que no represente,3,6.638354669333745
18751,que no se,3,6.232889561225582
18752,que no sea,3,5.028916756899646
18753,que no sean,3,6.638354669333745
18754,que no utilicen,3,6.638354669333745
18755,que obtengan,2,6.638354669333745
18756,que obtengan resolución,3,6.638354669333745
18757,que ocurren,2,6.638354669333745
18758,que ocurren durante,3,6.638354669333745
18759,que operen,2,6.232889561225582
18760,que operen en,3,6.232889561225582
18761,que ordenó,2,6.638354669333745
18762,que ordenó su,3,6.638354669333745
18763,que originan,2,6.232889561225582
18764,que originan situaciones,3,6.232889561225582
18765,que para,2,6.638354669333745
18766,que para acreditar,3,6.638354669333745
18767,que participan,2,6.638354669333745
18768,que participan en,3,6.638354669333745
18769,que permita,2,5.385591700838378
18770,que permita acreditar,3,6.638354669333745
18771,que permita definir,3,6.638354669333745
18772,que permita establecer,3,6.232889561225582
18773,que permita regular,3,6.638354669333745
18774,que permita verificar,3,6.638354669333745
18775,que permitan,2,5.2520603082138555
18776,que permitan asegurar,3,6.638354669333745
18777,que permitan capturar,3,6.638354669333745
18778,que permitan cuantificar,3,6.638354669333745
18779,que permitan estimar,3,6.232889561225582
18780,que permitan ir,3,6.638354669333745
18781,que permitan medir,3,6.638354669333745
18782,que permite,2,6.232889561225582
18783,que permite determinar,3,6.638354669333745
18784,que permite verificar,3,6.638354669333745
18785,que por,2,5.385591700838378
18786,que por ds,3,6.232889561225582
18787,que por resolución,3,6.232889561225582
18788,que por su,3,6.638354669333745
18789,que por tanto,3,6.638354669333745
18790,que posean,2,5.945207488773801
18791,que posean emisiones,3,6.638354669333745
18792,que posean instalaciones,3,6.638354669333745
18793,que posean método,3,6.638354669333745
18794,que posee,2,6.638354669333745
18795,que posee una,3,6.638354669333745
18796,que predominan,2,6.638354669333745
18797,que predominan los,3,6.638354669333745
18798,que presenta,2,6.232889561225582
18799,que presenta los,3,6.638354669333745
18800,que presenta resultados,3,6.638354669333745
18801,que producen,2,6.638354669333745
18802,que producen una,3,6.638354669333745
18803,que propenda,2,6.638354669333745
18804,que propenda al,3,6.638354669333745
18805,que puedan,2,5.945207488773801
18806,que puedan desarrollar,3,6.638354669333745
18807,que puedan ser,3,6.638354669333745
18808,que puedan tener,3,6.638354669333745
18809,que puede,2,6.638354669333745
18810,que puede suministrar,3,6.638354669333745
18811,que pueden,2,6.232889561225582
18812,que pueden demostrar,3,6.638354669333745
18813,que pueden ser,3,6.638354669333745
18814,que reduzcan,2,6.638354669333745
18815,que reduzcan emisiones,3,6.638354669333745
18816,que regirá,2,6.232889561225582
18817,que regirá en,3,6.638354669333745
18818,que regirá para,3,6.638354669333745
18819,que regulan,2,6.232889561225582
18820,que regulan la,3,6.638354669333745
18821,que regulan los,3,6.638354669333745
18822,que revisa,2,5.722063937459591
18823,que revisa reformula,3,5.722063937459591
18824,que rigen,2,6.638354669333745
18825,que rigen en,3,6.638354669333745
18826,que rodean,2,5.945207488773801
18827,que rodean la,3,5.945207488773801
18828,que se,2,3.1883671235021582
18829,que se adoptarán,3,6.232889561225582
18830,que se aplicará,3,6.638354669333745
18831,que se cometan,3,6.232889561225582
18832,que se deberá,3,6.638354669333745
18833,que se describen,3,6.232889561225582
18834,que se desplacen,3,6.638354669333745
18835,que se determinaron,3,6.638354669333745
18836,que se disponen,3,6.638354669333745
18837,que se distribuya,3,5.539742380665636
18838,que se distribuyan,3,6.232889561225582
18839,que se emitirán,3,6.638354669333745
18840,que se emplacen,3,6.638354669333745
18841,que se emplean,3,6.232889561225582
18842,que se encuentra,3,5.945207488773801
18843,que se encuentre,3,6.638354669333745
18844,que se encuentren,3,6.638354669333745
18845,que se establezca,3,6.638354669333745
18846,que se estiman,3,6.638354669333745
18847,que se evitarían,3,6.638354669333745
18848,que se expenden,3,6.638354669333745
18849,que se generan,3,6.638354669333745
18850,que se incluirá,3,6.638354669333745
18851,que se indica,3,6.638354669333745
18852,que se indican,3,5.945207488773801
18853,que se instala,3,6.638354669333745
18854,que se instalan,3,6.638354669333745
18855,que se instalen,3,6.638354669333745
18856,que se mantienen,3,6.638354669333745
18857,que se obtengan,3,6.638354669333745
18858,que se presentan,3,6.638354669333745
18859,que se presente,3,6.638354669333745
18860,que se presenten,3,6.232889561225582
18861,que se prevé,3,6.638354669333745
18862,que se produzca,3,6.638354669333745
18863,que se promedia,3,6.638354669333745
18864,que se pueda,3,6.638354669333745
18865,que se realicen,3,6.638354669333745
18866,que se realiza,3,6.232889561225582
18867,que se refiere,3,6.638354669333745
18868,que se refieren,3,6.232889561225582
18869,que se requiera,3,6.638354669333745
18870,que se resumen,3,6.638354669333745
18871,que se sometan,3,6.638354669333745
18872,que se suma,3,6.638354669333745
18873,que se supere,3,6.232889561225582
18874,que se traduce,3,6.638354669333745
18875,que se ubica,3,6.638354669333745
18876,que se utiliza,3,6.638354669333745
18877,que se vendan,3,6.638354669333745
18878,que sea,2,5.945207488773801
18879,que sea comercializada,3,6.638354669333745
18880,que sea necesario,3,6.638354669333745
18881,que sea verificable,3,6.638354669333745
18882,que sean,2,5.539742380665636
18883,que sean aprobados,3,6.638354669333745
18884,que sean compatibles,3,6.638354669333745
18885,que sean definidas,3,6.638354669333745
18886,que sean definidos,3,6.638354669333745
18887,que sean más,3,6.638354669333745
18888,que será,2,6.638354669333745
18889,que será comunicada,3,6.638354669333745
18890,que sitúa,2,6.638354669333745
18891,que sitúa al,3,6.638354669333745
18892,que suministren,2,6.638354669333745
18893,que suministren combustibles,3,6.638354669333745
18894,que superan,2,6.638354669333745
18895,que superan los,3,6.638354669333745
18896,que tenga,2,6.638354669333745
18897,que tenga una,3,6.638354669333745
18898,que tiene,2,5.945207488773801
18899,que tiene por,3,6.638354669333745
18900,que tiene un,3,6.638354669333745
18901,que tiene una,3,6.638354669333745
18902,que tuvo,2,6.232889561225582
18903,que tuvo como,3,6.638354669333745
18904,que tuvo la,3,6.638354669333745
18905,que un,2,6.232889561225582
18906,que un gran,3,6.638354669333745
18907,que un lote,3,6.638354669333745
18908,que usen,2,5.945207488773801
18909,que usen un,3,5.945207488773801
18910,que utilicen,2,4.4982885058374755
18911,que utilicen combustibles,3,5.945207488773801
18912,que utilicen gas,3,6.638354669333745
18913,que utilicen leña,3,5.945207488773801
18914,que utilicen motores,3,6.638354669333745
18915,que utilicen más,3,6.638354669333745
18916,que utilicen o,3,5.385591700838378
18917,que utilicen un,3,6.638354669333745
18918,que utilizan,2,6.638354669333745
18919,que utilizan un,3,6.638354669333745
18920,que ésta,2,6.638354669333745
18921,que ésta opere,3,6.638354669333745
18922,quedan,1,6.232889561225582
18923,quedan atrapados,2,6.638354669333745
18924,quedan atrapados dentro,3,6.638354669333745
18925,quedan exentos,2,6.638354669333745
18926,quedan exentos de,3,6.638354669333745
18927,quedar,1,6.638354669333745
18928,quedar contenida,2,6.638354669333745
18929,quedar contenida en,3,6.638354669333745
18930,quedará,1,6.638354669333745
18931,quedará sin,2,6.638354669333745
18932,quedará sin efecto,3,6.638354669333745
18933,quedó,1,6.638354669333745
18934,quedó estructurada,2,6.638354669333745
18935,quedó estructurada en,3,6.638354669333745
18936,quema,1,6.638354669333745
18937,quema de,2,6.638354669333745
18938,quema de rastrojos,3,6.638354669333745
18939,quemar,1,6.638354669333745
18940,quemar todo,2,6.638354669333745
18941,quemar todo tipo,3,6.638354669333745
18942,quemas,1,5.2520603082138555
18943,quemas agrícolas,2,5.385591700838378
18944,quemas agrícolas a,3,6.232889561225582
18945,quemas agrícolas e,3,6.638354669333745
18946,quemas agrícolas en,3,6.232889561225582
18947,quemas agrícolas entre,3,6.638354669333745
18948,quemas en,2,6.638354669333745
18949,quemas en cualquier,3,6.638354669333745
18950,quilicura,1,6.638354669333745
18951,quilicura puente,2,6.638354669333745
18952,quilicura puente alto,3,6.638354669333745
18953,quince,1,6.232889561225582
18954,quince minutos,2,6.232889561225582
18955,quince minutos al,3,6.232889561225582
18956,quinquies,1,6.638354669333745
18957,quinquies los,2,6.638354669333745
18958,quinquies los buses,3,6.638354669333745
18959,químicas,1,6.638354669333745
18960,químicas en,2,6.638354669333745
18961,químicas en la,3,6.638354669333745
18962,radiación,1,6.638354669333745
18963,radiación solar,2,6.638354669333745
18964,radiación solar favorecen,3,6.638354669333745
18965,radical,1,6.638354669333745
18966,radical del,2,6.638354669333745
18967,radical del transporte,3,6.638354669333745
18968,ramas,1,6.638354669333745
18969,ramas y,2,6.638354669333745
18970,ramas y otras,3,6.638354669333745
18971,ramsbottom,1,6.232889561225582
18972,ramón,1,6.638354669333745
18973,rastrojos,1,6.638354669333745
18974,rastrojos y,2,6.638354669333745
18975,rastrojos y de,3,6.638354669333745
18976,razón,1,6.638354669333745
18977,razón beneficio,2,6.638354669333745
18978,razón beneficio costo,3,6.638354669333745
18979,reacciones,1,6.638354669333745
18980,reacciones químicas,2,6.638354669333745
18981,reacciones químicas en,3,6.638354669333745
18982,reales,1,6.638354669333745
18983,reales de,2,6.638354669333745
18984,reales de modo,3,6.638354669333745
18985,realicen,1,6.638354669333745
18986,realicen en,2,6.638354669333745
18987,realicen en el,3,6.638354669333745
18988,realiza,1,6.232889561225582
18989,realiza sobre,2,6.638354669333745
18990,realiza sobre la,3,6.638354669333745
18991,realiza una,2,6.638354669333745
18992,realiza una o,3,6.638354669333745
18993,realización,1,6.232889561225582
18994,realización de,2,6.232889561225582
18995,realización de estudios,3,6.638354669333745
18996,realización de jornadas,3,6.638354669333745
18997,realizada,1,6.638354669333745
18998,realizada al,2,6.638354669333745
18999,realizada al grupo,3,6.638354669333745
19000,realizadas,1,6.232889561225582
19001,realizadas han,2,6.638354669333745
19002,realizadas han permitido,3,6.638354669333745
19003,realizadas o,2,6.638354669333745
19004,realizadas o no,3,6.638354669333745
19005,realizados,1,6.232889561225582
19006,realizados en,2,6.638354669333745
19007,realizados en la,3,6.638354669333745
19008,realizados por,2,6.638354669333745
19009,realizados por la,3,6.638354669333745
19010,realizan,1,5.945207488773801
19011,realizan durante,2,5.945207488773801
19012,realizan durante el,3,5.945207488773801
19013,realizar,1,5.028916756899646
19014,realizar el,2,5.945207488773801
19015,realizar el retiro,3,5.945207488773801
19016,realizar en,2,6.638354669333745
19017,realizar en laboratorios,3,6.638354669333745
19018,realizar la,2,6.638354669333745
19019,realizar la compensación,3,6.638354669333745
19020,realizar las,2,6.638354669333745
19021,realizar las mediciones,3,6.638354669333745
19022,realizar los,2,6.638354669333745
19023,realizar los estudios,3,6.638354669333745
19024,realizar quemas,2,6.638354669333745
19025,realizar quemas agrícolas,3,6.638354669333745
19026,realizarse,1,6.232889561225582
19027,realizarse en,2,6.638354669333745
19028,realizarse en cualquiera,3,6.638354669333745
19029,realizarse entre,2,6.638354669333745
19030,realizarse entre diversos,3,6.638354669333745
19031,realizará,1,5.722063937459591
19032,realizará a,2,6.638354669333745
19033,realizará a plena,3,6.638354669333745
19034,realizará en,2,6.638354669333745
19035,realizará en las,3,6.638354669333745
19036,realizará un,2,6.232889561225582
19037,realizará un diagnóstico,3,6.638354669333745
19038,realizará un levantamiento,3,6.638354669333745
19039,realizándolas,1,5.945207488773801
19040,realizándolas bajo,2,5.945207488773801
19041,realizándolas bajo techo,3,5.945207488773801
19042,rebaja,1,6.638354669333745
19043,rebaja permanezca,2,6.638354669333745
19044,rebaja permanezca por,3,6.638354669333745
19045,recambio,1,6.232889561225582
19046,recambio del,2,6.638354669333745
19047,recambio del sector,3,6.638354669333745
19048,recambio y,2,6.638354669333745
19049,recambio y chatarrización,3,6.638354669333745
19050,recepción,1,6.638354669333745
19051,recepción definitiva,2,6.638354669333745
19052,recepción definitiva por,3,6.638354669333745
19053,receptores,1,6.638354669333745
19054,receptores de,2,6.638354669333745
19055,receptores de las,3,6.638354669333745
19056,rechazados,1,6.638354669333745
19057,rechazados en,2,6.638354669333745
19058,rechazados en un,3,6.638354669333745
19059,recibidas,1,6.638354669333745
19060,recibidas en,2,6.638354669333745
19061,recibidas en el,3,6.638354669333745
19062,recibir,1,6.638354669333745
19063,recibir diversas,2,6.638354669333745
19064,recibir diversas formas,3,6.638354669333745
19065,recintos,1,6.638354669333745
19066,recintos o,2,6.638354669333745
19067,recintos o locales,3,6.638354669333745
19068,recipiente,1,6.638354669333745
19069,recipiente metálico,2,6.638354669333745
19070,recipiente metálico abierto,3,6.638354669333745
19071,recolección,1,6.638354669333745
19072,recolección de,2,6.638354669333745
19073,recolección de polvo,3,6.638354669333745
19074,recomendar,1,5.945207488773801
19075,recomendar modificar,2,5.945207488773801
19076,recomendar modificar la,3,5.945207488773801
19077,reconocibles,1,6.638354669333745
19078,reconocibles por,2,6.638354669333745
19079,reconocibles por la,3,6.638354669333745
19080,reconocidos,1,6.638354669333745
19081,reconocidos como,2,6.638354669333745
19082,reconocidos como válidos,3,6.638354669333745
19083,reconocimiento,1,6.638354669333745
19084,reconocimiento del,2,6.638354669333745
19085,reconocimiento del estándar,3,6.638354669333745
19086,reconstrucción,1,4.7665524924321545
19087,reconstrucción o,2,6.638354669333745
19088,reconstrucción o el,3,6.638354669333745
19089,reconstrucción publicada,2,6.232889561225582
19090,reconstrucción publicada en,3,6.232889561225582
19091,reconstrucción publicado,2,5.722063937459591
19092,reconstrucción publicado en,3,5.722063937459591
19093,reconstrucción y,2,6.638354669333745
19094,reconstrucción y resoluciones,3,6.638354669333745
19095,recopilados,1,6.638354669333745
19096,recopilados se,2,6.638354669333745
19097,recopilados se elaboró,3,6.638354669333745
19098,recorrido,1,6.638354669333745
19099,recorrido en,2,6.638354669333745
19100,recorrido en dicha,3,6.638354669333745
19101,recreación,1,6.638354669333745
19102,recuperación,1,5.385591700838378
19103,recuperación de,2,5.722063937459591
19104,recuperación de emisiones,3,6.638354669333745
19105,recuperación de vapor,3,6.232889561225582
19106,recuperación de vapores,3,6.232889561225582
19107,recuperación y,2,6.232889561225582
19108,recuperación y eliminación,3,6.638354669333745
19109,recuperación y o,3,6.638354669333745
19110,recuperar,1,6.638354669333745
19111,recuperar los,2,6.638354669333745
19112,recuperar los niveles,3,6.638354669333745
19113,recursos,1,5.945207488773801
19114,recursos en,2,6.638354669333745
19115,recursos en la,3,6.638354669333745
19116,recursos para,2,6.232889561225582
19117,recursos para la,3,6.232889561225582
19118,red,1,5.539742380665636
19119,red ha,2,6.638354669333745
19120,red ha experimentado,3,6.638354669333745
19121,red macam,2,6.232889561225582
19122,red macam incorpora,3,6.638354669333745
19123,red macam que,3,6.638354669333745
19124,red macam6,2,6.638354669333745
19125,red oficial,2,6.638354669333745
19126,red oficial de,3,6.638354669333745
19127,redes,1,6.638354669333745
19128,redes sociales,2,6.638354669333745
19129,redes sociales y,3,6.638354669333745
19130,rediseño,1,6.232889561225582
19131,rediseño de,2,6.638354669333745
19132,rediseño de la,3,6.638354669333745
19133,rediseño del,2,6.638354669333745
19134,rediseño del sistema,3,6.638354669333745
19135,reducciones,1,5.722063937459591
19136,reducciones adicionales,2,6.232889561225582
19137,reducciones adicionales a,3,6.638354669333745
19138,reducciones adicionales requeridas,3,6.638354669333745
19139,reducciones necesarias,2,6.638354669333745
19140,reducciones podrán,2,6.638354669333745
19141,reducciones podrán realizarse,3,6.638354669333745
19142,reducción,1,3.524839360123371
19143,reducción adicional,2,6.638354669333745
19144,reducción adicional a,3,6.638354669333745
19145,reducción corresponde,2,6.638354669333745
19146,reducción corresponde a,3,6.638354669333745
19147,reducción de,2,3.8051413252775297
19148,reducción de acuerdo,3,6.638354669333745
19149,reducción de black,3,6.638354669333745
19150,reducción de concentraciones,3,6.638354669333745
19151,reducción de consumo,3,6.638354669333745
19152,reducción de emisiones,3,4.441130091997526
19153,reducción de la,3,5.722063937459591
19154,reducción de las,3,6.638354669333745
19155,reducción de los,3,6.232889561225582
19156,reducción de material,3,6.232889561225582
19157,reducción de mp,3,6.232889561225582
19158,reducción de nh,3,6.638354669333745
19159,reducción de plomo,3,6.638354669333745
19160,reducción del,2,5.945207488773801
19161,reducción del artículo,3,6.638354669333745
19162,reducción del black,3,6.638354669333745
19163,reducción del mp2,3,6.638354669333745
19164,reducción en,2,5.539742380665636
19165,reducción en emisiones,3,5.945207488773801
19166,reducción en la,3,6.638354669333745
19167,reducción en µg,3,6.638354669333745
19168,reducción exigida,2,6.232889561225582
19169,reducción exigida como,3,6.638354669333745
19170,reducción exigida en,3,6.638354669333745
19171,reducción se,2,6.638354669333745
19172,reducción se le,3,6.638354669333745
19173,reducción y,2,6.638354669333745
19174,reducción y sus,3,6.638354669333745
19175,reducir,1,5.2520603082138555
19176,reducir diferencia,2,6.638354669333745
19177,reducir diferencia entre,3,6.638354669333745
19178,reducir emisiones,2,6.638354669333745
19179,reducir gradualmente,2,6.232889561225582
19180,reducir gradualmente el,3,6.232889561225582
19181,reducir las,2,6.232889561225582
19182,reducir las emisiones,3,6.638354669333745
19183,reducir las partículas,3,6.638354669333745
19184,reducir los,2,6.638354669333745
19185,reducir los niveles,3,6.638354669333745
19186,reduzcan,1,6.638354669333745
19187,reduzcan emisiones,2,6.638354669333745
19188,reduzcan emisiones para,3,6.638354669333745
19189,reemplace,1,6.232889561225582
19190,reemplazo,1,6.638354669333745
19191,reemplazo de,2,6.638354669333745
19192,reemplazo de los,3,6.638354669333745
19193,referencia,1,5.539742380665636
19194,referencia contratos,2,6.638354669333745
19195,referencia contratos u,3,6.638354669333745
19196,referencia la,2,6.232889561225582
19197,referencia la concentración,3,6.638354669333745
19198,referencia la normativa,3,6.638354669333745
19199,referencia los,2,6.638354669333745
19200,referencia los siguientes,3,6.638354669333745
19201,referencia y,2,6.638354669333745
19202,referencia y o,3,6.638354669333745
19203,referida,1,5.945207488773801
19204,referida en,2,6.232889561225582
19205,referida en el,3,6.232889561225582
19206,referida obligación,2,6.638354669333745
19207,referida obligación de,3,6.638354669333745
19208,referidas,1,5.945207488773801
19209,referidas a,2,5.945207488773801
19210,referidas a la,3,6.232889561225582
19211,referidas a los,3,6.638354669333745
19212,referido,1,6.638354669333745
19213,referido en,2,6.638354669333745
19214,referido en la,3,6.638354669333745
19215,referidos,1,5.539742380665636
19216,referidos a,2,6.638354669333745
19217,referidos a temáticas,3,6.638354669333745
19218,referidos al,2,6.638354669333745
19219,referidos al poder,3,6.638354669333745
19220,referidos contaminantes,2,6.638354669333745
19221,referidos estén,2,6.638354669333745
19222,referidos estén disponibles,3,6.638354669333745
19223,referidos planes,2,6.638354669333745
19224,referidos planes de,3,6.638354669333745
19225,referirán,1,6.638354669333745
19226,referirán a,2,6.638354669333745
19227,referirán a 25,3,6.638354669333745
19228,refi,1,6.638354669333745
19229,refi a,2,6.638354669333745
19230,refi a la,3,6.638354669333745
19231,refiere,1,5.2520603082138555
19232,refiere a,2,5.385591700838378
19233,refiere a la,3,5.385591700838378
19234,refiere el,2,6.638354669333745
19235,refiere el artículo,3,6.638354669333745
19236,refieren,1,6.232889561225582
19237,refieren el,2,6.638354669333745
19238,refieren el artículo,3,6.638354669333745
19239,refieren los,2,6.638354669333745
19240,refieren los artículos,3,6.638354669333745
19241,reforestación,1,6.638354669333745
19242,reforestación de,2,6.638354669333745
19243,reforestación de las,3,6.638354669333745
19244,reformula,1,5.722063937459591
19245,reformula y,2,5.722063937459591
19246,reformula y actualiza,3,5.722063937459591
19247,reformulaciones,1,6.638354669333745
19248,reformulaciones pasadas,2,6.638354669333745
19249,reformulaciones pasadas se,3,6.638354669333745
19250,reformulación,1,5.539742380665636
19251,reformulación del,2,6.232889561225582
19252,reformulación del plan,3,6.232889561225582
19253,reformulación y,2,5.945207488773801
19254,reformulación y actualización,3,5.945207488773801
19255,reformulado,1,6.638354669333745
19256,reformulado mediante,2,6.638354669333745
19257,reformulado mediante el,3,6.638354669333745
19258,reformularse,1,6.638354669333745
19259,reformularse y,2,6.638354669333745
19260,reformularse y perfeccionarse,3,6.638354669333745
19261,reformuló,1,6.638354669333745
19262,reformuló y,2,6.638354669333745
19263,reformuló y actualizó,3,6.638354669333745
19264,reforzamiento,1,6.638354669333745
19265,reforzamiento del,2,6.638354669333745
19266,reforzamiento del programa,3,6.638354669333745
19267,reforzará,1,5.945207488773801
19268,reforzará el,2,5.945207488773801
19269,reforzará el programa,3,5.945207488773801
19270,refrigeración,1,6.638354669333745
19271,regional,1,4.558913127653909
19272,regional acerca,2,6.638354669333745
19273,regional acerca del,3,6.638354669333745
19274,regional coordinará,2,6.638354669333745
19275,regional coordinará un,3,6.638354669333745
19276,regional de,2,5.722063937459591
19277,regional de la,3,5.722063937459591
19278,regional en,2,6.638354669333745
19279,regional en el,3,6.638354669333745
19280,regional metropolitana,2,6.638354669333745
19281,regional metropolitana ministerios,3,6.638354669333745
19282,regional metropolitano,2,5.722063937459591
19283,regional metropolitano de,3,5.945207488773801
19284,regional metropolitano reforzará,3,6.638354669333745
19285,regional ministerial,2,5.945207488773801
19286,regional ministerial de,3,6.638354669333745
19287,regional ministerial del,3,6.232889561225582
19288,regionales,1,6.638354669333745
19289,regionales y,2,6.638354669333745
19290,regionales y o,3,6.638354669333745
19291,regir,1,6.638354669333745
19292,regir los,2,6.638354669333745
19293,regir los siguientes,3,6.638354669333745
19294,regirá,1,5.945207488773801
19295,regirá en,2,6.638354669333745
19296,regirá en la,3,6.638354669333745
19297,regirá para,2,6.232889561225582
19298,regirá para la,3,6.638354669333745
19299,regirá para los,3,6.638354669333745
19300,registro,1,5.2520603082138555
19301,registro administrado,2,6.638354669333745
19302,registro administrado por,3,6.638354669333745
19303,registro de,2,5.722063937459591
19304,registro de la,3,6.638354669333745
19305,registro de servicios,3,6.232889561225582
19306,registro de todos,3,6.638354669333745
19307,registro deberá,2,6.638354669333745
19308,registro deberá individualizar,3,6.638354669333745
19309,registro nacional,2,6.638354669333745
19310,registro nacional de,3,6.638354669333745
19311,región,1,2.9126612420970934
19312,región de,2,6.638354669333745
19313,región de valparaíso,3,6.638354669333745
19314,región del,2,6.638354669333745
19315,región del libertador,3,6.638354669333745
19316,región mediterránea,2,6.638354669333745
19317,región mediterránea que,3,6.638354669333745
19318,región metropolitana,2,2.9620539974266693
19319,región metropolitana como,3,6.638354669333745
19320,región metropolitana de,3,3.0140137363573807
19321,región metropolitana muestran,3,6.638354669333745
19322,región metropolitana previo,3,6.638354669333745
19323,región metropolitana se,3,6.638354669333745
19324,región metropolitana seremi,3,6.638354669333745
19325,región una,2,6.638354669333745
19326,región una amplia,3,6.638354669333745
19327,región y,2,6.638354669333745
19328,región y consecuente,3,6.638354669333745
19329,región éste,2,6.638354669333745
19330,región éste deberá,3,6.638354669333745
19331,reglamentaria,1,6.638354669333745
19332,reglamentaria y,2,6.638354669333745
19333,reglamentaria y siempre,3,6.638354669333745
19334,reglamento,1,6.232889561225582
19335,reglamento para,2,6.232889561225582
19336,reglamento para la,3,6.232889561225582
19337,reglas,1,6.638354669333745
19338,reglas de,2,6.638354669333745
19339,reglas de compensación,3,6.638354669333745
19340,regulaciones,1,6.232889561225582
19341,regulaciones en,2,6.638354669333745
19342,regulaciones en el,3,6.638354669333745
19343,regulaciones federales,2,6.638354669333745
19344,regulaciones federales cfr,3,6.638354669333745
19345,regulación,1,6.232889561225582
19346,regulación ambiental,2,6.638354669333745
19347,regulación ambiental 2016,3,6.638354669333745
19348,regulación en,2,6.638354669333745
19349,regulación en el,3,6.638354669333745
19350,reguladas,1,6.232889561225582
19351,reguladas por,2,6.638354669333745
19352,reguladas por el,3,6.638354669333745
19353,regulado,1,6.638354669333745
19354,regulan,1,6.232889561225582
19355,regulan la,2,6.638354669333745
19356,regulan la compensación,3,6.638354669333745
19357,regulan los,2,6.638354669333745
19358,regulan los parámetros,3,6.638354669333745
19359,regular,1,6.638354669333745
19360,regular y,2,6.638354669333745
19361,regular y fiscalizar,3,6.638354669333745
19362,regulation,1,6.638354669333745
19363,regulation o,2,6.638354669333745
19364,regulation o por,3,6.638354669333745
19365,regulation que,2,6.638354669333745
19366,regulation que en,3,6.638354669333745
19367,regulations,1,5.945207488773801
19368,regulations diesel,2,6.232889561225582
19369,regulations diesel engines,3,6.232889561225582
19370,regulations otto,2,6.638354669333745
19371,regulations otto cycle,3,6.638354669333745
19372,regulatorias,1,6.638354669333745
19373,regulatorias que,2,6.638354669333745
19374,regulatorias que puedan,3,6.638354669333745
19375,relacionadas,1,5.945207488773801
19376,relacionadas a,2,6.638354669333745
19377,relacionadas a la,3,6.638354669333745
19378,relacionadas con,2,6.232889561225582
19379,relacionadas con aquellas,3,6.638354669333745
19380,relacionadas con la,3,6.638354669333745
19381,relacionados,1,6.638354669333745
19382,relacionados a,2,6.638354669333745
19383,relacionados a inversión,3,6.638354669333745
19384,relación,1,5.539742380665636
19385,relación a,2,6.638354669333745
19386,relación a los,3,6.638354669333745
19387,relación con,2,5.945207488773801
19388,relación con el,3,6.232889561225582
19389,relación con la,3,6.638354669333745
19390,relación exposición,2,6.638354669333745
19391,relación exposición dosis,3,6.638354669333745
19392,relativas,1,6.638354669333745
19393,relativas al,2,6.638354669333745
19394,relativas al uso,3,6.638354669333745
19395,relativos,1,6.638354669333745
19396,relativos a,2,6.638354669333745
19397,relativos a la,3,6.638354669333745
19398,relevante,1,6.638354669333745
19399,relevante en,2,6.638354669333745
19400,relevante en términos,3,6.638354669333745
19401,relieves,1,6.638354669333745
19402,relieves montañosos,2,6.638354669333745
19403,relieves montañosos que,3,6.638354669333745
19404,remoción,1,5.945207488773801
19405,remoción de,2,6.232889561225582
19406,remoción de contaminantes,3,6.638354669333745
19407,remoción de nh,3,6.638354669333745
19408,remoción del,2,6.638354669333745
19409,remoción del material,3,6.638354669333745
19410,remota,1,6.638354669333745
19411,remota entre,2,6.638354669333745
19412,remota entre otros,3,6.638354669333745
19413,remover,1,6.638354669333745
19414,remover los,2,6.638354669333745
19415,remover los contaminantes,3,6.638354669333745
19416,removible,1,6.638354669333745
19417,renovables,1,6.638354669333745
19418,renovables no,2,6.638354669333745
19419,renovables no convencionales,3,6.638354669333745
19420,rentable,1,6.638354669333745
19421,rentable desde,2,6.638354669333745
19422,rentable desde el,3,6.638354669333745
19423,reparación,1,6.638354669333745
19424,reparación o,2,6.638354669333745
19425,reparación o bien,3,6.638354669333745
19426,reparto,1,6.638354669333745
19427,reparto en,2,6.638354669333745
19428,reparto en las,3,6.638354669333745
19429,repercusiones,1,6.638354669333745
19430,repercusiones sobre,2,6.638354669333745
19431,repercusiones sobre la,3,6.638354669333745
19432,reportada,1,6.638354669333745
19433,reportada el,2,6.638354669333745
19434,reportada el año,3,6.638354669333745
19435,reportado,1,6.638354669333745
19436,reportado por,2,6.638354669333745
19437,reportado por los,3,6.638354669333745
19438,reporte,1,5.945207488773801
19439,reporte de,2,6.232889561225582
19440,reporte de calidad,3,6.232889561225582
19441,reporte semanal,2,6.638354669333745
19442,reporte semanal de,3,6.638354669333745
19443,reportes,1,6.638354669333745
19444,reportes de,2,6.638354669333745
19445,reportes de cumplimiento,3,6.638354669333745
19446,representa,1,6.638354669333745
19447,representa mediante,2,6.638354669333745
19448,representa mediante el,3,6.638354669333745
19449,representan,1,6.638354669333745
19450,representan el,2,6.638354669333745
19451,representan el 67,3,6.638354669333745
19452,representantes,1,6.638354669333745
19453,representantes soliciten,2,6.638354669333745
19454,representantes soliciten al,3,6.638354669333745
19455,representatividad,1,6.638354669333745
19456,representatividad poblacional,2,6.638354669333745
19457,representatividad poblacional emrp,3,6.638354669333745
19458,represente,1,6.638354669333745
19459,represente riesgo,2,6.638354669333745
19460,represente riesgo alguno,3,6.638354669333745
19461,reproducción,1,6.232889561225582
19462,reproducción de,2,6.232889561225582
19463,reproducción de animales,3,6.232889561225582
19464,reproductoras,1,6.638354669333745
19465,reproductoras o,2,6.638354669333745
19466,reproductoras o bien,3,6.638354669333745
19467,república,1,6.638354669333745
19468,república y,2,6.638354669333745
19469,requerida,1,6.232889561225582
19470,requerida para,2,6.232889561225582
19471,requerida para el,3,6.638354669333745
19472,requerida para los,3,6.638354669333745
19473,requeridas,1,6.638354669333745
19474,requeridas para,2,6.638354669333745
19475,requeridas para cumplir,3,6.638354669333745
19476,requerimiento,1,6.638354669333745
19477,requerimiento del,2,6.638354669333745
19478,requerimiento del cliente,3,6.638354669333745
19479,requerimientos,1,6.232889561225582
19480,requerimientos asociados,2,6.638354669333745
19481,requerimientos asociados al,3,6.638354669333745
19482,requerimientos técnicos,2,6.638354669333745
19483,requerimientos técnicos de,3,6.638354669333745
19484,requería,1,6.638354669333745
19485,requería reformularse,2,6.638354669333745
19486,requería reformularse y,3,6.638354669333745
19487,requiera,1,6.638354669333745
19488,requiera para,2,6.638354669333745
19489,requiera para elaborar,3,6.638354669333745
19490,requisitos,1,4.441130091997526
19491,requisitos establecidos,2,6.232889561225582
19492,requisitos establecidos en,3,6.232889561225582
19493,requisitos generales,2,6.638354669333745
19494,requisitos para,2,6.638354669333745
19495,requisitos para el,3,6.638354669333745
19496,requisitos técnicos,2,6.638354669333745
19497,requisitos técnicos que,3,6.638354669333745
19498,residencial,1,4.4982885058374755
19499,residencial 30,2,6.638354669333745
19500,residencial a,2,6.232889561225582
19501,residencial a leña,3,6.232889561225582
19502,residencial aporta,2,6.638354669333745
19503,residencial aporta tan,3,6.638354669333745
19504,residencial e,2,6.638354669333745
19505,residencial e industrial,3,6.638354669333745
19506,residencial en,2,6.638354669333745
19507,residencial en coherencia,3,6.638354669333745
19508,residencial o,2,6.638354669333745
19509,residencial o comercial,3,6.638354669333745
19510,residencial para,2,6.638354669333745
19511,residencial para sensibilizar,3,6.638354669333745
19512,residencial que,2,5.722063937459591
19513,residencial que utilicen,3,5.722063937459591
19514,residencial y,2,6.232889561225582
19515,residencial y 95,3,6.638354669333745
19516,residencial y comercial,3,6.638354669333745
19517,residencias,1,6.638354669333745
19518,residencias que,2,6.638354669333745
19519,residencias que emplean,3,6.638354669333745
19520,residuos,1,5.945207488773801
19521,residuos en,2,6.638354669333745
19522,residuos en los,3,6.638354669333745
19523,residuos vegetales,2,6.638354669333745
19524,residuos y,2,6.638354669333745
19525,residuos y o,3,6.638354669333745
19526,resistencia,1,6.638354669333745
19527,resistencia eléctrica,2,6.638354669333745
19528,resoluciones,1,6.232889561225582
19529,resoluciones certificaciones,2,6.638354669333745
19530,resoluciones certificaciones y,3,6.638354669333745
19531,resoluciones exentas,2,6.638354669333745
19532,resoluciones exentas 961,3,6.638354669333745
19533,resolución,1,4.692444520278432
19534,resolución 600,2,6.638354669333745
19535,resolución 600 de,3,6.638354669333745
19536,resolución antes,2,6.638354669333745
19537,resolución antes de,3,6.638354669333745
19538,resolución de,2,5.945207488773801
19539,resolución de calificación,3,5.945207488773801
19540,resolución exenta,2,5.385591700838378
19541,resolución exenta 1171,3,6.232889561225582
19542,resolución exenta 177,3,6.638354669333745
19543,resolución exenta 218,3,5.945207488773801
19544,resolución exenta 569,3,6.232889561225582
19545,resolución fundada,2,6.638354669333745
19546,resolución fundada autorizar,3,6.638354669333745
19547,resolución que,2,6.232889561225582
19548,resolución que apruebe,3,6.638354669333745
19549,resolución que será,3,6.638354669333745
19550,respectiva,1,6.638354669333745
19551,respectiva solo,2,6.638354669333745
19552,respectiva solo podrá,3,6.638354669333745
19553,respectivamente,1,6.232889561225582
19554,respectivamente como,2,6.638354669333745
19555,respectivamente como promedio,3,6.638354669333745
19556,respectivamente con,2,6.638354669333745
19557,respectivamente con importantes,3,6.638354669333745
19558,respectivas,1,6.638354669333745
19559,respectivas bases,2,6.638354669333745
19560,respectivas bases administrativas,3,6.638354669333745
19561,respectivo,1,5.722063937459591
19562,respectivo certificado,2,6.638354669333745
19563,respectivo certificado de,3,6.638354669333745
19564,respectivo programa,2,6.638354669333745
19565,respectivo programa de,3,6.638354669333745
19566,respectivos,1,6.232889561225582
19567,respectivos planes,2,6.232889561225582
19568,respectivos planes de,3,6.232889561225582
19569,respecto,1,4.93360657709532
19570,respecto a,2,6.232889561225582
19571,respecto a la,3,6.638354669333745
19572,respecto a las,3,6.638354669333745
19573,respecto de,2,5.385591700838378
19574,respecto de años,3,6.638354669333745
19575,respecto de las,3,6.638354669333745
19576,respecto de los,3,5.722063937459591
19577,respecto del,2,6.232889561225582
19578,respecto del plan,3,6.638354669333745
19579,respecto del texto,3,6.638354669333745
19580,respirable,1,5.028916756899646
19581,respirable mp10,2,5.539742380665636
19582,respirable mp10 en,3,6.638354669333745
19583,respirable mp10 los,3,6.638354669333745
19584,respirable mp10 material,3,6.638354669333745
19585,respirable mp10 partículas,3,6.232889561225582
19586,respirable mp10 y,3,6.638354669333745
19587,respirable mp2,2,5.2520603082138555
19588,respirable mp2 a,3,6.638354669333745
19589,respirable mp2 como,3,5.945207488773801
19590,respirable mp2 en,3,6.638354669333745
19591,respirable mp2 los,3,6.638354669333745
19592,respirable mp2 material,3,6.638354669333745
19593,respirable mp2 ozono,3,6.638354669333745
19594,respiratorio,1,6.638354669333745
19595,respondan,1,6.638354669333745
19596,respondan a,2,6.638354669333745
19597,respondan a otras,3,6.638354669333745
19598,responsabilidad,1,6.232889561225582
19599,responsabilidad de,2,6.638354669333745
19600,responsabilidad de las,3,6.638354669333745
19601,responsable,1,6.638354669333745
19602,responsable de,2,6.638354669333745
19603,responsable de más,3,6.638354669333745
19604,responsables,1,6.638354669333745
19605,responsables de,2,6.638354669333745
19606,responsables de los,3,6.638354669333745
19607,restablecer,1,6.638354669333745
19608,restablecer la,2,6.638354669333745
19609,restablecer la estabilidad,3,6.638354669333745
19610,restricciones,1,6.232889561225582
19611,restricciones de,2,6.232889561225582
19612,restricciones de uso,3,6.232889561225582
19613,restricción,1,4.93360657709532
19614,restricción al,2,6.638354669333745
19615,restricción al ingreso,3,6.638354669333745
19616,restricción vehicular,2,5.134277272557472
19617,restricción vehicular con,3,6.638354669333745
19618,restricción vehicular durante,3,6.638354669333745
19619,restricción vehicular en,3,6.638354669333745
19620,restricción vehicular que,3,6.232889561225582
19621,restricción y,2,6.638354669333745
19622,restricción y promover,3,6.638354669333745
19623,restringida,1,6.638354669333745
19624,restringida y,2,6.638354669333745
19625,restringida y productividad,3,6.638354669333745
19626,resultado,1,6.232889561225582
19627,resultado de,2,6.638354669333745
19628,resultado de la,3,6.638354669333745
19629,resultado del,2,6.638354669333745
19630,resultado del agies,3,6.638354669333745
19631,resultados,1,4.846595200105691
19632,resultados de,2,5.385591700838378
19633,resultados de la,3,5.945207488773801
19634,resultados de las,3,6.232889561225582
19635,resultados de los,3,6.638354669333745
19636,resultados del,2,6.232889561225582
19637,resultados del estudio,3,6.638354669333745
19638,resultados del sistema,3,6.638354669333745
19639,resultados e,2,6.638354669333745
19640,resultados e información,3,6.638354669333745
19641,resultados el,2,6.638354669333745
19642,resultados el servicio,3,6.638354669333745
19643,resultados en,2,6.638354669333745
19644,resultados en los,3,6.638354669333745
19645,resultados entregados,2,6.638354669333745
19646,resultados entregados por,3,6.638354669333745
19647,resultados similares,2,6.638354669333745
19648,resultados similares o,3,6.638354669333745
19649,resumen,1,5.945207488773801
19650,resumen de,2,6.638354669333745
19651,resumen de las,3,6.638354669333745
19652,resumen el,2,6.638354669333745
19653,resumen el resultado,3,6.638354669333745
19654,resumen en,2,6.638354669333745
19655,resumen en beneficios,3,6.638354669333745
19656,retiro,1,5.2520603082138555
19657,retiro del,2,5.945207488773801
19658,retiro del guano,3,5.945207488773801
19659,retiro recambio,2,6.638354669333745
19660,retiro recambio y,3,6.638354669333745
19661,retiro total,2,5.945207488773801
19662,retiro total del,3,5.945207488773801
19663,reutilización,1,6.232889561225582
19664,reutilización del,2,6.232889561225582
19665,reutilización del guano,3,6.232889561225582
19666,revisa,1,5.722063937459591
19667,revisa reformula,2,5.722063937459591
19668,revisa reformula y,3,5.722063937459591
19669,revisado,1,6.638354669333745
19670,revisado actualizado,2,6.638354669333745
19671,revisado actualizado y,3,6.638354669333745
19672,revisión,1,5.539742380665636
19673,revisión de,2,6.638354669333745
19674,revisión de las,3,6.638354669333745
19675,revisión reformulación,2,5.945207488773801
19676,revisión reformulación y,3,5.945207488773801
19677,revisión y,2,6.638354669333745
19678,revisión y actualización,3,6.638354669333745
19679,revisó,1,6.638354669333745
19680,revisó reformuló,2,6.638354669333745
19681,revisó reformuló y,3,6.638354669333745
19682,rieles,1,6.638354669333745
19683,rieles barcos,2,6.638354669333745
19684,rieles barcos aeronaves,3,6.638354669333745
19685,riesgo,1,6.232889561225582
19686,riesgo alguno,2,6.638354669333745
19687,riesgo alguno de,3,6.638354669333745
19688,riesgo de,2,6.638354669333745
19689,riesgo de infartos,3,6.638354669333745
19690,riesgos,1,6.638354669333745
19691,riesgos en,2,6.638354669333745
19692,riesgos en la,3,6.638354669333745
19693,rigen,1,6.232889561225582
19694,rigen en,2,6.638354669333745
19695,rigen en la,3,6.638354669333745
19696,rigen por,2,6.638354669333745
19697,rigen por lo,3,6.638354669333745
19698,rigiendo,1,5.722063937459591
19699,rigiendo aquellos,2,5.945207488773801
19700,rigiendo aquellos límites,3,5.945207488773801
19701,rigiendo por,2,6.638354669333745
19702,rigiendo por las,3,6.638354669333745
19703,ringelmann,1,6.638354669333745
19704,rm,1,4.692444520278432
19705,rm deberá,2,6.232889561225582
19706,rm deberá definir,3,6.232889561225582
19707,rm diseñará,2,6.232889561225582
19708,rm diseñará dispondrá,3,6.638354669333745
19709,rm diseñará y,3,6.638354669333745
19710,rm diseñarán,2,6.638354669333745
19711,rm diseñarán e,3,6.638354669333745
19712,rm fomentará,2,6.638354669333745
19713,rm fomentará los,3,6.638354669333745
19714,rm podrá,2,5.945207488773801
19715,rm podrá recomendar,3,5.945207488773801
19716,rm que,2,6.638354669333745
19717,rm que identifica,3,6.638354669333745
19718,rm y,2,6.232889561225582
19719,rm y de,3,6.638354669333745
19720,rm y la,3,6.638354669333745
19721,roble,1,6.638354669333745
19722,roble alto,2,6.638354669333745
19723,roble alto siendo,3,6.638354669333745
19724,rodean,1,5.945207488773801
19725,rodean la,2,5.945207488773801
19726,rodean la cuenca,3,5.945207488773801
19727,rubro,1,6.638354669333745
19728,rubro y,2,6.638354669333745
19729,rubro y podrá,3,6.638354669333745
19730,ruta,1,5.385591700838378
19731,ruta 49,2,6.638354669333745
19732,ruta 49 seguido,3,6.638354669333745
19733,ruta cualquier,2,6.638354669333745
19734,ruta cualquier máquina,3,6.638354669333745
19735,ruta de,2,6.638354669333745
19736,ruta de construcción,3,6.638354669333745
19737,ruta deberá,2,6.232889561225582
19738,ruta deberá cumplir,3,6.232889561225582
19739,ruta mfr,2,6.638354669333745
19740,ruta mfr agroindustria,3,6.638354669333745
19741,rán,1,5.945207488773801
19742,rán con,2,5.945207488773801
19743,rán con los,3,5.945207488773801
19744,río,1,6.638354669333745
19745,río maipo,2,6.638354669333745
19746,río maipo que,3,6.638354669333745
19747,sa,1,6.638354669333745
19748,sag,1,6.232889561225582
19749,sag en,2,6.638354669333745
19750,sag en coordinación,3,6.638354669333745
19751,sag y,2,6.638354669333745
19752,sag y a,3,6.638354669333745
19753,salamandra,1,6.638354669333745
19754,salamandra calefactor,2,6.638354669333745
19755,salamandra calefactor de,3,6.638354669333745
19756,salamandras,1,6.638354669333745
19757,salamandras braseros,2,6.638354669333745
19758,salamandras braseros chimeneas,3,6.638354669333745
19759,saldría,1,6.638354669333745
19760,saldría de,2,6.638354669333745
19761,saldría de zona,3,6.638354669333745
19762,salir,1,6.638354669333745
19763,salir de,2,6.638354669333745
19764,salir de la,3,6.638354669333745
19765,salud,1,4.441130091997526
19766,salud como,2,6.638354669333745
19767,salud como mortalidad,3,6.638354669333745
19768,salud conductas,2,6.638354669333745
19769,salud conductas preventivas,3,6.638354669333745
19770,salud conforme,2,6.638354669333745
19771,salud conforme a,3,6.638354669333745
19772,salud cuando,2,6.638354669333745
19773,salud cuando ejecuten,3,6.638354669333745
19774,salud de,2,5.722063937459591
19775,salud de la,3,6.232889561225582
19776,salud de las,3,6.638354669333745
19777,salud de los,3,6.638354669333745
19778,salud en,2,6.638354669333745
19779,salud en otras,3,6.638354669333745
19780,salud que,2,6.232889561225582
19781,salud que establece,3,6.232889561225582
19782,salud rm,2,5.945207488773801
19783,salud rm que,3,6.638354669333745
19784,salud rm y,3,6.638354669333745
19785,salvo,1,6.638354669333745
19786,salvo autorización,2,6.638354669333745
19787,salvo autorización expresa,3,6.638354669333745
19788,san,1,5.722063937459591
19789,san bernardo,2,5.722063937459591
19790,san bernardo o,3,6.638354669333745
19791,san bernardo sólo,3,6.638354669333745
19792,san bernardo y,3,6.232889561225582
19793,sanción,1,6.232889561225582
19794,sanción en,2,6.232889561225582
19795,sanción en caso,3,6.232889561225582
19796,sanitaria,1,6.232889561225582
19797,sanitaria a,2,6.638354669333745
19798,sanitaria a un,3,6.638354669333745
19799,sanitaria dicte,2,6.638354669333745
19800,sanitaria dicte y,3,6.638354669333745
19801,santiago,1,2.854165035415485
19802,santiago a,2,5.722063937459591
19803,santiago a excepción,3,6.638354669333745
19804,santiago a fin,3,6.638354669333745
19805,santiago a partir,3,6.232889561225582
19806,santiago además,2,6.638354669333745
19807,santiago además se,3,6.638354669333745
19808,santiago aprobada,2,6.638354669333745
19809,santiago aprobada por,3,6.638354669333745
19810,santiago centro,2,6.638354669333745
19811,santiago centro mario,3,6.638354669333745
19812,santiago considerando,2,6.638354669333745
19813,santiago considerando el,3,6.638354669333745
19814,santiago coordinado,2,6.638354669333745
19815,santiago coordinado por,3,6.638354669333745
19816,santiago cuyo,2,6.638354669333745
19817,santiago cuyo objetivo,3,6.638354669333745
19818,santiago de,2,6.638354669333745
19819,santiago de acuerdo,3,6.638354669333745
19820,santiago deberá,2,5.539742380665636
19821,santiago deberá cumplir,3,5.945207488773801
19822,santiago deberá ser,3,6.232889561225582
19823,santiago deberán,2,5.539742380665636
19824,santiago deberán contar,3,6.638354669333745
19825,santiago deberán cumplir,3,6.232889561225582
19826,santiago deberán disponer,3,6.638354669333745
19827,santiago deberán presentar,3,6.638354669333745
19828,santiago el,2,5.385591700838378
19829,santiago el año,3,6.638354669333745
19830,santiago el cual,3,6.638354669333745
19831,santiago el mejoramiento,3,6.638354669333745
19832,santiago el que,3,6.638354669333745
19833,santiago el uso,3,6.232889561225582
19834,santiago en,2,5.722063937459591
19835,santiago en coordinación,3,6.638354669333745
19836,santiago en cuanto,3,6.638354669333745
19837,santiago en el,3,6.638354669333745
19838,santiago en la,3,6.638354669333745
19839,santiago en los,3,6.638354669333745
19840,santiago es,2,6.638354669333745
19841,santiago es altamente,3,6.638354669333745
19842,santiago establecidos,2,6.638354669333745
19843,santiago establecidos en,3,6.638354669333745
19844,santiago fue,2,6.638354669333745
19845,santiago fue declarada,3,6.638354669333745
19846,santiago generando,2,6.638354669333745
19847,santiago generando alternativas,3,6.638354669333745
19848,santiago gestionará,2,6.232889561225582
19849,santiago gestionará la,3,6.232889561225582
19850,santiago indicados,2,6.638354669333745
19851,santiago indicados en,3,6.638354669333745
19852,santiago limita,2,6.638354669333745
19853,santiago limita al,3,6.638354669333745
19854,santiago para,2,6.638354669333745
19855,santiago para los,3,6.638354669333745
19856,santiago podrá,2,6.638354669333745
19857,santiago podrá aplicar,3,6.638354669333745
19858,santiago ppda,2,6.638354669333745
19859,santiago ppda que,3,6.638354669333745
19860,santiago que,2,5.722063937459591
19861,santiago que considere,3,6.638354669333745
19862,santiago que es,3,6.638354669333745
19863,santiago que han,3,6.638354669333745
19864,santiago que utilicen,3,6.638354669333745
19865,santiago quemar,2,6.638354669333745
19866,santiago quemar todo,3,6.638354669333745
19867,santiago reforzará,2,6.232889561225582
19868,santiago reforzará el,3,6.232889561225582
19869,santiago se,2,5.539742380665636
19870,santiago se deberá,3,6.638354669333745
19871,santiago se encuentra,3,6.232889561225582
19872,santiago se hará,3,6.638354669333745
19873,santiago se promoverá,3,6.638354669333745
19874,santiago según,2,6.638354669333745
19875,santiago según las,3,6.638354669333745
19876,santiago serán,2,6.638354669333745
19877,santiago serán los,3,6.638354669333745
19878,santiago tiene,2,6.232889561225582
19879,santiago tiene por,3,6.638354669333745
19880,santiago tiene una,3,6.638354669333745
19881,santiago y,2,4.93360657709532
19882,santiago y cuya,3,6.638354669333745
19883,santiago y de,3,5.945207488773801
19884,santiago y en,3,6.232889561225582
19885,santiago y las,3,6.638354669333745
19886,santiago y que,3,6.232889561225582
19887,santiago y su,3,6.638354669333745
19888,santiago ya,2,6.232889561225582
19889,santiago ya citado,3,6.638354669333745
19890,santiago ya no,3,6.638354669333745
19891,santiago14,1,6.638354669333745
19892,satisfacer,1,6.638354669333745
19893,satisfacer demandas,2,6.638354669333745
19894,satisfacer demandas reales,3,6.638354669333745
19895,satisfacerse,1,6.638354669333745
19896,satisfacerse desde,2,6.638354669333745
19897,satisfacerse desde otras,3,6.638354669333745
19898,saturación,1,5.539742380665636
19899,saturación para,2,6.232889561225582
19900,saturación para dióxido,3,6.638354669333745
19901,saturación para los,3,6.638354669333745
19902,saturación por,2,6.232889561225582
19903,saturación por mp10,3,6.638354669333745
19904,saturación por o3,3,6.638354669333745
19905,saturación y,2,6.638354669333745
19906,saturación y salir,3,6.638354669333745
19907,saturada,1,5.028916756899646
19908,saturada hecha,2,6.638354669333745
19909,saturada hecha en,3,6.638354669333745
19910,saturada por,2,5.2520603082138555
19911,saturada por material,3,5.945207488773801
19912,saturada por mp10,3,6.638354669333745
19913,saturada por mp2,3,6.638354669333745
19914,saturada por ozono,3,6.638354669333745
19915,saturada por uno,3,6.638354669333745
19916,saturada y,2,6.232889561225582
19917,saturada y el,3,6.638354669333745
19918,saturada y latente,3,6.638354669333745
19919,se,1,1.9288244680214115
19920,se acentúa,2,6.638354669333745
19921,se acentúa en,3,6.638354669333745
19922,se aceptará,2,6.638354669333745
19923,se aceptará un,3,6.638354669333745
19924,se acompañaron,2,6.638354669333745
19925,se acompañaron estudios,3,6.638354669333745
19926,se acreditará,2,6.638354669333745
19927,se acreditará el,3,6.638354669333745
19928,se acreditarán,2,6.232889561225582
19929,se acreditarán conforme,3,6.232889561225582
19930,se adoptarán,2,6.232889561225582
19931,se adoptarán durante,3,6.638354669333745
19932,se adoptarán si,3,6.638354669333745
19933,se ajuste,2,6.638354669333745
19934,se ajuste a,3,6.638354669333745
19935,se alcanzaría,2,6.638354669333745
19936,se alcanzaría la,3,6.638354669333745
19937,se alinean,2,6.638354669333745
19938,se alinean con,3,6.638354669333745
19939,se aplicará,2,5.945207488773801
19940,se aplicará al,3,6.638354669333745
19941,se aplicará durante,3,6.638354669333745
19942,se aplicará en,3,6.638354669333745
19943,se aplicarán,2,5.722063937459591
19944,se aplicarán las,3,5.945207488773801
19945,se aplicarán los,3,6.638354669333745
19946,se aprecia,2,6.638354669333745
19947,se aprecia claramente,3,6.638354669333745
19948,se aprueben,2,6.638354669333745
19949,se aprueben los,3,6.638354669333745
19950,se asocia,2,6.232889561225582
19951,se asocia a,3,6.638354669333745
19952,se asocia al,3,6.638354669333745
19953,se calculará,2,6.638354669333745
19954,se calculará sobre,3,6.638354669333745
19955,se calculó,2,6.638354669333745
19956,se calculó la,3,6.638354669333745
19957,se cometan,2,6.232889561225582
19958,se conservará,2,6.638354669333745
19959,se conservará mientras,3,6.638354669333745
19960,se considerará,2,6.638354669333745
19961,se considerará el,3,6.638354669333745
19962,se considerarán,2,5.945207488773801
19963,se considerarán como,3,5.945207488773801
19964,se consideró,2,6.638354669333745
19965,se consideró conveniente,3,6.638354669333745
19966,se constata,2,6.232889561225582
19967,se constata que,3,6.232889561225582
19968,se continuarán,2,6.638354669333745
19969,se continuarán rigiendo,3,6.638354669333745
19970,se coordinará,2,6.638354669333745
19971,se coordinará con,3,6.638354669333745
19972,se cuenta,2,6.638354669333745
19973,se cuenta con,3,6.638354669333745
19974,se da,2,6.638354669333745
19975,se da inicio,3,6.638354669333745
19976,se deberá,2,5.134277272557472
19977,se deberá analizar,3,5.945207488773801
19978,se deberá compensar,3,6.232889561225582
19979,se deberá considerar,3,6.638354669333745
19980,se deberá contemplar,3,6.638354669333745
19981,se deberá realizar,3,6.638354669333745
19982,se deberán,2,6.638354669333745
19983,se deberán realizar,3,6.638354669333745
19984,se declaró,2,5.945207488773801
19985,se declaró saturada,3,6.638354669333745
19986,se declaró zona,3,6.232889561225582
19987,se definen,2,6.638354669333745
19988,se definen acciones,3,6.638354669333745
19989,se denominará,2,6.638354669333745
19990,se denominará como,3,6.638354669333745
19991,se desarrollará,2,6.232889561225582
19992,se desarrollará en,3,6.638354669333745
19993,se desarrollará sobre,3,6.638354669333745
19994,se desarrolle,2,6.638354669333745
19995,se desarrolle la,3,6.638354669333745
19996,se descargan,2,6.638354669333745
19997,se descargan a,3,6.638354669333745
19998,se describen,2,6.232889561225582
19999,se describen a,3,6.232889561225582
20000,se desplacen,2,6.638354669333745
20001,se desplacen sobre,3,6.638354669333745
20002,se determinaron,2,6.638354669333745
20003,se determinaron necesarias,3,6.638354669333745
20004,se dio,2,6.232889561225582
20005,se dio inicio,3,6.232889561225582
20006,se dispone,2,6.638354669333745
20007,se dispone de,3,6.638354669333745
20008,se disponen,2,6.638354669333745
20009,se disponen en,3,6.638354669333745
20010,se distribuya,2,5.539742380665636
20011,se distribuya o,3,5.539742380665636
20012,se distribuyan,2,6.232889561225582
20013,se distribuyan o,3,6.232889561225582
20014,se divide,2,6.638354669333745
20015,se divide en,3,6.638354669333745
20016,se efectuarán,2,5.945207488773801
20017,se efectuarán conforme,3,5.945207488773801
20018,se efectúa,2,6.638354669333745
20019,se efectúa a,3,6.638354669333745
20020,se elaboró,2,6.232889561225582
20021,se elaboró el,3,6.638354669333745
20022,se elaboró un,3,6.638354669333745
20023,se emitirán,2,6.638354669333745
20024,se emitirán dentro,3,6.638354669333745
20025,se emplacen,2,6.638354669333745
20026,se emplacen en,3,6.638354669333745
20027,se emplean,2,6.232889561225582
20028,se emplean como,3,6.232889561225582
20029,se encuentra,2,5.134277272557472
20030,se encuentra disponible,3,6.638354669333745
20031,se encuentra en,3,5.722063937459591
20032,se encuentra operando,3,5.945207488773801
20033,se encuentran,2,6.232889561225582
20034,se encuentran deteriorados,3,6.638354669333745
20035,se encuentran funcionando,3,6.638354669333745
20036,se encuentre,2,5.722063937459591
20037,se encuentre centralizada,3,6.638354669333745
20038,se encuentre detenido,3,6.638354669333745
20039,se encuentre en,3,6.638354669333745
20040,se encuentre vigente,3,6.638354669333745
20041,se encuentren,2,5.945207488773801
20042,se encuentren en,3,6.232889561225582
20043,se encuentren por,3,6.638354669333745
20044,se entenderá,2,5.945207488773801
20045,se entenderá por,3,5.945207488773801
20046,se entiende,2,6.638354669333745
20047,se entiende por,3,6.638354669333745
20048,se establece,2,6.638354669333745
20049,se establece para,3,6.638354669333745
20050,se establezca,2,6.638354669333745
20051,se establezca el,3,6.638354669333745
20052,se estará,2,5.028916756899646
20053,se estará a,3,5.028916756899646
20054,se estima,2,6.638354669333745
20055,se estima en,3,6.638354669333745
20056,se estiman,2,5.945207488773801
20057,se estiman en,3,5.945207488773801
20058,se estructurará,2,6.638354669333745
20059,se estructurará a,3,6.638354669333745
20060,se evitarían,2,6.638354669333745
20061,se evitarían con,3,6.638354669333745
20062,se exceptúa,2,5.945207488773801
20063,se exceptúa esta,3,6.638354669333745
20064,se exceptúa este,3,6.232889561225582
20065,se exceptúan,2,5.722063937459591
20066,se exceptúan de,3,6.232889561225582
20067,se exceptúan las,3,6.232889561225582
20068,se excluyen,2,6.232889561225582
20069,se excluyen de,3,6.638354669333745
20070,se excluyen los,3,6.638354669333745
20071,se eximen,2,6.232889561225582
20072,se eximen de,3,6.232889561225582
20073,se expenden,2,6.638354669333745
20074,se expenden o,3,6.638354669333745
20075,se fomentará,2,6.638354669333745
20076,se fomentará el,3,6.638354669333745
20077,se forma,2,6.638354669333745
20078,se forma como,3,6.638354669333745
20079,se formalizará,2,6.638354669333745
20080,se formalizará mediante,3,6.638354669333745
20081,se generan,2,6.638354669333745
20082,se generan exclusivamente,3,6.638354669333745
20083,se ha,2,6.638354669333745
20084,se ha traducido,3,6.638354669333745
20085,se han,2,5.945207488773801
20086,se han constatado,3,6.638354669333745
20087,se han ejecutado,3,6.638354669333745
20088,se han identificado,3,6.638354669333745
20089,se hará,2,5.945207488773801
20090,se hará antes,3,6.638354669333745
20091,se hará en,3,6.638354669333745
20092,se hará por,3,6.638354669333745
20093,se hizo,2,6.638354669333745
20094,se hizo cargo,3,6.638354669333745
20095,se identifique,2,6.638354669333745
20096,se identifique las,3,6.638354669333745
20097,se identifiquen,2,6.638354669333745
20098,se identifiquen tanques,3,6.638354669333745
20099,se implementará,2,6.638354669333745
20100,se implementará según,3,6.638354669333745
20101,se incluirá,2,6.638354669333745
20102,se incluirá una,3,6.638354669333745
20103,se incluye,2,6.638354669333745
20104,se incluye la,3,6.638354669333745
20105,se incluyen,2,6.232889561225582
20106,se incluyen aquellas,3,6.638354669333745
20107,se incluyen las,3,6.638354669333745
20108,se incorporan,2,6.638354669333745
20109,se incorporan los,3,6.638354669333745
20110,se incorporarán,2,6.638354669333745
20111,se incorporarán anualmente,3,6.638354669333745
20112,se indica,2,5.722063937459591
20113,se indica a,3,6.638354669333745
20114,se indica en,3,5.945207488773801
20115,se indican,2,5.722063937459591
20116,se indican a,3,6.638354669333745
20117,se indican en,3,6.232889561225582
20118,se informará,2,6.638354669333745
20119,se informará a,3,6.638354669333745
20120,se instala,2,6.638354669333745
20121,se instala y,3,6.638354669333745
20122,se instalan,2,6.638354669333745
20123,se instalan sus,3,6.638354669333745
20124,se instalen,2,6.638354669333745
20125,se instalen con,3,6.638354669333745
20126,se le,2,6.638354669333745
20127,se le aplicará,3,6.638354669333745
20128,se logre,2,6.638354669333745
20129,se logre acreditar,3,6.638354669333745
20130,se mantendrán,2,6.638354669333745
20131,se mantendrán vigentes,3,6.638354669333745
20132,se mantiene,2,6.638354669333745
20133,se mantiene constante,3,6.638354669333745
20134,se mantienen,2,6.232889561225582
20135,se mantienen encendidos,3,6.638354669333745
20136,se mantienen plenamente,3,6.638354669333745
20137,se mencionan,2,6.638354669333745
20138,se mencionan los,3,6.638354669333745
20139,se observa,2,5.722063937459591
20140,se observa en,3,5.722063937459591
20141,se obtengan,2,6.638354669333745
20142,se obtengan del,3,6.638354669333745
20143,se ordenará,2,6.232889561225582
20144,se ordenará la,3,6.232889561225582
20145,se ordenó,2,6.232889561225582
20146,se ordenó acumularlo,3,6.638354669333745
20147,se ordenó su,3,6.638354669333745
20148,se permitirá,2,5.945207488773801
20149,se permitirá la,3,5.945207488773801
20150,se permitirán,2,6.638354669333745
20151,se permitirán humos,3,6.638354669333745
20152,se plasmaron,2,6.638354669333745
20153,se plasmaron los,3,6.638354669333745
20154,se podrán,2,5.539742380665636
20155,se podrán considerar,3,6.638354669333745
20156,se podrán imputar,3,6.638354669333745
20157,se podrán incluir,3,6.638354669333745
20158,se podrán utilizar,3,6.232889561225582
20159,se presentan,2,6.232889561225582
20160,se presentan en,3,6.638354669333745
20161,se presentan los,3,6.638354669333745
20162,se presente,2,6.638354669333745
20163,se presente al,3,6.638354669333745
20164,se presenten,2,6.232889561225582
20165,se presenten en,3,6.638354669333745
20166,se presenten fuera,3,6.638354669333745
20167,se prevé,2,5.722063937459591
20168,se prevé se,3,6.638354669333745
20169,se prevé un,3,5.945207488773801
20170,se priorizarán,2,6.638354669333745
20171,se priorizarán los,3,6.638354669333745
20172,se procedió,2,6.638354669333745
20173,se procedió a,3,6.638354669333745
20174,se procurará,2,6.638354669333745
20175,se procurará la,3,6.638354669333745
20176,se produzca,2,6.638354669333745
20177,se produzca a,3,6.638354669333745
20178,se prohibirá,2,6.638354669333745
20179,se prohibirá el,3,6.638354669333745
20180,se prohíbe,2,5.134277272557472
20181,se prohíbe el,3,5.945207488773801
20182,se prohíbe en,3,5.945207488773801
20183,se prohíbe la,3,6.232889561225582
20184,se prohíben,2,6.638354669333745
20185,se prohíben las,3,6.638354669333745
20186,se promedia,2,6.638354669333745
20187,se promedia el,3,6.638354669333745
20188,se promoverá,2,6.638354669333745
20189,se promoverá la,3,6.638354669333745
20190,se pronunció,2,6.638354669333745
20191,se pronunció favorablemente,3,6.638354669333745
20192,se propondrán,2,6.638354669333745
20193,se propondrán acciones,3,6.638354669333745
20194,se proporciona,2,6.638354669333745
20195,se proporciona un,3,6.638354669333745
20196,se pueda,2,6.638354669333745
20197,se pueda cuantificar,3,6.638354669333745
20198,se puede,2,6.232889561225582
20199,se puede observar,3,6.232889561225582
20200,se pueden,2,6.638354669333745
20201,se pueden constatar,3,6.638354669333745
20202,se realicen,2,6.638354669333745
20203,se realicen en,3,6.638354669333745
20204,se realiza,2,6.232889561225582
20205,se realiza sobre,3,6.638354669333745
20206,se realiza una,3,6.638354669333745
20207,se realizará,2,5.945207488773801
20208,se realizará a,3,6.638354669333745
20209,se realizará en,3,6.638354669333745
20210,se realizará un,3,6.638354669333745
20211,se referirán,2,6.638354669333745
20212,se referirán a,3,6.638354669333745
20213,se refi,2,6.638354669333745
20214,se refi a,3,6.638354669333745
20215,se refiere,2,5.2520603082138555
20216,se refiere a,3,5.385591700838378
20217,se refiere el,3,6.638354669333745
20218,se refieren,2,6.232889561225582
20219,se refieren el,3,6.638354669333745
20220,se refieren los,3,6.638354669333745
20221,se representa,2,6.638354669333745
20222,se representa mediante,3,6.638354669333745
20223,se requiera,2,6.638354669333745
20224,se requiera para,3,6.638354669333745
20225,se resumen,2,6.638354669333745
20226,se resumen en,3,6.638354669333745
20227,se revisó,2,6.638354669333745
20228,se revisó reformuló,3,6.638354669333745
20229,se rigen,2,6.638354669333745
20230,se rigen por,3,6.638354669333745
20231,se sobrepase,2,6.638354669333745
20232,se sobrepase el,3,6.638354669333745
20233,se solicite,2,6.232889561225582
20234,se solicite su,3,6.232889561225582
20235,se sometan,2,6.638354669333745
20236,se sometan o,3,6.638354669333745
20237,se suma,2,6.638354669333745
20238,se suma el,3,6.638354669333745
20239,se suman,2,6.638354669333745
20240,se suman las,3,6.638354669333745
20241,se superará,2,6.638354669333745
20242,se superará el,3,6.638354669333745
20243,se supere,2,6.232889561225582
20244,se supere la,3,6.638354669333745
20245,se supere simultáneamente,3,6.638354669333745
20246,se superen,2,6.638354669333745
20247,se superen las,3,6.638354669333745
20248,se traduce,2,6.638354669333745
20249,se traduce en,3,6.638354669333745
20250,se ubica,2,6.638354669333745
20251,se ubica entre,3,6.638354669333745
20252,se utiliza,2,6.638354669333745
20253,se utiliza para,3,6.638354669333745
20254,se utilizará,2,6.638354669333745
20255,se utilizará la,3,6.638354669333745
20256,se valoran,2,6.232889561225582
20257,se valoran los,3,6.232889561225582
20258,se ve,2,6.638354669333745
20259,se ve en,3,6.638354669333745
20260,se vendan,2,6.638354669333745
20261,se vendan en,3,6.638354669333745
20262,se verá,2,6.638354669333745
20263,se verá menos,3,6.638354669333745
20264,sea,1,4.3357695763397
20265,sea acreditable,2,6.638354669333745
20266,sea acreditable su,3,6.638354669333745
20267,sea aplicable,2,6.638354669333745
20268,sea comercializada,2,6.638354669333745
20269,sea comercializada en,3,6.638354669333745
20270,sea contrario,2,5.028916756899646
20271,sea contrario a,3,5.028916756899646
20272,sea en,2,6.638354669333745
20273,sea en las,3,6.638354669333745
20274,sea igual,2,6.638354669333745
20275,sea igual o,3,6.638354669333745
20276,sea mediante,2,6.638354669333745
20277,sea mediante el,3,6.638354669333745
20278,sea necesario,2,6.232889561225582
20279,sea necesario los,3,6.638354669333745
20280,sea necesario para,3,6.638354669333745
20281,sea que,2,6.638354669333745
20282,sea que ésta,3,6.638354669333745
20283,sea verificable,2,6.638354669333745
20284,sea verificable por,3,6.638354669333745
20285,sean,1,5.134277272557472
20286,sean aprobados,2,6.638354669333745
20287,sean aprobados con,3,6.638354669333745
20288,sean calderas,2,6.638354669333745
20289,sean calderas ni,3,6.638354669333745
20290,sean compatibles,2,6.638354669333745
20291,sean compatibles con,3,6.638354669333745
20292,sean definidas,2,6.638354669333745
20293,sean definidas como,3,6.638354669333745
20294,sean definidos,2,6.638354669333745
20295,sean definidos por,3,6.638354669333745
20296,sean incompatibles,2,6.638354669333745
20297,sean incompatibles con,3,6.638354669333745
20298,sean mecánicamente,2,6.638354669333745
20299,sean mecánicamente aptos,3,6.638354669333745
20300,sean más,2,6.638354669333745
20301,sean más eficientes,3,6.638354669333745
20302,seca,1,6.232889561225582
20303,seca aquella,2,6.638354669333745
20304,seca aquella que,3,6.638354669333745
20305,seca de,2,6.638354669333745
20306,seca de acuerdo,3,6.638354669333745
20307,sección,1,6.638354669333745
20308,sección vi,2,6.638354669333745
20309,sección vi del,3,6.638354669333745
20310,seco,1,6.638354669333745
20311,seco de,2,6.638354669333745
20312,seco de manejo,3,6.638354669333745
20313,secretaría,1,5.028916756899646
20314,secretaría de,2,6.638354669333745
20315,secretaría de planificación,3,6.638354669333745
20316,secretaría general,2,5.539742380665636
20317,secretaría general de,3,5.539742380665636
20318,secretaría regional,2,5.945207488773801
20319,secretaría regional ministerial,3,5.945207488773801
20320,sector,1,4.558913127653909
20321,sector agroindustria,2,6.638354669333745
20322,sector altamente,2,6.638354669333745
20323,sector altamente costo,3,6.638354669333745
20324,sector de,2,5.945207488773801
20325,sector de manera,3,6.638354669333745
20326,sector de quemas,3,6.232889561225582
20327,sector en,2,6.638354669333745
20328,sector en base,3,6.638354669333745
20329,sector industrial,2,5.945207488773801
20330,sector industrial 39,3,6.638354669333745
20331,sector industrial cuya,3,6.638354669333745
20332,sector industrial y,3,6.638354669333745
20333,sector residencial,2,5.722063937459591
20334,sector residencial 30,3,6.638354669333745
20335,sector residencial aporta,3,6.638354669333745
20336,sector residencial y,3,6.638354669333745
20337,sector sudoeste,2,6.638354669333745
20338,sector transporte,2,5.539742380665636
20339,sector transporte 61,3,6.638354669333745
20340,sector transporte 80,3,6.638354669333745
20341,sector transporte 92,3,6.638354669333745
20342,sector transporte residencial,3,6.638354669333745
20343,sector transporte y,3,6.638354669333745
20344,sector trasporte,2,6.638354669333745
20345,sector trasporte es,3,6.638354669333745
20346,sectores,1,5.722063937459591
20347,sectores acordes,2,6.638354669333745
20348,sectores acordes a,3,6.638354669333745
20349,sectores aportan,2,6.232889561225582
20350,sectores aportan con,3,6.232889561225582
20351,sectores económicos,2,6.638354669333745
20352,sectores económicos siempre,3,6.638354669333745
20353,sectoriales,1,6.232889561225582
20354,sectoriales que,2,6.638354669333745
20355,sectoriales que participan,3,6.638354669333745
20356,sectra,1,6.638354669333745
20357,sectra en,2,6.638354669333745
20358,sectra en colaboración,3,6.638354669333745
20359,secundarias,1,6.638354669333745
20360,secundarias de,2,6.638354669333745
20361,secundarias de calidad,3,6.638354669333745
20362,sedimento,1,6.638354669333745
20363,sedimento debe,2,6.638354669333745
20364,sedimento debe deducirse,3,6.638354669333745
20365,seguido,1,6.638354669333745
20366,seguido por,2,6.638354669333745
20367,seguido por el,3,6.638354669333745
20368,seguimiento,1,6.232889561225582
20369,seguimiento anual,2,6.638354669333745
20370,seguimiento anual de,3,6.638354669333745
20371,seguimiento de,2,6.638354669333745
20372,seguimiento de la,3,6.638354669333745
20373,seguirán,1,5.945207488773801
20374,seguirán rigiendo,2,5.945207488773801
20375,seguirán rigiendo aquellos,3,5.945207488773801
20376,segundos,1,6.638354669333745
20377,segundos de,2,6.638354669333745
20378,segundos de humo,3,6.638354669333745
20379,seguridad,1,6.232889561225582
20380,seguridad especificados,2,6.638354669333745
20381,seguridad especificados de,3,6.638354669333745
20382,seguridad fitosanitaria,2,6.638354669333745
20383,seguridad fitosanitaria y,3,6.638354669333745
20384,según,1,4.1534480195457455
20385,según antigüedad,2,6.638354669333745
20386,según antigüedad al,3,6.638354669333745
20387,según corresponda,2,5.945207488773801
20388,según corresponda de,3,6.232889561225582
20389,según disponibilidad,2,6.638354669333745
20390,según disponibilidad presupuestaria,3,6.638354669333745
20391,según el,2,6.638354669333745
20392,según el método,3,6.638354669333745
20393,según la,2,6.232889561225582
20394,según la disponibilidad,3,6.638354669333745
20395,según la norma,3,6.638354669333745
20396,según las,2,5.945207488773801
20397,según las definiciones,3,6.638354669333745
20398,según las disposiciones,3,6.638354669333745
20399,según las siguientes,3,6.638354669333745
20400,según lo,2,5.2520603082138555
20401,según lo establece,3,6.638354669333745
20402,según lo establecido,3,5.722063937459591
20403,según lo estipulado,3,6.638354669333745
20404,según lo indicado,3,6.638354669333745
20405,según los,2,6.638354669333745
20406,según los datos,3,6.638354669333745
20407,según metodología,2,6.638354669333745
20408,según metodología que,3,6.638354669333745
20409,según poder,2,6.638354669333745
20410,según poder de,3,6.638354669333745
20411,según se,2,6.232889561225582
20412,según se indica,3,6.638354669333745
20413,según se ve,3,6.638354669333745
20414,seia,1,5.2520603082138555
20415,seia a,2,6.638354669333745
20416,seia a la,3,6.638354669333745
20417,seia deberán,2,6.232889561225582
20418,seia deberán cumplir,3,6.638354669333745
20419,seia deberán sumar,3,6.638354669333745
20420,seia la,2,6.638354669333745
20421,seia la estimación,3,6.638354669333745
20422,seia puede,2,6.638354669333745
20423,seia puede presentar,3,6.638354669333745
20424,sellado,1,6.638354669333745
20425,sellado e,2,6.638354669333745
20426,sellado e inviolable,3,6.638354669333745
20427,semanal,1,6.638354669333745
20428,semanal de,2,6.638354669333745
20429,semanal de los,3,6.638354669333745
20430,sensibilizar,1,6.638354669333745
20431,sensibilizar a,2,6.638354669333745
20432,sensibilizar a la,3,6.638354669333745
20433,sentidos,1,6.638354669333745
20434,sentidos y,2,6.638354669333745
20435,sentidos y horarios,3,6.638354669333745
20436,separa,1,6.638354669333745
20437,separa de,2,6.638354669333745
20438,separa de la,3,6.638354669333745
20439,septiembre,1,5.722063937459591
20440,septiembre de,2,5.945207488773801
20441,septiembre de 1999,3,6.638354669333745
20442,septiembre de 2005,3,6.232889561225582
20443,septiembre del,2,6.638354669333745
20444,septiembre del 2020,3,6.638354669333745
20445,ser,1,4.558913127653909
20446,ser acreditada,2,6.638354669333745
20447,ser acreditada por,3,6.638354669333745
20448,ser aprobado,2,6.638354669333745
20449,ser aprobado por,3,6.638354669333745
20450,ser aprobados,2,6.638354669333745
20451,ser aprobados o,3,6.638354669333745
20452,ser comercializados,2,6.638354669333745
20453,ser comercializados para,3,6.638354669333745
20454,ser grado,2,6.232889561225582
20455,ser grado a1,3,6.232889561225582
20456,ser incorporadas,2,6.638354669333745
20457,ser incorporadas en,3,6.638354669333745
20458,ser informado,2,6.638354669333745
20459,ser informado a,3,6.638354669333745
20460,ser informados,2,6.638354669333745
20461,ser informados a,3,6.638354669333745
20462,ser mantenidos,2,6.638354669333745
20463,ser mantenidos en,3,6.638354669333745
20464,ser presentado,2,6.638354669333745
20465,ser presentado ante,3,6.638354669333745
20466,ser principalmente,2,6.638354669333745
20467,ser principalmente a,3,6.638354669333745
20468,ser puesto,2,6.638354669333745
20469,ser puesto en,3,6.638354669333745
20470,ser usado,2,6.638354669333745
20471,ser usado y,3,6.638354669333745
20472,ser utilizado,2,6.638354669333745
20473,ser utilizado a,3,6.638354669333745
20474,seremi,1,3.8051413252775297
20475,seremi de,2,4.692444520278432
20476,seremi de educación,3,5.722063937459591
20477,seremi de energía,3,6.232889561225582
20478,seremi de salud,3,5.945207488773801
20479,seremi de transportes,3,5.945207488773801
20480,seremi de vivienda,3,6.232889561225582
20481,seremi del,2,4.3357695763397
20482,seremi del medio,3,4.3357695763397
20483,seremi no,2,5.945207488773801
20484,seremi no implicará,3,5.945207488773801
20485,servicio,1,5.722063937459591
20486,servicio agrícola,2,6.638354669333745
20487,servicio agrícola y,3,6.638354669333745
20488,servicio de,2,6.232889561225582
20489,servicio de calefacción,3,6.638354669333745
20490,servicio de vivienda,3,6.638354669333745
20491,servicio su,2,6.638354669333745
20492,servicio su nivel,3,6.638354669333745
20493,servicios,1,4.846595200105691
20494,servicios ambientales,2,6.638354669333745
20495,servicios ambientales entre,3,6.638354669333745
20496,servicios competentes,2,5.945207488773801
20497,servicios competentes elaborarán,3,6.638354669333745
20498,servicios competentes enviarán,3,6.638354669333745
20499,servicios de,2,5.722063937459591
20500,servicios de locomoción,3,5.945207488773801
20501,servicios de transporte,3,5.945207488773801
20502,servicios del,2,6.638354669333745
20503,servicios del nuevo,3,6.638354669333745
20504,servicios públicos,2,6.232889561225582
20505,servicios públicos deberán,3,6.232889561225582
20506,será,1,4.558913127653909
20507,será al,2,6.638354669333745
20508,será al menos,3,6.638354669333745
20509,será comunicada,2,6.638354669333745
20510,será comunicada oportunamente,3,6.638354669333745
20511,será de,2,6.638354669333745
20512,será de 80,3,6.638354669333745
20513,será definido,2,6.638354669333745
20514,será definido por,3,6.638354669333745
20515,será efectuada,2,6.638354669333745
20516,será efectuada por,3,6.638354669333745
20517,será el,2,6.638354669333745
20518,será el siguiente,3,6.638354669333745
20519,será entregada,2,6.638354669333745
20520,será entregada al,3,6.638354669333745
20521,será fiscalizada,2,6.232889561225582
20522,será fiscalizada por,3,6.232889561225582
20523,será llevada,2,6.638354669333745
20524,será llevada a,3,6.638354669333745
20525,será mejorar,2,6.638354669333745
20526,será mejorar la,3,6.638354669333745
20527,será necesaria,2,6.638354669333745
20528,será necesaria la,3,6.638354669333745
20529,será para,2,6.638354669333745
20530,será para el,3,6.638354669333745
20531,será publicado,2,6.638354669333745
20532,será publicado anualmente,3,6.638354669333745
20533,será responsabilidad,2,6.638354669333745
20534,será responsabilidad de,3,6.638354669333745
20535,serán,1,6.232889561225582
20536,serán los,2,6.232889561225582
20537,serán los siguientes,3,6.232889561225582
20538,sesión,1,6.638354669333745
20539,sesión ordinaria,2,6.638354669333745
20540,sesión ordinaria 22,3,6.638354669333745
20541,sexies,1,6.638354669333745
20542,sexies a,2,6.638354669333745
20543,sexies a contar,3,6.638354669333745
20544,señala,1,6.232889561225582
20545,señala como,2,6.232889561225582
20546,señala como niveles,3,6.232889561225582
20547,señalada,1,6.638354669333745
20548,señalada en,2,6.638354669333745
20549,señalada en los,3,6.638354669333745
20550,señaladas,1,6.638354669333745
20551,señaladas en,2,6.638354669333745
20552,señaladas en el,3,6.638354669333745
20553,señalado,1,5.722063937459591
20554,señalado en,2,5.722063937459591
20555,señalado en el,3,6.232889561225582
20556,señalado en la,3,6.638354669333745
20557,señalado en las,3,6.638354669333745
20558,señalados,1,5.2520603082138555
20559,señalados en,2,5.385591700838378
20560,señalados en cada,3,6.638354669333745
20561,señalados en la,3,6.232889561225582
20562,señalados en las,3,6.638354669333745
20563,señalados en los,3,6.232889561225582
20564,señalando,1,6.638354669333745
20565,señalando año,2,6.638354669333745
20566,señalando año y,3,6.638354669333745
20567,señalar,1,6.232889561225582
20568,señalar que,2,6.232889561225582
20569,señalar que la,3,6.232889561225582
20570,si,1,5.028916756899646
20571,si bien,2,6.232889561225582
20572,si bien el,3,6.638354669333745
20573,si bien las,3,6.638354669333745
20574,si considera,2,6.232889561225582
20575,si considera la,3,6.232889561225582
20576,si fuese,2,6.638354669333745
20577,si fuese necesario,3,6.638354669333745
20578,si la,2,6.232889561225582
20579,si la ejecución,3,6.638354669333745
20580,si la emisión,3,6.638354669333745
20581,si se,2,6.638354669333745
20582,si se encuentran,3,6.638354669333745
20583,si sumamos,2,6.638354669333745
20584,si sumamos las,3,6.638354669333745
20585,sido,1,5.722063937459591
20586,sido compensadas,2,6.638354669333745
20587,sido compensadas previamente,3,6.638354669333745
20588,sido medidas,2,6.638354669333745
20589,sido medidas desde,3,6.638354669333745
20590,sido obtenidos,2,6.638354669333745
20591,sido obtenidos a,3,6.638354669333745
20592,sido una,2,6.638354669333745
20593,sido una mejora,3,6.638354669333745
20594,siempre,1,5.385591700838378
20595,siempre que,2,6.232889561225582
20596,siempre que demuestre,3,6.638354669333745
20597,siempre que estén,3,6.638354669333745
20598,siempre y,2,5.722063937459591
20599,siempre y cuando,3,5.722063937459591
20600,siendo,1,5.722063937459591
20601,siendo este,2,6.638354669333745
20602,siendo este último,3,6.638354669333745
20603,siendo evaluados,2,6.638354669333745
20604,siendo evaluados en,3,6.638354669333745
20605,siendo interrumpida,2,6.638354669333745
20606,siendo interrumpida por,3,6.638354669333745
20607,siendo la,2,6.638354669333745
20608,siendo la temporada,3,6.638354669333745
20609,siglas,1,6.638354669333745
20610,siglas en,2,6.638354669333745
20611,siglas en inglés,3,6.638354669333745
20612,significativamente,1,6.638354669333745
20613,significativamente la,2,6.638354669333745
20614,significativamente la calidad,3,6.638354669333745
20615,significativo,1,6.638354669333745
20616,significativo de,2,6.638354669333745
20617,significativo de la,3,6.638354669333745
20618,siguiente,1,4.3357695763397
20619,siguiente cronograma,2,6.638354669333745
20620,siguiente gráfico,2,6.232889561225582
20621,siguiente gráfico 11,3,6.638354669333745
20622,siguiente gráfico muestra,3,6.638354669333745
20623,siguiente link,2,6.638354669333745
20624,siguiente tabla,2,4.93360657709532
20625,siguiente tabla de,3,6.638354669333745
20626,siguiente tenor,2,6.638354669333745
20627,siguientes,1,3.570301734200129
20628,siguientes a,2,5.385591700838378
20629,siguientes a dicha,3,5.945207488773801
20630,siguientes a la,3,5.945207488773801
20631,siguientes componentes,2,6.638354669333745
20632,siguientes condiciones,2,6.638354669333745
20633,siguientes de,2,6.638354669333745
20634,siguientes de la,3,6.638354669333745
20635,siguientes documentos,2,6.638354669333745
20636,siguientes documentos del,3,6.638354669333745
20637,siguientes episodios,2,6.638354669333745
20638,siguientes episodios según,3,6.638354669333745
20639,siguientes especificaciones,2,6.638354669333745
20640,siguientes establecimientos,2,6.638354669333745
20641,siguientes establecimientos correspondientes,3,6.638354669333745
20642,siguientes estrategias,2,6.638354669333745
20643,siguientes estrategias y,3,6.638354669333745
20644,siguientes gases,2,6.638354669333745
20645,siguientes gases precursores,3,6.638354669333745
20646,siguientes indicadores,2,6.638354669333745
20647,siguientes indicadores orientados,3,6.638354669333745
20648,siguientes límites,2,6.638354669333745
20649,siguientes límites de,3,6.638354669333745
20650,siguientes medidas,2,5.722063937459591
20651,siguientes medidas permanentes,3,6.638354669333745
20652,siguientes planteles,2,6.638354669333745
20653,siguientes planteles de,3,6.638354669333745
20654,siguientes programas,2,6.638354669333745
20655,siguientes programas y,3,6.638354669333745
20656,siguientes requisitos,2,5.2520603082138555
20657,siguientes tablas,2,6.232889561225582
20658,siguientes tipos,2,6.638354669333745
20659,siguientes tipos de,3,6.638354669333745
20660,siguientes áreas,2,6.638354669333745
20661,siguientes áreas territoriales,3,6.638354669333745
20662,similar,1,6.638354669333745
20663,similar al,2,6.638354669333745
20664,similar al procedimiento,3,6.638354669333745
20665,similares,1,5.722063937459591
20666,similares anteriores,2,6.638354669333745
20667,similares anteriores al,3,6.638354669333745
20668,similares deberán,2,6.638354669333745
20669,similares deberán declarar,3,6.638354669333745
20670,similares o,2,6.638354669333745
20671,similares o mejores,3,6.638354669333745
20672,similares que,2,6.638354669333745
20673,similares que utilicen,3,6.638354669333745
20674,simple,1,6.638354669333745
20675,simple y,2,6.638354669333745
20676,simple y fierro,3,6.638354669333745
20677,simultáneamente,1,6.232889561225582
20678,simultáneamente energía,2,6.638354669333745
20679,simultáneamente energía térmica,3,6.638354669333745
20680,simultáneamente la,2,6.638354669333745
20681,simultáneamente la emisión,3,6.638354669333745
20682,sin,1,4.196007633964541
20683,sin adición,2,6.638354669333745
20684,sin adición de,3,6.638354669333745
20685,sin ayuda,2,6.638354669333745
20686,sin ayuda de,3,6.638354669333745
20687,sin carretera,2,6.638354669333745
20688,sin carretera y,3,6.638354669333745
20689,sin carrocería,2,6.638354669333745
20690,sin carrocería no,3,6.638354669333745
20691,sin combustión,2,6.638354669333745
20692,sin combustión pero,3,6.638354669333745
20693,sin contenido,2,6.638354669333745
20694,sin contenido de,3,6.638354669333745
20695,sin efecto,2,6.232889561225582
20696,sin efecto el,3,6.638354669333745
20697,sin efecto la,3,6.638354669333745
20698,sin embargo,2,5.385591700838378
20699,sin embargo al,3,6.638354669333745
20700,sin embargo el,3,6.638354669333745
20701,sin embargo la,3,6.638354669333745
20702,sin embargo no,3,6.638354669333745
20703,sin embargo persisten,3,6.638354669333745
20704,sin embargo y,3,6.638354669333745
20705,sin perjuicio,2,5.134277272557472
20706,sin perjuicio de,3,5.385591700838378
20707,sin perjuicio que,3,6.232889561225582
20708,sin plomo,2,6.638354669333745
20709,sin plomo y,3,6.638354669333745
20710,sin tratar,2,6.638354669333745
20711,sin tratar extraída,3,6.638354669333745
20712,sin vuelta,2,6.638354669333745
20713,sin vuelta a,3,6.638354669333745
20714,sinóptica,1,6.638354669333745
20715,sinóptica y,2,6.638354669333745
20716,sinóptica y los,3,6.638354669333745
20717,sistema,1,4.196007633964541
20718,sistema compuesto,2,6.638354669333745
20719,sistema compuesto por,3,6.638354669333745
20720,sistema con,2,6.638354669333745
20721,sistema con nueva,3,6.638354669333745
20722,sistema de,2,4.3870628707272505
20723,sistema de buses,3,6.638354669333745
20724,sistema de calefacción,3,6.638354669333745
20725,sistema de certificación,3,6.638354669333745
20726,sistema de control,3,6.638354669333745
20727,sistema de escape,3,6.232889561225582
20728,sistema de evaluación,3,5.945207488773801
20729,sistema de fiscalización,3,6.232889561225582
20730,sistema de generación,3,6.638354669333745
20731,sistema de limpieza,3,6.638354669333745
20732,sistema de medición,3,6.638354669333745
20733,sistema de pronóstico,3,6.232889561225582
20734,sistema de recuperación,3,6.638354669333745
20735,sistema de tratamiento,3,6.638354669333745
20736,sistema debe,2,6.638354669333745
20737,sistema debe ser,3,6.638354669333745
20738,sistema móvil,2,6.638354669333745
20739,sistema móvil que,3,6.638354669333745
20740,sistema seco,2,6.638354669333745
20741,sistema seco de,3,6.638354669333745
20742,sistemas,1,4.93360657709532
20743,sistemas antes,2,6.638354669333745
20744,sistemas antes mencionados,3,6.638354669333745
20745,sistemas de,2,5.134277272557472
20746,sistemas de calefacción,3,6.638354669333745
20747,sistemas de cogeneración,3,6.638354669333745
20748,sistemas de información,3,6.638354669333745
20749,sistemas de recuperación,3,6.232889561225582
20750,sistemas de refrigeración,3,6.638354669333745
20751,sistemas de transporte,3,6.232889561225582
20752,sistemas meteorológicos,2,6.638354669333745
20753,sistemas meteorológicos de,3,6.638354669333745
20754,sistémica,1,6.638354669333745
20755,sistémica disfunciones,2,6.638354669333745
20756,sistémica disfunciones endoteliales,3,6.638354669333745
20757,sitio,1,5.945207488773801
20758,sitio web,2,5.945207488773801
20759,sitio web del,3,6.232889561225582
20760,sitio web información,3,6.638354669333745
20761,situaciones,1,5.2520603082138555
20762,situaciones de,2,5.2520603082138555
20763,situaciones de alerta,3,6.638354669333745
20764,situaciones de emergencia,3,5.722063937459591
20765,situaciones de episodios,3,6.638354669333745
20766,situaciones de preemergencia,3,6.638354669333745
20767,situación,1,5.385591700838378
20768,situación a,2,6.638354669333745
20769,situación a la,3,6.638354669333745
20770,situación actual,2,6.638354669333745
20771,situación base,2,5.945207488773801
20772,situación base aquellas,3,6.638354669333745
20773,situación base en,3,6.638354669333745
20774,situación base todas,3,6.638354669333745
20775,situación que,2,6.638354669333745
20776,situación que en,3,6.638354669333745
20777,sitúa,1,6.638354669333745
20778,sitúa al,2,6.638354669333745
20779,sitúa al año,3,6.638354669333745
20780,so,1,5.385591700838378
20781,so a,2,6.638354669333745
20782,so a que,3,6.638354669333745
20783,so cuando,2,6.638354669333745
20784,so cuando corresponda,3,6.638354669333745
20785,so establecidos,2,6.638354669333745
20786,so establecidos en,3,6.638354669333745
20787,so nox,2,6.638354669333745
20788,so nox co,3,6.638354669333745
20789,so para,2,6.638354669333745
20790,so para fuentes,3,6.638354669333745
20791,so y,2,6.638354669333745
20792,so y nox,3,6.638354669333745
20793,so2,1,5.539742380665636
20794,so2 a,2,6.638354669333745
20795,so2 a diferencia,3,6.638354669333745
20796,so2 anual,2,6.638354669333745
20797,so2 anual y,3,6.638354669333745
20798,so2 nox3,2,6.232889561225582
20799,so2 nox3 y,3,6.232889561225582
20800,sobre,1,4.196007633964541
20801,sobre 000,2,6.638354669333745
20802,sobre 000 cerros,3,6.638354669333745
20803,sobre bases,2,6.232889561225582
20804,sobre bases generales,3,6.232889561225582
20805,sobre de,2,6.638354669333745
20806,sobre de agua,3,6.638354669333745
20807,sobre ecosistemas,2,6.638354669333745
20808,sobre ecosistemas disminución,3,6.638354669333745
20809,sobre el,2,5.945207488773801
20810,sobre el estado,3,6.638354669333745
20811,sobre el proyecto,3,6.638354669333745
20812,sobre el suelo,3,6.638354669333745
20813,sobre la,2,4.93360657709532
20814,sobre la base,3,5.945207488773801
20815,sobre la creación,3,6.638354669333745
20816,sobre la cuenca,3,6.638354669333745
20817,sobre la generación,3,6.638354669333745
20818,sobre la salud,3,6.232889561225582
20819,sobre la situación,3,6.638354669333745
20820,sobre la superficie,3,6.638354669333745
20821,sobre las,2,6.638354669333745
20822,sobre las prohibiciones,3,6.638354669333745
20823,sobre norma,2,6.638354669333745
20824,sobre norma para,3,6.638354669333745
20825,sobre otros,2,6.638354669333745
20826,sobre otros objetivos,3,6.638354669333745
20827,sobre rieles,2,6.638354669333745
20828,sobre rieles barcos,3,6.638354669333745
20829,sobre vehículos,2,6.638354669333745
20830,sobre vehículos transportables,3,6.638354669333745
20831,sobrepase,1,6.638354669333745
20832,sobrepase el,2,6.638354669333745
20833,sobrepase el valor,3,6.638354669333745
20834,social,1,6.232889561225582
20835,social agies,2,6.638354669333745
20836,social agies de,3,6.638354669333745
20837,social mejorando,2,6.638354669333745
20838,social mejorando significativamente,3,6.638354669333745
20839,sociales,1,5.945207488773801
20840,sociales de,2,6.638354669333745
20841,sociales de baja,3,6.638354669333745
20842,sociales y,2,6.232889561225582
20843,sociales y ambientales,3,6.638354669333745
20844,sociales y campañas,3,6.638354669333745
20845,sociedad,1,6.232889561225582
20846,sociedad civil,2,6.232889561225582
20847,sociedad civil el,3,6.638354669333745
20848,society,1,6.232889561225582
20849,society for,2,6.232889561225582
20850,society for testing,3,6.232889561225582
20851,solar,1,6.638354669333745
20852,solar favorecen,2,6.638354669333745
20853,solar favorecen la,3,6.638354669333745
20854,soldaduras,1,6.638354669333745
20855,soldaduras visibles,2,6.638354669333745
20856,soldaduras visibles en,3,6.638354669333745
20857,solicitar,1,6.232889561225582
20858,solicitar al,2,6.638354669333745
20859,solicitar al momento,3,6.638354669333745
20860,solicitar el,2,6.638354669333745
20861,solicitar el financiamiento,3,6.638354669333745
20862,solicite,1,6.232889561225582
20863,solicite su,2,6.232889561225582
20864,solicite su primera,3,6.232889561225582
20865,soliciten,1,6.638354669333745
20866,soliciten al,2,6.638354669333745
20867,soliciten al momento,3,6.638354669333745
20868,solo,1,5.385591700838378
20869,solo bus,2,6.638354669333745
20870,solo bus localizadas,3,6.638354669333745
20871,solo con,2,6.638354669333745
20872,solo con un,3,6.638354669333745
20873,solo para,2,6.638354669333745
20874,solo para motores,3,6.638354669333745
20875,solo podrá,2,6.638354669333745
20876,solo podrá establecer,3,6.638354669333745
20877,solo procedimiento,2,6.638354669333745
20878,solo se,2,6.638354669333745
20879,solo se permitirá,3,6.638354669333745
20880,solventes,1,6.638354669333745
20881,solventes por,2,6.638354669333745
20882,solventes por establecimiento,3,6.638354669333745
20883,sometan,1,6.638354669333745
20884,sometan o,2,6.638354669333745
20885,sometan o deban,3,6.638354669333745
20886,someterse,1,6.638354669333745
20887,someterse al,2,6.638354669333745
20888,someterse al sistema,3,6.638354669333745
20889,son,1,5.028916756899646
20890,son el,2,6.638354669333745
20891,son el 112,3,6.638354669333745
20892,son generadas,2,6.638354669333745
20893,son generadas a,3,6.638354669333745
20894,son independencia,2,6.638354669333745
20895,son independencia las,3,6.638354669333745
20896,son insuficientes,2,6.638354669333745
20897,son insuficientes para,3,6.638354669333745
20898,son las,2,6.638354669333745
20899,son las emisiones,3,6.638354669333745
20900,son los,2,6.638354669333745
20901,son los procesos,3,6.638354669333745
20902,son muy,2,6.638354669333745
20903,son muy superiores,3,6.638354669333745
20904,son reconocibles,2,6.638354669333745
20905,son reconocibles por,3,6.638354669333745
20906,son un,2,6.638354669333745
20907,son un aporte,3,6.638354669333745
20908,sox,1,6.638354669333745
20909,sox corresponden,2,6.638354669333745
20910,sox corresponden al,3,6.638354669333745
20911,su,1,3.570301734200129
20912,su acumulación,2,6.232889561225582
20913,su acumulación al,3,6.232889561225582
20914,su alrededor,2,6.232889561225582
20915,su alrededor generando,3,6.638354669333745
20916,su campo,2,6.638354669333745
20917,su campo de,3,6.638354669333745
20918,su cobertura,2,6.638354669333745
20919,su cobertura y,3,6.638354669333745
20920,su comercialización,2,6.638354669333745
20921,su comercialización en,3,6.638354669333745
20922,su complementación,2,6.638354669333745
20923,su complementación con,3,6.638354669333745
20924,su concentración,2,6.638354669333745
20925,su concentración de,3,6.638354669333745
20926,su consecuente,2,6.232889561225582
20927,su consecuente reducción,3,6.232889561225582
20928,su contenido,2,6.638354669333745
20929,su contribución,2,6.638354669333745
20930,su contribución nacional,3,6.638354669333745
20931,su desplazamiento,2,6.638354669333745
20932,su efecto,2,6.638354669333745
20933,su efecto en,3,6.638354669333745
20934,su emplazamiento,2,6.638354669333745
20935,su emplazamiento se,3,6.638354669333745
20936,su equipamiento,2,6.638354669333745
20937,su equipamiento y,3,6.638354669333745
20938,su equivalencia,2,6.638354669333745
20939,su equivalencia en,3,6.638354669333745
20940,su esencia,2,6.638354669333745
20941,su esencia dan,3,6.638354669333745
20942,su impacto,2,6.638354669333745
20943,su impacto en,3,6.638354669333745
20944,su implementación,2,5.945207488773801
20945,su implementación con,3,6.638354669333745
20946,su implementación de,3,6.638354669333745
20947,su límite,2,6.638354669333745
20948,su límite de,3,6.638354669333745
20949,su nivel,2,6.638354669333745
20950,su nivel de,3,6.638354669333745
20951,su norma,2,6.232889561225582
20952,su norma de,3,6.232889561225582
20953,su nueva,2,6.638354669333745
20954,su nueva emisión,3,6.638354669333745
20955,su nuevo,2,6.638354669333745
20956,su nuevo plan,3,6.638354669333745
20957,su parte,2,6.232889561225582
20958,su parte para,3,6.638354669333745
20959,su parte tanto,3,6.638354669333745
20960,su presentación,2,6.638354669333745
20961,su primera,2,6.232889561225582
20962,su primera inscripción,3,6.232889561225582
20963,su programa,2,6.638354669333745
20964,su programa de,3,6.638354669333745
20965,su prohibición,2,6.638354669333745
20966,su prohibición de,3,6.638354669333745
20967,su propuesta,2,6.638354669333745
20968,su propuesta del,3,6.638354669333745
20969,su página,2,6.638354669333745
20970,su página web,3,6.638354669333745
20971,su recorrido,2,6.638354669333745
20972,su recorrido en,3,6.638354669333745
20973,su relación,2,6.638354669333745
20974,su relación con,3,6.638354669333745
20975,su responsabilidad,2,6.638354669333745
20976,su sitio,2,6.638354669333745
20977,su sitio web,3,6.638354669333745
20978,su toxicidad,2,6.638354669333745
20979,su toxicidad por,3,6.638354669333745
20980,su uso,2,6.638354669333745
20981,su uso en,3,6.638354669333745
20982,su utilización,2,6.638354669333745
20983,su utilización es,3,6.638354669333745
20984,subsecretaría,1,6.638354669333745
20985,subsecretaría de,2,6.638354669333745
20986,subsecretaría de transportes,3,6.638354669333745
20987,subsidios,1,5.945207488773801
20988,subsidios en,2,6.638354669333745
20989,subsidios en el,3,6.638354669333745
20990,subsidios especiales,2,6.638354669333745
20991,subsidios especiales para,3,6.638354669333745
20992,subsidios se,2,6.638354669333745
20993,subsidios se realizará,3,6.638354669333745
20994,subvención,1,5.945207488773801
20995,subvención escolar,2,5.945207488773801
20996,sudoeste,1,6.638354669333745
20997,suelo,1,6.638354669333745
20998,suelo con,2,6.638354669333745
20999,suelo con o,3,6.638354669333745
21000,suelos,1,6.232889561225582
21001,suelos de,2,6.638354669333745
21002,suelos de acuerdo,3,6.638354669333745
21003,suelos imagen,2,6.638354669333745
21004,suelos imagen país,3,6.638354669333745
21005,suficientes,1,6.638354669333745
21006,suficientes para,2,6.638354669333745
21007,suficientes para establecer,3,6.638354669333745
21008,sujeta,1,4.93360657709532
21009,sujeta al,2,5.028916756899646
21010,sujeta al plan,3,5.028916756899646
21011,sujeta la,2,6.638354669333745
21012,sujeta la declaración,3,6.638354669333745
21013,sujetas,1,6.638354669333745
21014,sujetas al,2,6.638354669333745
21015,sujetas al cumplimiento,3,6.638354669333745
21016,sujeto,1,6.232889561225582
21017,sujeto a,2,6.638354669333745
21018,sujeto a disponibilidad,3,6.638354669333745
21019,sujeto el,2,6.638354669333745
21020,sujeto el titular,3,6.638354669333745
21021,sujetos,1,6.638354669333745
21022,sujetos a,2,6.638354669333745
21023,sujetos a la,3,6.638354669333745
21024,suma,1,5.945207488773801
21025,suma de,2,6.232889561225582
21026,suma de las,3,6.232889561225582
21027,suma el,2,6.638354669333745
21028,suma el fuerte,3,6.638354669333745
21029,sumamos,1,6.638354669333745
21030,sumamos las,2,6.638354669333745
21031,sumamos las estrategias,3,6.638354669333745
21032,suman,1,6.638354669333745
21033,suman las,2,6.638354669333745
21034,suman las estaciones,3,6.638354669333745
21035,sumar,1,6.638354669333745
21036,sumar estas,2,6.638354669333745
21037,sumar estas emisiones,3,6.638354669333745
21038,suministrar,1,6.638354669333745
21039,suministrar un,2,6.638354669333745
21040,suministrar un equipo,3,6.638354669333745
21041,suministren,1,6.638354669333745
21042,suministren combustibles,2,6.638354669333745
21043,suministren combustibles líquidos,3,6.638354669333745
21044,supera,1,6.638354669333745
21045,supera los,2,6.638354669333745
21046,supera los 200,3,6.638354669333745
21047,superaciones,1,6.638354669333745
21048,superaciones de,2,6.638354669333745
21049,superaciones de normas,3,6.638354669333745
21050,superación,1,6.232889561225582
21051,superación de,2,6.638354669333745
21052,superación de alguno,3,6.638354669333745
21053,superación y,2,6.638354669333745
21054,superación y recuperar,3,6.638354669333745
21055,superan,1,6.232889561225582
21056,superan el,2,6.638354669333745
21057,superan el límite,3,6.638354669333745
21058,superan los,2,6.638354669333745
21059,superan los 200,3,6.638354669333745
21060,superar,1,6.638354669333745
21061,superar la,2,6.638354669333745
21062,superar la emisión,3,6.638354669333745
21063,superará,1,6.638354669333745
21064,superará el,2,6.638354669333745
21065,superará el umbral,3,6.638354669333745
21066,supere,1,6.232889561225582
21067,supere la,2,6.638354669333745
21068,supere la emisión,3,6.638354669333745
21069,supere simultáneamente,2,6.638354669333745
21070,supere simultáneamente la,3,6.638354669333745
21071,superen,1,5.945207488773801
21072,superen conforme,2,6.638354669333745
21073,superen conforme a,3,6.638354669333745
21074,superen las,2,6.638354669333745
21075,superen las emisiones,3,6.638354669333745
21076,superen los,2,6.232889561225582
21077,superen los niveles,3,6.232889561225582
21078,superficial,1,6.232889561225582
21079,superficial en,2,6.638354669333745
21080,superficial en las,3,6.638354669333745
21081,superficial permite,2,6.638354669333745
21082,superficial permite la,3,6.638354669333745
21083,superficie,1,6.232889561225582
21084,superficie de,2,6.638354669333745
21085,superficie de 15,3,6.638354669333745
21086,superficie del,2,6.638354669333745
21087,superficie del purín,3,6.638354669333745
21088,superficie destinada,2,6.638354669333745
21089,superficie destinada a,3,6.638354669333745
21090,superintendencia,1,3.524839360123371
21091,superintendencia de,2,4.623451648791481
21092,superintendencia de electricidad,3,4.623451648791481
21093,superintendencia deberá,2,6.638354669333745
21094,superintendencia deberá establecer,3,6.638354669333745
21095,superintendencia del,2,3.964206019907217
21096,superintendencia del medio,3,3.964206019907217
21097,superintendencia establezca,2,6.638354669333745
21098,superintendencia establezca para,3,6.638354669333745
21099,superior,1,5.134277272557472
21100,superior a,2,5.539742380665636
21101,superior a 100,3,6.638354669333745
21102,superior a 12,3,6.638354669333745
21103,superior a 19,3,6.638354669333745
21104,superior a 56,3,6.638354669333745
21105,superior a los,3,6.638354669333745
21106,superior al,2,6.232889561225582
21107,superior al de,3,6.638354669333745
21108,superior al pellet,3,6.638354669333745
21109,superior en,2,6.638354669333745
21110,superior en correspondencia,3,6.638354669333745
21111,superior o,2,6.638354669333745
21112,superior o igual,3,6.638354669333745
21113,superiores,1,6.232889561225582
21114,superiores a,2,6.232889561225582
21115,superiores a los,3,6.232889561225582
21116,supremo,1,5.539742380665636
21117,supremo 12,2,6.638354669333745
21118,supremo 12 de,3,6.638354669333745
21119,supremo 59,2,6.638354669333745
21120,supremo 59 de,3,6.638354669333745
21121,supremo 66,2,6.232889561225582
21122,supremo 66 de,3,6.232889561225582
21123,supremo nº,2,6.638354669333745
21124,supremo nº 160,3,6.638354669333745
21125,supuestos,1,6.638354669333745
21126,supuestos generales,2,6.638354669333745
21127,sur,1,5.945207488773801
21128,sur del,2,6.638354669333745
21129,sur del país,3,6.638354669333745
21130,sur el,2,6.638354669333745
21131,sur el macizo,3,6.638354669333745
21132,sur los,2,6.638354669333745
21133,sur los cerros,3,6.638354669333745
21134,sus,1,3.4396815517830643
21135,sus actualizaciones,2,6.638354669333745
21136,sus actualizaciones contenida,3,6.638354669333745
21137,sus atribuciones,2,5.134277272557472
21138,sus atribuciones debiendo,3,6.638354669333745
21139,sus atribuciones dispondrá,3,5.945207488773801
21140,sus atribuciones legales,3,5.945207488773801
21141,sus competencias,2,5.722063937459591
21142,sus competencias coordinará,3,6.638354669333745
21143,sus competencias podrá,3,6.638354669333745
21144,sus competencias un,3,6.638354669333745
21145,sus componentes,2,6.232889561225582
21146,sus componentes con,3,6.638354669333745
21147,sus componentes y,3,6.638354669333745
21148,sus concentraciones,2,6.638354669333745
21149,sus concentraciones alcanzan,3,6.638354669333745
21150,sus conexiones,2,6.638354669333745
21151,sus conexiones destinado,3,6.638354669333745
21152,sus emisiones,2,4.93360657709532
21153,sus emisiones considerando,3,6.638354669333745
21154,sus emisiones de,3,5.539742380665636
21155,sus emisiones deberán,3,6.232889561225582
21156,sus emisiones que,3,6.638354669333745
21157,sus emisiones totales,3,6.638354669333745
21158,sus esfuerzos,2,6.638354669333745
21159,sus esfuerzos en,3,6.638354669333745
21160,sus etapas,2,6.638354669333745
21161,sus etapas generen,3,6.638354669333745
21162,sus instrumentos,2,6.638354669333745
21163,sus instrumentos en,3,6.638354669333745
21164,sus locales,2,6.638354669333745
21165,sus locales las,3,6.638354669333745
21166,sus modalidades,2,6.638354669333745
21167,sus modalidades en,3,6.638354669333745
21168,sus modifi,2,6.638354669333745
21169,sus modifi aciones,3,6.638354669333745
21170,sus modificaciones,2,5.385591700838378
21171,sus modificaciones el,3,6.232889561225582
21172,sus modificaciones que,3,6.638354669333745
21173,sus modificaciones se,3,6.232889561225582
21174,sus modificaciones y,3,5.945207488773801
21175,sus modifinse,2,6.638354669333745
21176,sus modifinse aplicarán,3,6.638354669333745
21177,sus normas,2,6.638354669333745
21178,sus normas diaria,3,6.638354669333745
21179,sus nuevas,2,6.232889561225582
21180,sus nuevas metas,3,6.232889561225582
21181,sus obligaciones,2,6.638354669333745
21182,sus obligaciones derivadas,3,6.638354669333745
21183,sus precursores,2,6.638354669333745
21184,sus precursores en,3,6.638354669333745
21185,sus principales,2,6.638354669333745
21186,sus principales fuentes,3,6.638354669333745
21187,sus reformulaciones,2,6.638354669333745
21188,sus reformulaciones pasadas,3,6.638354669333745
21189,sus representantes,2,6.638354669333745
21190,sus representantes soliciten,3,6.638354669333745
21191,sus respectivos,2,6.232889561225582
21192,sus respectivos planes,3,6.232889561225582
21193,sus resultados,2,6.638354669333745
21194,sus resultados e,3,6.638354669333745
21195,sus siglas,2,6.638354669333745
21196,sus siglas en,3,6.638354669333745
21197,sus uniones,2,6.638354669333745
21198,suspensión,1,5.945207488773801
21199,suspensión o,2,6.638354669333745
21200,suspensión o y,3,6.638354669333745
21201,suspensión ozono,2,6.232889561225582
21202,suspensión ozono y,3,6.232889561225582
21203,sustentabilidad,1,6.232889561225582
21204,sustentabilidad del,2,6.638354669333745
21205,sustentabilidad del desarrollo,3,6.638354669333745
21206,sustentabilidad se,2,6.638354669333745
21207,sustentabilidad se pronunció,3,6.638354669333745
21208,sustentable,1,6.232889561225582
21209,sustentable del,2,6.638354669333745
21210,sustentable del ministerio,3,6.638354669333745
21211,sustentable para,2,6.638354669333745
21212,sustentable para calefacción,3,6.638354669333745
21213,sustituirán,1,6.638354669333745
21214,sustituirán las,2,6.638354669333745
21215,sustituirán las exigencias,3,6.638354669333745
21216,símbolo,1,6.638354669333745
21217,síntomas,1,6.638354669333745
21218,síntomas e,2,6.638354669333745
21219,síntomas e incremento,3,6.638354669333745
21220,sólido,1,5.385591700838378
21221,sólido de,2,6.638354669333745
21222,sólido de color,3,6.638354669333745
21223,sólido generalmente,2,6.232889561225582
21224,sólido generalmente de,3,6.232889561225582
21225,sólido leña,2,6.232889561225582
21226,sólido leña muestreos,3,6.638354669333745
21227,sólido leña requisitos,3,6.638354669333745
21228,sólidos,1,5.385591700838378
21229,sólidos especificaciones,2,6.638354669333745
21230,sólidos especificaciones y,3,6.638354669333745
21231,sólidos que,2,6.638354669333745
21232,sólidos que han,3,6.638354669333745
21233,sólidos tales,2,5.945207488773801
21234,sólidos tales como,3,5.945207488773801
21235,sólidos y,2,6.638354669333745
21236,sólidos y cuya,3,6.638354669333745
21237,sólo,1,5.2520603082138555
21238,sólo en,2,6.638354669333745
21239,sólo en caso,3,6.638354669333745
21240,sólo estará,2,6.638354669333745
21241,sólo estará permitido,3,6.638354669333745
21242,sólo podrá,2,6.638354669333745
21243,sólo podrá disponerse,3,6.638354669333745
21244,sólo podrán,2,5.945207488773801
21245,sólo podrán circular,3,6.638354669333745
21246,sólo podrán compensar,3,6.638354669333745
21247,sólo podrán dar,3,6.638354669333745
21248,sólo se,2,6.638354669333745
21249,sólo se permitirán,3,6.638354669333745
21250,tabla,1,3.6179297831893833
21251,tabla anterior,2,5.028916756899646
21252,tabla anterior se,3,5.028916756899646
21253,tabla de,2,6.638354669333745
21254,tabla de reducción,3,6.638354669333745
21255,tabla iii,2,5.945207488773801
21256,tabla iii 10,3,6.232889561225582
21257,tabla iii o,3,6.232889561225582
21258,tabla iv,2,6.638354669333745
21259,tabla iv requisitos,3,6.638354669333745
21260,tabla muestra,2,6.638354669333745
21261,tabla muestra el,3,6.638354669333745
21262,tabla precedente,2,6.638354669333745
21263,tabla precedente están,3,6.638354669333745
21264,tabla se,2,6.638354669333745
21265,tabla se presentan,3,6.638354669333745
21266,tabla vi,2,5.134277272557472
21267,tabla vi 13,3,6.638354669333745
21268,tabla vi 14,3,5.539742380665636
21269,tabla vi 21,3,6.638354669333745
21270,tabla vi considerando,3,6.638354669333745
21271,tabla vii,2,6.638354669333745
21272,tabla vii de,3,6.638354669333745
21273,tabla xii,2,6.638354669333745
21274,tabla xii anterior,3,6.638354669333745
21275,tabla y,2,6.232889561225582
21276,tabla y como,3,6.232889561225582
21277,tablas,1,5.945207488773801
21278,tablas vi,2,6.638354669333745
21279,tablas vi 17,3,6.638354669333745
21280,tal,1,5.134277272557472
21281,tal como,2,6.232889561225582
21282,tal como se,3,6.232889561225582
21283,tal de,2,6.638354669333745
21284,tal de alcanzar,3,6.638354669333745
21285,tal en,2,6.638354669333745
21286,tal en las,3,6.638354669333745
21287,tal forma,2,6.232889561225582
21288,tal forma de,3,6.232889561225582
21289,tal que,2,6.232889561225582
21290,tal que la,3,6.638354669333745
21291,tal que las,3,6.638354669333745
21292,talagante,1,6.638354669333745
21293,talagante completando,2,6.638354669333745
21294,talagante completando un,3,6.638354669333745
21295,tales,1,5.2520603082138555
21296,tales como,2,5.722063937459591
21297,tales como la,3,6.638354669333745
21298,tales como leña,3,5.945207488773801
21299,tales efectos,2,6.638354669333745
21300,tales iniciativas,2,6.638354669333745
21301,tales iniciativas fuente,3,6.638354669333745
21302,tales por,2,6.638354669333745
21303,tales por la,3,6.638354669333745
21304,tamaño,1,6.232889561225582
21305,tamaño de,2,6.638354669333745
21306,tamaño de las,3,6.638354669333745
21307,tamaño superior,2,6.638354669333745
21308,tamaño superior al,3,6.638354669333745
21309,también,1,5.2520603082138555
21310,también con,2,6.638354669333745
21311,también con las,3,6.638354669333745
21312,también es,2,6.232889561225582
21313,también es necesario,3,6.232889561225582
21314,también se,2,5.945207488773801
21315,también se considerarán,3,6.638354669333745
21316,también se podrán,3,6.638354669333745
21317,también se prohibirá,3,6.638354669333745
21318,también sobre,2,6.638354669333745
21319,también sobre otros,3,6.638354669333745
21320,tampoco,1,6.638354669333745
21321,tampoco se,2,6.638354669333745
21322,tampoco se alcanzaría,3,6.638354669333745
21323,tan,1,6.638354669333745
21324,tan solo,2,6.638354669333745
21325,tan solo con,3,6.638354669333745
21326,tanques,1,5.722063937459591
21327,tanques de,2,6.232889561225582
21328,tanques de almacenamiento,3,6.232889561225582
21329,tanques junto,2,6.638354669333745
21330,tanques junto con,3,6.638354669333745
21331,tanques que,2,6.232889561225582
21332,tanques que almacenen,3,6.638354669333745
21333,tanques que suministren,3,6.638354669333745
21334,tanto,1,5.028916756899646
21335,tanto a,2,6.638354669333745
21336,tanto a diésel,3,6.638354669333745
21337,tanto el,2,6.638354669333745
21338,tanto el consejo,3,6.638354669333745
21339,tanto en,2,6.638354669333745
21340,tanto en la,3,6.638354669333745
21341,tanto las,2,6.638354669333745
21342,tanto las normas,3,6.638354669333745
21343,tanto no,2,6.638354669333745
21344,tanto no se,3,6.638354669333745
21345,tanto para,2,6.232889561225582
21346,tanto para el,3,6.638354669333745
21347,tanto para mp10,3,6.638354669333745
21348,tanto se,2,6.638354669333745
21349,tanto se asocia,3,6.638354669333745
21350,tanto un,2,6.638354669333745
21351,tanto un compromiso,3,6.638354669333745
21352,tasa,1,6.638354669333745
21353,tasa de,2,6.638354669333745
21354,tasa de descuento,3,6.638354669333745
21355,taxis,1,6.638354669333745
21356,taxis en,2,6.638354669333745
21357,taxis en cualquiera,3,6.638354669333745
21358,techo,1,5.722063937459591
21359,techo flotante,2,6.638354669333745
21360,techo flotante externo,3,6.638354669333745
21361,tecnología,1,6.638354669333745
21362,tecnología certificada,2,6.638354669333745
21363,tecnología certificada para,3,6.638354669333745
21364,tecnologías,1,6.232889561225582
21365,tecnologías de,2,6.638354669333745
21366,tecnologías de control,3,6.638354669333745
21367,tecnologías que,2,6.638354669333745
21368,tecnologías que generen,3,6.638354669333745
21369,tecnológicos,1,6.638354669333745
21370,tecnológicos lo,2,6.638354669333745
21371,tecnológicos lo que,3,6.638354669333745
21372,telecomunicaciones,1,4.073405311872209
21373,telecomunicaciones a,2,5.722063937459591
21374,telecomunicaciones a través,3,5.722063937459591
21375,telecomunicaciones conforme,2,5.945207488773801
21376,telecomunicaciones conforme a,3,5.945207488773801
21377,telecomunicaciones de,2,6.638354669333745
21378,telecomunicaciones de acuerdo,3,6.638354669333745
21379,telecomunicaciones deberá,2,6.638354669333745
21380,telecomunicaciones deberá intensificar,3,6.638354669333745
21381,telecomunicaciones deberán,2,5.945207488773801
21382,telecomunicaciones deberán cumplir,3,6.232889561225582
21383,telecomunicaciones deberán establecer,3,6.638354669333745
21384,telecomunicaciones desarrollará,2,6.638354669333745
21385,telecomunicaciones desarrollará un,3,6.638354669333745
21386,telecomunicaciones diseñará,2,6.638354669333745
21387,telecomunicaciones diseñará un,3,6.638354669333745
21388,telecomunicaciones en,2,5.945207488773801
21389,telecomunicaciones en conjunto,3,6.232889561225582
21390,telecomunicaciones en la,3,6.638354669333745
21391,telecomunicaciones evaluarán,2,6.638354669333745
21392,telecomunicaciones evaluarán implementar,3,6.638354669333745
21393,telecomunicaciones propondrá,2,6.638354669333745
21394,telecomunicaciones propondrá en,3,6.638354669333745
21395,telecomunicaciones que,2,6.638354669333745
21396,telecomunicaciones que deberá,3,6.638354669333745
21397,telecomunicaciones rm,2,5.945207488773801
21398,telecomunicaciones rm deberá,3,6.232889561225582
21399,telecomunicaciones rm diseñará,3,6.638354669333745
21400,telecomunicaciones serán,2,6.638354669333745
21401,telecomunicaciones serán los,3,6.638354669333745
21402,telecomunicaciones y,2,5.722063937459591
21403,telecomunicaciones y el,3,6.638354669333745
21404,telecomunicaciones y la,3,6.638354669333745
21405,telecomunicaciones y otras,3,6.638354669333745
21406,telecomunicaciones y sus,3,6.638354669333745
21407,telemedición,1,6.638354669333745
21408,temas,1,6.638354669333745
21409,temas de,2,6.638354669333745
21410,temas de descontaminación,3,6.638354669333745
21411,temperatura,1,6.232889561225582
21412,temperatura concentración,2,6.638354669333745
21413,temperatura concentración de,3,6.638354669333745
21414,temperatura global,2,6.638354669333745
21415,templador,1,6.638354669333745
21416,templador tiene,2,6.638354669333745
21417,templador tiene evacuación,3,6.638354669333745
21418,temporada,1,6.638354669333745
21419,temporada otoño,2,6.638354669333745
21420,temporada otoño invierno,3,6.638354669333745
21421,temporales,1,6.232889561225582
21422,temporales autorizadas,2,6.638354669333745
21423,temporales autorizadas por,3,6.638354669333745
21424,temporales para,2,6.638354669333745
21425,temporales para algunas,3,6.638354669333745
21426,temáticas,1,6.638354669333745
21427,temáticas de,2,6.638354669333745
21428,temáticas de calidad,3,6.638354669333745
21429,tendencia,1,6.638354669333745
21430,tendencia de,2,6.638354669333745
21431,tendencia de episodios,3,6.638354669333745
21432,tendientes,1,5.945207488773801
21433,tendientes a,2,5.945207488773801
21434,tendientes a agilizar,3,6.638354669333745
21435,tendientes a dar,3,6.638354669333745
21436,tendientes a reducir,3,6.638354669333745
21437,tendrán,1,6.638354669333745
21438,tendrán un,2,6.638354669333745
21439,tendrán un plazo,3,6.638354669333745
21440,tener,1,6.232889561225582
21441,tener repercusiones,2,6.638354669333745
21442,tener repercusiones sobre,3,6.638354669333745
21443,tener uno,2,6.638354669333745
21444,tener uno o,3,6.638354669333745
21445,tenga,1,6.638354669333745
21446,tenga una,2,6.638354669333745
21447,tenga una potencia,3,6.638354669333745
21448,teniendo,1,6.638354669333745
21449,teniendo en,2,6.638354669333745
21450,teniendo en consideración,3,6.638354669333745
21451,tenor,1,6.638354669333745
21452,tentativa,1,6.638354669333745
21453,tentativa indc,2,6.638354669333745
21454,tentativa indc por,3,6.638354669333745
21455,terceros,1,5.945207488773801
21456,terceros la,2,6.638354669333745
21457,terceros la referida,3,6.638354669333745
21458,terceros que,2,6.638354669333745
21459,terceros que ejecuten,3,6.638354669333745
21460,terminaciones,1,6.638354669333745
21461,terminaciones y,2,6.638354669333745
21462,terminaciones y soldaduras,3,6.638354669333745
21463,terminado,1,5.945207488773801
21464,terminado el,2,5.945207488773801
21465,terminado el ciclo,3,5.945207488773801
21466,termoeléctricas,1,6.638354669333745
21467,termoeléctricas calderas,2,6.638354669333745
21468,termoeléctricas calderas procesos,3,6.638354669333745
21469,terreno,1,6.232889561225582
21470,terreno descrito,2,6.638354669333745
21471,terreno descrito en,3,6.638354669333745
21472,terreno donde,2,6.638354669333745
21473,terreno donde se,3,6.638354669333745
21474,terrenos,1,6.232889561225582
21475,terrenos agrícolas,2,6.638354669333745
21476,terrenos agrícolas ganaderos,3,6.638354669333745
21477,terrenos montañosos,2,6.638354669333745
21478,terrenos montañosos 11,3,6.638354669333745
21479,territoriales,1,6.638354669333745
21480,testing,1,6.232889561225582
21481,testing and,2,6.232889561225582
21482,testing and materials,3,6.232889561225582
21483,texto,1,5.945207488773801
21484,texto de,2,6.232889561225582
21485,texto de la,3,6.232889561225582
21486,texto del,2,6.638354669333745
21487,texto del anteproyecto,3,6.638354669333745
21488,tiempo,1,6.638354669333745
21489,tiempo máximo,2,6.638354669333745
21490,tiempo máximo de,3,6.638354669333745
21491,tiene,1,4.846595200105691
21492,tiene como,2,6.638354669333745
21493,tiene como objetivo,3,6.638354669333745
21494,tiene efectos,2,6.232889561225582
21495,tiene efectos económicos,3,6.638354669333745
21496,tiene efectos y,3,6.638354669333745
21497,tiene evacuación,2,6.638354669333745
21498,tiene evacuación directa,3,6.638354669333745
21499,tiene impactos,2,6.638354669333745
21500,tiene impactos no,3,6.638354669333745
21501,tiene por,2,6.232889561225582
21502,tiene por finalidad,3,6.638354669333745
21503,tiene por objetivo,3,6.638354669333745
21504,tiene un,2,6.232889561225582
21505,tiene un contenido,3,6.638354669333745
21506,tiene un efecto,3,6.638354669333745
21507,tiene una,2,6.232889561225582
21508,tiene una población,3,6.638354669333745
21509,tiene una potencia,3,6.638354669333745
21510,tienen,1,6.638354669333745
21511,tienen un,2,6.638354669333745
21512,tienen un impacto,3,6.638354669333745
21513,tierra,1,6.638354669333745
21514,tierra en,2,6.638354669333745
21515,tierra en la,3,6.638354669333745
21516,tintas,1,6.638354669333745
21517,tintas pinturas,2,6.638354669333745
21518,tintas pinturas barnices,3,6.638354669333745
21519,tipo,1,5.028916756899646
21520,tipo cambio,2,6.638354669333745
21521,tipo cambio dólar,3,6.638354669333745
21522,tipo cambio uf,3,6.638354669333745
21523,tipo de,2,5.385591700838378
21524,tipo de artefactos,3,6.638354669333745
21525,tipo de calefactores,3,6.638354669333745
21526,tipo de combustible,3,6.638354669333745
21527,tipo de residuos,3,6.638354669333745
21528,tipo de vegetación,3,6.638354669333745
21529,tipo de áreas,3,6.638354669333745
21530,tipo destete,2,6.638354669333745
21531,tipo destete venta,3,6.638354669333745
21532,tipo o,2,6.638354669333745
21533,tipo o familia,3,6.638354669333745
21534,tipos,1,6.232889561225582
21535,tipos de,2,6.232889561225582
21536,tipos de fuentes,3,6.638354669333745
21537,tipos de programas,3,6.638354669333745
21538,titular,1,6.638354669333745
21539,titular o,2,6.638354669333745
21540,titular o bien,3,6.638354669333745
21541,titulares,1,5.028916756899646
21542,titulares antes,2,6.638354669333745
21543,titulares antes del,3,6.638354669333745
21544,titulares de,2,5.2520603082138555
21545,titulares de establecimientos,3,6.638354669333745
21546,titulares de fuentes,3,6.232889561225582
21547,titulares de grandes,3,6.638354669333745
21548,titulares de grupos,3,6.638354669333745
21549,titulares de las,3,6.638354669333745
21550,titulares de planteles,3,6.638354669333745
21551,titulares puedan,2,6.638354669333745
21552,titulares puedan cumplir,3,6.638354669333745
21553,toda,1,4.7665524924321545
21554,toda actividad,2,6.638354669333745
21555,toda actividad proceso,3,6.638354669333745
21556,toda el,2,6.638354669333745
21557,toda el área,3,6.638354669333745
21558,toda empresa,2,6.638354669333745
21559,toda empresa productora,3,6.638354669333745
21560,toda fuente,2,6.638354669333745
21561,toda fuente diseñada,3,6.638354669333745
21562,toda la,2,5.134277272557472
21563,toda la cadena,3,6.232889561225582
21564,toda la cuenca,3,6.638354669333745
21565,toda la leña,3,6.638354669333745
21566,toda la región,3,5.722063937459591
21567,todas,1,5.2520603082138555
21568,todas aquellas,2,6.232889561225582
21569,todas aquellas emisiones,3,6.638354669333745
21570,todas aquellas resoluciones,3,6.638354669333745
21571,todas de,2,6.638354669333745
21572,todas de 2001,3,6.638354669333745
21573,todas las,2,5.945207488773801
21574,todas las condiciones,3,6.638354669333745
21575,todas las etapas,3,6.638354669333745
21576,todas las exigencias,3,6.638354669333745
21577,todas medidas,2,6.638354669333745
21578,todas medidas en,3,6.638354669333745
21579,todo,1,4.692444520278432
21580,todo el,2,6.232889561225582
21581,todo el día,3,6.638354669333745
21582,todo el transcurso,3,6.638354669333745
21583,todo lo,2,5.028916756899646
21584,todo lo que,3,5.028916756899646
21585,todo tipo,2,6.232889561225582
21586,todo tipo de,3,6.232889561225582
21587,todos,1,5.2520603082138555
21588,todos aquellos,2,6.638354669333745
21589,todos aquellos proyectos,3,6.638354669333745
21590,todos los,2,5.539742380665636
21591,todos los antecedentes,3,6.638354669333745
21592,todos los calefactores,3,6.638354669333745
21593,todos los componentes,3,6.638354669333745
21594,todos los tanques,3,6.638354669333745
21595,todos los titulares,3,6.638354669333745
21596,todos sus,2,6.638354669333745
21597,todos sus componentes,3,6.638354669333745
21598,toma,1,6.638354669333745
21599,toma de,2,6.638354669333745
21600,toma de decisiones,3,6.638354669333745
21601,tomando,1,5.945207488773801
21602,tomando como,2,6.638354669333745
21603,tomando como fuente,3,6.638354669333745
21604,tomando en,2,6.232889561225582
21605,tomando en cuenta,3,6.232889561225582
21606,ton,1,6.638354669333745
21607,ton año,2,6.638354669333745
21608,ton año se,3,6.638354669333745
21609,toneladas,1,6.638354669333745
21610,toneladas anuales,2,6.638354669333745
21611,toneladas anuales de,3,6.638354669333745
21612,total,1,4.7665524924321545
21613,total de,2,5.385591700838378
21614,total de 11,3,6.638354669333745
21615,total de 12,3,6.638354669333745
21616,total de concentraciones,3,6.638354669333745
21617,total de la,3,6.638354669333745
21618,total de material,3,6.638354669333745
21619,total de vapores,3,6.638354669333745
21620,total del,2,5.945207488773801
21621,total del guano,3,5.945207488773801
21622,total entregada,2,6.638354669333745
21623,total entregada por,3,6.638354669333745
21624,total estimada,2,6.638354669333745
21625,total estimada para,3,6.638354669333745
21626,total o,2,6.638354669333745
21627,total o parcialmente,3,6.638354669333745
21628,totales,1,6.638354669333745
21629,totales anuales,2,6.638354669333745
21630,totales anuales directas,3,6.638354669333745
21631,totalidad,1,6.638354669333745
21632,totalidad de,2,6.638354669333745
21633,totalidad de sus,3,6.638354669333745
21634,toxicidad,1,6.638354669333745
21635,toxicidad por,2,6.638354669333745
21636,toxicidad por su,3,6.638354669333745
21637,trabajo,1,6.638354669333745
21638,trabajo con,2,6.638354669333745
21639,trabajo con el,3,6.638354669333745
21640,traduce,1,6.638354669333745
21641,traduce en,2,6.638354669333745
21642,traduce en un,3,6.638354669333745
21643,traducido,1,6.638354669333745
21644,traducido en,2,6.638354669333745
21645,traducido en una,3,6.638354669333745
21646,tragüen,1,6.638354669333745
21647,tragüen y,2,6.638354669333745
21648,tragüen y ortúzar,3,6.638354669333745
21649,transantiago,1,6.232889561225582
21650,transbordos,1,6.638354669333745
21651,transbordos en,2,6.638354669333745
21652,transbordos en el,3,6.638354669333745
21653,transcurso,1,6.638354669333745
21654,transcurso del,2,6.638354669333745
21655,transcurso del período,3,6.638354669333745
21656,transferencia,1,6.232889561225582
21657,transferencia de,2,6.232889561225582
21658,transferencia de combustibles,3,6.232889561225582
21659,transferencias,1,6.638354669333745
21660,transferencias de,2,6.638354669333745
21661,transferencias de contaminantes,3,6.638354669333745
21662,transferir,1,6.638354669333745
21663,transferir calor,2,6.638354669333745
21664,transferir calor a,3,6.638354669333745
21665,transformación,1,5.722063937459591
21666,transformación de,2,6.232889561225582
21667,transformación de la,3,6.232889561225582
21668,transformación en,2,6.638354669333745
21669,transformación en su,3,6.638354669333745
21670,transformación radical,2,6.638354669333745
21671,transformación radical del,3,6.638354669333745
21672,transformación relevante,2,6.638354669333745
21673,transformación relevante en,3,6.638354669333745
21674,transformándolo,1,6.638354669333745
21675,transformándolo en,2,6.638354669333745
21676,transformándolo en un,3,6.638354669333745
21677,transportables,1,6.638354669333745
21678,transportables para,2,6.638354669333745
21679,transportables para facilitar,3,6.638354669333745
21680,transporte,1,4.286979412170268
21681,transporte 2025,2,6.638354669333745
21682,transporte 2025 de,3,6.638354669333745
21683,transporte 61,2,6.638354669333745
21684,transporte 80,2,6.638354669333745
21685,transporte 80 de,3,6.638354669333745
21686,transporte 92,2,6.638354669333745
21687,transporte 92 e,3,6.638354669333745
21688,transporte combustibles,2,6.638354669333745
21689,transporte combustibles sin,3,6.638354669333745
21690,transporte comercial,2,6.638354669333745
21691,transporte comercial y,3,6.638354669333745
21692,transporte de,2,5.539742380665636
21693,transporte de carga,3,6.638354669333745
21694,transporte de pasajeros,3,5.539742380665636
21695,transporte el,2,6.638354669333745
21696,transporte el mejoramiento,3,6.638354669333745
21697,transporte producto,2,6.638354669333745
21698,transporte producto de,3,6.638354669333745
21699,transporte público,2,5.539742380665636
21700,transporte público de,3,6.638354669333745
21701,transporte público metropolitano,3,6.638354669333745
21702,transporte público y,3,6.638354669333745
21703,transporte residencial,2,6.638354669333745
21704,transporte residencial e,3,6.638354669333745
21705,transporte sectra,2,6.638354669333745
21706,transporte sectra en,3,6.638354669333745
21707,transporte u,2,6.638354669333745
21708,transporte u otras,3,6.638354669333745
21709,transporte urbano,2,6.638354669333745
21710,transporte urbano de,3,6.638354669333745
21711,transporte y,2,6.638354669333745
21712,transporte y maquinaria,3,6.638354669333745
21713,transportes,1,4.073405311872209
21714,transportes del,2,6.638354669333745
21715,transportes del ministerio,3,6.638354669333745
21716,transportes y,2,4.073405311872209
21717,transportes y telecomunicaciones,3,4.073405311872209
21718,trasporte,1,6.638354669333745
21719,trasporte es,2,6.638354669333745
21720,trasporte es el,3,6.638354669333745
21721,tratamiento,1,6.638354669333745
21722,tratamiento de,2,6.638354669333745
21723,tratamiento de purín,3,6.638354669333745
21724,tratar,1,6.638354669333745
21725,tratar extraída,2,6.638354669333745
21726,tratar extraída del,3,6.638354669333745
21727,través,1,4.3357695763397
21728,través de,2,4.4982885058374755
21729,través de charlas,3,6.638354669333745
21730,través de chimeneas,3,6.638354669333745
21731,través de diferentes,3,6.638354669333745
21732,través de la,3,5.385591700838378
21733,través de monitoreo,3,6.638354669333745
21734,través de su,3,6.638354669333745
21735,través de terceros,3,6.232889561225582
21736,través de un,3,6.232889561225582
21737,través de una,3,6.638354669333745
21738,través del,2,5.945207488773801
21739,través del programa,3,6.232889561225582
21740,través del tubo,3,6.638354669333745
21741,tres,1,6.232889561225582
21742,tres meses,2,6.638354669333745
21743,tres meses de,3,6.638354669333745
21744,tres sectores,2,6.638354669333745
21745,tres sectores aportan,3,6.638354669333745
21746,trianual,1,6.232889561225582
21747,trianual de,2,6.232889561225582
21748,trianual de acuerdo,3,6.638354669333745
21749,trianual de mp10,3,6.638354669333745
21750,trianuales,1,5.539742380665636
21751,trianuales como,2,6.638354669333745
21752,trianuales como lo,3,6.638354669333745
21753,trianuales de,2,5.945207488773801
21754,trianuales de los,3,6.638354669333745
21755,trianuales de mp10,3,6.638354669333745
21756,trianuales de ozono,3,6.638354669333745
21757,trianuales y,2,6.638354669333745
21758,trianuales y norma,3,6.638354669333745
21759,trimestralmente,1,6.638354669333745
21760,trimestralmente a,2,6.638354669333745
21761,trimestralmente a la,3,6.638354669333745
21762,troncos,1,6.638354669333745
21763,troncos ramas,2,6.638354669333745
21764,troncos ramas y,3,6.638354669333745
21765,troposférico,1,6.638354669333745
21766,tránsito,1,6.232889561225582
21767,tránsito podrá,2,6.638354669333745
21768,tránsito podrá establecer,3,6.638354669333745
21769,tránsito que,2,6.638354669333745
21770,tránsito que considere,3,6.638354669333745
21771,tubo,1,6.232889561225582
21772,tubo de,2,6.232889561225582
21773,tubo de escape,3,6.232889561225582
21774,tuvo,1,6.232889561225582
21775,tuvo como,2,6.638354669333745
21776,tuvo como antecedente,3,6.638354669333745
21777,tuvo la,2,6.638354669333745
21778,tuvo la fracción,3,6.638354669333745
21779,técnica,1,6.232889561225582
21780,técnica y,2,6.232889561225582
21781,técnica y económica,3,6.638354669333745
21782,técnica y financiamiento,3,6.638354669333745
21783,técnicas,1,6.232889561225582
21784,técnicas de,2,6.638354669333745
21785,técnicas de los,3,6.638354669333745
21786,técnicas para,2,6.638354669333745
21787,técnicas para ello,3,6.638354669333745
21788,técnicos,1,5.385591700838378
21789,técnicos de,2,6.638354669333745
21790,técnicos de la,3,6.638354669333745
21791,técnicos establecidos,2,6.232889561225582
21792,técnicos establecidos para,3,6.232889561225582
21793,técnicos para,2,6.232889561225582
21794,técnicos para dicho,3,6.638354669333745
21795,técnicos para el,3,6.638354669333745
21796,técnicos que,2,6.638354669333745
21797,técnicos que defina,3,6.638354669333745
21798,térmica,1,5.028916756899646
21799,térmica en,2,6.638354669333745
21800,térmica en la,3,6.638354669333745
21801,térmica global,2,6.638354669333745
21802,térmica global mayor,3,6.638354669333745
21803,térmica mayor,2,6.638354669333745
21804,térmica mayor o,3,6.638354669333745
21805,térmica menor,2,6.638354669333745
21806,térmica menor a,3,6.638354669333745
21807,térmica nominal,2,6.232889561225582
21808,térmica nominal corresponde,3,6.638354669333745
21809,térmica nominal menor,3,6.638354669333745
21810,térmica según,2,6.638354669333745
21811,térmica según disponibilidad,3,6.638354669333745
21812,térmica sobre,2,6.638354669333745
21813,térmica sobre la,3,6.638354669333745
21814,térmica superficial,2,6.638354669333745
21815,térmica superficial en,3,6.638354669333745
21816,térmica y,2,6.638354669333745
21817,térmica y eléctrica,3,6.638354669333745
21818,térmico,1,5.945207488773801
21819,térmico de,2,6.232889561225582
21820,térmico de viviendas,3,6.232889561225582
21821,térmico y,2,6.638354669333745
21822,térmico y o,3,6.638354669333745
21823,término,1,6.232889561225582
21824,término a,2,6.638354669333745
21825,término a su,3,6.638354669333745
21826,término de,2,6.638354669333745
21827,término de vida,3,6.638354669333745
21828,términos,1,5.2520603082138555
21829,términos de,2,5.385591700838378
21830,términos de eficiencia,3,6.638354669333745
21831,términos de emisión,3,6.638354669333745
21832,términos de incorporar,3,6.638354669333745
21833,términos de referencia,3,6.232889561225582
21834,términos de ventilación,3,6.638354669333745
21835,términos tecnológicos,2,6.638354669333745
21836,términos tecnológicos lo,3,6.638354669333745
21837,u,1,5.134277272557472
21838,u otra,2,6.232889561225582
21839,u otra clase,3,6.638354669333745
21840,u otra condición,3,6.638354669333745
21841,u otras,2,6.232889561225582
21842,u otras actividades,3,6.638354669333745
21843,u otras que,3,6.638354669333745
21844,u otro,2,6.638354669333745
21845,u otro instrumento,3,6.638354669333745
21846,u otros,2,5.945207488773801
21847,u otros artefactos,3,6.638354669333745
21848,u otros elementos,3,6.638354669333745
21849,u otros similares,3,6.638354669333745
21850,ubica,1,6.638354669333745
21851,ubica entre,2,6.638354669333745
21852,ubica entre la,3,6.638354669333745
21853,ubicación,1,6.638354669333745
21854,ubicación en,2,6.638354669333745
21855,ubicación en coordenadas,3,6.638354669333745
21856,ubicadas,1,6.232889561225582
21857,ubicadas al,2,6.638354669333745
21858,ubicadas al interior,3,6.638354669333745
21859,ubicadas fuera,2,6.638354669333745
21860,ubicadas fuera de,3,6.638354669333745
21861,ubicados,1,6.638354669333745
21862,ubicados en,2,6.638354669333745
21863,ubicados en la,3,6.638354669333745
21864,uf,1,6.638354669333745
21865,uf 25,2,6.638354669333745
21866,uf 25 115,3,6.638354669333745
21867,uf al,2,6.638354669333745
21868,uf al año,3,6.638354669333745
21869,umbral,1,6.638354669333745
21870,umbral indicado,2,6.638354669333745
21871,umbral indicado en,3,6.638354669333745
21872,un,1,2.5274808051604345
21873,un adecuado,2,6.638354669333745
21874,un adecuado nivel,3,6.638354669333745
21875,un agente,2,6.638354669333745
21876,un agente capaz,3,6.638354669333745
21877,un alternador,2,6.638354669333745
21878,un alternador o,3,6.638354669333745
21879,un alto,2,6.638354669333745
21880,un alto contenido,3,6.638354669333745
21881,un anexo,2,6.638354669333745
21882,un anexo con,3,6.638354669333745
21883,un anteproyecto,2,6.638354669333745
21884,un anteproyecto para,3,6.638354669333745
21885,un análisis,2,6.638354669333745
21886,un análisis general,3,6.638354669333745
21887,un aporte,2,6.638354669333745
21888,un aporte a,3,6.638354669333745
21889,un aumento,2,5.945207488773801
21890,un aumento generalizado,3,6.638354669333745
21891,un aumento o,3,6.638354669333745
21892,un aumento sobre,3,6.638354669333745
21893,un beneficio,2,6.638354669333745
21894,un beneficio neto,3,6.638354669333745
21895,un cambio,2,6.638354669333745
21896,un cambio en,3,6.638354669333745
21897,un catastro,2,6.232889561225582
21898,un catastro de,3,6.638354669333745
21899,un catastro del,3,6.638354669333745
21900,un certificado,2,6.638354669333745
21901,un certificado emitido,3,6.638354669333745
21902,un combustible,2,5.385591700838378
21903,un combustible gaseoso,3,5.945207488773801
21904,un combustible líquido,3,6.232889561225582
21905,un combustible mediante,3,6.638354669333745
21906,un compromiso,2,6.638354669333745
21907,un compromiso país,3,6.638354669333745
21908,un conjunto,2,6.232889561225582
21909,un conjunto de,3,6.232889561225582
21910,un consolidado,2,6.638354669333745
21911,un consolidado al,3,6.638354669333745
21912,un contaminante,2,6.638354669333745
21913,un contaminante climático,3,6.638354669333745
21914,un contenido,2,6.638354669333745
21915,un contenido de,3,6.638354669333745
21916,un control,2,6.232889561225582
21917,un control eficaz,3,6.638354669333745
21918,un control estricto,3,6.638354669333745
21919,un cupo,2,6.638354669333745
21920,un cupo exclusivo,3,6.638354669333745
21921,un diagnóstico,2,6.232889561225582
21922,un diagnóstico que,3,6.638354669333745
21923,un diagnóstico y,3,6.638354669333745
21924,un ducto,2,6.232889561225582
21925,un ducto de,3,6.638354669333745
21926,un ducto o,3,6.638354669333745
21927,un efecto,2,6.638354669333745
21928,un efecto positivo,3,6.638354669333745
21929,un empeoramiento,2,5.945207488773801
21930,un empeoramiento de,3,5.945207488773801
21931,un equipo,2,6.638354669333745
21932,un equipo en,3,6.638354669333745
21933,un estado,2,6.638354669333745
21934,un estado de,3,6.638354669333745
21935,un estudio,2,6.232889561225582
21936,un estudio de,3,6.638354669333745
21937,un estudio para,3,6.638354669333745
21938,un estándar,2,6.232889561225582
21939,un estándar de,3,6.638354669333745
21940,un estándar superior,3,6.638354669333745
21941,un fluido,2,6.638354669333745
21942,un fluido térmico,3,6.638354669333745
21943,un gran,2,6.638354669333745
21944,un gran establecimiento,3,6.638354669333745
21945,un horizonte,2,6.232889561225582
21946,un horizonte de,3,6.232889561225582
21947,un horno,2,6.638354669333745
21948,un horno no,3,6.638354669333745
21949,un impacto,2,6.638354669333745
21950,un impacto importante,3,6.638354669333745
21951,un indicador,2,6.638354669333745
21952,un indicador de,3,6.638354669333745
21953,un informe,2,5.539742380665636
21954,un informe acerca,3,6.638354669333745
21955,un informe anual,3,6.638354669333745
21956,un informe con,3,6.638354669333745
21957,un informe de,3,6.638354669333745
21958,un informe que,3,6.638354669333745
21959,un instrumento,2,6.638354669333745
21960,un instrumento de,3,6.638354669333745
21961,un levantamiento,2,6.638354669333745
21962,un levantamiento de,3,6.638354669333745
21963,un lote,2,6.638354669333745
21964,un lote de,3,6.638354669333745
21965,un lugar,2,5.945207488773801
21966,un lugar dentro,3,6.638354669333745
21967,un lugar fijo,3,6.638354669333745
21968,un lugar visible,3,6.638354669333745
21969,un marco,2,6.638354669333745
21970,un marco normativo,3,6.638354669333745
21971,un mejoramiento,2,6.638354669333745
21972,un mejoramiento significativo,3,6.638354669333745
21973,un mes,2,6.638354669333745
21974,un mes continuado,3,6.638354669333745
21975,un mismo,2,6.638354669333745
21976,un mismo proceso,3,6.638354669333745
21977,un modelo,2,6.638354669333745
21978,un modelo de,3,6.638354669333745
21979,un motor,2,5.945207488773801
21980,un motor cuyas,3,6.232889561225582
21981,un motor de,3,6.638354669333745
21982,un máximo,2,6.638354669333745
21983,un máximo de,3,6.638354669333745
21984,un nivel,2,5.945207488773801
21985,un nivel de,3,6.232889561225582
21986,un nivel óptimo,3,6.638354669333745
21987,un periodo,2,6.638354669333745
21988,un periodo máximo,3,6.638354669333745
21989,un período,2,5.539742380665636
21990,un período de,3,6.638354669333745
21991,un período determinado,3,6.638354669333745
21992,un período mayor,3,6.638354669333745
21993,un período máximo,3,6.232889561225582
21994,un plan,2,5.134277272557472
21995,un plan de,3,5.2520603082138555
21996,un plan operacional,3,6.638354669333745
21997,un plazo,2,4.073405311872209
21998,un plazo de,3,4.1534480195457455
21999,un plazo máximo,3,6.232889561225582
22000,un proceso,2,6.638354669333745
22001,un proceso físico,3,6.638354669333745
22002,un programa,2,5.028916756899646
22003,un programa de,3,5.134277272557472
22004,un programa preliminar,3,6.638354669333745
22005,un registro,2,6.638354669333745
22006,un registro administrado,3,6.638354669333745
22007,un reporte,2,6.638354669333745
22008,un reporte semanal,3,6.638354669333745
22009,un sector,2,6.638354669333745
22010,un sector altamente,3,6.638354669333745
22011,un servicio,2,6.638354669333745
22012,un servicio de,3,6.638354669333745
22013,un sistema,2,5.722063937459591
22014,un sistema de,3,5.945207488773801
22015,un sistema seco,3,6.638354669333745
22016,un solo,2,6.638354669333745
22017,un solo procedimiento,3,6.638354669333745
22018,un tiempo,2,6.638354669333745
22019,un tiempo máximo,3,6.638354669333745
22020,un total,2,6.232889561225582
22021,un total de,3,6.232889561225582
22022,un transformándolo,2,6.638354669333745
22023,un transformándolo en,3,6.638354669333745
22024,un valor,2,6.638354669333745
22025,un valor anual,3,6.638354669333745
22026,un vehículo,2,6.638354669333745
22027,un vehículo comercial,3,6.638354669333745
22028,un xilohigrómetro,2,6.638354669333745
22029,un xilohigrómetro que,3,6.638354669333745
22030,un índice,2,6.638354669333745
22031,un índice de,3,6.638354669333745
22032,una,1,3.4396815517830643
22033,una acción,2,6.638354669333745
22034,una acción que,3,6.638354669333745
22035,una amplia,2,6.638354669333745
22036,una amplia y,3,6.638354669333745
22037,una campaña,2,6.638354669333745
22038,una campaña comunicacional,3,6.638354669333745
22039,una casa,2,6.638354669333745
22040,una casa habitación,3,6.638354669333745
22041,una combinación,2,6.638354669333745
22042,una combinación entre,3,6.638354669333745
22043,una condición,2,6.638354669333745
22044,una condición de,3,6.638354669333745
22045,una cámara,2,6.638354669333745
22046,una cámara de,3,6.638354669333745
22047,una de,2,6.638354669333745
22048,una de sus,3,6.638354669333745
22049,una declaración,2,6.638354669333745
22050,una declaración con,3,6.638354669333745
22051,una eficiente,2,6.638354669333745
22052,una eficiente operación,3,6.638354669333745
22053,una estimación,2,6.638354669333745
22054,una estimación de,3,6.638354669333745
22055,una etiqueta,2,6.638354669333745
22056,una etiqueta con,3,6.638354669333745
22057,una evaluación,2,6.638354669333745
22058,una evaluación de,3,6.638354669333745
22059,una fuente,2,6.638354669333745
22060,una fuente con,3,6.638354669333745
22061,una fuente o,3,6.638354669333745
22062,una futura,2,6.638354669333745
22063,una futura regulación,3,6.638354669333745
22064,una implementación,2,6.638354669333745
22065,una implementación eficaz,3,6.638354669333745
22066,una importante,2,6.638354669333745
22067,una importante reducción,3,6.638354669333745
22068,una inversión,2,6.638354669333745
22069,una inversión térmica,3,6.638354669333745
22070,una lista,2,6.638354669333745
22071,una lista de,3,6.638354669333745
22072,una línea,2,6.638354669333745
22073,una línea base,3,6.638354669333745
22074,una mejora,2,6.638354669333745
22075,una mejora notable,3,6.638354669333745
22076,una mejoría,2,6.638354669333745
22077,una mejoría tal,3,6.638354669333745
22078,una metodología,2,6.638354669333745
22079,una metodología que,3,6.638354669333745
22080,una nueva,2,6.638354669333745
22081,una nueva reformulación,3,6.638354669333745
22082,una o,2,6.638354669333745
22083,una o varias,3,6.638354669333745
22084,una ordenanza,2,6.232889561225582
22085,una ordenanza que,3,6.232889561225582
22086,una piscina,2,6.638354669333745
22087,una piscina de,3,6.638354669333745
22088,una plataforma,2,6.638354669333745
22089,una plataforma informática,3,6.638354669333745
22090,una población,2,6.638354669333745
22091,una población total,3,6.638354669333745
22092,una población urbana,3,6.638354669333745
22093,una potencia,2,5.945207488773801
22094,una potencia neta,3,6.638354669333745
22095,una potencia superior,3,6.638354669333745
22096,una potencia térmica,3,6.638354669333745
22097,una pre,2,6.638354669333745
22098,una pre limpieza,3,6.638354669333745
22099,una profundidad,2,6.638354669333745
22100,una profundidad de,3,6.638354669333745
22101,una razón,2,6.638354669333745
22102,una razón beneficio,3,6.638354669333745
22103,una reducción,2,5.945207488773801
22104,una reducción de,3,5.945207488773801
22105,una región,2,6.638354669333745
22106,una región mediterránea,3,6.638354669333745
22107,una resolución,2,6.638354669333745
22108,una resolución que,3,6.638354669333745
22109,una restricción,2,6.638354669333745
22110,una restricción al,3,6.638354669333745
22111,una superficie,2,6.638354669333745
22112,una superficie de,3,6.638354669333745
22113,una transformación,2,5.945207488773801
22114,una transformación de,3,6.638354669333745
22115,una transformación en,3,6.638354669333745
22116,una transformación radical,3,6.638354669333745
22117,una transformación relevante,3,6.638354669333745
22118,una variabilidad,2,6.638354669333745
22119,una variabilidad anual,3,6.638354669333745
22120,una vez,2,5.2520603082138555
22121,una vez declarada,3,6.638354669333745
22122,una vez finalizada,3,5.945207488773801
22123,una vez que,3,5.945207488773801
22124,una visión,2,6.638354669333745
22125,una visión estratégica,3,6.638354669333745
22126,una zona,2,6.232889561225582
22127,una zona de,3,6.638354669333745
22128,una zona latente,3,6.638354669333745
22129,unidad,1,6.232889561225582
22130,unidad principalmente,2,6.638354669333745
22131,unidad principalmente diseñada,3,6.638354669333745
22132,unidad utilizada,2,6.638354669333745
22133,unidad utilizada para,3,6.638354669333745
22134,unidades,1,6.638354669333745
22135,unidades de,2,6.638354669333745
22136,unidades de concentración,3,6.638354669333745
22137,unidos,1,5.539742380665636
22138,unidos de,2,5.722063937459591
22139,unidos de américa,3,5.945207488773801
22140,unidos de norteamérica,3,6.638354669333745
22141,unidos us,2,6.638354669333745
22142,unidos us epa,3,6.638354669333745
22143,uniones,1,6.638354669333745
22144,uno,1,5.385591700838378
22145,uno de,2,6.232889561225582
22146,uno de los,3,6.232889561225582
22147,uno en,2,6.638354669333745
22148,uno en la,3,6.638354669333745
22149,uno o,2,5.945207488773801
22150,uno o más,3,5.945207488773801
22151,urbana,1,5.722063937459591
22152,urbana de,2,6.638354669333745
22153,urbana de 892,3,6.638354669333745
22154,urbana en,2,6.232889561225582
22155,urbana en la,3,6.232889561225582
22156,urbana sólo,2,6.638354669333745
22157,urbana sólo podrán,3,6.638354669333745
22158,urbanas,1,6.638354669333745
22159,urbanas del,2,6.638354669333745
22160,urbanas del transporte,3,6.638354669333745
22161,urbanismo,1,4.846595200105691
22162,urbanismo el,2,6.232889561225582
22163,urbanismo el ministerio,3,6.232889561225582
22164,urbanismo evaluará,2,6.638354669333745
22165,urbanismo evaluará anualmente,3,6.638354669333745
22166,urbanismo podrá,2,6.638354669333745
22167,urbanismo podrá aplicar,3,6.638354669333745
22168,urbanismo que,2,6.232889561225582
22169,urbanismo que fija,3,6.232889561225582
22170,urbanismo rm,2,6.232889561225582
22171,urbanismo rm diseñarán,3,6.638354669333745
22172,urbanismo se,2,6.638354669333745
22173,urbanismo se aplicarán,3,6.638354669333745
22174,urbanismo y,2,5.945207488773801
22175,urbanismo y construcciones,3,6.232889561225582
22176,urbanismo y el,3,6.638354669333745
22177,urbanización,1,6.638354669333745
22178,urbanización de,2,6.638354669333745
22179,urbanización de la,3,6.638354669333745
22180,urbanizados,1,6.638354669333745
22181,urbano,1,6.232889561225582
22182,urbano de,2,6.638354669333745
22183,urbano de la,3,6.638354669333745
22184,urbano e,2,6.638354669333745
22185,urbano e interurbano,3,6.638354669333745
22186,us,1,5.539742380665636
22187,us epa,2,5.539742380665636
22188,us epa en,3,6.638354669333745
22189,us epa indicados,3,5.945207488773801
22190,usach,1,6.638354669333745
22191,usach durante,2,6.638354669333745
22192,usach durante el,3,6.638354669333745
22193,usado,1,6.638354669333745
22194,usado y,2,6.638354669333745
22195,usado y el,3,6.638354669333745
22196,usados,1,6.638354669333745
22197,usados por,2,6.638354669333745
22198,usados por el,3,6.638354669333745
22199,usando,1,6.638354669333745
22200,usando como,2,6.638354669333745
22201,usando como referencia,3,6.638354669333745
22202,usar,1,6.638354669333745
22203,usar filtros,2,6.638354669333745
22204,usar filtros de,3,6.638354669333745
22205,usarse,1,5.722063937459591
22206,usarse el,2,5.722063937459591
22207,usarse el método,3,5.722063937459591
22208,usd,1,5.945207488773801
22209,usd para,2,6.232889561225582
22210,usd para un,3,6.232889561225582
22211,usd y,2,6.638354669333745
22212,usd y una,3,6.638354669333745
22213,usen,1,5.945207488773801
22214,usen un,2,5.945207488773801
22215,usen un combustible,3,5.945207488773801
22216,uso,1,3.930304468231536
22217,uso aeronáutico,2,6.638354669333745
22218,uso comercial,2,6.638354669333745
22219,uso comercial que,3,6.638354669333745
22220,uso de,2,4.3870628707272505
22221,uso de artefactos,3,6.638354669333745
22222,uso de calderas,3,6.638354669333745
22223,uso de calefacción,3,6.638354669333745
22224,uso de calefactores,3,5.539742380665636
22225,uso de combustible,3,6.638354669333745
22226,uso de combustibles,3,6.638354669333745
22227,uso de energéticos,3,6.638354669333745
22228,uso de energías,3,6.638354669333745
22229,uso de este,3,6.638354669333745
22230,uso de la,3,6.638354669333745
22231,uso de leña,3,6.638354669333745
22232,uso de salamandras,3,6.638354669333745
22233,uso de todos,3,6.638354669333745
22234,uso de vías,3,6.638354669333745
22235,uso del,2,5.945207488773801
22236,uso del fuego,3,6.232889561225582
22237,uso del mismo,3,6.638354669333745
22238,uso domiciliario,2,6.638354669333745
22239,uso domiciliario cuando,3,6.638354669333745
22240,uso doméstico,2,6.638354669333745
22241,uso doméstico industrial,3,6.638354669333745
22242,uso en,2,6.638354669333745
22243,uso en la,3,6.638354669333745
22244,uso exclusivo,2,6.638354669333745
22245,uso exclusivo y,3,6.638354669333745
22246,uso residencial,2,5.722063937459591
22247,uso residencial o,3,6.638354669333745
22248,uso residencial que,3,5.945207488773801
22249,utilicen,1,4.441130091997526
22250,utilicen combustible,2,6.638354669333745
22251,utilicen combustible gaseoso,3,6.638354669333745
22252,utilicen combustibles,2,5.945207488773801
22253,utilicen combustibles sólidos,3,5.945207488773801
22254,utilicen gas,2,6.638354669333745
22255,utilicen gas o,3,6.638354669333745
22256,utilicen leña,2,5.945207488773801
22257,utilicen leña carbón,3,6.638354669333745
22258,utilicen leña para,3,6.638354669333745
22259,utilicen leña y,3,6.638354669333745
22260,utilicen motores,2,6.638354669333745
22261,utilicen motores de,3,6.638354669333745
22262,utilicen más,2,6.638354669333745
22263,utilicen más de,3,6.638354669333745
22264,utilicen o,2,5.385591700838378
22265,utilicen o puedan,3,5.385591700838378
22266,utilicen un,2,6.638354669333745
22267,utilicen un combustible,3,6.638354669333745
22268,utiliza,1,6.638354669333745
22269,utiliza para,2,6.638354669333745
22270,utiliza para combustionar,3,6.638354669333745
22271,utilización,1,5.945207488773801
22272,utilización de,2,6.232889561225582
22273,utilización de filtros,3,6.638354669333745
22274,utilización de los,3,6.638354669333745
22275,utilización es,2,6.638354669333745
22276,utilización es para,3,6.638354669333745
22277,utilizada,1,5.722063937459591
22278,utilizada como,2,6.638354669333745
22279,utilizada como combustible,3,6.638354669333745
22280,utilizada la,2,6.638354669333745
22281,utilizada la cantidad,3,6.638354669333745
22282,utilizada para,2,6.638354669333745
22283,utilizada para generar,3,6.638354669333745
22284,utilizada y,2,6.638354669333745
22285,utilizada y considerando,3,6.638354669333745
22286,utilizado,1,5.722063937459591
22287,utilizado a,2,6.638354669333745
22288,utilizado a requerimiento,3,6.638354669333745
22289,utilizado de,2,6.638354669333745
22290,utilizado de acuerdo,3,6.638354669333745
22291,utilizado en,2,6.638354669333745
22292,utilizado en pruebas,3,6.638354669333745
22293,utilizado es,2,6.638354669333745
22294,utilizado es decir,3,6.638354669333745
22295,utilizan,1,6.638354669333745
22296,utilizan un,2,6.638354669333745
22297,utilizan un combustible,3,6.638354669333745
22298,utilizando,1,6.638354669333745
22299,utilizando tecnología,2,6.638354669333745
22300,utilizando tecnología certificada,3,6.638354669333745
22301,utilizar,1,4.93360657709532
22302,utilizar como,2,6.638354669333745
22303,utilizar como referencia,3,6.638354669333745
22304,utilizar compensación,2,6.638354669333745
22305,utilizar compensación de,3,6.638354669333745
22306,utilizar equipos,2,6.638354669333745
22307,utilizar equipos de,3,6.638354669333745
22308,utilizar las,2,6.638354669333745
22309,utilizar las conversiones,3,6.638354669333745
22310,utilizar leña,2,5.385591700838378
22311,utilizar leña carbón,3,5.385591700838378
22312,utilizará,1,6.638354669333745
22313,utilizará la,2,6.638354669333745
22314,utilizará la metodología,3,6.638354669333745
22315,valer,1,6.638354669333745
22316,valer emisiones,2,6.638354669333745
22317,valer emisiones cedidas,3,6.638354669333745
22318,validado,1,6.638354669333745
22319,validado por,2,6.638354669333745
22320,validado por la,3,6.638354669333745
22321,valle,1,6.638354669333745
22322,valle del,2,6.638354669333745
22323,valle del río,3,6.638354669333745
22324,valor,1,5.134277272557472
22325,valor anual,2,6.638354669333745
22326,valor de,2,6.232889561225582
22327,valor de la,3,6.232889561225582
22328,valor más,2,6.638354669333745
22329,valor más alto,3,6.638354669333745
22330,valor máximo,2,6.638354669333745
22331,valor máximo permisible,3,6.638354669333745
22332,valor permitido,2,6.638354669333745
22333,valor permitido será,3,6.638354669333745
22334,valor presente,2,6.638354669333745
22335,valor presente de,3,6.638354669333745
22336,valor referido,2,6.638354669333745
22337,valor referido en,3,6.638354669333745
22338,valoran,1,6.232889561225582
22339,valoran los,2,6.232889561225582
22340,valoran los beneficios,3,6.638354669333745
22341,valoran los eventos,3,6.638354669333745
22342,valores,1,5.028916756899646
22343,valores anuales,2,6.638354669333745
22344,valores anuales desde,3,6.638354669333745
22345,valores establecidos,2,6.232889561225582
22346,valores establecidos en,3,6.232889561225582
22347,valores iguales,2,6.638354669333745
22348,valores iguales o,3,6.638354669333745
22349,valores inferiores,2,6.638354669333745
22350,valores máximos,2,6.638354669333745
22351,valores que,2,6.638354669333745
22352,valores que se,3,6.638354669333745
22353,valores trianuales,2,6.232889561225582
22354,valores trianuales de,3,6.638354669333745
22355,valores trianuales y,3,6.638354669333745
22356,valorizados,1,5.722063937459591
22357,valorizados de,2,6.638354669333745
22358,valorizados de las,3,6.638354669333745
22359,valorizados se,2,6.232889561225582
22360,valorizados se estiman,3,6.232889561225582
22361,valorizados tales,2,6.638354669333745
22362,valorizados tales como,3,6.638354669333745
22363,valparaíso,1,6.638354669333745
22364,valparaíso y,2,6.638354669333745
22365,valparaíso y por,3,6.638354669333745
22366,vapor,1,5.722063937459591
22367,vapor de,2,5.945207488773801
22368,vapor de agua,3,6.232889561225582
22369,vapor de hidrocarburos,3,6.638354669333745
22370,vapor que,2,6.638354669333745
22371,vapor que aseguren,3,6.638354669333745
22372,vapores,1,5.2520603082138555
22373,vapores a,2,6.638354669333745
22374,vapores a la,3,6.638354669333745
22375,vapores desplazados,2,6.638354669333745
22376,vapores desplazados durante,3,6.638354669333745
22377,vapores durante,2,6.638354669333745
22378,vapores durante las,3,6.638354669333745
22379,vapores indicadas,2,6.638354669333745
22380,vapores indicadas en,3,6.638354669333745
22381,vapores siempre,2,6.638354669333745
22382,vapores siempre y,3,6.638354669333745
22383,variabilidad,1,6.638354669333745
22384,variabilidad anual,2,6.638354669333745
22385,variabilidad anual siendo,3,6.638354669333745
22386,variables,1,6.638354669333745
22387,variables que,2,6.638354669333745
22388,variables que permitan,3,6.638354669333745
22389,varias,1,6.638354669333745
22390,varias actividades,2,6.638354669333745
22391,varias actividades económicas,3,6.638354669333745
22392,vasculares,1,6.638354669333745
22393,vasculares desarrollo,2,6.638354669333745
22394,vasculares desarrollo de,3,6.638354669333745
22395,ve,1,6.638354669333745
22396,ve en,2,6.638354669333745
22397,ve en el,3,6.638354669333745
22398,vegetación,1,5.539742380665636
22399,vegetación continuo,2,6.638354669333745
22400,vegetación continuo que,3,6.638354669333745
22401,vegetación que,2,5.945207488773801
22402,vegetación que rodean,3,5.945207488773801
22403,vegetación viva,2,6.638354669333745
22404,vegetación viva o,3,6.638354669333745
22405,vegetal,1,4.7665524924321545
22406,vegetal combustible,2,6.638354669333745
22407,vegetal combustible sólido,3,6.638354669333745
22408,vegetal con,2,6.638354669333745
22409,vegetal con el,3,6.638354669333745
22410,vegetal para,2,6.232889561225582
22411,vegetal para calefacción,3,6.638354669333745
22412,vegetal para la,3,6.638354669333745
22413,vegetal y,2,5.134277272557472
22414,vegetal y cuya,3,6.638354669333745
22415,vegetal y otros,3,5.2520603082138555
22416,vegetales,1,6.638354669333745
22417,vehicular,1,4.846595200105691
22418,vehicular con,2,6.232889561225582
22419,vehicular con el,3,6.232889561225582
22420,vehicular deberán,2,6.638354669333745
22421,vehicular deberán disponer,3,6.638354669333745
22422,vehicular durante,2,6.638354669333745
22423,vehicular durante el,3,6.638354669333745
22424,vehicular en,2,6.638354669333745
22425,vehicular en las,3,6.638354669333745
22426,vehicular que,2,6.232889561225582
22427,vehicular que se,3,6.232889561225582
22428,vehiculares,1,6.638354669333745
22429,vehiculares del,2,6.638354669333745
22430,vehiculares del sistema,3,6.638354669333745
22431,vehículo,1,6.232889561225582
22432,vehículo comercial,2,6.638354669333745
22433,vehículo comercial transporte,3,6.638354669333745
22434,vehículo con,2,6.638354669333745
22435,vehículo con o,3,6.638354669333745
22436,vehículos,1,4.558913127653909
22437,vehículos cuya,2,6.232889561225582
22438,vehículos cuya marca,3,6.232889561225582
22439,vehículos cuyo,2,6.638354669333745
22440,vehículos cuyo motor,3,6.638354669333745
22441,vehículos de,2,6.232889561225582
22442,vehículos de carga,3,6.638354669333745
22443,vehículos de recreación,3,6.638354669333745
22444,vehículos diésel,2,6.638354669333745
22445,vehículos diésel con,3,6.638354669333745
22446,vehículos livianos,2,6.232889561225582
22447,vehículos livianos y,3,6.638354669333745
22448,vehículos motor,2,6.638354669333745
22449,vehículos motor diésel,3,6.638354669333745
22450,vehículos motorizados,2,6.638354669333745
22451,vehículos motorizados de,3,6.638354669333745
22452,vehículos más,2,6.638354669333745
22453,vehículos más limpios,3,6.638354669333745
22454,vehículos pesados,2,6.638354669333745
22455,vehículos pesados con,3,6.638354669333745
22456,vehículos propulsados,2,6.638354669333745
22457,vehículos propulsados exclusivamente,3,6.638354669333745
22458,vehículos que,2,5.945207488773801
22459,vehículos que ingresen,3,6.638354669333745
22460,vehículos que operen,3,6.638354669333745
22461,vehículos que se,3,6.638354669333745
22462,vehículos transportables,2,6.638354669333745
22463,vehículos transportables para,3,6.638354669333745
22464,vendan,1,6.638354669333745
22465,vendan en,2,6.638354669333745
22466,vendan en el,3,6.638354669333745
22467,venta,1,6.638354669333745
22468,venta deberá,2,6.638354669333745
22469,venta deberá implementar,3,6.638354669333745
22470,ventanilla,1,6.638354669333745
22471,ventanilla única,2,6.638354669333745
22472,ventanilla única contemplada,3,6.638354669333745
22473,ventilación,1,5.722063937459591
22474,ventilación de,2,6.638354669333745
22475,ventilación de la,3,6.638354669333745
22476,ventilación predomina,2,6.638354669333745
22477,ventilación predomina en,3,6.638354669333745
22478,verdes,1,5.539742380665636
22479,verdes el,2,6.638354669333745
22480,verdes el cordón,3,6.638354669333745
22481,verdes los,2,6.638354669333745
22482,verdes los que,3,6.638354669333745
22483,verdes mediante,2,6.638354669333745
22484,verdes mediante la,3,6.638354669333745
22485,verdes y,2,6.232889561225582
22486,verdes y espacios,3,6.638354669333745
22487,verdes y masas,3,6.638354669333745
22488,verificable,1,6.638354669333745
22489,verificable por,2,6.638354669333745
22490,verificable por la,3,6.638354669333745
22491,verificables,1,6.638354669333745
22492,verificables esto,2,6.638354669333745
22493,verificables esto es,3,6.638354669333745
22494,verificación,1,6.638354669333745
22495,verificación del,2,6.638354669333745
22496,verificación del estado,3,6.638354669333745
22497,verificar,1,5.945207488773801
22498,verificar el,2,6.638354669333745
22499,verificar el cumplimiento,3,6.638354669333745
22500,verificar que,2,6.638354669333745
22501,verificar que un,3,6.638354669333745
22502,verificar sus,2,6.638354669333745
22503,verificar sus emisiones,3,6.638354669333745
22504,verá,1,6.638354669333745
22505,verá menos,2,6.638354669333745
22506,verá menos expuesta,3,6.638354669333745
22507,vespucio,1,6.232889561225582
22508,vespucio con,2,6.638354669333745
22509,vespucio con excepción,3,6.638354669333745
22510,vez,1,4.93360657709532
22511,vez a,2,6.638354669333745
22512,vez a través,3,6.638354669333745
22513,vez de,2,6.638354669333745
22514,vez de una,3,6.638354669333745
22515,vez declarada,2,6.638354669333745
22516,vez declarada zona,3,6.638354669333745
22517,vez el,2,6.638354669333745
22518,vez el certificado,3,6.638354669333745
22519,vez finalizada,2,5.945207488773801
22520,vez finalizada la,3,5.945207488773801
22521,vez que,2,5.945207488773801
22522,vez que los,3,6.232889561225582
22523,vez que se,3,6.638354669333745
22524,vi,1,4.93360657709532
22525,vi 13,2,6.638354669333745
22526,vi 13 del,3,6.638354669333745
22527,vi 14,2,5.539742380665636
22528,vi 14 compensando,3,6.638354669333745
22529,vi 14 de,3,6.638354669333745
22530,vi 14 para,3,6.638354669333745
22531,vi 14 se,3,5.945207488773801
22532,vi 17,2,6.638354669333745
22533,vi 17 y,3,6.638354669333745
22534,vi 20,2,6.638354669333745
22535,vi 20 según,3,6.638354669333745
22536,vi 21,2,6.638354669333745
22537,vi 21 con,3,6.638354669333745
22538,vi considerando,2,6.638354669333745
22539,vi considerando para,3,6.638354669333745
22540,vi del,2,6.638354669333745
22541,vi del presente,3,6.638354669333745
22542,viajes,1,6.638354669333745
22543,viajes y,2,6.638354669333745
22544,viajes y compensar,3,6.638354669333745
22545,vialidad,1,6.232889561225582
22546,vialidad ciclo,2,6.638354669333745
22547,vialidad ciclo inclusiva,3,6.638354669333745
22548,vialidad y,2,6.638354669333745
22549,vialidad y transporte,3,6.638354669333745
22550,viceversa,1,6.638354669333745
22551,viceversa o,2,6.638354669333745
22552,viceversa o realizar,3,6.638354669333745
22553,vida,1,5.2520603082138555
22554,vida corta,2,6.638354669333745
22555,vida corta y,3,6.638354669333745
22556,vida de,2,6.638354669333745
22557,vida de los,3,6.638354669333745
22558,vida estadística,2,6.638354669333745
22559,vida estadística 10,3,6.638354669333745
22560,vida útil,2,5.722063937459591
22561,vida útil como,3,6.232889561225582
22562,vida útil del,3,6.638354669333745
22563,viento,1,6.638354669333745
22564,viento generando,2,6.638354669333745
22565,viento generando los,3,6.638354669333745
22566,vientos,1,6.638354669333745
22567,vientos en,2,6.638354669333745
22568,vientos en la,3,6.638354669333745
22569,vigencia,1,3.126809230502725
22570,vigencia del,2,3.1883671235021582
22571,vigencia del ds,3,6.638354669333745
22572,vigencia del plan,3,6.232889561225582
22573,vigencia del presente,3,3.2371572876715904
22574,vigencia la,2,6.638354669333745
22575,vigencia la exigencia,3,6.638354669333745
22576,vigencia las,2,5.945207488773801
22577,vigencia las disposiciones,3,5.945207488773801
22578,vigente,1,5.134277272557472
22579,vigente a,2,6.638354669333745
22580,vigente a la,3,6.638354669333745
22581,vigente de,2,6.638354669333745
22582,vigente de calidad,3,6.638354669333745
22583,vigente la,2,6.638354669333745
22584,vigente la norma,3,6.638354669333745
22585,vigente para,2,6.638354669333745
22586,vigente para calidad,3,6.638354669333745
22587,vigentes,1,5.2520603082138555
22588,vigentes asociadas,2,6.638354669333745
22589,vigentes asociadas a,3,6.638354669333745
22590,vigentes el,2,6.638354669333745
22591,vigentes el reconocimiento,3,6.638354669333745
22592,vigentes en,2,6.638354669333745
22593,vigentes en la,3,6.638354669333745
22594,vigentes las,2,6.638354669333745
22595,vigentes las metas,3,6.638354669333745
22596,vigentes siempre,2,6.638354669333745
22597,vigentes siempre que,3,6.638354669333745
22598,vigentes todas,2,6.638354669333745
22599,vigentes todas aquellas,3,6.638354669333745
22600,vii,1,6.638354669333745
22601,vii de,2,6.638354669333745
22602,vii de este,3,6.638354669333745
22603,vinculados,1,6.638354669333745
22604,vinculados a,2,6.638354669333745
22605,vinculados a un,3,6.638354669333745
22606,virtud,1,6.638354669333745
22607,virtud de,2,6.638354669333745
22608,virtud de lo,3,6.638354669333745
22609,visibilidad,1,6.232889561225582
22610,visibilidad disminución,2,6.638354669333745
22611,visibilidad disminución de,3,6.638354669333745
22612,visibilidad en,2,6.638354669333745
22613,visibilidad en materiales,3,6.638354669333745
22614,visible,1,5.945207488773801
22615,visible de,2,6.232889561225582
22616,visible de densidad,3,6.638354669333745
22617,visible de sus,3,6.638354669333745
22618,visible negro,2,6.638354669333745
22619,visible negro gris,3,6.638354669333745
22620,visibles,1,5.945207488773801
22621,visibles en,2,6.638354669333745
22622,visibles en sus,3,6.638354669333745
22623,visibles provenientes,2,6.638354669333745
22624,visibles provenientes de,3,6.638354669333745
22625,visión,1,6.638354669333745
22626,visión estratégica,2,6.638354669333745
22627,visión estratégica de,3,6.638354669333745
22628,vista,1,6.638354669333745
22629,vista social,2,6.638354669333745
22630,vista social mejorando,3,6.638354669333745
22631,viva,1,6.638354669333745
22632,viva o,2,6.638354669333745
22633,viva o muerta,3,6.638354669333745
22634,vivienda,1,4.7665524924321545
22635,vivienda y,2,4.7665524924321545
22636,vivienda y urbanismo,3,4.846595200105691
22637,vivienda y urbanización,3,6.638354669333745
22638,viviendas,1,5.539742380665636
22639,viviendas de,2,6.638354669333745
22640,viviendas de baja,3,6.638354669333745
22641,viviendas indicados,2,6.638354669333745
22642,viviendas indicados en,3,6.638354669333745
22643,viviendas que,2,6.638354669333745
22644,viviendas que utilicen,3,6.638354669333745
22645,viviendas sociales,2,6.638354669333745
22646,viviendas sociales de,3,6.638354669333745
22647,viviendas ubicadas,2,6.638354669333745
22648,viviendas ubicadas fuera,3,6.638354669333745
22649,volumen,1,6.638354669333745
22650,volumen 40,2,6.638354669333745
22651,volumen 40 del,3,6.638354669333745
22652,volumétrico,1,6.638354669333745
22653,volumétrico por,2,6.638354669333745
22654,volumétrico por cilindro,3,6.638354669333745
22655,volátiles,1,6.232889561225582
22656,volátiles amoníaco,2,6.638354669333745
22657,volátiles amoníaco y,3,6.638354669333745
22658,volátiles y,2,6.638354669333745
22659,volátiles y las,3,6.638354669333745
22660,vuelta,1,6.638354669333745
22661,vuelta a,2,6.638354669333745
22662,vuelta a cero,3,6.638354669333745
22663,vulnerables,1,6.638354669333745
22664,vulnerables así,2,6.638354669333745
22665,vulnerables así como,3,6.638354669333745
22666,válidos,1,6.638354669333745
22667,válidos por,2,6.638354669333745
22668,válidos por la,3,6.638354669333745
22669,vía,1,6.638354669333745
22670,vía pública,2,6.638354669333745
22671,vía pública de,3,6.638354669333745
22672,vías,1,5.945207488773801
22673,vías de,2,6.638354669333745
22674,vías de paso,3,6.638354669333745
22675,vías por,2,6.638354669333745
22676,vías por el,3,6.638354669333745
22677,vías públicas,2,6.638354669333745
22678,vías públicas de,3,6.638354669333745
22679,vías ubicadas,2,6.638354669333745
22680,vías ubicadas al,3,6.638354669333745
22681,web,1,5.385591700838378
22682,web de,2,6.638354669333745
22683,web de las,3,6.638354669333745
22684,web del,2,5.945207488773801
22685,web del ministerio,3,5.945207488773801
22686,web el,2,6.638354669333745
22687,web el listado,3,6.638354669333745
22688,web información,2,6.638354669333745
22689,web información para,3,6.638354669333745
22690,wgs84,1,6.638354669333745
22691,wgs84 de,2,6.638354669333745
22692,wgs84 de su,3,6.638354669333745
22693,xii,1,6.638354669333745
22694,xii anterior,2,6.638354669333745
22695,xilohigrómetro,1,6.232889561225582
22696,xilohigrómetro instrumento,2,6.638354669333745
22697,xilohigrómetro instrumento portátil,3,6.638354669333745
22698,xilohigrómetro que,2,6.638354669333745
22699,xilohigrómetro que permita,3,6.638354669333745
22700,y,1,1.5726000760164105
22701,y 000,2,6.638354669333745
22702,y 000 biciestacionamientos,3,6.638354669333745
22703,y 20,2,6.638354669333745
22704,y 20 µg,3,6.638354669333745
22705,y 2025,2,6.638354669333745
22706,y 2025 respectivamente,3,6.638354669333745
22707,y 2026,2,6.638354669333745
22708,y 2026 tal,3,6.638354669333745
22709,y 37,2,6.638354669333745
22710,y 37 del,3,6.638354669333745
22711,y 41,2,6.638354669333745
22712,y 41 anteriores,3,6.638354669333745
22713,y 50,2,6.638354669333745
22714,y 50 µg,3,6.638354669333745
22715,y 95,2,6.638354669333745
22716,y 95 de,3,6.638354669333745
22717,y 963,2,6.638354669333745
22718,y 963 todas,3,6.638354669333745
22719,y a,2,5.539742380665636
22720,y a espacios,3,6.638354669333745
22721,y a establecimientos,3,6.638354669333745
22722,y a la,3,6.232889561225582
22723,y a nivel,3,6.638354669333745
22724,y acciones,2,5.722063937459591
22725,y acciones concretas,3,6.638354669333745
22726,y acciones propuestas,3,6.638354669333745
22727,y actividades,2,5.722063937459591
22728,y actividades deportivas,3,6.232889561225582
22729,y actividades establecidas,3,6.638354669333745
22730,y actividades que,3,6.638354669333745
22731,y actualiza,2,5.722063937459591
22732,y actualiza el,3,6.638354669333745
22733,y actualiza plan,3,5.945207488773801
22734,y actualización,2,5.722063937459591
22735,y actualización del,3,5.722063937459591
22736,y actualizó,2,6.638354669333745
22737,y actualizó el,3,6.638354669333745
22738,y admisiones,2,6.638354669333745
22739,y admisiones hospitalarias,3,6.638354669333745
22740,y aglomerada,2,6.638354669333745
22741,y aglomerada con,3,6.638354669333745
22742,y agua,2,6.638354669333745
22743,y agua caliente,3,6.638354669333745
22744,y al,2,6.638354669333745
22745,y al intendente,3,6.638354669333745
22746,y ambientales,2,6.638354669333745
22747,y ambientales que,3,6.638354669333745
22748,y analizará,2,6.638354669333745
22749,y analizará la,3,6.638354669333745
22750,y anual,2,6.638354669333745
22751,y anualal,2,6.638354669333745
22752,y anualal año,3,6.638354669333745
22753,y análisis,2,6.638354669333745
22754,y análisis autorizados,3,6.638354669333745
22755,y aplicación,2,6.232889561225582
22756,y aplicación de,3,6.232889561225582
22757,y aplicarán,2,6.638354669333745
22758,y aplicarán los,3,6.638354669333745
22759,y artículo,2,6.638354669333745
22760,y artículo 37,3,6.638354669333745
22761,y atm,2,6.638354669333745
22762,y autorizando,2,6.638354669333745
22763,y autorizando hasta,3,6.638354669333745
22764,y azufre,2,6.638354669333745
22765,y azufre producto,3,6.638354669333745
22766,y bandejones,2,6.638354669333745
22767,y bandejones de,3,6.638354669333745
22768,y beneficios,2,6.232889561225582
22769,y beneficios asociados,3,6.638354669333745
22770,y beneficios derivados,3,6.638354669333745
22771,y biciestacionamientos,2,6.638354669333745
22772,y biciestacionamientos descritas,3,6.638354669333745
22773,y bioma,2,6.638354669333745
22774,y bioma sa,3,6.638354669333745
22775,y camiones,2,6.638354669333745
22776,y camiones tanto,3,6.638354669333745
22777,y campañas,2,6.638354669333745
22778,y campañas informativas,3,6.638354669333745
22779,y carbón,2,5.945207488773801
22780,y carbón vegetal,3,6.232889561225582
22781,y carbón y,3,6.638354669333745
22782,y carros,2,6.638354669333745
22783,y carros ambulantes,3,6.638354669333745
22784,y chada,2,6.638354669333745
22785,y chada en,3,6.638354669333745
22786,y chatarrización,2,6.638354669333745
22787,y chatarrización de,3,6.638354669333745
22788,y cierre,2,6.638354669333745
22789,y cierre señalando,3,6.638354669333745
22790,y ciudadanía,2,6.638354669333745
22791,y clases,2,6.638354669333745
22792,y clases parte,3,6.638354669333745
22793,y co,2,6.638354669333745
22794,y co y,3,6.638354669333745
22795,y cocinas,2,5.945207488773801
22796,y cocinas que,3,5.945207488773801
22797,y combustibles,2,4.623451648791481
22798,y combustibles a,3,6.638354669333745
22799,y combustibles conforme,3,6.232889561225582
22800,y combustibles dará,3,6.638354669333745
22801,y combustibles desarrollará,3,6.638354669333745
22802,y combustibles elaborarán,3,6.638354669333745
22803,y combustibles excepciones,3,6.638354669333745
22804,y combustibles implementará,3,6.638354669333745
22805,y combustibles previa,3,6.638354669333745
22806,y combustibles realizará,3,6.638354669333745
22807,y combustibles un,3,6.638354669333745
22808,y comercial,2,6.232889561225582
22809,y comercial que,3,6.638354669333745
22810,y como,2,6.232889561225582
22811,y como se,3,6.232889561225582
22812,y compensar,2,6.638354669333745
22813,y compensar los,3,6.638354669333745
22814,y con,2,6.232889561225582
22815,y con ello,3,6.638354669333745
22816,y con enfermedad,3,6.638354669333745
22817,y concientización,2,6.638354669333745
22818,y concientización anual,3,6.638354669333745
22819,y confirmados,2,6.638354669333745
22820,y confirmados por,3,6.638354669333745
22821,y consecuente,2,6.638354669333745
22822,y consecuente con,3,6.638354669333745
22823,y considerando,2,6.638354669333745
22824,y considerando las,3,6.638354669333745
22825,y construcciones,2,6.232889561225582
22826,y consumo,2,6.638354669333745
22827,y consumo de,3,6.638354669333745
22828,y contaminante,2,6.638354669333745
22829,y contaminante según,3,6.638354669333745
22830,y contar,2,6.638354669333745
22831,y contar con,3,6.638354669333745
22832,y coordinará,2,6.638354669333745
22833,y coordinará la,3,6.638354669333745
22834,y costos,2,6.232889561225582
22835,y costos asociados,3,6.638354669333745
22836,y costos para,3,6.638354669333745
22837,y crecimiento,2,6.638354669333745
22838,y crecimiento de,3,6.638354669333745
22839,y cuando,2,5.722063937459591
22840,y cuando cumplan,3,6.638354669333745
22841,y cuando mantengan,3,6.638354669333745
22842,y cuando sea,3,6.638354669333745
22843,y cuando su,3,6.638354669333745
22844,y cumplir,2,6.232889561225582
22845,y cumplir con,3,6.232889561225582
22846,y cuya,2,5.945207488773801
22847,y cuya capacidad,3,6.638354669333745
22848,y cuya finalidad,3,6.232889561225582
22849,y cáncer,2,6.638354669333745
22850,y cáncer respiratorio,3,6.638354669333745
22851,y dado,2,6.638354669333745
22852,y dado los,3,6.638354669333745
22853,y de,2,4.441130091997526
22854,y de 24,3,6.638354669333745
22855,y de acuerdo,3,6.638354669333745
22856,y de carga,3,6.638354669333745
22857,y de compuestos,3,6.638354669333745
22858,y de conformidad,3,6.638354669333745
22859,y de cualquier,3,6.638354669333745
22860,y de descontaminación,3,6.638354669333745
22861,y de eficiencia,3,6.638354669333745
22862,y de episodios,3,6.638354669333745
22863,y de la,3,5.945207488773801
22864,y de las,3,6.638354669333745
22865,y de los,3,6.638354669333745
22866,y de mp10,3,6.638354669333745
22867,y de partículas,3,6.638354669333745
22868,y de potencia,3,6.638354669333745
22869,y deben,2,6.638354669333745
22870,y deben cumplirse,3,6.638354669333745
22871,y debidamente,2,6.638354669333745
22872,y debidamente a,3,6.638354669333745
22873,y demás,2,6.638354669333745
22874,y demás normativa,3,6.638354669333745
22875,y dentro,2,5.945207488773801
22876,y dentro del,3,5.945207488773801
22877,y descontaminación,2,4.3870628707272505
22878,y descontaminación atmosférica,3,4.4982885058374755
22879,y descontaminación es,3,6.638354669333745
22880,y descontaminación exige,3,6.638354669333745
22881,y descontaminación para,3,6.638354669333745
22882,y desde,2,6.638354669333745
22883,y desde el,3,6.638354669333745
22884,y disposiciones,2,6.638354669333745
22885,y disposiciones establecidas,3,6.638354669333745
22886,y distribución,2,6.638354669333745
22887,y distribución centralizada,3,6.638354669333745
22888,y económica,2,6.638354669333745
22889,y económica para,3,6.638354669333745
22890,y eficiencia,2,6.232889561225582
22891,y eficiencia de,3,6.638354669333745
22892,y eficiencia energética,3,6.638354669333745
22893,y ejecución,2,6.638354669333745
22894,y ejecución de,3,6.638354669333745
22895,y el,2,4.692444520278432
22896,y el artículo,3,6.638354669333745
22897,y el calor,3,6.638354669333745
22898,y el co,3,6.638354669333745
22899,y el ds,3,6.638354669333745
22900,y el establecimiento,3,6.638354669333745
22901,y el estado,3,6.638354669333745
22902,y el ministerio,3,5.722063937459591
22903,y el procedimiento,3,6.638354669333745
22904,y el tipo,3,6.638354669333745
22905,y el valor,3,6.638354669333745
22906,y eliminación,2,6.638354669333745
22907,y eliminación de,3,6.638354669333745
22908,y eléctrica,2,6.638354669333745
22909,y eléctrica y,3,6.638354669333745
22910,y emergencia,2,5.722063937459591
22911,y emergencia para,3,6.638354669333745
22912,y emergencia por,3,6.638354669333745
22913,y emergencia será,3,6.638354669333745
22914,y emisiones,2,6.232889561225582
22915,y emisiones de,3,6.232889561225582
22916,y emitieron,2,6.638354669333745
22917,y emitieron opinión,3,6.638354669333745
22918,y en,2,4.7665524924321545
22919,y en conformidad,3,6.638354669333745
22920,y en cumplimiento,3,6.638354669333745
22921,y en el,3,5.945207488773801
22922,y en la,3,5.945207488773801
22923,y en las,3,5.945207488773801
22924,y en particular,3,6.638354669333745
22925,y entrega,2,6.638354669333745
22926,y entrega de,3,6.638354669333745
22927,y equipos,2,6.638354669333745
22928,y equipos ferroviarios,3,6.638354669333745
22929,y espacios,2,6.638354669333745
22930,y espacios públicos,3,6.638354669333745
22931,y espacios según,3,6.638354669333745
22932,y especialmente,2,6.638354669333745
22933,y especialmente la,3,6.638354669333745
22934,y estaciones,2,6.638354669333745
22935,y estaciones de,3,6.638354669333745
22936,y estado,2,6.638354669333745
22937,y estado de,3,6.638354669333745
22938,y está,2,6.638354669333745
22939,y está disponible,3,6.638354669333745
22940,y etapa,2,6.638354669333745
22941,y etapa a,3,6.638354669333745
22942,y excepciones,2,6.232889561225582
22943,y excepciones a,3,6.232889561225582
22944,y existentes,2,6.232889561225582
22945,y existentes de,3,6.232889561225582
22946,y expendio,2,6.638354669333745
22947,y expendio de,3,6.638354669333745
22948,y expresión,2,6.638354669333745
22949,y expresión de,3,6.638354669333745
22950,y extensa,2,6.638354669333745
22951,y extensa cuenca,3,6.638354669333745
22952,y exterior,2,6.638354669333745
22953,y exterior de,3,6.638354669333745
22954,y factibles,2,6.638354669333745
22955,y factibles de,3,6.638354669333745
22956,y fierro,2,6.638354669333745
22957,y fierro fundido,3,6.638354669333745
22958,y financiamiento,2,6.638354669333745
22959,y financiamiento internacional,3,6.638354669333745
22960,y fiscalización,2,6.638354669333745
22961,y fiscalización del,3,6.638354669333745
22962,y fiscalizados,2,6.638354669333745
22963,y fiscalizados por,3,6.638354669333745
22964,y fiscalizar,2,6.638354669333745
22965,y fiscalizar el,3,6.638354669333745
22966,y frágil,2,6.638354669333745
22967,y frágil con,3,6.638354669333745
22968,y ganadero,2,6.638354669333745
22969,y ganadero sag,3,6.638354669333745
22970,y gaseosos,2,6.232889561225582
22971,y gaseosos de,3,6.638354669333745
22972,y gaseosos indicados,3,6.638354669333745
22973,y gases,2,6.638354669333745
22974,y gases de,3,6.638354669333745
22975,y generación,2,6.638354669333745
22976,y generación de,3,6.638354669333745
22977,y gestionar,2,6.638354669333745
22978,y gestionar la,3,6.638354669333745
22979,y gestionará,2,6.638354669333745
22980,y gestionará la,3,6.638354669333745
22981,y gestión,2,6.638354669333745
22982,y gestión para,3,6.638354669333745
22983,y grueso,2,6.638354669333745
22984,y grueso en,3,6.638354669333745
22985,y grupales,2,6.232889561225582
22986,y hora,2,6.638354669333745
22987,y hora p99,3,6.638354669333745
22988,y horarios,2,6.638354669333745
22989,y horarios exclusivos,3,6.638354669333745
22990,y hornos,2,6.232889561225582
22991,y hornos de,3,6.232889561225582
22992,y hrs,2,6.638354669333745
22993,y hrs p99,3,6.638354669333745
22994,y la,2,4.846595200105691
22995,y la calidad,3,6.638354669333745
22996,y la colaboración,3,6.638354669333745
22997,y la coordinación,3,6.638354669333745
22998,y la de,3,6.638354669333745
22999,y la evolución,3,6.638354669333745
23000,y la experiencia,3,6.638354669333745
23001,y la norma,3,6.638354669333745
23002,y la periodicidad,3,6.638354669333745
23003,y la seremi,3,6.638354669333745
23004,y la superintendencia,3,6.232889561225582
23005,y las,2,5.028916756899646
23006,y las comunas,3,6.638354669333745
23007,y las demás,3,6.638354669333745
23008,y las horas,3,6.638354669333745
23009,y las modificaciones,3,5.945207488773801
23010,y las normas,3,6.638354669333745
23011,y las quemas,3,6.638354669333745
23012,y las vías,3,6.638354669333745
23013,y latente,2,6.232889561225582
23014,y latente la,3,6.638354669333745
23015,y latente por,3,6.638354669333745
23016,y lavado,2,5.539742380665636
23017,y lavado de,3,5.539742380665636
23018,y logros,2,6.638354669333745
23019,y logros alcanzados,3,6.638354669333745
23020,y los,2,5.385591700838378
23021,y los estudios,3,6.638354669333745
23022,y los fenómenos,3,6.638354669333745
23023,y los montos,3,6.638354669333745
23024,y los que,3,6.638354669333745
23025,y los reconocidos,3,6.638354669333745
23026,y los órganos,3,6.638354669333745
23027,y lugares,2,6.638354669333745
23028,y lugares de,3,6.638354669333745
23029,y límites,2,6.638354669333745
23030,y límites máximos,3,6.638354669333745
23031,y maquinaria,2,6.638354669333745
23032,y maquinaria fuera,3,6.638354669333745
23033,y masas,2,6.638354669333745
23034,y masas de,3,6.638354669333745
23035,y material,2,6.638354669333745
23036,y material particulado,3,6.638354669333745
23037,y mayor,2,6.638354669333745
23038,y mayor o,3,6.638354669333745
23039,y medianos,2,6.638354669333745
23040,y medianos para,3,6.638354669333745
23041,y medidas,2,6.638354669333745
23042,y medidas a,3,6.638354669333745
23043,y menor,2,6.638354669333745
23044,y menor a,3,6.638354669333745
23045,y menos,2,6.638354669333745
23046,y menos contaminantes,3,6.638354669333745
23047,y metas,2,6.638354669333745
23048,y metas de,3,6.638354669333745
23049,y modelo,2,6.232889561225582
23050,y modelo establecida,3,6.232889561225582
23051,y modelo no,3,6.232889561225582
23052,y monóxido,2,5.722063937459591
23053,y monóxido de,3,5.722063937459591
23054,y mp,2,6.638354669333745
23055,y mp a,3,6.638354669333745
23056,y mp10,2,6.638354669333745
23057,y mp10 que,3,6.638354669333745
23058,y mp2,2,5.028916756899646
23059,y mp2 de,3,6.638354669333745
23060,y mp2 diario,3,6.638354669333745
23061,y mp2 en,3,6.232889561225582
23062,y mp2 medidas,3,6.638354669333745
23063,y mp2 norma,3,6.638354669333745
23064,y mp2 percentil,3,6.638354669333745
23065,y mp2 se,3,6.232889561225582
23066,y municipales,2,5.945207488773801
23067,y municipales de,3,6.638354669333745
23068,y municipales debiendo,3,6.638354669333745
23069,y municipales y,3,6.638354669333745
23070,y nacionales,2,6.638354669333745
23071,y nh,2,6.638354669333745
23072,y nh la,3,6.638354669333745
23073,y norma,2,6.638354669333745
23074,y norma diaria,3,6.638354669333745
23075,y nox,2,6.638354669333745
23076,y nox superan,3,6.638354669333745
23077,y nº6,2,6.232889561225582
23078,y nº6 que,3,6.232889561225582
23079,y o,2,3.930304468231536
23080,y o a,3,6.638354669333745
23081,y o adobe,3,6.638354669333745
23082,y o ampliaciones,3,6.638354669333745
23083,y o ampliación,3,6.638354669333745
23084,y o carbón,3,6.638354669333745
23085,y o certificación,3,6.638354669333745
23086,y o comercial,3,6.638354669333745
23087,y o contratos,3,6.638354669333745
23088,y o disminuyendo,3,6.638354669333745
23089,y o distribución,3,6.232889561225582
23090,y o eliminación,3,6.638354669333745
23091,y o estudios,3,6.232889561225582
23092,y o etiquetado,3,6.638354669333745
23093,y o información,3,6.638354669333745
23094,y o mecánica,3,6.638354669333745
23095,y o mitigación,3,6.638354669333745
23096,y o mp2,3,6.638354669333745
23097,y o nh,3,6.232889561225582
23098,y o para,3,6.638354669333745
23099,y o reproducción,3,6.232889561225582
23100,y o residuos,3,6.638354669333745
23101,y o sectoriales,3,6.638354669333745
23102,y o secundarias,3,6.638354669333745
23103,y o servicios,3,6.638354669333745
23104,y o transferencias,3,6.638354669333745
23105,y operación,2,6.638354669333745
23106,y operación asociados,3,6.638354669333745
23107,y orgánico,2,6.638354669333745
23108,y orgánico representan,3,6.638354669333745
23109,y ortúzar,2,6.638354669333745
23110,y ortúzar 2004,3,6.638354669333745
23111,y otras,2,6.232889561225582
23112,y otras instituciones,3,6.638354669333745
23113,y otras partes,3,6.638354669333745
23114,y otros,2,4.623451648791481
23115,y otros antecedentes,3,6.638354669333745
23116,y otros compuestos,3,6.638354669333745
23117,y otros derivados,3,4.7665524924321545
23118,y ozono,2,6.638354669333745
23119,y ozono o,3,6.638354669333745
23120,y para,2,6.232889561225582
23121,y para certificación,3,6.638354669333745
23122,y para el,3,6.638354669333745
23123,y parafina,2,6.638354669333745
23124,y parque,2,6.638354669333745
23125,y parque o,3,6.638354669333745
23126,y partículas,2,6.638354669333745
23127,y partículas no,3,6.638354669333745
23128,y pellet,2,5.722063937459591
23129,y pellet de,3,5.722063937459591
23130,y perfeccionarse,2,6.638354669333745
23131,y perfeccionarse en,3,6.638354669333745
23132,y permanente,2,5.539742380665636
23133,y permanente de,3,6.638354669333745
23134,y permisos,2,6.638354669333745
23135,y permisos otorgados,3,6.638354669333745
23136,y petróleos,2,6.638354669333745
23137,y petróleos pesados,3,6.638354669333745
23138,y plazos,2,6.638354669333745
23139,y plazos que,3,6.638354669333745
23140,y poch,2,6.638354669333745
23141,y poch 2016,3,6.638354669333745
23142,y podrá,2,6.638354669333745
23143,y podrá considerar,3,6.638354669333745
23144,y políticas,2,6.638354669333745
23145,y políticas afines,3,6.638354669333745
23146,y por,2,6.638354669333745
23147,y por el,3,6.638354669333745
23148,y posterior,2,6.232889561225582
23149,y posterior recuperación,3,6.232889561225582
23150,y precursores,2,6.638354669333745
23151,y precursores de,3,6.638354669333745
23152,y previa,2,6.232889561225582
23153,y previa evaluación,3,6.232889561225582
23154,y principalmente,2,6.638354669333745
23155,y principalmente por,3,6.638354669333745
23156,y privadas,2,6.638354669333745
23157,y privadas destinadas,3,6.638354669333745
23158,y privados,2,6.638354669333745
23159,y privados en,3,6.638354669333745
23160,y procesos,2,6.232889561225582
23161,y procesos con,3,6.232889561225582
23162,y productividad,2,6.638354669333745
23163,y productividad perdida,3,6.638354669333745
23164,y promover,2,6.638354669333745
23165,y promover conductas,3,6.638354669333745
23166,y publique,2,6.638354669333745
23167,y publique en,3,6.638354669333745
23168,y puente,2,6.232889561225582
23169,y puente alto,3,6.232889561225582
23170,y que,2,4.846595200105691
23171,y que deban,3,6.232889561225582
23172,y que en,3,6.638354669333745
23173,y que excluyan,3,6.638354669333745
23174,y que finalmente,3,6.638354669333745
23175,y que fue,3,6.638354669333745
23176,y que funciona,3,6.638354669333745
23177,y que ordenó,3,6.638354669333745
23178,y que por,3,6.638354669333745
23179,y que puedan,3,6.638354669333745
23180,y que sean,3,6.638354669333745
23181,y que utilizan,3,6.638354669333745
23182,y reconstrucción,2,4.7665524924321545
23183,y reconstrucción o,3,6.638354669333745
23184,y reconstrucción publicada,3,6.232889561225582
23185,y reconstrucción publicado,3,5.722063937459591
23186,y reconstrucción y,3,6.638354669333745
23187,y recuperar,2,6.638354669333745
23188,y recuperar los,3,6.638354669333745
23189,y rediseño,2,6.638354669333745
23190,y rediseño del,3,6.638354669333745
23191,y reducción,2,6.638354669333745
23192,y reducción en,3,6.638354669333745
23193,y reforestación,2,6.638354669333745
23194,y reforestación de,3,6.638354669333745
23195,y reformulado,2,6.638354669333745
23196,y reformulado mediante,3,6.638354669333745
23197,y resoluciones,2,6.638354669333745
23198,y resoluciones exentas,3,6.638354669333745
23199,y resultados,2,6.638354669333745
23200,y resultados de,3,6.638354669333745
23201,y riesgos,2,6.638354669333745
23202,y riesgos en,3,6.638354669333745
23203,y salir,2,6.638354669333745
23204,y salir de,3,6.638354669333745
23205,y san,2,6.232889561225582
23206,y san bernardo,3,6.232889561225582
23207,y sanción,2,6.232889561225582
23208,y sanción en,3,6.232889561225582
23209,y se,2,5.722063937459591
23210,y se forma,3,6.638354669333745
23211,y se implementará,3,6.638354669333745
23212,y se ordenó,3,6.232889561225582
23213,y sectores,2,6.638354669333745
23214,y sectores económicos,3,6.638354669333745
23215,y sedimento,2,6.638354669333745
23216,y sedimento debe,3,6.638354669333745
23217,y servicios,2,5.945207488773801
23218,y servicios ambientales,3,6.638354669333745
23219,y servicios competentes,3,6.638354669333745
23220,y servicios públicos,3,6.638354669333745
23221,y siempre,2,6.638354669333745
23222,y siempre y,3,6.638354669333745
23223,y siguientes,2,6.638354669333745
23224,y similares,2,6.638354669333745
23225,y similares anteriores,3,6.638354669333745
23226,y so,2,6.638354669333745
23227,y so cuando,3,6.638354669333745
23228,y so2,2,6.232889561225582
23229,y so2 a,3,6.638354669333745
23230,y so2 anual,3,6.638354669333745
23231,y social,2,6.638354669333745
23232,y social agies,3,6.638354669333745
23233,y sociedad,2,6.638354669333745
23234,y sociedad civil,3,6.638354669333745
23235,y soldaduras,2,6.638354669333745
23236,y soldaduras visibles,3,6.638354669333745
23237,y son,2,6.638354669333745
23238,y son reconocibles,3,6.638354669333745
23239,y su,2,5.134277272557472
23240,y su alrededor,3,6.232889561225582
23241,y su complementación,3,6.638354669333745
23242,y su consecuente,3,6.232889561225582
23243,y su efecto,3,6.638354669333745
23244,y su impacto,3,6.638354669333745
23245,y su toxicidad,3,6.638354669333745
23246,y suelos,2,6.638354669333745
23247,y suelos imagen,3,6.638354669333745
23248,y sus,2,4.692444520278432
23249,y sus conexiones,3,6.638354669333745
23250,y sus emisiones,3,6.638354669333745
23251,y sus modifi,3,6.638354669333745
23252,y sus modificaciones,3,5.385591700838378
23253,y sus modifinse,3,6.638354669333745
23254,y sus obligaciones,3,6.638354669333745
23255,y sus precursores,3,6.638354669333745
23256,y sus reformulaciones,3,6.638354669333745
23257,y sus resultados,3,6.638354669333745
23258,y talagante,2,6.638354669333745
23259,y talagante completando,3,6.638354669333745
23260,y también,2,6.638354669333745
23261,y también con,3,6.638354669333745
23262,y tecnologías,2,6.638354669333745
23263,y tecnologías que,3,6.638354669333745
23264,y telecomunicaciones,2,4.073405311872209
23265,y telecomunicaciones a,3,5.722063937459591
23266,y telecomunicaciones conforme,3,5.945207488773801
23267,y telecomunicaciones de,3,6.638354669333745
23268,y telecomunicaciones deberá,3,6.638354669333745
23269,y telecomunicaciones deberán,3,5.945207488773801
23270,y telecomunicaciones desarrollará,3,6.638354669333745
23271,y telecomunicaciones diseñará,3,6.638354669333745
23272,y telecomunicaciones en,3,5.945207488773801
23273,y telecomunicaciones evaluarán,3,6.638354669333745
23274,y telecomunicaciones propondrá,3,6.638354669333745
23275,y telecomunicaciones que,3,6.638354669333745
23276,y telecomunicaciones rm,3,5.945207488773801
23277,y telecomunicaciones serán,3,6.638354669333745
23278,y telecomunicaciones y,3,5.722063937459591
23279,y todos,2,6.638354669333745
23280,y todos sus,3,6.638354669333745
23281,y transporte,2,6.232889561225582
23282,y transporte de,3,6.638354669333745
23283,y transporte urbano,3,6.638354669333745
23284,y trianuales,2,6.638354669333745
23285,y trianuales como,3,6.638354669333745
23286,y ubicación,2,6.638354669333745
23287,y ubicación en,3,6.638354669333745
23288,y un,2,5.945207488773801
23289,y un anexo,3,6.638354669333745
23290,y un consolidado,3,6.638354669333745
23291,y un control,3,6.638354669333745
23292,y una,2,5.539742380665636
23293,y una de,3,6.638354669333745
23294,y una estimación,3,6.638354669333745
23295,y una razón,3,6.638354669333745
23296,y una superficie,3,6.638354669333745
23297,y una visión,3,6.638354669333745
23298,y urbanismo,2,4.846595200105691
23299,y urbanismo el,3,6.232889561225582
23300,y urbanismo evaluará,3,6.638354669333745
23301,y urbanismo podrá,3,6.638354669333745
23302,y urbanismo que,3,6.232889561225582
23303,y urbanismo rm,3,6.232889561225582
23304,y urbanismo se,3,6.638354669333745
23305,y urbanismo y,3,6.638354669333745
23306,y urbanización,2,6.638354669333745
23307,y urbanización de,3,6.638354669333745
23308,y utilizando,2,6.638354669333745
23309,y utilizando tecnología,3,6.638354669333745
23310,y vasculares,2,6.638354669333745
23311,y vasculares desarrollo,3,6.638354669333745
23312,y vehículos,2,6.638354669333745
23313,y vehículos de,3,6.638354669333745
23314,y verificar,2,6.638354669333745
23315,y verificar sus,3,6.638354669333745
23316,y vi,2,6.638354669333745
23317,y vi 20,3,6.638354669333745
23318,y zona,2,5.945207488773801
23319,y zona latente,3,5.945207488773801
23320,ya,1,5.722063937459591
23321,ya citado,2,6.638354669333745
23322,ya citado y,3,6.638354669333745
23323,ya mencionados,2,6.638354669333745
23324,ya mencionados siempre,3,6.638354669333745
23325,ya no,2,6.638354669333745
23326,ya no se,3,6.638354669333745
23327,ya sea,2,6.638354669333745
23328,ya sea mediante,3,6.638354669333745
23329,zona,1,3.9992973397184874
23330,zona a,2,6.638354669333745
23331,zona a se,3,6.638354669333745
23332,zona de,2,5.722063937459591
23333,zona de baja,3,5.945207488773801
23334,zona de cobertura,3,6.638354669333745
23335,zona geográfica,2,6.638354669333745
23336,zona latente,2,5.539742380665636
23337,zona latente o,3,6.638354669333745
23338,zona latente por,3,5.945207488773801
23339,zona saturada,2,5.134277272557472
23340,zona saturada hecha,3,6.638354669333745
23341,zona saturada por,3,5.539742380665636
23342,zona saturada y,3,6.232889561225582
23343,zona se,2,6.638354669333745
23344,zona se prohíbe,3,6.638354669333745
23345,zona sujeta,2,5.028916756899646
23346,zona sujeta al,3,5.028916756899646
23347,zona sur,2,6.638354669333745
23348,zona sur del,3,6.638354669333745
23349,zona y,2,6.232889561225582
23350,zona y analizará,3,6.638354669333745
23351,zona y se,3,6.638354669333745
23352,zonas,1,5.722063937459591
23353,zonas del,2,6.638354669333745
23354,zonas del país,3,6.638354669333745
23355,zonas perímetros,2,6.232889561225582
23356,zonas perímetros especiales,3,6.232889561225582
23357,zonas urbanas,2,6.638354669333745
23358,zonas urbanas del,3,6.638354669333745
23359,µg,1,5.385591700838378
23360,µg m3,2,5.385591700838378
23361,µg m3 con,3,6.638354669333745
23362,µg m3 en,3,6.638354669333745
23363,µg m3 para,3,6.232889561225582
23364,µg m3 requerida,3,6.638354669333745
23365,µg m3 respectivamente,3,6.638354669333745
23366,µg m3 y,3,6.638354669333745
23367,ámbito,1,6.232889561225582
23368,ámbito de,2,6.232889561225582
23369,ámbito de sus,3,6.232889561225582
23370,ámbitos,1,6.638354669333745
23371,ámbitos que,2,6.638354669333745
23372,ámbitos que no,3,6.638354669333745
23373,árbol,1,6.638354669333745
23374,árbol y,2,6.638354669333745
23375,árbol y aglomerada,3,6.638354669333745
23376,árboles,1,6.638354669333745
23377,árboles o,2,6.638354669333745
23378,árboles o arbustos,3,6.638354669333745
23379,área,1,6.232889561225582
23380,área geográfi,2,6.638354669333745
23381,área geográfi si,3,6.638354669333745
23382,área metropolitana,2,6.638354669333745
23383,áreas,1,5.722063937459591
23384,áreas territoriales,2,6.638354669333745
23385,áreas verdes,2,5.945207488773801
23386,áreas verdes mediante,3,6.638354669333745
23387,áreas verdes y,3,6.232889561225582
23388,áreas y,2,6.638354669333745
23389,áreas y espacios,3,6.638354669333745
23390,énfasis,1,6.638354669333745
23391,énfasis en,2,6.638354669333745
23392,énfasis en la,3,6.638354669333745
23393,época,1,6.638354669333745
23394,época del,2,6.638354669333745
23395,época del año,3,6.638354669333745
23396,épocas,1,6.638354669333745
23397,épocas de,2,6.638354669333745
23398,épocas de estabilidad,3,6.638354669333745
23399,ésta,1,6.638354669333745
23400,ésta opere,2,6.638354669333745
23401,ésta opere en,3,6.638354669333745
23402,éstas,1,6.232889561225582
23403,éstas debieran,2,6.638354669333745
23404,éstas debieran satisfacerse,3,6.638354669333745
23405,éstas podrán,2,6.638354669333745
23406,éstas podrán efectuarlo,3,6.638354669333745
23407,éste,1,6.232889561225582
23408,éste deberá,2,6.638354669333745
23409,éste deberá incorporar,3,6.638354669333745
23410,éste se,2,6.638354669333745
23411,éste se encuentre,3,6.638354669333745
23412,éstos,1,5.722063937459591
23413,éstos a,2,6.638354669333745
23414,éstos a la,3,6.638354669333745
23415,éstos deberán,2,6.232889561225582
23416,éstos deberán compensar,3,6.638354669333745
23417,éstos deberán entregar,3,6.638354669333745
23418,éstos el,2,6.638354669333745
23419,éstos el ministerio,3,6.638354669333745
23420,índice,1,6.638354669333745
23421,índice de,2,6.638354669333745
23422,índice de cetano,3,6.638354669333745
23423,íntegra,1,6.638354669333745
23424,íntegra o,2,6.638354669333745
23425,íntegra o parcialmente,3,6.638354669333745
23426,óptimo,1,6.638354669333745
23427,óptimo de,2,6.638354669333745
23428,óptimo de funcionamiento,3,6.638354669333745
23429,órganos,1,6.638354669333745
23430,órganos de,2,6.638354669333745
23431,órganos de la,3,6.638354669333745
23432,óxidos,1,6.232889561225582
23433,óxidos de,2,6.232889561225582
23434,óxidos de nitrógeno,3,6.232889561225582
23435,última,1,6.638354669333745
23436,última distribución,2,6.638354669333745
23437,última distribución del,3,6.638354669333745
23438,último,1,5.945207488773801
23439,último cabe,2,6.638354669333745
23440,último cabe destacar,3,6.638354669333745
23441,último las,2,6.638354669333745
23442,último las superaciones,3,6.638354669333745
23443,último responsable,2,6.638354669333745
23444,último responsable de,3,6.638354669333745
23445,últimos,1,5.945207488773801
23446,últimos años,2,6.638354669333745
23447,últimos años en,3,6.638354669333745
23448,últimos contaminantes,2,6.638354669333745
23449,últimos contaminantes de,3,6.638354669333745
23450,últimos en,2,6.638354669333745
23451,últimos en las,3,6.638354669333745
23452,única,1,5.722063937459591
23453,única contemplada,2,6.638354669333745
23454,única contemplada en,3,6.638354669333745
23455,única vez,2,5.945207488773801
23456,única vez a,3,6.638354669333745
23457,única vez de,3,6.638354669333745
23458,única vez el,3,6.638354669333745
23459,útil,1,5.722063937459591
23460,útil como,2,6.232889561225582
23461,útil como productora,3,6.232889561225582
23462,útil del,2,6.638354669333745
23463,útil del grupo,3,6.638354669333745
