matrix_row_index,candidate_id,candidate_text_original,reviewer_gold_label,split
0,CL_MMA_DEC_000001_STMT_000001,"Lo dispuesto en la ley N°19.300, sobre Bases Generales del Medio Ambiente; en el DS N° 39, de 2012, del Ministerio del Medio Ambiente, que Aprueba el Reglamento para la Dictación de Planes de Prevención y de Descontaminación; en el decreto supremo N° 12, de 2011, del Ministerio del Medio Ambiente, que establece la Norma Primaria de Calidad Ambiental para Material Particulado Fino Respirable MP2,5; en el decreto supremo N° 59, de 1998, del Ministerio Secretaría General de la Presidencia, que establece la Norma de Calidad Primaria para Material Particulado Respirable MP10; en el DS N° 131, de 1996, del Ministerio Secretaría General de la Presidencia que Declara Zona Saturada por Material Particulado Respirable MP10, Partículas en Suspensión, Ozono y Monóxido de Carbono; y Zona Latente por Dióxido de Nitrógeno a la Región Metropolitana de Santiago; en el DS N° 67, de 2014, del Ministerio del Medio Ambiente, que Declara Zona Saturada por Material Particulado Fino Respirable (MP2,5) a la Región Metropolitana de Santiago; en el DS N° 66, de 2009, del Ministerio Secretaría General de la Presidencia, que Revisa, Reformula y Actualiza Plan de Prevención y Descontaminación Atmosférica para la Región Metropolitana de Santiago; en la resolución exenta N°1171, de 2014, del Ministerio del Medio Ambiente, que dio inicio al proceso de elaboración del Plan de Descontaminación Atmosférica por Material Particulado Fino Respirable MP2,5, como concentración de 24 horas, para la Región Metropolitana de Santiago; en la resolución exenta N°218, de 2015, del mismo Ministerio, que da inicio al proceso de revisión, reformulación y actualización del Plan de Prevención y Descontaminación Atmosférica para la Región Metropolitana de Santiago y que ordenó su acumulación al proceso citado anteriormente; en la resolución exenta N° 177, de 2016, del Ministerio del Medio Ambiente, que fija el Programa de Regulación Ambiental 2016-2017, y en la resolución N° 1.600 de 2008, de la Contraloría General de la República; y",non_institutional,training
1,CL_MMA_DEC_000001_STMT_000002,"Que, por DS Nº66, de 2009, del Ministerio Secretaría General de la Presidencia, se revisó, reformuló y actualizó el Plan de Prevención y Descontaminación Atmosférica para la Región Metropolitana de Santiago; el que tuvo como antecedente el DS N° 131, de 1996, del mismo ministerio, que declaró Zona Saturada por Material Particulado Respirable MP10, Partículas en Suspensión, Ozono y Monóxido de Carbono; y Zona Latente por Dióxido de Nitrógeno, a la misma zona geográfica;",non_institutional,training
2,CL_MMA_DEC_000001_STMT_000003,"Que, por DS N°67, de 2014, del Ministerio del Medio Ambiente, se declaró Zona Saturada por Material Particulado Fino Respirable MP2,5, como concentración de 24 horas, a la Región Metropolitana de Santiago;",non_institutional,training
3,CL_MMA_DEC_000001_STMT_000004,"Que, por resolución exenta N° 1171, de 2014, del Ministerio del Medio Ambiente, se dio inicio al proceso de elaboración del Plan de Descontaminación Atmosférica por Material Particulado Fino Respirable MP2,5, como concentración de 24 horas, para la Región Metropolitana de Santiago;",non_institutional,training
4,CL_MMA_DEC_000001_STMT_000005,"Que, por resolución exenta N°218, de 2015, del Ministerio del Medio Ambiente, se dio inicio al proceso de revisión, reformulación y actualización del Plan de Prevención y Descontaminación Atmosférica para la Región Metropolitana de Santiago ya citado, y se ordenó su acumulación al proceso de elaboración del Plan de Descontaminación Atmosférica por Material Particulado Fino Respirable MP2,5;",non_institutional,training
5,CL_MMA_DEC_000001_STMT_000008,"Que, de acuerdo a la evolución de la calidad del aire y logros alcanzados a la fecha, los cuales indican que la Región Metropolitana de Santiago ya no se encuentra en condición de saturación para dióxido de nitrógeno (NO ) y monóxido de carbono (CO), situación que en cambio persiste para material particulado fino respirable (MP2,5), material particulado respirable (MP10) y Ozono (O ), los esfuerzos de la actualización deben focalizarse en el control de las emisiones directas y precursores de estos últimos contaminantes, de forma tal de alcanzar las reducciones necesarias;",non_institutional,training
6,CL_MMA_DEC_000001_STMT_000009,"Que, de acuerdo a estudios realizados en la Región Metropolitana de Santiago, el mejoramiento de la calidad del aire en el periodo de aplicación del PPDA y sus reformulaciones pasadas se ha traducido en una importante reducción de los impactos negativos sobre la salud de la población;",non_institutional,training
7,CL_MMA_DEC_000001_STMT_000012,"Los mismos antecedentes destacan la creciente importancia de las fuentes de contaminación como son las emisiones asociadas a la calefacción con leña, las provenientes de maquinaria fuera de ruta -MFR-, agroindustria, emisiones evaporativas de compuestos orgánicos volátiles y las quemas agrícolas, entre otras;",non_institutional,training
8,CL_MMA_DEC_000001_STMT_000013,"Que los antecedentes internacionales indican la importancia del control del material particulado, teniendo en consideración elementos como el tamaño de las partículas y su toxicidad, por su relación con el impacto sobre la salud;",non_institutional,training
9,CL_MMA_DEC_000001_STMT_000014,"Que, en base a todos los antecedentes recopilados, se elaboró un anteproyecto para una nueva reformulación del Plan de Prevención y Descontaminación Atmosférica para la Región Metropolitana de Santiago (PPDA), que incorpora al material particulado MP2,5, documento en el cual se plasmaron los principales lineamientos, objetivos y acciones propuestas.",non_institutional,training
10,CL_MMA_DEC_000001_STMT_000015,"En esta etapa de elaboración del anteproyecto se acompañaron estudios científicos, informes y otros antecedentes, los que debidamente agregados al expediente, permitieron confirmar que el Plan requería reformularse y perfeccionarse en diversas materias;",non_institutional,training
11,CL_MMA_DEC_000001_STMT_000017,"Además, se consideró conveniente mejorar las capacidades institucionales de coordinación y gestión para obtener una implementación eficaz de las medidas del Plan y su complementación con otros planes y políticas afines;",non_institutional,training
12,CL_MMA_DEC_000001_STMT_000018,"Que, en el proceso de reformulación del Plan se procedió a la consulta ciudadana, de acuerdo a los mecanismos establecidos por la ley Nº 19.300, sobre Bases Generales del Medio Ambiente, en adelante indistintamente ley N° 19.300;",non_institutional,training
13,CL_MMA_DEC_000001_STMT_000019,"Que, por su parte, tanto el Consejo Consultivo Regional de la Región Metropolitana como el Consejo Consultivo Nacional, conocieron y emitieron opinión respecto del texto del anteproyecto;",non_institutional,training
14,CL_MMA_DEC_000001_STMT_000020,"Que, el proyecto definitivo se hizo cargo de las principales observaciones recibidas en el proceso de consulta, con lo cual la actualización quedó estructurada en base a las medidas que se determinaron necesarias y factibles de implementar.",non_institutional,training
15,CL_MMA_DEC_000001_STMT_000021,"Las principales medidas propuestas están orientadas al control de las emisiones de la calefacción residencial a leña en zonas urbanas, del transporte, el mejoramiento de los combustibles y el establecimiento de normas y metas de reducción de emisiones en la industria.",non_institutional,training
16,CL_MMA_DEC_000001_STMT_000022,"Complementariamente, en los ámbitos que no se dispone de los antecedentes suficientes para establecer regulaciones en el presente decreto, se definen acciones programáticas orientadas a realizar los estudios necesarios y la coordinación institucional que se requiera para elaborar propuestas regulatorias que puedan ser incorporadas en acciones futuras;",non_institutional,training
17,CL_MMA_DEC_000001_STMT_000023,"Que, el Consejo de Ministros para la Sustentabilidad se pronunció favorablemente sobre el proyecto definitivo del PPDA, mediante Acuerdo N°13 de 4 de octubre de 2016; y Que, finalmente, el plan de prevención y descontaminación es un instrumento de gestión ambiental que tiene por finalidad evitar la superación y recuperar los niveles señalados en las normas primarias y/o secundarias de calidad ambiental de una zona latente o saturada por uno o más contaminantes.",non_institutional,training
18,CL_MMA_DEC_000001_STMT_000024,"Apruébese el Plan de Prevención y Descontaminación para la Región Metropolitana de Santiago, que es del siguiente tenor:",non_institutional,training
19,CL_MMA_DEC_000001_STMT_000025,"El presente Plan de Prevención y Descontaminación Atmosférica que regirá en la Región Metropolitana de Santiago tiene por objetivo dar cumplimiento a las normas primarias de calidad ambiental de aire vigentes, asociadas a los contaminantes Material Particulado Respirable (MP10), Material Particulado Fino Respirable (MP2,5), Ozono (O ) y Monóxido de Carbono (CO), en un plazo de 10 años.",non_institutional,training
20,CL_MMA_DEC_000001_STMT_000026,Los antecedentes fundantes del presente Plan de Prevención y Descontaminación Atmosférica se indican a continuación:,non_institutional,training
21,CL_MMA_DEC_000001_STMT_000027,"La Región Metropolitana de Santiago fue declarada zona saturada por MP10, Partículas en Suspensión, O y CO; y zona latente por NO, mediante el DS N°131, de 1996, del Ministerio Secretaría General de la Presidencia (Minsegpres).",non_institutional,training
22,CL_MMA_DEC_000001_STMT_000028,"Una vez declarada zona saturada y latente la Región Metropolitana de Santiago y de conformidad con lo dispuesto en la ley N° 19.300, y el DS N° 94, de 1995, de Minsegpres, se elaboró el Plan de Prevención y Descontaminación Atmosférica para la Región Metropolitana de Santiago, el cual fue aprobado por el DS N°16, de 1998, de Minsegpres, y que fue revisado, actualizado y reformulado mediante el DS N°58, de 2003 y el DS N°66, de 2009, ambos del Minsegpres.",non_institutional,training
23,CL_MMA_DEC_000001_STMT_000029,"Mediante el DS N°67, de 2014, del Ministerio del Medio Ambiente, se declaró Zona Saturada por MP2,5 a la Región Metropolitana de Santiago.",non_institutional,training
24,CL_MMA_DEC_000001_STMT_000031,"Asimismo, mediante la resolución exenta N°218, de 2015, del Ministerio del Medio Ambiente, se da inicio al proceso de revisión, reformulación y actualización del DS N°66, de 2009, de Minsegpres, y se ordenó acumularlo con el proceso de elaboración del Plan de Descontaminación Atmosférica por MP2,5, los que continúan como un solo procedimiento.",non_institutional,training
25,CL_MMA_DEC_000001_STMT_000032,"La Región Metropolitana de Santiago tiene una población total estimada para el año 2015 de 7.140.674 habitantes, con una población urbana de 6.892.411 habitantes al mismo año1, y una superficie de 15.554,5 km2, donde el 85,7% corresponde a terrenos montañosos, 11% a superficie destinada a la agricultura y 3,3% a espacios urbanizados.",non_institutional,training
26,CL_MMA_DEC_000001_STMT_000033,"Es una región mediterránea, que se ubica entre la Cordillera de Los Andes y de la Costa, en que predominan los relieves montañosos que encierran hacia el centro de la región una amplia y extensa cuenca aérea, la de Santiago.",non_institutional,training
27,CL_MMA_DEC_000001_STMT_000034,"Por el norte, el cordón montañoso de Chacabuco la separa de la Región de Valparaíso, y por el sur, los cerros de Angostura y Chada (en Paine) constituyen el límite con la Región del Libertador General Bernardo O'Higgins.",non_institutional,training
28,CL_MMA_DEC_000001_STMT_000035,"La cuenca de Santiago limita al oriente con los faldeos de la Cordillera de Los Andes, con cerros que superan los 3.200 m.s.n.m. (Cerro Ramón).",non_institutional,training
29,CL_MMA_DEC_000001_STMT_000036,"Por el oeste, la Cordillera de la Costa alcanza alturas sobre 2.000 m.s.n.m. (Cerros Roble Alto), siendo interrumpida por el Valle del Río Maipo, que abre la cuenca hacia el sector sudoeste.",non_institutional,training
30,CL_MMA_DEC_000001_STMT_000037,"Más al sur, el macizo de Alhué (Cerro Cantillana) supera los 2.200 m de altitud.",non_institutional,training
31,CL_MMA_DEC_000001_STMT_000039,"Por ello, en épocas de estabilidad atmosférica los contaminantes quedan atrapados dentro de la cuenca que alberga a la ciudad de Santiago.",non_institutional,training
32,CL_MMA_DEC_000001_STMT_000040,"Desde la entrada en vigencia del Plan de Prevención y Descontaminación Atmosférica de la Región Metropolitana de Santiago el año 1998, diversos estudios han permitido identificar los patrones meteorológicos que modulan la capacidad de remoción del material particulado desde la cuenca.",non_institutional,training
33,CL_MMA_DEC_000001_STMT_000041,"En especial, se han identificado los sistemas meteorológicos de escala sinóptica y los fenómenos de estabilidad local observados durante la ocurrencia de los episodios de contaminación.",non_institutional,training
34,CL_MMA_DEC_000001_STMT_000043,"Durante condiciones de mala ventilación, predomina en toda la cuenca una condición de alta estabilidad, con una inversión térmica superficial en las primeras decenas de metros, lo que afecta la capacidad de remoción de contaminantes desde la cuenca, particularmente durante el periodo frío.",non_institutional,training
35,CL_MMA_DEC_000001_STMT_000045,"La disminución en la capacidad de la cuenca de remover los contaminantes se acentúa en los periodos de fuerte estabilidad atmosférica, donde el escaso desarrollo de la capa de mezcla inhibe el viento generando los periodos de cuasi-calma, generando un aumento generalizado de las concentraciones de MP2,5 en toda el área metropolitana.",non_institutional,training
36,CL_MMA_DEC_000001_STMT_000046,"--------------------------------- 1 Proyecciones Censo 2002 Mediciones realizadas, han permitido demostrar que el factor meteorológico es decisivo en la ocurrencia de los episodios críticos por material particulado en la Región Metropolitana de Santiago.",non_institutional,training
37,CL_MMA_DEC_000001_STMT_000048,"Durante el período estival, el calentamiento superficial permite la erosión de la capa de inversión térmica sobre la cuenca, lo que se traduce en un mejoramiento significativo de la ventilación.",non_institutional,training
38,CL_MMA_DEC_000001_STMT_000049,"Sin embargo, la emisión de compuestos nitrogenados y de compuestos orgánicos, más la disponibilidad de radiación solar, favorecen la formación de compuestos fotoquímicos, generando el aumento en las concentraciones de ozono troposférico.",non_institutional,training
39,CL_MMA_DEC_000001_STMT_000050,"Al cabo de casi 25 años de gestión de la calidad del aire se pueden constatar cambios estructurales en los patrones de producción y consumo de la Región Metropolitana de Santiago que han permitido una reducción de la contaminación por MP10 y principalmente por MP2,5.",non_institutional,training
40,CL_MMA_DEC_000001_STMT_000051,"Esta menor contaminación se observa en los promedios anuales, en los promedios de 24 horas y en la disminución del número de episodios críticos de alta contaminación por MP10.",non_institutional,training
41,CL_MMA_DEC_000001_STMT_000052,"Los principales cambios han sido una mejora notable de la calidad de los combustibles usados por el transporte: combustibles sin plomo y reducción en la concentración de azufre en el diésel; la llegada del gas natural; exigencias de metas de emisión de NOx y MP a la industria; una transformación radical del transporte público y un control estricto del mercado automotriz, en términos de incorporar progresivamente vehículos más limpios.",non_institutional,training
42,CL_MMA_DEC_000001_STMT_000053,"Sin embargo, persisten actividades que no han experimentado una transformación relevante en términos tecnológicos, lo que las ha ido convirtiendo en las mayores responsables de los niveles de contaminación observados actualmente, principalmente las residencias que emplean calefacción a leña, el transporte comercial y de carga urbano e interurbano, a lo que se suma el fuerte incremento del parque de vehículos livianos.",non_institutional,training
43,CL_MMA_DEC_000001_STMT_000054,"El Gráfico I 1 muestra medidas adoptadas para el control del material particulado y sus precursores en la Región Metropolitana de Santiago, y su efecto en la disminución de concentraciones.",non_institutional,training
44,CL_MMA_DEC_000001_STMT_000056,"------------------------------------------- 2 Las estaciones consideradas para este cálculo son Independencia, Las Condes y Parque O'Higgins, en que se promedia el dato anual de las 3 estaciones para obtener un valor anual.",non_institutional,training
45,CL_MMA_DEC_000001_STMT_000058,"Si bien, el DS N°66, de 2009, de Minsegpres, logró importantes mejoras en la calidad del aire para el material particulado MP10 y especialmente la fracción fina MP2,5, desde la publicación de esta nueva normativa para la fracción fina, es la que presenta los mayores desafíos.",non_institutional,training
46,CL_MMA_DEC_000001_STMT_000060,"El material particulado grueso, prácticamente, se mantiene constante durante los distintos meses del año, mientras que el MP2,5 presenta una variabilidad anual, siendo la temporada otoño-invierno donde sus concentraciones alcanzan los valores máximos.",non_institutional,training
47,CL_MMA_DEC_000001_STMT_000061,"El MP2,5 es producido por emisiones directas de los procesos de combustión de combustibles fósiles, a partir de la condensación de gases, de reacciones químicas en la atmósfera a partir de gases precursores como el dióxido de azufre, óxidos de nitrógeno, compuestos orgánicos volátiles, amoníaco, y otros compuestos.",non_institutional,training
48,CL_MMA_DEC_000001_STMT_000062,"Sus principales fuentes son los procesos que ocurren durante la combustión como los automóviles, buses y camiones, tanto a diésel como a gasolina, plantas termoeléctricas, calderas, procesos industriales, hornos, fundiciones, procesos metalúrgicos, la combustión de biomasa, como la calefacción residencial a leña, las quemas agrícolas e incendios forestales, y emisiones de amonio de las operaciones agrícolas.",non_institutional,training
49,CL_MMA_DEC_000001_STMT_000063,"La fracción fina del material particulado tiene efectos y riesgos en la salud, como: mortalidad y admisiones hospitalarias en pacientes con enfermedad pulmonar obstructiva crónica y con enfermedad cardiovascular, exacerbación de los síntomas e incremento del asma, aumento de riesgo de infartos al miocardio, inflamación pulmonar, inflamación sistémica, disfunciones endoteliales y vasculares, desarrollo de aterosclerosis, incremento en la incidencia de infecciones y cáncer respiratorio.",non_institutional,training
50,CL_MMA_DEC_000001_STMT_000065,"La última distribución del MP2,5 arrojó que los derivados de carbono, elemental y orgánico, representan el 67%, siendo este último responsable de más del 50% del material particulado fino.",non_institutional,training
51,CL_MMA_DEC_000001_STMT_000067,"Entre los años 1998 al 2015, se han ejecutado estudios de análisis de filtros de material particulado para la Estación Parque O'Higgins de la Red MACAM, que muestran una evaluación de la evolución de la contaminación en Santiago en los últimos años, en los cuales se aprecia claramente la reducción de plomo y azufre, producto de las medidas impulsadas en el PPDA, como se puede observar en el Gráfico I 5.",non_institutional,training
52,CL_MMA_DEC_000001_STMT_000069,"Sin embargo, el aumento del azufre a partir del año 2006 permitió identificar los impactos asociados al recambio del sector industrial, cuya matriz energética pasó de ser principalmente a gas natural desde una combinación entre diésel y petróleos pesados.",non_institutional,training
53,CL_MMA_DEC_000001_STMT_000072,"Así, para la declaración de episodios por MP10, el DS N°59, de 1998, de Minsegpres, señala como niveles que originan situaciones de emergencia ambiental para material particulado respirable MP10 los siguientes:",non_institutional,training
54,CL_MMA_DEC_000001_STMT_000073,"Por su parte, para la declaración de episodios por MP2,5, el DS N°12, de 2011, del Ministerio del Medio Ambiente señala como niveles que originan situaciones de emergencia ambiental para material particulado respirable MP2,5 los siguientes:",non_institutional,training
55,CL_MMA_DEC_000001_STMT_000074,"Durante la Gestión de Episodios Críticos (GEC) para el PPDA por MP10 se han constatado los siguientes episodios, según se ve en el Gráfico I 6.",non_institutional,training
56,CL_MMA_DEC_000001_STMT_000075,"Este gráfico muestra el aumento que tuvo la fracción MP10 respecto de años anteriores, y en particular el crecimiento en el número de preemergencias, que sitúa al año 2015 como uno de los peores en términos de ventilación.",non_institutional,training
57,CL_MMA_DEC_000001_STMT_000076,"El siguiente Gráfico I 7, muestra la tendencia de episodios constatados para MP2,5.",non_institutional,training
58,CL_MMA_DEC_000001_STMT_000079,"Estas concentraciones han sido medidas desde el año 1997 a la fecha, en las estaciones de la red oficial de monitoreo de calidad del aire -Red MACAM6 -.",non_institutional,training
59,CL_MMA_DEC_000001_STMT_000080,Cabe señalar que la Red ha experimentado modificaciones en su equipamiento y lugares de emplazamiento de las estaciones.,non_institutional,training
60,CL_MMA_DEC_000001_STMT_000082,"Para los gases, se cuenta con valores anuales desde 1997 y trianuales, como lo exige la norma, desde el año 1999 hasta el año 2015.",non_institutional,training
61,CL_MMA_DEC_000001_STMT_000083,"------------------------------------------- 4 Informe Final ""Caracterización del Material Particulado Fino y Grueso en la Región Metropolitana de Santiago"", Centro Mario Molina para el Ministerio del Medio Ambiente 2017.",non_institutional,training
62,CL_MMA_DEC_000001_STMT_000084,"5 Contaminantes criterio: MP10 y MP2,5 (norma anual y de 24 horas - P98 -), O3 (promedio móvil de 8 horas -P99-), NO2 (anual y 1 hora -P99-), CO (1 hr y 8 hrs -P99-) y SO2 (anual y de 24 horas -P99-).",non_institutional,training
63,CL_MMA_DEC_000001_STMT_000085,6 La Red MACAM incorpora 7 estaciones hasta el año 2007.,non_institutional,training
64,CL_MMA_DEC_000001_STMT_000086,"El año 2008 se incluye la estación de Cerro Navia y desde el año 2009 se suman las estaciones de Quilicura, Puente Alto y Talagante, completando un total de 11 estaciones a la fecha.",non_institutional,training
65,CL_MMA_DEC_000001_STMT_000087,"7 Reporte de Calidad del Aire 2013-2015, Ministerio del Medio Ambiente, 2016.",non_institutional,training
66,CL_MMA_DEC_000001_STMT_000088,"8 Las normas de calidad que regulan los parámetros indicados son: (i) el D.S. N° 112, de 2002, del Ministerio Secretaría General de la Presidencia, para Ozono (O3), (ii) el D.S. N° 114, de 2002, del Ministerio Secretaría General de la Presidencia, para Dioxido de nitrógeno (NO2), (iii) el D.S. N° 115, de 2002, del Ministerio Secretaría General de la Presidencia, para Monóxido de Carbono (CO), (iv) el D.S.",non_institutional,training
67,CL_MMA_DEC_000001_STMT_000089,"N° 113, de 2002, del Ministerio Secretaría General de la Presidencia, para Dióxido de Azufre (SO2).",non_institutional,training
68,CL_MMA_DEC_000001_STMT_000090,"Tal como se indica en la Tabla I 3 y como se observa en el Gráfico I 8, de acuerdo a los valores trianuales de los contaminantes, se constata que la Región Metropolitana de Santiago se encuentra en estado de Saturación por O3 en su norma de 8 horas.",non_institutional,training
69,CL_MMA_DEC_000001_STMT_000091,"Además, se encuentra en estado de Latencia por monóxido de carbono CO en su norma de 8 horas, y en cumplimiento, para las normas: horaria de CO y las normas de NO2 y SO2, a diferencia de la declaración de zona saturada hecha en 1996 (DS N°131, de 1996, de Minsegpres) donde se declaró saturada por ozono, monóxido de carbono y latente por dióxido de nitrógeno.",non_institutional,training
70,CL_MMA_DEC_000001_STMT_000093,"Para el caso de material particulado, según los datos de la Tabla I 4 y como se observa en el Gráfico I 9, para los valores trianuales y norma diaria para las concentraciones de MP10 y MP2,5, se constata que la Región Metropolitana de Santiago se encuentra en estado de saturación por MP10 y MP2,5 en sus normas diaria y anual.",non_institutional,training
71,CL_MMA_DEC_000001_STMT_000094,"------------------------------------------- 9 Reporte de Calidad del Aire 2013-2015, Ministerio del Medio Ambiente, 2016.",non_institutional,training
72,CL_MMA_DEC_000001_STMT_000095,"Por último, las superaciones de normas expuestas en las figuras anteriores permiten evaluar el estado de Latencia o Saturación para los contaminantes criterio señalados.",non_institutional,training
73,CL_MMA_DEC_000001_STMT_000096,"A partir de las medidas establecidas en el PPDA y una de sus actualizaciones contenida en el DS N°66, de 2009, del Minsegpres, se observa en la evolución de los contaminantes normados una reducción de los niveles de concentración.",non_institutional,training
74,CL_MMA_DEC_000001_STMT_000097,"Sin embargo, y dado los niveles de avance a la fecha, es posible concluir que dichas medidas son insuficientes para alcanzar las metas establecidas.",non_institutional,training
75,CL_MMA_DEC_000001_STMT_000098,"El nivel de MP10 y MP2,5 diario es aún insuficiente para cumplir la meta de calidad del aire de 150 µg/m3 y 50 µg/m3, respectivamente, como promedio de 24 horas, así como tampoco se alcanzaría la meta trianual de MP10 y MP2,5 de 50 µg/m3 y 20 µg/m3, respectivamente.",non_institutional,training
76,CL_MMA_DEC_000001_STMT_000099,"En el caso de ozono, no es posible alcanzar la meta de 8 horas de 120 µg/m3 con las medidas actualmente establecidas.",non_institutional,training
77,CL_MMA_DEC_000001_STMT_000100,"Por lo anterior, es necesario incorporar nuevas medidas de control de emisiones para material particulado y gases, de acuerdo a las reducciones adicionales requeridas para cumplir con las metas de calidad del aire del Plan en los plazos propuestos.",non_institutional,training
78,CL_MMA_DEC_000001_STMT_000101,"La meta del Plan es cumplir las normas de calidad tanto para MP10, MP2,5 y O disminuyendo las concentraciones hasta valores que se encuentren por debajo de los niveles considerados de saturación y salir de la latencia para la norma de CO de 8 horas, de tal forma de dar cumplimiento a la normativa vigente de calidad del aire, en un plazo de 10 años desde la entrada en vigencia del presente decreto, considerando el año 2015 como ""año base"", a partir del cual se calculó la reducción de concentraciones.",non_institutional,training
79,CL_MMA_DEC_000001_STMT_000102,"Dicho cálculo, en porcentaje, se estima en base a la reducción en µg/m3 requerida para el cumplimiento de la normativa, el que se realiza sobre la base total de concentraciones a reducir (diferencia entre las concentraciones año 2015 y el valor de la meta del plan).",non_institutional,training
80,CL_MMA_DEC_000001_STMT_000103,"Como información de referencia, la concentración reportada el año 2015, es en la estación de monitoreo clasificada como Estación de Monitoreo con Representatividad Poblacional (EMRP), que arrojó el valor más alto de acuerdo a la norma vigente.",non_institutional,training
81,CL_MMA_DEC_000001_STMT_000105,"La Tabla I-5 muestra el resumen de las metas de calidad del aire para cada uno de los gases, como promedio trianual, de acuerdo a la normativa vigente:",non_institutional,training
82,CL_MMA_DEC_000001_STMT_000107,"Si bien las metas indicadas guardan relación con el cumplimiento de la normativa vigente para calidad del aire, existe un conjunto de indicadores que pueden demostrar que el grado de cumplimiento de las medidas del PPDA tiene un efecto positivo en la calidad del aire.",non_institutional,training
83,CL_MMA_DEC_000001_STMT_000108,"Los siguientes indicadores orientados a la relación exposición-dosis de la población, pueden señalar que la población se verá menos expuesta a concentraciones de calidad del aire:",non_institutional,training
84,CL_MMA_DEC_000001_STMT_000109,"Disminución del número de episodios para MP10 y MP2,5 en Preemergencia y Emergencia.",non_institutional,training
85,CL_MMA_DEC_000001_STMT_000110,"Disminución de la duración de los episodios de Preemergencia y Emergencia para MP10 y MP2,5, medidas en horas para promedios móviles de 24 horas.",non_institutional,training
86,CL_MMA_DEC_000001_STMT_000111,"Disminución de las concentraciones diarias máximas de MP10 y MP2,5, percentil 98, para cada año.",non_institutional,training
87,CL_MMA_DEC_000001_STMT_000112,"Disminución de los días sobre norma para MP10 y MP2,5.",non_institutional,training
88,CL_MMA_DEC_000001_STMT_000113,"Disminución de las concentraciones trianuales de MP10 y MP2,5.",non_institutional,training
89,CL_MMA_DEC_000001_STMT_000114,Disminución de las concentraciones trianuales de ozono para su concentración de 8 horas.,non_institutional,training
90,CL_MMA_DEC_000001_STMT_000115,"Con el inventario de emisiones es posible determinar la contribución de emisiones directas de MP2,5 y emisiones de gases precursores por sector, de manera de hacer un diagnóstico que permita establecer medidas para los distintos sectores acordes a su responsabilidad.",non_institutional,training
91,CL_MMA_DEC_000001_STMT_000116,"Tomando como fuente el inventario de emisiones desarrollado por la Usach durante el año 2014, y los estudios de Centro Mario Molina 2014, GEASUR 2015 y POCH 2016, podemos indicar que el 38,5% de emisiones directas de MP2,5 corresponden al sector Residencial.",non_institutional,training
92,CL_MMA_DEC_000001_STMT_000117,"Por otro lado, con respecto a las emisiones de precursores de material particulado, 60% de emisiones de NOx corresponden al sector Transporte; 80% de emisiones de SOx corresponden al sector Industrial; 39,7% de emisiones de COV corresponden al sector Residencial; y 95,8% de emisiones de NH3 corresponden al sector Agroindustria.",non_institutional,training
93,CL_MMA_DEC_000001_STMT_000119,Estudios elaborados para el MMA.,non_institutional,training
94,CL_MMA_DEC_000001_STMT_000120,"El DS N°39, de 2012, del Ministerio del Medio Ambiente, que aprueba el Reglamento para la Dictación de Planes de Prevención y Descontaminación, exige la elaboración de un Análisis General del Impacto Económico y Social (AGIES) de los planes de prevención y descontaminación atmosférica.",non_institutional,training
95,CL_MMA_DEC_000001_STMT_000122,"La reducción de emisiones asociadas a planes de descontaminación tiene efectos económicos, sociales y ambientales, que se resumen en beneficios para los receptores de las emisiones y costos para el regulado.",non_institutional,training
96,CL_MMA_DEC_000001_STMT_000123,"El AGIES tiene como objetivo evaluar los costos y beneficios asociados a las medidas propuestas en el anteproyecto, de tal forma de apoyar la toma de decisiones en el proceso de elaboración del Plan.",non_institutional,training
97,CL_MMA_DEC_000001_STMT_000124,"Los beneficios valorizados de las medidas del plan corresponden a impactos en la salud de la población expuesta, debido a la disminución de concentración ambiental de MP2,5 producto de la reducción de emisiones de las fuentes reguladas.",non_institutional,training
98,CL_MMA_DEC_000001_STMT_000125,"Específicamente, se valoran los eventos evitados de mortalidad prematura, morbilidad, días de actividad restringida y productividad perdida.",non_institutional,training
99,CL_MMA_DEC_000001_STMT_000126,Adicionalmente se valoran los beneficios por ahorros en el uso de combustible ante medidas que mejoran la eficiencia en el uso del mismo.,non_institutional,training
100,CL_MMA_DEC_000001_STMT_000127,"Dentro de las limitaciones del análisis se mencionan los beneficios por reducción de MP que no fueron valorizados tales como la mejora en visibilidad, en materiales, efectos sobre ecosistemas, disminución de gases de efecto invernadero, beneficios para la agricultura y suelos, imagen país, externalidades positivas asociadas a la educación ambiental, efectos en la salud en otras comunas del país y beneficios derivados de la reducción de Black Carbon10.",non_institutional,training
101,CL_MMA_DEC_000001_STMT_000128,"En relación a los costos, se incorporan los relacionados a inversión y operación asociados a la implementación de las medidas de reducción de emisiones de las fuentes emisoras.",non_institutional,training
102,CL_MMA_DEC_000001_STMT_000130,"A continuación, en la Tabla I-8, se presentan los principales resultados de la elaboración del AGIES, bajo la metodología de Análisis Costo - Beneficio utilizada y considerando las medidas propuestas en el presente Plan.",non_institutional,training
103,CL_MMA_DEC_000001_STMT_000131,La reducción en emisiones (ton/año) se representa mediante el símbolo ?.,non_institutional,training
104,CL_MMA_DEC_000001_STMT_000133,"------------------------------------------------ 10 Es un agente capaz de afectar el clima, formado debido a combustión incompleta de combustibles fósiles, biocombustibles y bioma-sa.",non_institutional,training
105,CL_MMA_DEC_000001_STMT_000135,Se asocia al aumento de la temperatura global.,non_institutional,training
106,CL_MMA_DEC_000001_STMT_000136,"Por otro lado, los beneficios del PPDA son muy superiores a los costos estimados, con un beneficio neto de 6.965 MM USD y una razón beneficio-costo de 8.",non_institutional,training
107,CL_MMA_DEC_000001_STMT_000137,El sector trasporte es el de mayor aporte en los beneficios producto de que dichas medidas tienen un impacto importante en la reducción de consumo de combustible.,non_institutional,training
108,CL_MMA_DEC_000001_STMT_000138,El siguiente Gráfico I 11 muestra en valor presente de los beneficios y costos asociados a la implementación del plan:,non_institutional,training
109,CL_MMA_DEC_000001_STMT_000139,"La reducción de la concentración anual para MP2,5 alcanza el objetivo propuesto por la norma de 20 µg/m3 para el año 2025.",non_institutional,training
110,CL_MMA_DEC_000001_STMT_000140,El conjunto de medidas con mayor reducción corresponde a las aplicadas al sector transporte y maquinaria fuera de ruta (49%) seguido por el sector residencial (30%).,non_institutional,training
111,CL_MMA_DEC_000001_STMT_000141,Estos dos sectores aportan con 10 µg/m3 en la mejora de calidad del aire al año 2026.,non_institutional,training
112,CL_MMA_DEC_000001_STMT_000142,Aunque aportan en menor medida también es necesario implementar medidas en el sector de quemas agrícolas a fin de lograr la meta del PPDA.,non_institutional,training
113,CL_MMA_DEC_000001_STMT_000143,"Por último, cabe destacar los casos de mortalidad prematura que se evitarían con la implementación de las medidas del plan, los que se estiman en 2.237 para el año 2026, con un total de 12.413 casos evitados entre los años 2017 y 2026, tal como se puede observar en la Tabla I 9.",non_institutional,training
114,CL_MMA_DEC_000001_STMT_000144,"En resumen, el resultado del AGIES arrojó para el presente Plan lo siguiente:",non_institutional,training
115,CL_MMA_DEC_000001_STMT_000145,"Las medidas de reducción de emisiones propuestas permitirán cumplir tanto las normas de MP2,5 diaria y anualal año 2024 y 2025 respectivamente, con importantes aportes del sector transporte, residencial e industrial.",non_institutional,training
116,CL_MMA_DEC_000001_STMT_000146,"De la misma manera, el ozono saldría de zona saturada y el CO de zona latente.",non_institutional,training
117,CL_MMA_DEC_000001_STMT_000148,"Estos tres sectores aportan con 10 µg/m3 para MP2,5 en la mejora de calidad del aire.",non_institutional,training
118,CL_MMA_DEC_000001_STMT_000149,Aunque aportan en menor medida también es necesario implementar medidas en el sector de quemas agrícolas a fin de lograr la meta del PPDA,non_institutional,training
119,CL_MMA_DEC_000001_STMT_000151,"Adicionalmente, la reducción de MP posee otros beneficios no cuantificados en este análisis como mejora en la visibilidad, disminución de efectos negativos en ecosistemas, entre otros.",non_institutional,training
120,CL_MMA_DEC_000001_STMT_000152,"Los beneficios valorizados se estiman en 7.977 MM USD, para un horizonte de evaluación de 10 años11 atribuibles principalmente al sector transporte (61%).",non_institutional,training
121,CL_MMA_DEC_000001_STMT_000153,"Los costos valorizados se estiman en 1.013 MM USD, para un horizonte de evaluación de 10 años atribuibles, al igual que en los beneficios, al sector transporte (92%) e industrial (7%).",non_institutional,training
122,CL_MMA_DEC_000001_STMT_000154,"El sector residencial aporta tan solo con un 1,3%, transformándolo en un sector altamente costo-efectivo en la reducción de emisiones.",non_institutional,training
123,CL_MMA_DEC_000001_STMT_000156,"Lo anterior permite concluir que la implementación del PPDA de la Región Metropolitana de Santiago es altamente rentable desde el punto de vista social, mejorando significativamente la calidad de vida de los habitantes de la región y consecuente con los objetivos de Gobierno en materia de reducción de la contaminación atmosférica.",non_institutional,training
124,CL_MMA_DEC_000001_STMT_000157,"El presente PPDA focaliza sus esfuerzos en la reducción del MP2,5, lo que conlleva co-beneficios al reducir las partículas o aerosoles de carbono negro (conocido como black carbon BC en inglés).",non_institutional,training
125,CL_MMA_DEC_000001_STMT_000158,"El carbono negro es un contaminante climático de vida corta y se forma como resultado de la combustión incompleta de combustibles fósiles (diésel, petróleos pesados y carbón) y de la leña.",non_institutional,training
126,CL_MMA_DEC_000001_STMT_000159,"La evidencia demuestra los efectos de las partículas de carbono negro, tanto en la salud de las personas más vulnerables, así como también, sobre otros objetivos de protección.",non_institutional,training
127,CL_MMA_DEC_000001_STMT_000160,"Las campañas de medición de calidad del aire en la Región Metropolitana, muestran altos niveles de ""black carbon"".",non_institutional,training
128,CL_MMA_DEC_000001_STMT_000161,"Por otra parte, Chile expresó en el Acuerdo Climático de París 2015 que ""los esfuerzos que se realicen en el abatimiento de carbono negro en las zonas del país con altos niveles, son un aporte a la sustentabilidad del desarrollo de Chile y está disponible para recibir diversas formas de cooperación técnica y financiamiento internacional que apoye tales iniciativas"" (Fuente: Chile en su Contribución Nacional Tentativa INDC, por sus siglas en inglés).",non_institutional,training
129,CL_MMA_DEC_000001_STMT_000162,-------------------------------------------- 11 Supuestos generales.,non_institutional,training
130,CL_MMA_DEC_000001_STMT_000163,"Valor de la vida estadística=10.850 UF al año 2002 (Tragüen y Ortúzar, 2004), proyectado según poder de paridad de compra y crecimiento de la población / Tasa de descuento=6% / Horizonte de evaluación=10 años / Tipo cambio dólar: 684 CLP / Tipo cambio UF: 25.115 CLP.",non_institutional,training
131,CL_MMA_DEC_000001_STMT_000164,12 Los beneficios netos corresponden a los beneficios menos los costos.,non_institutional,training
132,CL_MMA_DEC_000001_STMT_000166,"Esto es, si sumamos las estrategias locales de descontaminación del aire con las acciones globales.",non_institutional,training
133,CL_MMA_DEC_000001_STMT_000167,"El presente PPDA, tiene impactos no cuantificados en la reducción del ""black carbon"".",non_institutional,training
134,CL_MMA_DEC_000001_STMT_000169,"Las medidas mencionadas se alinean con las acciones establecidas en los planes de descontaminación de la zona sur del país; y también, con las medidas que se disponen en el presente Plan, implicando por lo tanto un compromiso país y una visión estratégica de lo local a lo global para combatir el cambio climático.",non_institutional,training
135,CL_MMA_DEC_000001_STMT_000171,Brasero: Recipiente metálico abierto que se utiliza para combustionar leña y/o carbón vegetal para calefacción.,constitutive,training
136,CL_MMA_DEC_000001_STMT_000172,"Briqueta: Combustible sólido, generalmente de forma cilíndrica, elaborado a partir de biomasa densificada de tamaño superior al pellet de madera, según lo establece la Norma NCh3246.",constitutive,training
137,CL_MMA_DEC_000001_STMT_000173,"Caldera: Unidad principalmente diseñada para generar agua caliente, calentar un fluido térmico y/o para generar vapor de agua, mediante la acción del calor.",constitutive,training
138,CL_MMA_DEC_000001_STMT_000175,Caldera existente: Aquella caldera que se encuentra operando a la fecha de entrada en vigencia del presente plan o aquella que entre en operación dentro de los 12 meses siguientes a dicha fecha.,constitutive,training
139,CL_MMA_DEC_000001_STMT_000177,"Calefactor: Artefacto que combustiona o puede combustionar leña, briquetas o pellet de madera, fabricado, construido o armado, que tiene una potencia térmica nominal menor o igual a 25 kW, de alimentación manual o automática, de combustión cerrada, provisto de un ducto de evacuación de gases al exterior, destinado para la calefacción en el espacio en que se instala y su alrededor.",constitutive,training
140,CL_MMA_DEC_000001_STMT_000180,"No posee templador, tiene evacuación directa de gases de combustión y son reconocibles por la falta de terminaciones y soldaduras visibles en sus uniones.",constitutive,training
141,CL_MMA_DEC_000001_STMT_000181,Calefactor nuevo: Aquel calefactor que es comercializado con posterioridad a la fecha de entrada en vigencia del presente decreto.,constitutive,training
142,CL_MMA_DEC_000001_STMT_000182,"Calefacción distrital: Sistema de generación y distribución centralizada de calor, mediante el cual se proporciona un servicio de calefacción y agua caliente sanitaria a un conjunto de edificaciones conectadas en red.",constitutive,training
143,CL_MMA_DEC_000001_STMT_000183,"Carbón vegetal: Combustible sólido de color negruzco, de composición porosa y frágil, con un alto contenido de carbono (alrededor del 80%), producido por el calentamiento de madera y/o residuos vegetales.",constitutive,training
144,CL_MMA_DEC_000001_STMT_000184,Carro ambulante: Sistema móvil que combustiona o puede combustionar combustibles sólidos y cuya finalidad es la cocción de alimentos.,constitutive,training
145,CL_MMA_DEC_000001_STMT_000185,"Cocina a leña: Artefacto que combustiona o puede combustionar leña, diseñado principalmente para transferir calor a los alimentos provisto de un horno no removible.",constitutive,training
146,CL_MMA_DEC_000001_STMT_000188,Derivados de la madera: Aquellos productos sólidos que han sido obtenidos a partir de un proceso físico de transformación de la madera.,constitutive,training
147,CL_MMA_DEC_000001_STMT_000190,"Establecimiento: Recintos o locales vinculados a un mismo proceso productivo en el que se realiza una o varias actividades económicas, que producen una transformación de la materia prima o materiales empleados; o que no produciendo una transformación en su esencia, dan origen a nuevos productos; y que en este proceso originan emisiones, residuos y/o transferencias de contaminantes; así como cualesquiera otras actividades directamente relacionadas con aquellas, realizadas o no en el mismo emplazamiento y que puedan tener repercusiones sobre la generación de emisiones, residuos y/o transferencias de contaminantes.",constitutive,training
148,CL_MMA_DEC_000001_STMT_000191,"Fuente: Es toda actividad, proceso, operación o dispositivo móvil o estacionario que independiente de su campo de aplicación, produzca o pueda producir emisiones.",constitutive,training
149,CL_MMA_DEC_000001_STMT_000192,"Fuente estacionaria: Es toda fuente diseñada para operar en un lugar fijo, cuyas emisiones se descargan a través de un ducto o chimenea.",constitutive,training
150,CL_MMA_DEC_000001_STMT_000193,Se incluyen aquellas montadas sobre vehículos transportables para facilitar su desplazamiento.,constitutive,training
151,CL_MMA_DEC_000001_STMT_000194,Fuente estacionaria nueva: Es aquella fuente estacionaria que entra en operación 12 meses después de la fecha de entrada en vigencia del presente Plan.,constitutive,training
152,CL_MMA_DEC_000001_STMT_000195,Fuente estacionaria existente: Aquella fuente estacionaria que se encuentra operando a la fecha de entrada en vigencia del presente Plan o aquella que entre en operación dentro de los 12 meses siguientes a dicha fecha.,constitutive,training
153,CL_MMA_DEC_000001_STMT_000196,"Grupo electrógeno: Corresponde a aquella unidad utilizada para generar electricidad, que consta de un motor de combustión interna acoplado a un alternador o generador.",constitutive,training
154,CL_MMA_DEC_000001_STMT_000197,Grupo electrógeno nuevo: Es aquel grupo electrógeno que entra en operación a contar de los 6 meses siguientes de la entrada en vigencia del presente Plan.,constitutive,training
155,CL_MMA_DEC_000001_STMT_000199,"Horno de barro: Aparato construido de ladrillos, barro y/o adobe que posee una cámara de combustión cerrada, que combustiona o puede combustionar leña y carbón vegetal y cuya finalidad es la cocción de alimentos, de uso residencial o comercial.",constitutive,training
156,CL_MMA_DEC_000001_STMT_000200,"Leña: Porción de madera en bruto de troncos, ramas y otras partes de árboles o arbustos, utilizada como combustible sólido.",constitutive,training
157,CL_MMA_DEC_000001_STMT_000201,"Leña seca: Aquella que tiene un contenido de humedad menor al 25% medida en base seca, de acuerdo a lo estipulado en la Norma NCh2907, o la que la reemplace.",constitutive,training
158,CL_MMA_DEC_000001_STMT_000202,"Maquinaria móvil fuera de ruta: Cualquier máquina móvil o equipo industrial portátil o vehículo con o sin carrocería, no destinados al transporte de pasajeros o mercancías por carretera, aptos para desplazarse sobre el suelo, con o sin carretera y que funciona en base a motores de combustión interna, de encendido por compresión, con una potencia neta instalada, igual o superior a 19 kW e inferior o igual a 560 kW. Se excluyen los motores destinados a la propulsión de automotores, locomotoras u otros elementos y equipos ferroviarios que se desplacen sobre rieles, barcos, aeronaves y vehículos de recreación.",constitutive,training
159,CL_MMA_DEC_000001_STMT_000204,NCh2907: Se refiere a la NCh2907:2005 Combustible sólido - Leña - Requisitos.,constitutive,training
160,CL_MMA_DEC_000001_STMT_000205,"Fue declarada Oficial por Resolución Exenta N°569, de fecha 13 de septiembre de 2005, del Ministerio de Economía, Fomento y Reconstrucción, publicada en el Diario Oficial el 23 de septiembre de 2005.",constitutive,training
161,CL_MMA_DEC_000001_STMT_000206,"NCh2965: Se refiere a la NCh2965:2005 Combustible sólido - Leña - Muestreos e Inspección, que permite verificar que un lote de leña cumple con los requisitos establecidos en la Norma NCh2907.",constitutive,training
162,CL_MMA_DEC_000001_STMT_000207,"Fue declarada Oficial por Resolución Exenta N° 569, de fecha 13 de septiembre de 2005, del Ministerio de Economía, Fomento y Reconstrucción, publicada en el Diario Oficial el 23 de septiembre de 2005.",constitutive,training
163,CL_MMA_DEC_000001_STMT_000208,NCh3246: Se refiere a la NCh3246/1:2011 Biocombustibles sólidos - Especificaciones y clases- Parte 1: Requisitos generales.,constitutive,training
164,CL_MMA_DEC_000001_STMT_000210,NCh62: Se refiere a la NCh62:2000 Petróleo Diésel - Requisitos.,constitutive,training
165,CL_MMA_DEC_000001_STMT_000211,"Fue declarada Oficial por Decreto Exento N° 373, de fecha 23 de noviembre de 2000, del Ministerio de Economía, Fomento y Reconstrucción, publicado en el Diario Oficial el 15 de diciembre de 2000.",constitutive,training
166,CL_MMA_DEC_000001_STMT_000212,NCh64: Se refi a la NCh64:1995 Gasolina para motores de ignición por chispa - Requisitos.,constitutive,training
167,CL_MMA_DEC_000001_STMT_000214,NCh61: Se refiere a la NCh61:1999 Petróleo combustible (fuel oil) - Requisitos.,constitutive,training
168,CL_MMA_DEC_000001_STMT_000215,"Fue declarada Oficial por Decreto Exento N° 361, de fecha 15 de septiembre de 1999, del Ministerio de Economía, Fomento y Reconstrucción, publicado en el Diario Oficial el 8 de octubre de 1999.",constitutive,training
169,CL_MMA_DEC_000001_STMT_000216,NCh63: Se refiere a la NCh63:2000 Kerosene - Requisitos.,constitutive,training
170,CL_MMA_DEC_000001_STMT_000217,"Fue declarada Oficial por Decreto Exento N° 373, de fecha 23 de noviembre de 2000, del Ministerio de Economía, Fomento y Reconstrucción, publicado en el Diario Oficial el 15 de diciembre de 2000.",constitutive,training
171,CL_MMA_DEC_000001_STMT_000221,"Fue declarada Oficial por Decreto Exento N° 606, de fecha 24 de diciembre de 1998, del Ministerio de Economía, Fomento y Reconstrucción, publicado en el Diario Oficial el 6 de enero de 1999.",constitutive,training
172,CL_MMA_DEC_000001_STMT_000222,Parrilla: Aparato que combustiona o puede combustionar leña y carbón vegetal para la cocción de alimentos.,constitutive,training
173,CL_MMA_DEC_000001_STMT_000223,"Pellet de madera: Combustible sólido, generalmente de forma cilíndrica, fabricado a partir de madera pulverizada sin tratar, extraída del conjunto del árbol y aglomerada con o sin ayuda de ligantes.",constitutive,training
174,CL_MMA_DEC_000001_STMT_000226,"Plantel de cría de aves de corral para producción de carne o producción de huevos: Plantel de crianza, engorda, postura y/o reproducción de animales avícolas.",constitutive,training
175,CL_MMA_DEC_000001_STMT_000227,"Plantel de cría de porcinos: Plantel de crianza, engorda y/o reproducción de animales, donde puedan ser mantenidos en confinamiento en patios de alimentación, por más de un mes continuado.",constitutive,training
176,CL_MMA_DEC_000001_STMT_000228,"Plantel nuevo: Aquel plantel nuevo que inicia operaciones o cuenta con Resolución de Calificación Ambiental con posterioridad a la entrada en vigencia del presente Plan, y las modificaciones de los planteles existentes que obtengan Resolución de Calificación Ambiental con posterioridad a la entrada en vigencia del presente Plan.",constitutive,training
177,CL_MMA_DEC_000001_STMT_000229,Plantel existente: Aquel plantel que inicia operaciones o cuenta con Resolución de Calificación Ambiental con anterioridad a la entrada en vigencia del presente Plan.,constitutive,training
178,CL_MMA_DEC_000001_STMT_000230,"Potencia térmica nominal: Corresponde a la potencia máxima del equipo, informada por el fabricante, que puede suministrar un equipo en funcionamiento continuo, ajustándose a la eficiencia declarada por el fabricante.",constitutive,training
179,CL_MMA_DEC_000001_STMT_000231,"Proceso: Aquellas fuentes estacionarias que no correspondan a calderas, grupos electrógenos ni hornos panificadores.",constitutive,training
180,CL_MMA_DEC_000001_STMT_000232,Esta categoría de fuente estacionaria no incluye a las fuentes afectas a la excepción contemplada en el artículo 42 del presente decreto.,constitutive,training
181,CL_MMA_DEC_000001_STMT_000233,"Proceso con combustión: Es aquel proceso cuyas emisiones, o parte de ellas, son generadas a partir de combustión.",constitutive,training
182,CL_MMA_DEC_000001_STMT_000234,Salamandra: Calefactor de cámara simple y fierro fundido.,constitutive,training
183,CL_MMA_DEC_000001_STMT_000235,"Sistema de Calefacción: Sistema compuesto por uno o más equipos (y sus conexiones), destinado para la calefacción en el espacio en que se instalan sus componentes y su alrededor, generando calor a través de diferentes energéticos, entre ellos, electricidad, gas y parafina.",constitutive,training
184,CL_MMA_DEC_000001_STMT_000236,Xilohigrómetro: Instrumento portátil que permite determinar el contenido de humedad en la madera mediante resistencia eléctrica.,constitutive,training
185,CL_MMA_DEC_000001_STMT_000237,"Los buses destinados a la prestación de servicios de locomoción colectiva urbana en la Provincia de Santiago y en las comunas de San Bernardo y Puente Alto, respecto de los cuales se solicite su primera inscripción en el Registro de Servicios de Transporte de Pasajeros de Santiago, a partir de 24 meses contados desde la entrada en vigencia del presente Decreto, deberán contar con un motor cuyas emisiones contaminantes no superen los niveles máximos de emisiones señalados en los literales a.1) o a.2):",regulative,training
186,CL_MMA_DEC_000001_STMT_000239,"Las mediciones se efectuarán conforme a los métodos normalizados definidos por la Agencia de Protección Ambiental de los Estados Unidos de América (US-EPA), indicados en el CFR-40 Part 1065 procedures (Code of Federal Regulations), Diesel Engines.",constitutive,training
187,CL_MMA_DEC_000001_STMT_000241,"Emisiones provenientes del sistema de escape, en miligramos/kiloWatt-hora (mg/kW-h).",constitutive,training
188,CL_MMA_DEC_000001_STMT_000243,"Los buses cuyos motores sean mecánicamente aptos para cumplir con niveles máximos de emisión de un estándar superior a los exigidos por las normas de emisión vigentes, siempre que estén dadas las condiciones técnicas para ello y en conformidad con las condiciones normalizadas de medición, homologación y/o certificación, estipuladas por la Agencia Ambiental de Estados Unidos de Norteamérica (US-EPA), en el llamado ""Code of Federal Regulation"", o por las directivas de la Comunidad Europea, o por el Estado de California, en el llamado ""California Code of Regulation"", que en adelante se denominará como la legislación internacional, podrán solicitar, al momento de la homologación y/o certificación de los estándares vigentes, el reconocimiento del estándar superior, en correspondencia con dicha legislación internacional.",regulative,training
189,CL_MMA_DEC_000001_STMT_000244,Para ello deberán cumplir con los mismos procesos de análisis técnicos establecidos para la homologación de los estándares vigentes.,regulative,training
190,CL_MMA_DEC_000001_STMT_000245,"El Ministerio de Transportes y Telecomunicaciones, en conjunto con el Ministerio del Medio Ambiente y el Ministerio de Energía, en el plazo de 12 meses desde la entrada en vigencia del presente Decreto, deberá definir un Programa de Incentivos de Reducción de Emisiones y de Eficiencia Energética para la flota de vehículos que operen en los Sistemas de Transporte Público de Pasajeros, a fin de reducir gradualmente el consumo de combustibles y su consecuente reducción en emisiones de contaminantes locales.",regulative,training
191,CL_MMA_DEC_000001_STMT_000247,"A los 6 meses de la entrada en vigencia del presente Plan, el Ministerio de Transportes y Telecomunicaciones, a través del Programa de Vialidad y Transporte Urbano de la Secretaría de Planificación de Transporte (SECTRA), en colaboración con el Directorio de Transporte Público Metropolitano (DTPM), generará un Programa de Seguimiento Anual de las emisiones vehiculares del Sistema de Buses Transantiago.",regulative,training
192,CL_MMA_DEC_000001_STMT_000248,Los buses destinados a la prestación de servicios de locomoción colectiva urbana sólo podrán circular en la Provincia de Santiago y las comunas de Puente Alto y San Bernardo o dar inicio o término a su recorrido en dicha área geográfi si se encuentran funcionando con combustibles cuya composición se ajuste a las exigencias fi por el presente Decreto y demás normativa aplicable.,regulative,training
193,CL_MMA_DEC_000001_STMT_000249,"El Ministerio de Transportes y Telecomunicaciones en conjunto con el Ministerio del Medio Ambiente deberán establecer, a los 12 meses contados desde la entrada en vigencia del presente Decreto, un programa de implementación de una zona de baja emisión en la Región Metropolitana de Santiago, que considere una restricción al ingreso de vehículos pesados con antigüedad superior a 12 años.",regulative,training
194,CL_MMA_DEC_000001_STMT_000250,"Se considerarán como zona de baja emisión las vías ubicadas al interior del anillo Américo Vespucio, con excepción de las autopistas y las vías de paso.",constitutive,training
195,CL_MMA_DEC_000001_STMT_000251,"En el plazo de 12 meses contados desde la entrada en vigencia del presente Decreto, el Ministerio de Transportes y Telecomunicaciones diseñará un modelo de fiscalización automatizada para la zona de baja emisión, que propenda al cumplimiento de esta medida, para lo cual gestionará la aprobación de recursos en la Ley de Presupuestos.",regulative,training
196,CL_MMA_DEC_000001_STMT_000252,"A contar de 12 meses desde la entrada en vigencia del presente Decreto, los límites máximos de emisión permitidos en la Región Metropolitana de Santiago, establecidos en el D.S N° 149, de 2006, del Ministerio de Transportes y Telecomunicaciones, serán los siguientes:",regulative,training
197,CL_MMA_DEC_000001_STMT_000253,"Para la correcta aplicación de la norma, los vehículos cuya marca y modelo no se encuentren en la nómina con los datos de la Inercia Equivalente por marca y modelo establecida por el Ministerio de Transportes y Telecomunicaciones, deberán cumplir los límites siguientes:",regulative,training
198,CL_MMA_DEC_000001_STMT_000254,"El Ministerio de Energía, en conjunto con el Ministerio de Transportes y Telecomunicaciones y el Ministerio del Medio Ambiente, en un plazo de 12 meses desde la entrada en vigencia del presente Decreto, promoverán el establecimiento de un marco normativo que permita definir estándares de eficiencia energética para el parque vehicular, con el fin de reducir gradualmente el consumo de combustible y su consecuente reducción en emisiones de contaminantes.",regulative,training
199,CL_MMA_DEC_000001_STMT_000256,"En los llamados o concursos para optar a nuevas inscripciones de taxis, en cualquiera de sus modalidades, en el Registro Nacional de Servicios de Transporte de Pasajeros, que convoque el Ministerio de Transportes y Telecomunicaciones en la Región Metropolitana de Santiago, se deberá considerar como parte del concurso, un cupo exclusivo de al menos el 5% de las nuevas inscripciones, para vehículos propulsados exclusivamente con electricidad, y que excluyan el uso de combustibles fósiles, que cumplan los requisitos técnicos que defina el Ministerio de Transportes y Telecomunicaciones.",regulative,training
200,CL_MMA_DEC_000001_STMT_000257,"A partir de la entrada en vigencia del presente Decreto se prohíbe la operación del motor de un vehículo comercial, transporte de carga y transporte de pasajeros, incluyendo furgones escolares, cuando éste se encuentre detenido por un período mayor a 5 minutos.",regulative,training
201,CL_MMA_DEC_000001_STMT_000258,"Se exceptúa esta prohibición a vehículos que se mantienen encendidos durante un período de reparación, o bien en labores de reparto en las que el encendido del motor sea necesario para sistemas de refrigeración.",regulative,training
202,CL_MMA_DEC_000001_STMT_000259,"Esta medida será fiscalizada por Carabineros de Chile e inspectores fiscales y municipales de conformidad a sus atribuciones, debiendo denunciarse al juzgado que corresponda, las infracciones o contravenciones que se cometan.",regulative,training
203,CL_MMA_DEC_000001_STMT_000260,"No se permitirá la emisión continua de humo visible negro, gris o azul, excepto vapor de agua (humo blanco), a través del tubo de escape de los vehículos motorizados de encendido por chispa (ciclo Otto) que circulen por las vías públicas de la Región Metropolitana de Santiago.",regulative,training
204,CL_MMA_DEC_000001_STMT_000261,"En el caso de los vehículos motor diésel no se permitirá la emisión continuada por el tubo de escape por más de cinco segundos, de humo visible de densidad colorimétrica superior al N°2 de la escala de Ringelmann.",regulative,training
205,CL_MMA_DEC_000001_STMT_000262,"Esta medida será fiscalizada por Carabineros de Chile e inspectores fiscales y municipales, debiendo denunciarse al juzgado que corresponda, las infracciones o contravenciones que se cometan.",regulative,training
206,CL_MMA_DEC_000001_STMT_000263,"Dentro de un plazo de 24 meses, contados desde la entrada en vigencia del presente Decreto, el Ministerio de Medio Ambiente en conjunto con el Ministerio de Transportes y Telecomunicaciones, evaluarán implementar métodos de control de emisiones del número de partículas en la vía pública de vehículos diésel, con el objetivo de establecer un control eficaz en detectar vehículos cuyo motor o sistema de control de emisiones se encuentran deteriorados o con falta de mantenimiento.",regulative,training
207,CL_MMA_DEC_000001_STMT_000264,"Para este efecto se considerará el desarrollo de instrumentos, protocolos y límites máximos permitidos, usando como referencia la normativa internacional.",regulative,training
208,CL_MMA_DEC_000001_STMT_000265,"Dentro de un plazo de 12 meses, contados desde la entrada en vigencia del presente Decreto, el Ministerio de Medio Ambiente, iniciará la revisión de las normas de ingreso de vehículos livianos y medianos para establecer la norma Euro 6 y la norma EPA equivalente, a partir de septiembre del 2020, para los vehículos que ingresen al parque vehicular.",regulative,training
209,CL_MMA_DEC_000001_STMT_000266,"En un plazo de 12 meses desde la entrada en vigencia del presente decreto, el Ministerio del Medio Ambiente y el Ministerio de Transportes y Telecomunicaciones deberán establecer las características e información de una etiqueta con indicación de los niveles de emisiones de gases de escape obtenidos en el proceso de homologación que establece el D.S. N°54, de 1997, del Ministerio de Transportes y Telecomunicaciones, que deberá contemplar mecanismos para la difusión de la información a los consumidores.",regulative,training
210,CL_MMA_DEC_000001_STMT_000268,"A partir del año 2020, el Ministerio de Obras Públicas, el Ministerio de Vivienda y Urbanismo y el Ministerio de Salud cuando ejecuten obras de construcción deberán usar filtros de partículas cerrados para el total de la maquinaria móvil fuera de ruta de construcción que tenga una potencia superior a 56 kW e inferior o igual a 560 kW. Si la ejecución de las obras de construcción se efectúa a través de terceros, la referida obligación de utilización de filtros deberá quedar contenida en las respectivas bases administrativas, términos de referencia y/o contratos.",regulative,training
211,CL_MMA_DEC_000001_STMT_000269,La obligación regirá para la maquinaria propia y la de terceros que ejecuten los proyectos de obras de construcción.,constitutive,training
212,CL_MMA_DEC_000001_STMT_000271,"La Secretaría Regional Ministerial del Medio Ambiente de la Región Metropolitana se coordinará con los Municipios de la Región Metropolitana de Santiago, a fin de evaluar la inclusión de la exigencia anterior, sea en las bases administrativas, términos de referencia, contratos u otro instrumento, cuando ejecuten obras de construcción de manera directa y/o a través de terceros.",regulative,training
213,CL_MMA_DEC_000001_STMT_000273,"A contar de enero del 2020, la maquinaria móvil fuera de ruta deberá cumplir con lo señalado en la Tabla III 8.",regulative,training
214,CL_MMA_DEC_000001_STMT_000274,"A contar de enero del 2022, la maquinaria móvil fuera de ruta deberá cumplir indistintamente, los niveles de emisión señalados en la Tabla III 9 o Tabla III-10.",regulative,training
215,CL_MMA_DEC_000001_STMT_000276,"Tabla III-9 o la Tabla III-10 según corresponda, de acuerdo al método de prueba en laboratorio ISO 8178: Motores de combustión interna.",non_institutional,training
216,CL_MMA_DEC_000001_STMT_000277,Medición de las emisiones de gases de escape.,non_institutional,training
217,CL_MMA_DEC_000001_STMT_000278,Parte 1: Medición de las emisiones de gas y de partículas en banco de ensayo.,non_institutional,training
218,CL_MMA_DEC_000001_STMT_000279,La Superintendencia del Medio Ambiente deberá establecer el protocolo de certificación.,regulative,training
219,CL_MMA_DEC_000001_STMT_000280,El petróleo diésel que se distribuya o expenda en la Región Metropolitana de Santiago deberá ser grado A1 y cumplir con los siguientes requisitos:,regulative,training
220,CL_MMA_DEC_000001_STMT_000283,En caso de arbitraje debe usarse el método Ramsbottom.,regulative,training
221,CL_MMA_DEC_000001_STMT_000287,"En todo lo que no sea contrario a lo dispuesto en la tabla anterior, se estará a lo establecido en la Norma NCh62.",constitutive,training
222,CL_MMA_DEC_000001_STMT_000290,"Se prohíbe la distribución y expendio de gasolina con plomo, a excepción de la requerida para los motores de uso aeronáutico.",regulative,training
223,CL_MMA_DEC_000001_STMT_000291,Para casos de arbitraje debe usarse el método ASTM D3237.,constitutive,training
224,CL_MMA_DEC_000001_STMT_000292,No está permitido agregar compuestos fosforados a la gasolina para motores de ignición por chispa.,regulative,training
225,CL_MMA_DEC_000001_STMT_000293,Para casos de arbitraje debe usarse el método ASTM D3231.,constitutive,training
226,CL_MMA_DEC_000001_STMT_000294,"En todo lo que no sea contrario a lo dispuesto en la Tabla anterior, se estará a lo establecido en la Norma NCh64.",constitutive,training
227,CL_MMA_DEC_000001_STMT_000295,"En materia de biocombustibles deberá aplicarse la normativa definida en el D.S. N°11, de 2008, del Ministerio de Economía, Fomento y Reconstrucción.",constitutive,training
228,CL_MMA_DEC_000001_STMT_000296,"La exigencia establecida en el artículo anterior, no se aplicará al combustible utilizado en pruebas experimentales temporales autorizadas por la Superintendencia de Electricidad y Combustibles, previa consulta al Ministerio del Medio Ambiente.",regulative,training
229,CL_MMA_DEC_000001_STMT_000298,"Los petróleos combustibles grado Nº5 y Nº6, que se emplean como combustible para calderas y hornos de procesos industriales, que se distribuyan o expendan en la Región Metropolitana de Santiago, deberán cumplir los siguientes requisitos:",regulative,training
230,CL_MMA_DEC_000001_STMT_000300,"En todo lo que no sea contrario a lo dispuesto en la tabla anterior, se estará a lo establecido en la Norma NCh61.",constitutive,training
231,CL_MMA_DEC_000001_STMT_000301,"El kerosene empleado como combustible doméstico e industrial, que se distribuya o expenda en la Región Metropolitana de Santiago, deberá cumplir los siguientes requisitos:",regulative,training
232,CL_MMA_DEC_000001_STMT_000302,Tabla IV 4 Requisitos para el kerosene doméstico e industrial,non_institutional,training
233,CL_MMA_DEC_000001_STMT_000303,ASTM: American Society for Testing and Materials.,constitutive,training
234,CL_MMA_DEC_000001_STMT_000304,Antes de agregar colorantes.,non_institutional,training
235,CL_MMA_DEC_000001_STMT_000305,"Después de tres meses de la entrada en vigencia del presente Decreto, el valor permitido será de 80 ppm de azufre máximo.",non_institutional,training
236,CL_MMA_DEC_000001_STMT_000307,"De acuerdo a lo establecido en el Decreto Exento N°174, de 2001, del Ministerio de Economía, Fomento y Reconstrucción; y Resoluciones Exentas N° 961, 962 y 963, todas de 2001, de la Superintendencia de Electricidad y Combustibles.",non_institutional,training
237,CL_MMA_DEC_000001_STMT_000308,"En todo lo que no sea contrario a lo dispuesto en la tabla anterior, se estará a lo establecido en la Norma NCh63.",constitutive,training
238,CL_MMA_DEC_000001_STMT_000311,"En todo lo que no sea contrario a lo dispuesto en la tabla anterior, se estará a lo establecido en la Norma NCh2115.",constitutive,training
239,CL_MMA_DEC_000001_STMT_000312,"El gas licuado de petróleo de uso doméstico, industrial y comercial que se distribuya o expenda en la Región Metropolitana de Santiago, deberá cumplir los siguientes requisitos:",regulative,training
240,CL_MMA_DEC_000001_STMT_000314,"En todo lo que no sea contrario a lo dispuesto en la tabla anterior, se estará a lo establecido en la Norma NCh72.",constitutive,training
241,CL_MMA_DEC_000001_STMT_000315,"No se incluyen las especificaciones de los gases licuados de petróleo para combustión catalítica, las cuales se rigen por lo establecido en la Norma NCh72.",constitutive,training
242,CL_MMA_DEC_000001_STMT_000316,"La Superintendencia de Electricidad y Combustibles conforme a sus atribuciones legales fiscalizará, en toda la cadena de distribución, el cumplimiento de la calidad de los combustibles líquidos y gaseosos, de acuerdo a los parámetros y disposiciones establecidas en el presente Decreto y en la normativa que le sea aplicable.",regulative,training
243,CL_MMA_DEC_000001_STMT_000317,"Sin perjuicio de lo anterior, el control permanente de la calidad de los combustibles, líquidos y gaseosos, indicados en el presente capítulo, a lo largo de toda la cadena de distribución, será responsabilidad de las empresas distribuidoras de combustible.",regulative,training
244,CL_MMA_DEC_000001_STMT_000318,"Éstas podrán efectuarlo directamente o mediante laboratorios especialmente contratados para este efecto, de acuerdo a los procedimientos establecidos por la Superintendencia de Electricidad y Combustibles.",regulative,training
245,CL_MMA_DEC_000001_STMT_000319,"El Ministerio de Energía, en el ámbito de sus competencias, podrá establecer fundadamente, previo análisis conjunto con el Ministerio del Medio Ambiente, el Ministerio de Transportes y Telecomunicaciones, y la Superintendencia de Electricidad y Combustibles, excepciones temporales para algunas propiedades de los combustibles que se expenden o distribuyan en la Región Metropolitana de Santiago, considerando el aumento no programado de la demanda nacional o el déficit o contracción de la oferta de los combustibles en los mercados internacionales y nacionales.",regulative,training
246,CL_MMA_DEC_000001_STMT_000320,"Sin embargo, no podrá modificarse el límite del contenido de azufre del petróleo diésel, por el daño a las tecnologías de control de emisiones incorporadas en fuentes móviles en la Región Metropolitana de Santiago.",regulative,training
247,CL_MMA_DEC_000001_STMT_000321,"En cuanto al contenido de azufre en la gasolina, sólo podrá disponerse un estado de excepción por un período determinado y autorizando hasta un máximo de 30 ppm de azufre.",regulative,training
248,CL_MMA_DEC_000001_STMT_000322,"Las instalaciones de almacenamiento de combustibles líquidos derivados del petróleo de Clase I que se emplacen en la Región Metropolitana de Santiago, y cuya capacidad de almacenamiento sea igual o superior a 100 m3, deberán contar con tanques de almacenamiento de techo flotante externo o manta flotante interna.",regulative,training
249,CL_MMA_DEC_000001_STMT_000324,"Además, deberán estar equipados con elementos que permitan capturar los vapores durante las operaciones de carga de combustibles de Clase I.",regulative,training
250,CL_MMA_DEC_000001_STMT_000325,"Las instalaciones de distribución de la Región Metropolitana de Santiago deberán disponer en los puntos de transferencia de combustibles, de equipos de captura y posterior recuperación y/o eliminación de vapores.",regulative,training
251,CL_MMA_DEC_000001_STMT_000327,"Para estos efectos, se podrán utilizar equipos de incineración de vapores, siempre y cuando su emplazamiento se encuentre en un lugar dentro de la instalación de distribución que no represente riesgo alguno, de acuerdo a la normativa vigente.",regulative,training
252,CL_MMA_DEC_000001_STMT_000328,El Ministerio de Energía podrá dictar normas complementarias para el cumplimiento de esta exigencia.,regulative,training
253,CL_MMA_DEC_000001_STMT_000329,"Todos los tanques que almacenen combustibles líquidos Clase I, existentes y los que se instalen con posterioridad a la entrada en vigencia del presente Decreto, en la Región Metropolitana de Santiago, deberán contar con sistemas de recuperación de vapor que aseguren la captura de, al menos, el 90% del total de vapores desplazados durante las actividades normales de transferencia de combustibles desde camiones tanques, junto con un sistema de medición remota (entre otros, telemedición).",regulative,training
254,CL_MMA_DEC_000001_STMT_000332,"Los camiones tanques que suministren combustibles líquidos Clase I a instalaciones de distribución y a establecimientos de abastecimiento vehicular, deberán disponer de equipos de captura y posterior recuperación de vapor de hidrocarburos, y contar con los elementos necesarios para una eficiente operación de los sistemas antes mencionados, sin perjuicio de lo dispuesto en el Decreto Supremo Nº 160, de 2008, del Ministerio de Economía, Fomento y Reconstrucción o el que lo reemplace.",regulative,training
255,CL_MMA_DEC_000001_STMT_000333,"Para la acreditación del cumplimiento de las eficiencias de captura, recuperación y eliminación de vapores, indicadas en los artículos precedentes, deberán observarse los procedimientos autorizados por la Superintendencia de Electricidad y Combustibles.",regulative,training
256,CL_MMA_DEC_000001_STMT_000334,"Los operadores de las instalaciones de almacenamiento y/o distribución de combustibles líquidos Clase I, que operen en la Región Metropolitana de Santiago, deberán presentar trimestralmente a la Superintendencia de Electricidad y Combustibles, un informe que dé cuenta del cumplimiento de las disposiciones contenidas en el presente capítulo, así como las medidas que se adoptarán si fuese necesario, según lo establecido por dicho organismo.",regulative,training
257,CL_MMA_DEC_000001_STMT_000335,"La Superintendencia de Electricidad y Combustibles desarrollará, en un plazo de 24 meses desde la entrada en vigencia del presente Decreto, un catastro del actual sistema de recuperación de emisiones donde se identifiquen tanques de almacenamiento, camiones y estaciones de servicio, su nivel de actividad y el estado de cumplimiento de la implementación y eficiencia de los sistemas de recuperación de vapores.",regulative,training
258,CL_MMA_DEC_000001_STMT_000336,La Superintendencia de Electricidad y Combustibles realizará un diagnóstico y rediseño del sistema de fiscalización.,regulative,training
259,CL_MMA_DEC_000001_STMT_000337,En el diseño se deberá contemplar el envío de un informe anual de cumplimiento de todas las exigencias relacionadas con la recuperación de vapores a la Secretaría Regional Ministerial del Medio Ambiente de la Región Metropolitana (SEREMI del Medio Ambiente) y a la Superintendencia del Medio Ambiente.,regulative,training
260,CL_MMA_DEC_000001_STMT_000338,El nuevo sistema de fiscalización deberá ser puesto en marcha en un plazo de 36 meses desde la entrada en vigencia del presente Decreto.,regulative,training
261,CL_MMA_DEC_000001_STMT_000339,"Dentro de este mismo plazo, la Superintendencia de Electricidad y Combustibles implementará una plataforma informática para el registro de todos los componentes de la cadena de distribución de combustibles, en el cual se incorporarán anualmente los reportes de cumplimiento realizados por la Superintendencia de Electricidad y Combustibles.",regulative,training
262,CL_MMA_DEC_000001_STMT_000340,Las fuentes estacionarias deberán cumplir con los límites de emisión para MP establecidos en la siguiente tabla:,regulative,training
263,CL_MMA_DEC_000001_STMT_000341,Quedan exentos de cumplir el límite de emisión de MP:,regulative,training
264,CL_MMA_DEC_000001_STMT_000342,"Los hornos panaderos de potencia menor a 1 MWt, que usen un combustible gaseoso, en forma exclusiva y permanente.",regulative,training
265,CL_MMA_DEC_000001_STMT_000343,"Las calderas nuevas y existentes de potencias hasta 1 MWt, que usen un combustible líquido (con menos de 50 ppm de azufre) o gaseoso, en forma exclusiva y permanente.",regulative,training
266,CL_MMA_DEC_000001_STMT_000344,"Las calderas de potencia mayor o igual a 1 MWt, que usen un combustible gaseoso, en forma exclusiva y permanente.",regulative,training
267,CL_MMA_DEC_000001_STMT_000345,Las excepciones mencionadas se acreditarán conforme a lo señalado en el artículo 43 del presente Decreto.,regulative,training
268,CL_MMA_DEC_000001_STMT_000347,"En el caso de calderas existentes, de potencia mayor a 1 MWt y menor a 20 MWt, podrán mantener su límite de emisión para material particulado en 30 mg/m3N, después del 31 de diciembre de 2019, siempre y cuando mantengan operativos sistemas de cogeneración, produciendo simultáneamente energía térmica y eléctrica y/o mecánica, con un nivel de eficiencia térmica global mayor o igual a 80%.",regulative,training
269,CL_MMA_DEC_000001_STMT_000348,"La energía eléctrica o mecánica y el calor producido deben satisfacer demandas reales, de modo que de no existir la cogeneración éstas debieran satisfacerse desde otras fuentes energéticas.",regulative,training
270,CL_MMA_DEC_000001_STMT_000349,"El límite de emisión mencionado se conservará mientras la fuente mantenga dicha condición, la que deberá ser acreditada por los titulares antes del 30 de junio de 2019, ante la Superintendencia del Medio Ambiente, mediante los mecanismos que fije al efecto.",regulative,training
271,CL_MMA_DEC_000001_STMT_000350,"La Superintendencia del Medio Ambiente informará anualmente, al Ministerio del Medio Ambiente, a partir del año 2020, el listado de aquellas calderas que cumplan con lo establecido en este artículo.",regulative,training
272,CL_MMA_DEC_000001_STMT_000351,"Las fuentes estacionarias, deberán cumplir con los límites de emisión para SO establecidos en la siguiente tabla:",regulative,training
273,CL_MMA_DEC_000001_STMT_000352,Las calderas que utilicen un combustible gaseoso de manera exclusiva y permanente.,regulative,training
274,CL_MMA_DEC_000001_STMT_000354,"Las fuentes estacionarias sujetas al cumplimiento del D.S. N° 13, de 2011, de Ministerio del Medio Ambiente.",regulative,training
275,CL_MMA_DEC_000001_STMT_000355,Las excepciones mencionadas se acreditarán conforme a lo señalado en el artículo 43 del presente Decreto.,regulative,training
276,CL_MMA_DEC_000001_STMT_000356,"Los límites de emisión establecidos en la tabla precedente están referidos al poder calorífico inferior del combustible, como valor máximo permisible de emisión de SO, para fuentes estacionarias cuya emisión dependa exclusivamente del combustible utilizado, es decir, en la cual los gases de combustión no contengan materias producto del proceso y deben cumplirse en todas las condiciones de operación de la fuente, sea que ésta opere en modo fijo o modulante.",constitutive,training
277,CL_MMA_DEC_000001_STMT_000357,Se exceptúan las operaciones de partida por un período máximo de quince minutos al día.,regulative,training
278,CL_MMA_DEC_000001_STMT_000359,"Esta evaluación se desarrollará en un periodo máximo de 24 meses y sus resultados e información de base, será entregada al Ministerio del Medio Ambiente, para la evaluación e identificación de nuevos potenciales de reducción adicional a la situación actual.",regulative,training
279,CL_MMA_DEC_000001_STMT_000362,Se exceptúan las operaciones de partida por un período máximo de quince minutos al día.,regulative,training
280,CL_MMA_DEC_000001_STMT_000365,"Se prohíben las emisiones de gases y partículas no efectuadas a través de chimeneas o ductos de descarga, salvo autorización expresa de la Superintendencia del Medio Ambiente, la que deberá autorizar la modalidad del proceso a ser usado, y el procedimiento para determinar su equivalencia en términos de emisión por chimenea.",regulative,training
281,CL_MMA_DEC_000001_STMT_000366,"Para efectos de este capítulo, se acreditará el uso exclusivo y permanente de un combustible, mediante la presentación ante la Superintendencia del Medio Ambiente, por única vez, de una declaración con el número de registro de la SEREMI de Salud RM, que identifica la fuente y el tipo de combustible utilizado, de acuerdo al D.S. N° 10, de 2012, del Ministerio de Salud.",regulative,training
282,CL_MMA_DEC_000001_STMT_000367,"En el caso de calderas nuevas que no utilicen combustible gaseoso y de potencia menor a 300 kWt, deberán acreditar por única vez, a través de un certificado emitido por el fabricante, un nivel de eficiencia térmica mayor o igual a 80%.",regulative,training
283,CL_MMA_DEC_000001_STMT_000368,"La acreditación se hará antes de entrar en operación, ante la Superintendencia del Medio Ambiente.",regulative,training
284,CL_MMA_DEC_000001_STMT_000370,Las correcciones en el cálculo y expresión de unidades de concentración de las emisiones se referirán a 25°C y 1 atm.,regulative,training
285,CL_MMA_DEC_000001_STMT_000371,Las fuentes estacionarias emisoras deberán acreditar sus emisiones considerando los métodos de medición oficiales y los reconocidos como válidos por la Superintendencia del Medio Ambiente.,regulative,training
286,CL_MMA_DEC_000001_STMT_000372,Estos análisis se deberán realizar en laboratorios de medición y análisis autorizados por la Superintendencia del Medio Ambiente para estos efectos.,regulative,training
287,CL_MMA_DEC_000001_STMT_000373,"Se eximen de la utilización de los métodos indicados en el artículo anterior, las calderas de potencia menor a 300 kWt, las que para acreditar sus emisiones, deberán presentar a la Superintendencia del Medio Ambiente, por única vez, el certificado de origen del fabricante, que indique que la caldera cumple lo establecido en el presente Decreto.",regulative,training
288,CL_MMA_DEC_000001_STMT_000375,"Este registro deberá individualizar los resultados de las acreditaciones históricas asociadas a cada fuente, por establecimiento y contaminante, según corresponda.",regulative,training
289,CL_MMA_DEC_000001_STMT_000377,"Los titulares de fuentes estacionarias deberán informar a la Superintendencia del Medio Ambiente, con anterioridad al hecho, cada cambio de combustible u otra condición que incida en un aumento o reducción de emisiones.",regulative,training
290,CL_MMA_DEC_000001_STMT_000378,"La medición de material particulado se realizará a plena carga de la fuente, que corresponde a la medición efectuada a la capacidad máxima de funcionamiento de la fuente, independientemente del proceso de producción asociado, observándose los parámetros de seguridad especificados de acuerdo al diseño de la fuente y confirmados por los parámetros físicos de construcción de ella.",constitutive,training
291,CL_MMA_DEC_000001_STMT_000381,Las fuentes estacionarias que no sean calderas ni procesos con combustión deberán realizar las mediciones con la frecuencia descrita en la siguiente tabla:,regulative,training
292,CL_MMA_DEC_000001_STMT_000382,"Las calderas y procesos con combustión de potencia térmica menor a 20MWt, deberán acreditar sus emisiones de MP, NOx y SO, cuando corresponda, con la frecuencia descrita en las siguientes tablas:",regulative,training
293,CL_MMA_DEC_000001_STMT_000383,"Las calderas y procesos con combustión de potencia menor a 20 MWt y mayor o igual a 10 MWt, deberán disponer de instrumentación industrial para cuantificar variables que permitan estimar de manera indirecta sus emisiones.",regulative,training
294,CL_MMA_DEC_000001_STMT_000386,"También se podrán incluir temperatura, concentración de oxígeno, concentración de monóxido de carbono, todas medidas en los gases de combustión u otras que permitan estimar adecuadamente el nivel de actividad de la fuente y sus emisiones, que definirá la Superintendencia del Medio Ambiente en un plazo de 6 meses desde la entrada en vigencia del presente Decreto, mediante los protocolos correspondientes.",constitutive,training
295,CL_MMA_DEC_000001_STMT_000387,Los titulares de las fuentes dispondrán de un plazo de 24 meses para dar cumplimiento a esta exigencia a contar de la publicación de la resolución que apruebe los protocolos de la Superintendencia del Medio Ambiente para tales efectos.,regulative,training
296,CL_MMA_DEC_000001_STMT_000389,"Aquellas fuentes que cuenten con autorización para disponer de emisiones no canalizadas en ductos o chimeneas, conforme a lo establecido en el artículo 42 del presente decreto - Aquellas fuentes que dispongan de monitoreo continuo de emisiones validado por la Superintendencia del Medio Ambiente.",regulative,training
297,CL_MMA_DEC_000001_STMT_000392,Dicho sistema debe ser aprobado por la Superintendencia del Medio Ambiente en el plazo de 6 meses.,regulative,training
298,CL_MMA_DEC_000001_STMT_000394,La evaluación del cumplimiento de los límites de emisión se hará en base a promedios horarios en el caso de monitoreo continuo.,constitutive,training
299,CL_MMA_DEC_000001_STMT_000396,"Se excluyen de esta exigencia aquellas fuentes reguladas por el D.S. N°13, de 2011, del Ministerio del Medio Ambiente.",regulative,training
300,CL_MMA_DEC_000001_STMT_000397,Los datos que se obtengan del monitoreo continuo indicado en el artículo 54 deberán estar en línea con los sistemas de información que sean definidos por la Superintendencia del Medio Ambiente.,regulative,training
301,CL_MMA_DEC_000001_STMT_000398,"Para ello, en el plazo de 6 meses desde la entrada en vigencia del presente Plan, esta Superintendencia deberá establecer los protocolos para que los titulares puedan cumplir con esta exigencia.",regulative,training
302,CL_MMA_DEC_000001_STMT_000399,"Desde la publicación en el Diario Oficial de los protocolos indicados en el inciso anterior, los titulares de fuentes afectas tendrán un plazo de 18 meses para implementar esta obligación.",regulative,training
303,CL_MMA_DEC_000001_STMT_000402,"Gran establecimiento nuevo, a aquel gran establecimiento que entra en operación a partir de 12 meses después de la fecha de entrada en vigencia del presente decreto.",constitutive,training
304,CL_MMA_DEC_000001_STMT_000403,"Gran establecimiento existente, a aquel gran establecimiento que se encuentra operando a la fecha de entrada en vigencia del presente decreto o dentro de los 12 meses siguientes a dicha fecha.",constitutive,training
305,CL_MMA_DEC_000001_STMT_000405,"Esta meta de emisión podrá alcanzarse íntegra o parcialmente a través de la compensación de emisiones, considerando los requisitos establecidos en los artículos 63 al 65 del presente decreto.",regulative,training
306,CL_MMA_DEC_000001_STMT_000406,"Para estos efectos, cada gran establecimiento existente deberá presentar un plan de reducción de emisiones, conforme a los plazos establecidos en el Artículo 60.",regulative,training
307,CL_MMA_DEC_000001_STMT_000407,"La emisión másica anual asignada se calculará sobre la base de los valores establecidos en la norma de emisión indicada en la Tabla VI-1, considerando para ello el caudal nominal y las horas de operación autorizadas para cada fuente, a la fecha de entrada en vigencia del presente decreto.",constitutive,training
308,CL_MMA_DEC_000001_STMT_000408,"El Ministerio del Medio Ambiente deberá informar, dentro de los 18 meses siguientes a la publicación del presente decreto, a los grandes establecimientos existentes, su nueva emisión másica anual autorizada de material particulado, la cual, en ningún caso podrá superar la emisión anual autorizada conforme a la normativa ambiental vigente, a la fecha de entrada en vigencia del presente decreto.",regulative,training
309,CL_MMA_DEC_000001_STMT_000409,"Excepcionalmente, los grandes establecimientos existentes podrán tener uno o más procesos existentes con concentraciones máximas de acuerdo a la siguiente tabla:",regulative,training
310,CL_MMA_DEC_000001_STMT_000411,"La meta de emisión que establezca para su nuevo plan de reducción, de acuerdo a lo establecido en el artículo 60.",non_institutional,training
311,CL_MMA_DEC_000001_STMT_000413,"En caso que el cumplimiento de la meta establecida en el presente artículo, no se logre acreditar dentro del plazo indicado en el inciso primero del presente artículo, comenzarán a regir los siguientes límites de emisión, para las fuentes estacionarias pertenecientes a grandes establecimientos existentes, en reemplazo de los artículos 36, 37, 38, 40 y 41 anteriores, de acuerdo a la siguiente tabla:",regulative,training
312,CL_MMA_DEC_000001_STMT_000414,"En el caso de los grandes establecimientos nuevos, éstos deberán compensar la totalidad de sus emisiones de acuerdo a lo exigido en la sección VI.6.2 del presente decreto.",regulative,training
313,CL_MMA_DEC_000001_STMT_000415,"En un plazo de 6 meses desde la entrada en vigencia del presente Decreto, el Ministerio del Medio Ambiente deberá publicar una lista de los grandes establecimientos sujetos a la exigencia de cumplimiento de reducción del artículo anterior.",regulative,training
314,CL_MMA_DEC_000001_STMT_000417,"En el plazo de 12 meses desde la entrada en vigencia del presente decreto, los titulares de grandes establecimientos existentes deberán presentar los planes de reducción de emisiones ante la SEREMI del Medio Ambiente.",regulative,training
315,CL_MMA_DEC_000001_STMT_000418,Estos planes podrán ser aprobados o rechazados en un plazo de 6 meses desde su presentación.,regulative,training
316,CL_MMA_DEC_000001_STMT_000419,"La aprobación de dichos planes deberá formalizarse mediante resolución, antes de su implementación.",regulative,training
317,CL_MMA_DEC_000001_STMT_000420,"El procedimiento de evaluación de los planes de reducción de emisiones deberá considerar los mismos criterios establecidos para la evaluación de los programas de compensación de emisiones para la Región Metropolitana de Santiago, indicados en los Artículos 63 y siguientes.",regulative,training
318,CL_MMA_DEC_000001_STMT_000421,"De no aprobarse o acreditarse la reducción exigida en los plazos establecidos en los referidos planes de reducción, se le aplicará al gran establecimiento existente, las normas de emisión por concentración descritas en el artículo 58.",regulative,training
319,CL_MMA_DEC_000001_STMT_000422,"Para efectos de contabilizar la reducción de emisiones señalada en los artículos anteriores, se podrán considerar las emisiones en masa de los siguientes gases precursores emitidos, considerando las conversiones iniciales que se indican en la siguiente Tabla:",constitutive,training
320,CL_MMA_DEC_000001_STMT_000426,"La Superintendencia del Medio Ambiente deberá entregar en julio de cada año a la SEREMI del Medio Ambiente, un informe con el estado de cumplimiento de la meta de emisión por establecimiento, fuente y a nivel agregado como sector, en base a lo reportado por los grandes establecimientos.",regulative,training
321,CL_MMA_DEC_000001_STMT_000427,La compensación de emisiones para la Región Metropolitana de Santiago se hará por medio de programas de compensación de emisiones aprobados por la SEREMI del Medio Ambiente y fiscalizados por la Superintendencia del Medio Ambiente.,regulative,training
322,CL_MMA_DEC_000001_STMT_000428,"El contenido de un programa de compensación de emisiones, será al menos el siguiente:",constitutive,training
323,CL_MMA_DEC_000001_STMT_000430,"En el caso de proyectos que ingresen al SEIA la estimación debe distinguirse para la fase de construcción, operación y cierre, señalando año y etapa a compensar en que se prevé se superará el umbral indicado en la Tabla VI-14 para los contaminantes que correspondan.",constitutive,training
324,CL_MMA_DEC_000001_STMT_000432,"Medibles, esto es, que permitan cuantificar la reducción de las emisiones que se produzca a consecuencia de ellas.",constitutive,training
325,CL_MMA_DEC_000001_STMT_000433,"Verificables, esto es, que generen una reducción de emisiones que se pueda cuantificar con posterioridad de la implementación.",constitutive,training
326,CL_MMA_DEC_000001_STMT_000434,"Adicionales, entendiendo por tal que las medidas propuestas no respondan a otras obligaciones a que esté sujeto el titular, o bien, que no correspondan a una acción que conocidamente será llevada a efecto por la autoridad pública o particulares.",constitutive,training
327,CL_MMA_DEC_000001_STMT_000435,"Permanentes, entendiendo por tal que la rebaja permanezca por el período en que el proyecto está obligado a reducir emisiones.",constitutive,training
328,CL_MMA_DEC_000001_STMT_000436,"Forma, oportunidad y ubicación en coordenadas WGS84, de su implementación, con un indicador de cumplimiento del programa de compensación.",constitutive,training
329,CL_MMA_DEC_000001_STMT_000437,"Carta Gantt, que considere todas las etapas para la implementación de la compensación de emisiones y la periodicidad en que informará a la Superintendencia del Medio Ambiente sobre el estado de avance de las actividades comprometidas.",constitutive,training
330,CL_MMA_DEC_000001_STMT_000440,"Realizar la compensación entre fuentes o actividades con combustión; o b. Realizar la compensación entre una fuente con combustión, que cede emisiones a una fuente o actividad sin combustión, pero no viceversa; o c. Realizar la compensación entre fuentes o actividades sin combustión.",constitutive,training
331,CL_MMA_DEC_000001_STMT_000441,"En ningún caso podrá hacer valer emisiones cedidas por actividades o establecimientos que cierren o deban cerrar por incumplimiento de normativa ambiental, o por término de vida útil.",regulative,training
332,CL_MMA_DEC_000001_STMT_000442,"Las actividades emisoras que reduzcan emisiones para cumplir con las medidas exigidas en el presente Plan, sólo podrán compensar o ceder emisiones por reducciones adicionales a la exigencia legal o reglamentaria, y siempre y cuando sea acreditable su implementación de manera permanente.",regulative,training
333,CL_MMA_DEC_000001_STMT_000443,"Las compensaciones podrán realizarse entre diversos tipos de fuentes, actividades y sectores económicos, siempre y cuando cumplan con los criterios anteriores.",regulative,training
334,CL_MMA_DEC_000001_STMT_000444,Las condiciones mencionadas en relación con la compensación de emisiones no sustituirán las exigencias impuestas en otras normativas vigentes en la Región Metropolitana de Santiago para los referidos contaminantes.,regulative,training
335,CL_MMA_DEC_000001_STMT_000445,"La compensación de emisiones operará tanto para el cumplimiento de las metas de emisión para grandes establecimientos existentes, como para las compensaciones de las emisiones de nuevos proyectos o modificaciones y/o ampliaciones de proyectos existentes que ingresen al Sistema de Evaluación de Impacto Ambiental (SEIA).",constitutive,training
336,CL_MMA_DEC_000001_STMT_000446,"A efectos de la compensación de emisiones, aquellos proyectos que, con posterioridad a la entrada en vigencia del presente Decreto, presenten alguna modificación(es) y/o ampliación(es) y que deban ingresar al SEIA, deberán sumar estas emisiones a las anteriores que forman parte del proyecto, exceptuando aquellas emisiones que hayan sido compensadas previamente.",regulative,training
337,CL_MMA_DEC_000001_STMT_000447,"En el caso de programas de compensación de emisiones que consideren la participación de establecimientos que no pertenecen al listado de grandes establecimientos existentes, éstos deberán entregar información que permita acreditar y verificar sus emisiones de manera similar al procedimiento que regirá para los grandes establecimientos.",regulative,training
338,CL_MMA_DEC_000001_STMT_000448,"Para los efectos legales, la compensación de emisiones se formalizará mediante un registro administrado por la Seremi del Medio Ambiente.",regulative,training
339,CL_MMA_DEC_000001_STMT_000449,"Todos aquellos proyectos y actividades que ingresen al SEIA, deberán cumplir las siguientes condiciones:",regulative,training
340,CL_MMA_DEC_000001_STMT_000450,"Deberán compensar sus emisiones totales anuales, directas e indirectas, aquellos proyectos o actividades nuevas y las modificaciones de los proyectos existentes, que en cualquiera de sus etapas generen un aumento sobre la situación base, en valores iguales o superiores a los que se presentan en la siguiente tabla:",regulative,training
341,CL_MMA_DEC_000001_STMT_000451,"Se entiende por situación base todas aquellas emisiones atmosféricas existentes en la Región Metropolitana, previo al ingreso del proyecto o actividad al Sistema de Evaluación de Impacto Ambiental.",constitutive,training
342,CL_MMA_DEC_000001_STMT_000452,No se podrán imputar a dicha situación base aquellas emisiones generadas con infracción a este Decreto o a la normativa ambiental vigente.,regulative,training
343,CL_MMA_DEC_000001_STMT_000454,"Primero, se deberá analizar el caso del MP2,5, considerando las emisiones equivalentes, es decir, la suma de las emisiones del contaminante más la emisión de SO2, NOx3 y/o NH ponderadas por los factores de conversión establecidos en el artículo 61 del presente Decreto.",regulative,training
344,CL_MMA_DEC_000001_STMT_000455,"Posteriormente, se deberá analizar el caso del MP10, considerando las emisiones equivalentes, es decir, la suma de las emisiones del contaminante más la emisión de SO2, NOx3 y/o NH ponderadas por los factores de conversión establecidos en el artículo 61 del presente Decreto.",regulative,training
345,CL_MMA_DEC_000001_STMT_000457,"En caso que se supere simultáneamente la emisión máxima de MP2,5 equivalente y de MP10 equivalente de la tabla VI-14, se deberá compensar la emisión máxima total de Material Particulado equivalente, tomando en cuenta los criterios indicados en el artículo 63 del presente decreto.",regulative,training
346,CL_MMA_DEC_000001_STMT_000458,"En caso que se supere la emisión máxima de MP2,5 equivalente, pero no se supere la emisión máxima de MP10 equivalente de la tabla VI-14, se deberá compensar la emisión máxima equivalente del primer contaminante, tomando en cuenta los criterios indicados en el artículo 63 del presente decreto.",regulative,training
347,CL_MMA_DEC_000001_STMT_000460,"En caso que no se superen las emisiones de MP2,5 equivalente ni la emisión máxima de MP10 equivalente de la tabla VI-14, se deberá analizar si la emisión de SO y NOx superan el límite indicado para cada uno en la tabla VI-14, compensando estas emisiones en caso que lo superen, conforme a los criterios indicados en el artículo 63 del presente decreto.",regulative,training
348,CL_MMA_DEC_000001_STMT_000462,"Se considerarán como emisiones directas, las que se emitirán dentro del predio o terreno donde se desarrolle la actividad, asociadas a la fase de construcción, operación o cierre.",constitutive,training
349,CL_MMA_DEC_000001_STMT_000463,"Se entenderá por emisiones indirectas las que se generan exclusivamente por la nueva actividad, como por ejemplo las asociadas al aumento del transporte u otras actividades directamente relacionadas a la generación de productos y/o servicios del nuevo proyecto.",constitutive,training
350,CL_MMA_DEC_000001_STMT_000464,En el caso de proyectos inmobiliarios también se considerarán como emisiones indirectas las asociadas al uso de calefacción domiciliaria.,constitutive,training
351,CL_MMA_DEC_000001_STMT_000465,"Para efectos de lo dispuesto en este artículo, los proyectos o actividades y las modificaciones de los proyectos existentes, que se sometan o deban someterse al Sistema de Evaluación de Impacto Ambiental, y que deban compensar sus emisiones, deberán presentar la estimación de sus emisiones de contaminantes a la atmósfera (al menos para MP, MP10, MP2,5, SO, NOx, CO y NH ), la metodología utilizada, la cantidad de emisiones a compensar por contaminante y un anexo con la memoria de cálculo al ingresar al SEIA.",constitutive,training
352,CL_MMA_DEC_000001_STMT_000466,"Estos proyectos o actividades, en el marco de la evaluación ambiental, deberán presentar un programa preliminar de compensación de emisiones, sin perjuicio que el programa de compensación definitivo deba ser presentado ante la SEREMI del Medio Ambiente.",constitutive,training
353,CL_MMA_DEC_000001_STMT_000467,La resolución de calificación ambiental respectiva solo podrá establecer la obligación de compensar emisiones y los montos por los que se deberá realizar.,regulative,training
354,CL_MMA_DEC_000001_STMT_000468,"Los proyectos evaluados que sean aprobados con exigencias de compensación de emisiones, sólo podrán dar inicio a la ejecución del proyecto o actividad al contar con la aprobación del respectivo Programa de Compensación de Emisiones.",regulative,training
355,CL_MMA_DEC_000001_STMT_000469,"La compensación de emisiones será para el o los contaminantes en los cuales se sobrepase el valor referido en la Tabla VI-14, de acuerdo a lo indicado precedente.",regulative,training
356,CL_MMA_DEC_000001_STMT_000470,"Sin embargo al definir las medidas de compensación, se podrán utilizar las conversiones para MP2,5 equivalente indicadas en la tabla VI-13 del artículo 61.",regulative,training
357,CL_MMA_DEC_000001_STMT_000474,"En el caso que un gran establecimiento existente proponga utilizar compensación de emisiones como mecanismo para alcanzar total o parcialmente la reducción exigida como gran establecimiento de la Región, éste deberá incorporar dentro de su programa de reducción de emisiones, su propuesta del Programa de Compensación respectivo.",regulative,training
358,CL_MMA_DEC_000001_STMT_000475,"Todos los titulares de establecimientos industriales o comerciales ubicados en la Región Metropolitana de Santiago, que utilicen más de 50 toneladas anuales de solventes por establecimiento, incluido el contenido de estos últimos en las tintas, pinturas, barnices, u otros similares, deberán declarar anualmente, mediante la ventanilla única contemplada en el D.S N°1, del 2013, del Ministerio del Medio Ambiente, antes del 1º de mayo de cada año, respecto de los datos del año anterior, sus emisiones de COV.",regulative,training
359,CL_MMA_DEC_000001_STMT_000476,"Dentro de los 24 meses siguientes a la entrada en vigencia del presente Decreto, el Ministerio del Medio Ambiente deberá desarrollar un estudio de emisiones de COV, con el objeto de mejorar la caracterización de estas emisiones para el sector industrial y/o comercial.",regulative,training
360,CL_MMA_DEC_000001_STMT_000484,"Los grupos electrógenos nuevos, que utilicen motores de combustión interna con encendido por compresión, deberán cumplir en los plazos señalados en cada caso, los límites máximos de emisión de monóxido de carbono (CO), hidrocarburos (HC), hidrocarburos no metánicos (HCNM), óxidos de nitrógeno (NOx) y material particulado (MP), según la norma que el fabricante, armador, importador o sus representantes soliciten al momento de la certificación referida en el inciso penúltimo del presente artículo, conforme se indica a continuación:",regulative,training
361,CL_MMA_DEC_000001_STMT_000486,"A contar del 1 de enero de 2024, los grupos electrógenos nuevos deberán cumplir con lo señalado en las siguientes tablas:",constitutive,training
362,CL_MMA_DEC_000001_STMT_000491,"Los titulares de grupos electrógenos de desplazamiento volumétrico por cilindro del motor mayor o igual a 30 litros, deberán acreditar, que el tipo o familia del grupo electrógeno nuevo cumple con lo exigido en las tablas VI-17 y VI-20, según corresponda, de acuerdo al método de medición en terreno descrito en el volumen 40 del Código de Regulaciones Federales (CFR) de la Agencia Ambiental de los Estados Unidos (US-EPA).",regulative,training
363,CL_MMA_DEC_000001_STMT_000492,"El protocolo para el desarrollo de esta medición será definido por la Superintendencia del Medio Ambiente, antes de 3 meses de entrar en vigencia la exigencia del límite de emisión respectivo.",regulative,training
364,CL_MMA_DEC_000001_STMT_000493,Los resultados de las mediciones deberán ser informados a la Superintendencia del Medio Ambiente antes de iniciar la operación del equipo.,regulative,training
365,CL_MMA_DEC_000001_STMT_000494,"Los grupos electrógenos nuevos y existentes de potencia neta del motor superior o igual a 50 kilowatts (kW) y que utilizan un combustible líquido, deberán efectuar las mantenciones al motor y todos sus componentes, con la frecuencia que se indican en la Tabla VI-21, con el fin de alcanzar un nivel óptimo de funcionamiento.",regulative,training
366,CL_MMA_DEC_000001_STMT_000495,"Asimismo, deberán presentar a la Superintendencia del Medio Ambiente un informe acerca de la mantención realizada al grupo electrógeno, que contenga nombre del propietario, modelo, año de fabricación, número de identificación, horas de funcionamiento mediante horómetro digital sellado e inviolable sin vuelta a cero, dirección del grupo electrógeno, horas que faltan para alcanzar la vida útil del grupo electrógeno según lo indicado por el fabricante, entre otros.",regulative,training
367,CL_MMA_DEC_000001_STMT_000496,"Los siguientes establecimientos, correspondientes a planteles, deberán cumplir con las medidas de reducción de NH que se indican:",regulative,training
368,CL_MMA_DEC_000001_STMT_000497,"Toda empresa productora de cerdos, que cuente con planteles en la Región Metropolitana de engorda, crianza, reproductoras, o bien del tipo destete-venta, deberá implementar medidas para reducir las emisiones de amoníaco en el plantel.",regulative,training
369,CL_MMA_DEC_000001_STMT_000498,"Dichas reducciones podrán realizarse en cualquiera de las etapas de la cadena de manejo (pabellón o alojamiento de los animales, sistema de tratamiento de purín, o en la disposición final a suelos), de acuerdo a la siguiente tabla de reducción:",regulative,training
370,CL_MMA_DEC_000001_STMT_000499,Se exceptúan de la medida los siguientes planteles de porcinos: - Aquellos que posean método de crianza de camas calientes y que por tanto se asocia a un sistema seco de manejo.,regulative,training
371,CL_MMA_DEC_000001_STMT_000504,"Para dar cumplimento a esta exigencia los titulares de planteles afectos deberán presentar ante la SEREMI del Medio Ambiente un plan de cumplimiento en un plazo de 12 meses contados desde la entrada en vigencia del presente decreto, en el que se incluirá una línea base de emisiones y una estimación de la reducción de emisiones, mediante una metodología que sea verificable por la Superintendencia del Medio Ambiente, entidad encargada de fiscalizar el cumplimiento de esta exigencia.",regulative,training
372,CL_MMA_DEC_000001_STMT_000509,"El proyecto que se presente al SEIA, puede presentar un sistema de limpieza adicional a los ya mencionados, siempre que demuestre que presenta resultados similares o mejores en términos de eficiencia para remoción de NH.",regulative,training
373,CL_MMA_DEC_000001_STMT_000510,"Aquellos planteles de porcinos que cuenten con una piscina de homogenización o pozo purinero, deberán implementar cubiertas que eviten el movimiento del aire sobre la superficie del purín, según se indica en la siguiente tabla:",regulative,training
374,CL_MMA_DEC_000001_STMT_000511,"Los planteles de aves de corral, deberán implementar acciones que permitan asegurar el buen manejo del guano de las aves al interior y exterior de los planteles, en el plazo que se indica en la siguiente tabla:",regulative,training
375,CL_MMA_DEC_000001_STMT_000513,"En planteles de aves de corral para producción de huevos, que no posean instalaciones de aves en piso, deberán realizar el retiro del guano del plantel en un plazo máximo de 30 días desde cada galpón o pabellón, después de terminado el ciclo de crianza o vida útil como productora de huevos (sin perjuicio que el productor programe una pre limpieza anticipada).",regulative,training
376,CL_MMA_DEC_000001_STMT_000514,"Una vez finalizada la operación del interior de los galpones, habrá un plazo de 15 días para completar el retiro total del guano que fue acumulado al exterior del galpón y dentro del perímetro del plantel.",regulative,training
377,CL_MMA_DEC_000001_STMT_000515,"En planteles de aves de corral para producción de huevos, que posean instalaciones de aves en piso, deberán realizar el retiro del guano del plantel en un plazo máximo de 30 días, después de terminado el ciclo de crianza o vida útil como productora de huevos (se exceptúa este plazo si considera la reutilización del guano).",regulative,training
378,CL_MMA_DEC_000001_STMT_000516,"Una vez finalizada la operación del interior de los galpones, habrá un plazo de 15 días para completar el retiro total del guano que fue acumulado al exterior del galpón y dentro del perímetro del plantel.",regulative,training
379,CL_MMA_DEC_000001_STMT_000517,"En planteles de aves de corral para la producción de carne, deberán realizar el retiro del guano del pabellón como máximo 15 días después de terminado el ciclo de crianza (se exceptúa este plazo si considera la reutilización del guano).",regulative,training
380,CL_MMA_DEC_000001_STMT_000518,"Una vez finalizada la operación del interior de los galpones, habrá un plazo de 15 días para completar el retiro total del guano que fue acumulado al exterior del galpón y dentro del perímetro del plantel.",regulative,training
381,CL_MMA_DEC_000001_STMT_000521,"Para efectos de la aplicación de las medidas de este Capítulo, la zona sujeta al Plan se divide en las siguientes áreas territoriales:",constitutive,training
382,CL_MMA_DEC_000001_STMT_000524,"A contar de la entrada en vigencia del presente Decreto, en la ZONA A se prohíbe el uso de calderas de calefacción de uso domiciliario (cuando su utilización es para una casa habitación de forma individual), calefactores y cocinas, que utilicen o puedan utilizar leña, carbón vegetal y otros derivados de la madera, para cualquier fin.",regulative,training
383,CL_MMA_DEC_000001_STMT_000525,"En estas 34 comunas sólo estará permitido el uso de artefactos a pellet de madera, que cumplan con el límite de emisión establecido en el artículo 83 del presente Decreto.",regulative,training
384,CL_MMA_DEC_000001_STMT_000527,"A contar de la entrada en vigencia del presente Decreto, en la Zona B se prohíbe el uso de calefactores nuevos que no cumplan con el límite de emisión establecido en el Artículo 83 del presente Decreto.",regulative,training
385,CL_MMA_DEC_000001_STMT_000529,"Desde la entrada en vigencia del presente Decreto, el Ministerio del Medio Ambiente, a través de monitoreo de calidad del aire para material particulado, fortalecerá el seguimiento de la calidad del aire en la ZONA B y analizará la pertinencia de una futura regulación en el uso de todos los calefactores y cocinas que utilicen o puedan utilizar leña, carbón vegetal y otros derivados de la madera, para las actualizaciones del Plan, para esta zona.",regulative,training
386,CL_MMA_DEC_000001_STMT_000530,"Desde la entrada en vigencia del presente Decreto, se prohíbe en la Región Metropolitana de Santiago el uso de salamandras, braseros, chimeneas de hogar abierto, calefactores hechizos u otros artefactos similares, que utilicen o puedan utilizar leña, carbón vegetal y otros derivados de la madera, para cualquier fin.",regulative,training
387,CL_MMA_DEC_000001_STMT_000532,"A contar de la entrada en vigencia del presente Decreto, se prohíbe en la Región Metropolitana de Santiago, el uso de calefactores que utilicen o puedan utilizar leña, carbón vegetal y otros derivados de la madera en las dependencias de los organismos de la Administración del Estado y municipales, y en las instalaciones públicas y privadas destinadas a otro fi distinto al residencial.",regulative,training
388,CL_MMA_DEC_000001_STMT_000533,También se prohibirá el uso de este tipo de calefactores en hoteles u otra clase de hospedajes.,regulative,training
389,CL_MMA_DEC_000001_STMT_000534,"Se eximen de cumplir con esta medida, el uso de calefactores que utilicen o puedan utilizar leña, carbón vegetal y otros derivados de la madera para fines científicos y para certificación de emisiones.",regulative,training
390,CL_MMA_DEC_000001_STMT_000537,"Desde la entrada en vigencia del presente Decreto, se prohíbe en la Región Metropolitana de Santiago, quemar todo tipo de residuos en los calefactores.",regulative,training
391,CL_MMA_DEC_000001_STMT_000539,"Desde la entrada en vigencia del presente Decreto, la SEREMI del Medio Ambiente apoyará a los Municipios de la zona sujeta al Plan en la elaboración de una Ordenanza que permita establecer medidas de control y fiscalización del uso de calefactores a leña, pellet de madera y otros derivados de la madera conforme a lo dispuesto en el presente Decreto.",regulative,training
392,CL_MMA_DEC_000001_STMT_000540,"Asimismo, la SEREMI del Medio Ambiente deberá coordinar con los Municipios que hayan elaborado o que hayan avanzado en la elaboración de la Ordenanza en base a lo estipulado en el D.S. N°66, de 2009, de MINSEGPRES, la actualización de sus instrumentos en base a las estipulaciones del presente decreto supremo.",regulative,training
393,CL_MMA_DEC_000001_STMT_000541,"En un plazo de 24 meses desde la entrada en vigencia del presente Decreto, el Ministerio del Medio Ambiente levantará un catastro de parrillas, hornos de barro y carros ambulantes para uso comercial que utilicen leña, carbón vegetal y otros derivados de la madera en la zona sujeta al Plan, con el fin de determinar el aporte de éstos a la emisiones de la zona sujeta al Plan, y con ello evaluar su prohibición de uso.",regulative,training
394,CL_MMA_DEC_000001_STMT_000542,"A través de la compensación de emisiones referida en el Artículo 63, se fomentará el retiro, recambio y chatarrización de calefactores y cocinas que utilicen o puedan utilizar leña, carbón vegetal y otros derivados de la madera.",regulative,training
395,CL_MMA_DEC_000001_STMT_000543,"Desde de la entrada en vigencia del presente Decreto, solo se permitirá la comercialización de calefactores nuevos a leña y pellet de madera, que posean emisiones de material particulado, según las siguientes especificaciones:",regulative,training
396,CL_MMA_DEC_000001_STMT_000544,"Estos calefactores deberán certificarse conforme a la metodología de la norma de emisión de material particulado para los artefactos que combustionen o puedan combustionar leña y pellet de madera, contenida en el D.S. N°39, de 2011, del Ministerio del Medio Ambiente, y sus modificaciones, y de acuerdo a los valores establecidos en la Tabla VII-1 de este artículo.",regulative,training
397,CL_MMA_DEC_000001_STMT_000545,"Se exceptúan de cumplir con estos límites de emisión aquellos calefactores certificados de acuerdo al D.S. N°39, de 2011, del Ministerio del Medio Ambiente, y sus modificaciones, que estén destinados para su comercialización en otras ciudades del país, cuyo almacenamiento y/o distribución se encuentre centralizada en la Región Metropolitana de Santiago.",regulative,training
398,CL_MMA_DEC_000001_STMT_000546,"El control, fiscalización y sanción en caso de incumplimiento, corresponderá a la Superintendencia de Electricidad y Combustibles conforme a sus atribuciones legales.",regulative,training
399,CL_MMA_DEC_000001_STMT_000547,"En un plazo de 1 mes desde la entrada en vigencia del presente Decreto, el Ministerio del Medio Ambiente propondrá el rediseño de la placa que actualmente implementa la Superintendencia de Electricidad y Combustibles a los calefactores a leña y pellet de madera en la Región Metropolitana de Santiago, según las disposiciones contenidas en el presente Decreto.",regulative,training
400,CL_MMA_DEC_000001_STMT_000548,"Desde la entrada en vigencia del presente Decreto la Superintendencia de Electricidad y Combustibles dará a conocer a la comunidad a través de su página Web el listado de calefactores a leña y pellet de madera que cumplan con la norma de emisión establecida en el Artículo 83 del presente Decreto, que pueden ser comercializados para su uso en la Región Metropolitana de Santiago.",regulative,training
401,CL_MMA_DEC_000001_STMT_000549,"En base a dicha información, el Ministerio del Medio Ambiente, actualizará, dentro de cada año calendario, en su sitio web información para los consumidores acerca de las restricciones de uso de calefactores que los afectan, de conformidad a lo establecido en el presente Decreto.",regulative,training
402,CL_MMA_DEC_000001_STMT_000550,"Desde la entrada en vigencia del presente Decreto, toda la leña que sea comercializada en la zona sujeta al Plan deberá cumplir los requerimientos técnicos de la Norma NCh2907, de acuerdo a la especificación de ""leña seca""",regulative,training
403,CL_MMA_DEC_000001_STMT_000552,Para la fiscalización de la comercialización de leña se utilizará la metodología establecida en la Norma NCh2965.,constitutive,training
404,CL_MMA_DEC_000001_STMT_000553,La SEREMI del Medio Ambiente apoyará a los Municipios de la zona sujeta al Plan en la elaboración de una ordenanza que permita regular y fiscalizar el comercio y la calidad de la leña.,regulative,training
405,CL_MMA_DEC_000001_STMT_000554,Esto sin perjuicio de las atribuciones legales de fiscalización de la SEREMI de Salud RM y de la Superintendencia del Medio Ambiente.,regulative,training
406,CL_MMA_DEC_000001_STMT_000555,"Los comerciantes de leña deberán contar con un xilohigrómetro que permita verificar el cumplimiento de lo dispuesto en el artículo precedente, para ser utilizado a requerimiento del cliente, el que deberá contar con electrodos que permitan medir a una profundidad de al menos 20 mm para asegurar que se establezca el contenido de humedad interior de la leña.",regulative,training
407,CL_MMA_DEC_000001_STMT_000556,"Asimismo los comerciantes de leña deberán informar al público, en un lugar visible de sus locales, las restricciones de uso de leña que rigen en la zona sujeta al Plan, de conformidad a lo dispuesto en el presente Decreto.",regulative,training
408,CL_MMA_DEC_000001_STMT_000557,"Para la aplicación de subsidios en el marco de los programas habitacionales financiados por el Ministerio de Vivienda y Urbanismo, se aplicarán los estándares técnicos para el acondicionamiento térmico de viviendas indicados en el artículo 4.1.10 del D.S. N° 47, de 1992, del Ministerio de Vivienda y Urbanismo, que Fija Nuevo Texto de la Ordenanza General de Urbanismo y Construcciones.",regulative,training
409,CL_MMA_DEC_000001_STMT_000558,"El Ministerio de Vivienda y Urbanismo evaluará anualmente la entrega de subsidios especiales para el acondicionamiento térmico de viviendas que utilicen leña para calefacción, que cuenten con recepción definitiva por la Dirección de Obras Municipales y aplicarán los estándares técnicos para dicho acondicionamiento.",regulative,training
410,CL_MMA_DEC_000001_STMT_000559,"La entrega de los subsidios se realizará en las comunas de Zona B, y se implementará según la disponibilidad presupuestaria.",regulative,training
411,CL_MMA_DEC_000001_STMT_000560,"En el plazo de 12 meses a contar de la entrada en vigencia del presente Decreto, el Ministerio del Medio Ambiente encargará un estudio para el diseño de viviendas de baja demanda térmica en la Región Metropolitana de Santiago.",regulative,training
412,CL_MMA_DEC_000001_STMT_000561,"Una vez que los resultados del estudio estén disponibles y previa evaluación integral de dichos resultados, el Servicio de Vivienda y Urbanización de la Región Metropolitana de Santiago, podrá aplicar los resultados del estudio para la construcción de viviendas sociales de baja o nula demanda térmica, según disponibilidad presupuestaria.",regulative,training
413,CL_MMA_DEC_000001_STMT_000563,"Desde la entrada en vigencia del presente Decreto, el Ministerio del Medio Ambiente con el apoyo de la SEREMI de Energía RM, fomentará los proyectos y/o estudios de inversión públicos y privados en la zona sujeta al Plan, orientados a la generación de energía sustentable para calefacción, ya sea mediante el uso de Energías Renovables No Convencionales (ERNC), cogeneración o sistemas de calefacción distritales, entre otros.",regulative,training
414,CL_MMA_DEC_000001_STMT_000564,"Una vez que los resultados de los proyectos y/o estudios referidos estén disponibles, y previa evaluación integral de éstos, el Ministerio de Vivienda y Urbanismo, podrá aplicar estos resultados en los programas de vivienda.",regulative,training
415,CL_MMA_DEC_000001_STMT_000565,"En un plazo de 36 meses desde la entrada en vigencia del presente Decreto, el Ministerio del Medio Ambiente en conjunto con el Ministerio de Energía y la Superintendencia de Electricidad y Combustibles elaborarán un informe de pre-factibilidad sobre la creación de un sistema de certificación de emisiones y/o etiquetado de emisiones y eficiencia energética para equipos de calefacción que utilicen gas o kerosene.",regulative,training
416,CL_MMA_DEC_000001_STMT_000568,"Asimismo, buscarán otros canales que permitan ir mejorando las especificaciones técnicas de los artefactos que se vendan en el mercado, dando prioridad a aquellos que sean más eficientes y menos contaminantes.",regulative,training
417,CL_MMA_DEC_000001_STMT_000569,"Dentro del plazo de 36 meses desde la entrada en vigencia del presente Plan, el Ministerio del Medio Ambiente en conjunto con el Ministerio de Energía, evaluarán diferentes mecanismos para incentivar el uso de energéticos y tecnologías que generen el menor impacto en la salud de los habitantes de la zona sujeta al Plan a escala residencial y comercial.",regulative,training
418,CL_MMA_DEC_000001_STMT_000570,Este programa se desarrollará sobre la base de cooperación público-privada con las empresas del rubro y podrá considerar lo siguiente:,constitutive,training
419,CL_MMA_DEC_000001_STMT_000574,"Se prohíbe el uso del fuego para la quema de rastrojos, y de cualquier tipo de vegetación viva o muerta, en los terrenos agrícolas, ganaderos o de aptitud preferentemente forestal en la Región Metropolitana de Santiago, de acuerdo al siguiente cronograma:",regulative,training
420,CL_MMA_DEC_000001_STMT_000575,"La fiscalización de esta medida corresponderá al Servicio Agrícola y Ganadero (SAG), y a la Corporación Nacional Forestal (CONAF), en el ámbito de sus competencias.",regulative,training
421,CL_MMA_DEC_000001_STMT_000576,"Sin perjuicio de lo anterior, la CONAF podrá excepcionalmente mediante resolución fundada, autorizar quemas en cualquier época del año, sólo en caso de emergencia por motivo de seguridad fitosanitaria y para el manejo de combustible vegetal con el objetivo de prevenir incendios forestales.",regulative,training
422,CL_MMA_DEC_000001_STMT_000577,"A contar de la entrada en vigencia del presente Decreto, el SAG en coordinación con la CONAF, elaborarán un plan de difusión que deberán implementar en un plazo de 12 meses, a través de charlas y entrega de material, sobre las prohibiciones relativas al uso del fuego que establece el presente Decreto.",regulative,training
423,CL_MMA_DEC_000001_STMT_000578,"En el plazo de 18 meses de la entrada en vigencia del presente Decreto, el Ministerio de Agricultura diseñará un programa de minimización de las quemas agrícolas en la Región Metropolitana de Santiago, generando alternativas a dicha práctica, el que deberá orientarse a:",regulative,training
424,CL_MMA_DEC_000001_STMT_000583,"Para ello, se priorizarán los siguientes tipos de programas:",regulative,training
425,CL_MMA_DEC_000001_STMT_000584,Programa para la gestión de áreas verdes.,non_institutional,training
426,CL_MMA_DEC_000001_STMT_000585,"Se procurará la habilitación prioritaria de áreas verdes y espacios públicos en aquellas comunas más deficitarias en este tipo de áreas y espacios, según las definiciones señaladas en el Artículo 1.1.2 del D.S. N°47, de 1992, del Ministerio de Vivienda y Urbanismo, que Fija Nuevo Texto de la Ordenanza General de Urbanismo y Construcciones.",regulative,training
427,CL_MMA_DEC_000001_STMT_000586,"Se entenderá por ""comunas más deficitarias"" aquellas comunas emplazadas en la Región Metropolitana de Santiago y que sean definidas como tales por la SEREMI de Vivienda y Urbanismo RM.",constitutive,training
428,CL_MMA_DEC_000001_STMT_000587,Programa para la gestión de masas de vegetación que rodean la Cuenca de Santiago.,non_institutional,training
429,CL_MMA_DEC_000001_STMT_000588,"Con la finalidad de favorecer la circulación de vientos en la cuenca de Santiago, se promoverá la mantención y reforestación de las masas de vegetación que rodean la cuenca de Santiago, y de los corredores verdes, los que adicionalmente contribuirán a la conectividad ecológica entre los diferentes ecosistemas presentes en la región.",regulative,training
430,CL_MMA_DEC_000001_STMT_000590,"Se entenderá por ""corredores verdes"" el cordón de vegetación continuo que ayuda a restablecer la estabilidad dinámica de los ecosistemas naturales, asegurando la conservación de los componentes y servicios ambientales entre las masas de vegetación que rodean la cuenca de Santiago.",constitutive,training
431,CL_MMA_DEC_000001_STMT_000591,"La SEREMI del Medio Ambiente apoyará el aumento de áreas verdes mediante la exigencia de compensación de emisiones por emisiones de material particulado según lo estipulado en el Artículo 63, mediante mantención y generación de áreas verdes y masas de vegetación.",regulative,training
432,CL_MMA_DEC_000001_STMT_000593,"El Gobierno Regional Metropolitano de Santiago gestionará la obtención de recursos para la continuidad del Plan de Aspirado y Lavado de Calles, ampliando su cobertura y utilizando tecnología certificada para la recolección de polvo.",regulative,training
433,CL_MMA_DEC_000001_STMT_000594,El Gobierno Regional Metropolitano de Santiago gestionará la realización de estudios de factibilidad técnica y económica para la elaboración y ejecución de un programa de estabilización de bermas y bandejones de tierra en la Región Metropolitana de Santiago.,regulative,training
434,CL_MMA_DEC_000001_STMT_000595,"Dentro del plazo de vigencia del presente Decreto, el Gobierno Regional de la Región Metropolitana de Santiago, en coordinación con el Ministerio de Vivienda y Urbanismo, el Ministerio de Obras Públicas, el Ministerio de Transportes y Telecomunicaciones, y otras instituciones con atribuciones para la construcción de infraestructura pública, deberá coordinar y gestionar la asignación de recursos para la construcción de 300 kilómetros de ciclorutas y 3.000 biciestacionamientos públicos, en el marco del Plan Maestro de Ciclovías del Gran Santiago14.",regulative,training
435,CL_MMA_DEC_000001_STMT_000596,"Con el fin de garantizar un estándar de construcción adecuado en la infraestructura de ciclorutas y biciestacionamientos descritas en el artículo precedente, el Ministerio de Vivienda y Urbanismo, el Ministerio de Obras Públicas y las demás instituciones con atribuciones en la construcción de infraestructura, deberán utilizar como referencia los siguientes documentos del Ministerio de Vivienda y Urbanismo:",regulative,training
436,CL_MMA_DEC_000001_STMT_000597,"------------------------------------- 13 Aprobada mediante acuerdo N° 215-14, de la Sesión Ordinaria N° 22, de 15 de octubre de 2014, del Consejo Regional Metropolitano de Santiago.",non_institutional,training
437,CL_MMA_DEC_000001_STMT_000598,"14 Incluido en el Plan Maestro de Transporte 2025, de la Subsecretaría de Transportes del Ministerio de Transportes y Telecomunicaciones.",non_institutional,training
438,CL_MMA_DEC_000001_STMT_000599,Este Plan se encuentra disponible en el siguiente link,non_institutional,training
439,CL_MMA_DEC_000001_STMT_000600,Manual de vialidad ciclo-inclusiva.15 - Manual de construcción de ciclovías16.,non_institutional,training
440,CL_MMA_DEC_000001_STMT_000601,Manual de biciestacionamientos en el espacio público17.,non_institutional,training
441,CL_MMA_DEC_000001_STMT_000602,"El Ministerio de Transportes y Telecomunicaciones propondrá, en un plazo de 12 meses desde la entrada en vigencia del presente Decreto, un Plan de Desarrollo Intermodal para la Región Metropolitana de Santiago, cuyo objetivo principal será mejorar la integración modal y la experiencia de transbordos en el sistema, con nueva infraestructura especializada, así como asegurar el acceso a los sistemas de transporte público.",regulative,training
442,CL_MMA_DEC_000001_STMT_000603,"El Ministerio de Transportes y Telecomunicaciones, de acuerdo a sus competencias, coordinará y gestionará la construcción de 60 kilómetros de pistas solo bus, localizadas en la zona de cobertura de Transantiago.",regulative,training
443,CL_MMA_DEC_000001_STMT_000607,"Dentro del plazo de 12 meses desde la entrada en vigencia del presente Plan, el Ministerio del Medio Ambiente, junto con la Intendencia Regional Metropolitana, Ministerios y Servicios competentes, elaborarán un plan de trabajo con el objetivo de iniciar el diseño, desarrollo e implementación de programas relativos a la Prevención y Descontaminación Atmosférica de Santiago, además, se propondrán acciones que puedan desarrollar organismos de la sociedad civil.",regulative,training
444,CL_MMA_DEC_000001_STMT_000608,"En el marco de la educación formal, la SEREMI del Medio Ambiente en conjunto con la SEREMI de Educación RM, diseñará y coordinará la implementación de los siguientes programas y acciones:",regulative,training
445,CL_MMA_DEC_000001_STMT_000611,"El objetivo estará orientado a educar respecto de los impactos en salud, conductas preventivas y acciones concretas para mitigar el impacto de nuestras conductas ciudadanas en la contaminación atmosférica.",regulative,training
446,CL_MMA_DEC_000001_STMT_000614,"Implementación de un plan de capacitación para funcionarios municipales, en la creación, gestión, promoción y aplicación de instrumentos de Gestión Ambiental Local, con énfasis en la implementación de medidas establecidas en el presente Plan de Prevención y Descontaminación Atmosférica.",regulative,training
447,CL_MMA_DEC_000001_STMT_000615,"Implementación de un programa de capacitación y concientización anual en materias de calidad del aire y descontaminación atmosférica, dirigido a miembros de organizaciones de interés público, fortaleciendo la Gestión Ambiental Local.",constitutive,training
448,CL_MMA_DEC_000001_STMT_000616,---------------------------------------- 15-16 Disponibles en el sitio web del Ministerio de Vivienda y Urbanismo.,non_institutional,training
449,CL_MMA_DEC_000001_STMT_000617,17 Disponible en el sitio web del Ministerio de Vivienda y Urbanismo,non_institutional,training
450,CL_MMA_DEC_000001_STMT_000618,"Realización de jornadas de diálogos de educación ambiental, tendientes a dar a conocer experiencias y resultados de la incorporación de la dimensión ambiental en establecimientos educacionales, Municipalidades y ciudadanía.",regulative,training
451,CL_MMA_DEC_000001_STMT_000619,"En el marco de la Educación Informal, la SEREMI del Medio Ambiente coordinará con actores públicos, privados y sociedad civil, el desarrollo de las siguientes estrategias y acciones:",regulative,training
452,CL_MMA_DEC_000001_STMT_000620,"Plan de difusión anual, que definirá actividades en medios de comunicación, redes sociales y campañas informativas en materia de descontaminación atmosférica.",regulative,training
453,CL_MMA_DEC_000001_STMT_000621,"Promover la incorporación de contenidos y/o información referidos a temáticas de calidad del aire y descontaminación atmosférica, en las páginas web de las diversas instituciones públicas de la Región Metropolitana de Santiago.",regulative,training
454,CL_MMA_DEC_000001_STMT_000622,"Cada 24 meses, a partir de la entrada en vigencia del presente Decreto, se realizará un levantamiento de información de los Municipios de la Región Metropolitana de Santiago, coordinado por la SEREMI del Medio Ambiente, en la cual se identifique las acciones y estado de la gestión ambiental local, en materias asociadas a la descontaminación atmosférica.",regulative,training
455,CL_MMA_DEC_000001_STMT_000623,"El Ministerio de Energía, dentro de los 36 meses desde la entrada en vigencia del presente Plan, implementará el Programa Integral en Educación Energética para promover buenas prácticas en el uso de la energía, que impacten positivamente en los temas de descontaminación atmosférica, el que se aplicará en establecimientos educacionales de la Región Metropolitana de Santiago.",regulative,training
456,CL_MMA_DEC_000001_STMT_000624,"A través del Programa de Calefacción Sustentable del Ministerio del Medio Ambiente se informará a los consumidores los niveles de emisiones de distintos equipos de calefacción residencial, para sensibilizar a la ciudadanía respecto de las condiciones de combustión dentro del hogar, las emisiones asociadas y su impacto en salud.",regulative,training
457,CL_MMA_DEC_000001_STMT_000625,"Dentro de los 12 meses siguientes a la entrada en vigencia del presente Decreto, la SEREMI del Medio Ambiente en coordinación con la SEREMI de Energía RM y la SEREMI de Vivienda y Urbanismo RM, diseñarán e implementarán una campaña comunicacional en materias de calefacción residencial en coherencia con los objetivos del presente Decreto, sujeto a disponibilidad presupuestaria de fondos regionales y/o sectoriales.",regulative,training
458,CL_MMA_DEC_000001_STMT_000626,"La SEREMI del Medio Ambiente con el apoyo de la Intendencia Regional coordinará un Plan Operacional de Gestión de Episodios Críticos (GEC), cuyo objetivo es enfrentar los episodios críticos de contaminación atmosférica por MP2,5 y MP10 que se presenten en la zona sujeta al Plan.",regulative,training
459,CL_MMA_DEC_000001_STMT_000628,El Plan Operacional de GEC se estructurará a partir de las siguientes componentes:,constitutive,training
460,CL_MMA_DEC_000001_STMT_000630,"Sistema de pronóstico, que corresponde a la metodología de pronóstico de los niveles de calidad del aire en la Región Metropolitana de Santiago, aprobada por el Ministerio del Medio Ambiente.",constitutive,training
461,CL_MMA_DEC_000001_STMT_000631,"Medidas permanentes y de episodios críticos, que corresponde al conjunto de medidas aplicables durante el período de la GEC.",constitutive,training
462,CL_MMA_DEC_000001_STMT_000632,"Plan comunicacional, cuya finalidad es informar oportuna y debidamente a la comunidad respecto del Plan Operacional de GEC, para lograr un adecuado nivel de acatamiento de las medidas de restricción y promover conductas tendientes a reducir los niveles de exposición.",constitutive,training
463,CL_MMA_DEC_000001_STMT_000633,"Programa de fiscalización, entendido como el conjunto de acciones orientadas a la adecuada implementación de las medidas del Plan Operacional de GEC, coordinado por la Superintendencia del Medio Ambiente y la colaboración del Intendente, la SEREMI del Medio Ambiente y los órganos de la Administración del Estado competentes.",regulative,training
464,CL_MMA_DEC_000001_STMT_000634,"El programa de fiscalización comprende un reporte semanal de los resultados de la fiscalización de las medidas aplicadas durante todo el transcurso del período de GEC, y un consolidado al final de cada periodo, para cuya elaboración los servicios competentes enviarán a la Superintendencia del Medio Ambiente la información correspondiente.",constitutive,training
465,CL_MMA_DEC_000001_STMT_000635,"Durante el período de Gestión de Episodios Críticos por MP10 y MP2,5, se aplicarán las siguientes medidas permanentes:",regulative,training
466,CL_MMA_DEC_000001_STMT_000637,"El Ministerio de Transportes y Telecomunicaciones, a través de la SEREMI de Transportes y Telecomunicaciones RM, diseñará, dispondrá e implementará, de acuerdo a sus competencias, un Plan de Gestión de Tránsito que considere las medidas tendientes a agilizar los viajes y compensar los eventuales efectos de la reducción de la oferta de transporte, producto de la restricción vehicular, durante el período de GEC.",regulative,training
467,CL_MMA_DEC_000001_STMT_000639,"El Plan de Gestión de Tránsito podrá establecer, entre otras medidas, la prohibición de estacionamiento, sentidos y horarios exclusivos para el uso de vías por el transporte público.",regulative,training
468,CL_MMA_DEC_000001_STMT_000641,"El detalle de las medidas consideradas en este plan deberá ser informado a la SEREMI del Medio Ambiente y al Intendente Regional, en el mes de abril de cada año.",regulative,training
469,CL_MMA_DEC_000001_STMT_000644,"El Ministerio de Transportes y Telecomunicaciones, a través de la SEREMI de Transportes y Telecomunicaciones RM, deberá definir las fechas, los horarios, zonas, perímetros especiales y excepciones a la aplicación de esta medida.",regulative,training
470,CL_MMA_DEC_000001_STMT_000646,"El Ministerio de Agricultura, a través de la CONAF deberá intensificar la fiscalización del DS Nº 100, de 1990, del Ministerio de Agricultura y sus modificaciones, el cual establece la prohibición de realizar quemas agrícolas en toda la Región Metropolitana de Santiago.",regulative,training
471,CL_MMA_DEC_000001_STMT_000647,"d Fiscalización del cumplimiento del DS Nº 18, de 2001, del Ministerio de Transportes y Telecomunicaciones.",non_institutional,training
472,CL_MMA_DEC_000001_STMT_000648,"El Ministerio de Transportes y Telecomunicaciones deberá intensificar la fiscalización del D.S. Nº 18, de 2001, del Ministerio de Transportes y Telecomunicaciones y sus modificaciones, el cual establece la prohibición de circulación de vehículos de carga según antigüedad al interior del anillo Américo Vespucio.",regulative,training
473,CL_MMA_DEC_000001_STMT_000649,e Control de Humos Visibles.,non_institutional,training
474,CL_MMA_DEC_000001_STMT_000650,"En las viviendas ubicadas fuera de la provincia de Santiago y de las comunas de Puente Alto y San Bernardo, sólo se permitirán humos visibles, provenientes de la operación de artefactos de calefacción, durante un tiempo máximo de 15 minutos continuos, según metodología que establezca la SEREMI de Salud RM.",regulative,training
475,CL_MMA_DEC_000001_STMT_000651,"Esta disposición se aplicará durante todo el día, entre 1 de mayo al 31 de agosto de cada año.",regulative,training
476,CL_MMA_DEC_000001_STMT_000652,"Desde el 1 de mayo al 31 de agosto de cada año, en situaciones de Alerta o Nivel 1, previstas en el DS Nº 59, de 1998, de MINSEGPRES y sus modificaciones, y en el DS Nº 12, de 2011, del Ministerio del Medio Ambiente y sus modificaciones, se aplicarán las siguientes medidas:",constitutive,training
477,CL_MMA_DEC_000001_STMT_000653,a Restricción vehicular.,non_institutional,training
478,CL_MMA_DEC_000001_STMT_000654,"El Ministerio de Transportes y Telecomunicaciones, conforme a sus atribuciones, dispondrá la medida de restricción vehicular en las mismas condiciones que las indicadas en la Tabla XII-1 anterior.",regulative,training
479,CL_MMA_DEC_000001_STMT_000655,"El Ministerio de Transportes y Telecomunicaciones, a través de la SEREMI de Transportes y Telecomunicaciones RM, deberá definir las fechas, los horarios, zonas, perímetros especiales y excepciones a la aplicación de esta medida.",regulative,training
480,CL_MMA_DEC_000001_STMT_000656,b Prohibición de funcionamiento de todo tipo de artefactos de calefacción residencial que utilicen leña y otros derivados de la madera.,non_institutional,training
481,CL_MMA_DEC_000001_STMT_000657,"No podrán funcionar los calefactores de uso residencial que utilicen combustibles sólidos, tales como leña, y otros derivados de la madera, excepto calefactores a pellet de madera, en toda la Región Metropolitana de Santiago.",regulative,training
482,CL_MMA_DEC_000001_STMT_000660,"La SEREMI de Educación RM, podrá recomendar modificar la actividad física, abordando objetivos de aprendizaje que impliquen menor desplazamiento, idealmente realizándolas bajo techo.",regulative,training
483,CL_MMA_DEC_000001_STMT_000661,"La medida que adopte dicha SEREMI, no implicará pérdida de la subvención escolar.",regulative,training
484,CL_MMA_DEC_000001_STMT_000663,d Intensificación de la fiscalización.,non_institutional,training
485,CL_MMA_DEC_000001_STMT_000664,Los organismos competentes intensifi rán con los medios disponibles las actividades de fiscalización que habitualmente realizan durante el período de GEC.,regulative,training
486,CL_MMA_DEC_000001_STMT_000665,e Reforzamiento del Programa de Aspirado y Lavado de Calles.,non_institutional,training
487,CL_MMA_DEC_000001_STMT_000666,"El Gobierno Regional de la Región Metropolitana de Santiago reforzará el programa de aspirado y lavado de calles establecido en el Artículo 102 del presente Decreto, especialmente, en aquellas comunas donde se prevé un empeoramiento de la calidad del aire.",regulative,training
488,CL_MMA_DEC_000001_STMT_000667,"Desde el 1 de mayo al 31 de agosto de cada año, en situaciones de Preemergencia o Nivel 2, previstas en el DS N° 59, de 1998, de MINSEGPRES, y sus modifi aciones y en el DS Nº 12, de 2011, del Ministerio del Medio Ambiente y sus modifinse aplicarán las siguientes medidas:",constitutive,training
489,CL_MMA_DEC_000001_STMT_000668,a Restricción vehicular.,non_institutional,training
490,CL_MMA_DEC_000001_STMT_000669,"El Ministerio de Transportes y Telecomunicaciones, conforme a sus atribuciones, dispondrá las medidas de restricción vehicular, que se describen a continuación:",regulative,training
491,CL_MMA_DEC_000001_STMT_000670,(*)Motocicletas y similares anteriores al año 2002,non_institutional,training
492,CL_MMA_DEC_000001_STMT_000672,b Paralización fuentes estacionarias.,non_institutional,training
493,CL_MMA_DEC_000001_STMT_000673,"Deberán paralizar aquellos establecimientos que no cumplan con sus nuevas metas anuales de emisión presentadas en sus respectivos planes de reducción de material particulado, de acuerdo a lo indicado en el artículo 58.",regulative,training
494,CL_MMA_DEC_000001_STMT_000674,"En el intertanto, se ordenará la paralización de las fuentes estacionarias según lo establecido en:",regulative,training
495,CL_MMA_DEC_000001_STMT_000675,"El artículo 135, letra b), del decreto supremo N° 66, de 2009, de MINSEGPRES, en los casos de episodios decretados por MP10.",regulative,training
496,CL_MMA_DEC_000001_STMT_000679,"No podrán funcionar los calefactores de uso residencial que utilicen combustibles sólidos, tales como leña, pellet de madera y otros derivados de la madera, en toda la Región Metropolitana de Santiago.",regulative,training
497,CL_MMA_DEC_000001_STMT_000681,d Clases de educación física y actividades deportivas.,non_institutional,training
498,CL_MMA_DEC_000001_STMT_000682,"La SEREMI de Educación RM, podrá recomendar modificar la actividad física, abordando objetivos de aprendizaje que impliquen menor desplazamiento, idealmente realizándolas bajo techo.",regulative,training
499,CL_MMA_DEC_000001_STMT_000683,"La medida que adopte dicha SEREMI, no implicará pérdida de la subvención escolar.",regulative,training
500,CL_MMA_DEC_000001_STMT_000685,e Intensificación de la fiscalización.,non_institutional,training
501,CL_MMA_DEC_000001_STMT_000686,Los organismos competentes intensifi rán con los medios disponibles las actividades de fiscalización que habitualmente realizan durante el período de GEC.,regulative,training
502,CL_MMA_DEC_000001_STMT_000688,"El Gobierno Regional de la Región Metropolitana de Santiago reforzará el programa de aspirado y lavado de calles, establecido en el Artículo 102 del presente Decreto, especialmente, en aquellas comunas donde se prevé un empeoramiento de la calidad del aire.",regulative,training
503,CL_MMA_DEC_000001_STMT_000689,"Desde el 1 de mayo al 31 de agosto de cada año, en situaciones de Emergencia, o Nivel 3, previstas en el DS N° 59, de 1998, de MINSEGPRES y sus modificaciones, y en el DS Nº 12, de 2011, del Ministerio del Medio Ambiente y sus modificaciones, se aplicarán las siguientes medidas:",constitutive,training
504,CL_MMA_DEC_000001_STMT_000690,a Restricción vehicular.,non_institutional,training
505,CL_MMA_DEC_000001_STMT_000691,"El Ministerio de Transportes y Telecomunicaciones, conforme a sus atribuciones, dispondrá las medidas de restricción vehicular, que se describen a continuación:",regulative,training
506,CL_MMA_DEC_000001_STMT_000692,b Paralización fuentes estacionarias.,non_institutional,training
507,CL_MMA_DEC_000001_STMT_000693,"Deberán paralizar aquellos establecimientos que no cumplan con sus nuevas metas anuales de emisión presentadas en sus respectivos planes de reducción de material particulado, de acuerdo a lo indicado en el artículo 58.",regulative,training
508,CL_MMA_DEC_000001_STMT_000694,"En el intertanto, se ordenará la paralización de las fuentes estacionarias según lo establecido en:",regulative,training
509,CL_MMA_DEC_000001_STMT_000695,"El artículo 136, letra b), del decreto supremo N° 66, de 2009, de",regulative,training
510,CL_MMA_DEC_000001_STMT_000697,"El acto administrativo que conforme a sus atribuciones legales la Autoridad Sanitaria dicte y publique en el Diario Oficial, en los casos de episodios decretados por MP2,5.",regulative,training
511,CL_MMA_DEC_000001_STMT_000699,"No podrán funcionar los calefactores de uso residencial que utilicen combustibles sólidos, tales como leña, pellet de madera y otros derivados de la madera, en toda la Región Metropolitana de Santiago.",regulative,training
512,CL_MMA_DEC_000001_STMT_000700,"La fiscalización de esta medida y sanción en caso de incumplimiento, corresponderá a la Secretaría Regional Ministerial de Salud, conforme a sus atribuciones.",regulative,training
513,CL_MMA_DEC_000001_STMT_000701,d Clases de educación física y actividades deportivas.,non_institutional,training
514,CL_MMA_DEC_000001_STMT_000702,"La SEREMI de Educación RM, podrá recomendar modificar la actividad física, abordando objetivos de aprendizaje que impliquen menor desplazamiento, idealmente realizándolas bajo techo.",regulative,training
515,CL_MMA_DEC_000001_STMT_000703,"La medida que adopte dicha SEREMI, no implicará pérdida de la subvención escolar.",regulative,training
516,CL_MMA_DEC_000001_STMT_000705,e Intensificación de la fiscalización.,non_institutional,training
517,CL_MMA_DEC_000001_STMT_000706,Los organismos competentes intensifi rán con los medios disponibles las actividades de fiscalización que habitualmente realizan durante el período de GEC.,regulative,training
518,CL_MMA_DEC_000001_STMT_000708,"El Gobierno Regional Metropolitano reforzará el Programa de Aspirado y Lavado de Calles, establecido en el Artículo 102 del presente Decreto, especialmente, en aquellas comunas donde se prevé un empeoramiento de la calidad del aire.",regulative,training
519,CL_MMA_DEC_000001_STMT_000709,"El procedimiento para la declaración de episodios críticos (Alerta, Preemergencia y Emergencia), será el siguiente:",constitutive,training
520,CL_MMA_DEC_000001_STMT_000710,"La SEREMI del Medio Ambiente informará diariamente al Intendente Regional, acerca del pronóstico de la calidad del aire y la evolución de las condiciones de ventilación de la cuenca, así como los resultados del sistema de pronóstico de calidad del aire, durante la vigencia del Plan Operacional de GEC.",regulative,training
521,CL_MMA_DEC_000001_STMT_000711,"El Intendente declarará la condición de episodio crítico, cuando corresponda, a través de una resolución, que será comunicada oportunamente a los servicios competentes.",regulative,training
522,CL_MMA_DEC_000001_STMT_000712,"Asimismo, la Intendencia hará públicas las medidas de prevención y/o mitigación que se adoptarán durante las situaciones de episodios críticos de contaminación, considerando el episodio más desfavorable.",regulative,training
523,CL_MMA_DEC_000001_STMT_000714,"Ante la posibilidad de un cambio en las condiciones meteorológicas, posterior a la hora de comunicación del pronóstico, que asegure una mejoría tal en las condiciones de calidad del aire que invalide los resultados entregados por la metodología de pronóstico, respecto a la superación de alguno de los niveles que definen situaciones de emergencia, el Intendente podrá dejar sin efecto la declaración de episodio crítico o adoptar las medidas correspondientes a los niveles menos estrictos, cumpliendo con las mismas formalidades a que está sujeta la declaración de estas situaciones.",regulative,training
524,CL_MMA_DEC_000001_STMT_000715,"Para episodios de alerta, preemergencia y emergencia por MP10 y/o MP2,5 que se presenten fuera del periodo del Plan Operacional de GEC, corresponderá al Intendente informar oportunamente de la situación a la ciudadanía.",regulative,training
525,CL_MMA_DEC_000001_STMT_000716,La fiscalización del permanente cumplimiento de las medidas que establece el presente Decreto será efectuada por la Superintendencia del Medio Ambiente sin perjuicio de las atribuciones de los organismos sectoriales que participan en la implementación del Plan.,regulative,training
526,CL_MMA_DEC_000001_STMT_000717,La Superintendencia del Medio Ambiente estará encargada de la verificación del estado de avance de las medidas e instrumentos del Plan.,regulative,training
527,CL_MMA_DEC_000001_STMT_000718,"En virtud de lo anterior, los servicios públicos deberán informar en la forma y plazos que dicha Superintendencia establezca para este propósito.",regulative,training
528,CL_MMA_DEC_000001_STMT_000720,Dicho informe será publicado anualmente en la página web del Ministerio del Medio Ambiente.,regulative,training
529,CL_MMA_DEC_000001_STMT_000721,"Los organismos y servicios públicos deberán anualmente determinar los requerimientos asociados al cumplimiento de las medidas y actividades establecidas en el presente Plan, a fin de solicitar el financiamiento que asegure dicho cumplimiento.",regulative,training
530,CL_MMA_DEC_000001_STMT_000722,"Con el propósito de complementar en lo que sea necesario los instrumentos y medidas, a fin de cumplir las metas de reducción de emisiones planteadas, se establece para iniciar la revisión y actualización del presente Decreto un plazo de 5 años desde la publicación del mismo en el Diario Oficial.",constitutive,training
531,CL_MMA_DEC_000001_STMT_000724,"Deróguese el DS N°66, de 2009, del MINSEGPRES, que Revisa, Reformula y Actualiza el Plan de Prevención y Descontaminación Atmosférica para la Región Metropolitana de Santiago, a excepción de lo establecido en los artículos siguientes.",constitutive,training
532,CL_MMA_DEC_000001_STMT_000725,"Sin perjuicio de lo anterior, se mantienen plenamente vigentes todas aquellas resoluciones, certificaciones y permisos otorgados en el marco del DS N°66, de 2009, del MINSEGPRES, que sean compatibles con las disposiciones establecidas en el presente decreto.",constitutive,training
533,CL_MMA_DEC_000001_STMT_000728,"De igual modo, aquellos proyectos o actividades que estuvieran siendo evaluados en el SEIA, a la entrada en vigencia del presente decreto, se continuarán rigiendo por las reglas de compensación establecidas en el DS N° 66, de 2009, de MINSEGPRES.",constitutive,training
534,CL_MMA_DEC_000001_STMT_000729,"Mientras no entren en vigencia las disposiciones referidas a la norma de emisión de material particulado establecidas en el Artículo 36 y Artículo 37 del presente decreto, seguirán rigiendo aquellos límites de emisión establecidos en el DS N° 4, de 1992, del Ministerio de Salud, que Establece Norma de Emisión de Material Particulado a Fuentes Estacionarias Puntuales y Grupales.",constitutive,training
535,CL_MMA_DEC_000001_STMT_000730,"Una vez que se encuentre vigente la norma de emisión de material particulado a que se refieren los artículos 36 y 37 del presente decreto, quedará sin efecto el DS N° 4, de 1992, del Ministerio de Salud, que Establece Norma de Emisión de Material Particulado a Fuentes Estacionarias Puntuales y Grupales.",constitutive,training
536,CL_MMA_DEC_000001_STMT_000731,"Mientras no entren en vigencia las disposiciones referidas a la norma de emisión de SO, a que se refieren el Artículo 38 y el Artículo 39 del presente decreto, seguirán rigiendo aquellos límites de emisión establecidos en el artículo 60 del DS N°66, de 2009, que Revisa, Reformula y Actualiza Plan de Prevención y Descontaminación Atmosférica para la Región Metropolitana de Santiago.",constitutive,training
537,CL_MMA_DEC_000001_STMT_000732,"Mientras no entren en vigencia las disposiciones referidas a los límites de emisión de CO, a que se refiere el Artículo 40 del presente decreto, seguirán rigiendo aquellos límites de emisión establecidos en el artículo 55 del DS N° 66, de 3 de junio de 2009, que Revisa, Reformula y Actualiza Plan de Prevención y Descontaminación Atmosférica para la Región Metropolitana de Santiago.",constitutive,training
538,CL_MMA_DEC_000001_STMT_000733,"En tanto no se aprueben los planes de reducción de emisiones, de acuerdo a lo establecido en el presente decreto, se mantendrán vigentes las metas de reducción y sus obligaciones derivadas según lo establecido en el DS N° 66, del 2009, MINSEGPRES.",constitutive,training
539,CL_MMA_DEC_000001_STMT_000734,"Deróguense las disposiciones que regulan la compensación de emisiones dentro de la Región Metropolitana de Santiago, en cuanto sean incompatibles con las disposiciones del presente Decreto.",constitutive,training
540,CL_MMA_DEC_000001_STMT_000735,"Deróguese el DS N° 811, de 1993, del Ministerio de Salud.",constitutive,training
541,CL_MMA_DEC_000001_STMT_000737,"""Artículo 3° quinquies.- Los buses destinados a la prestación de servicios de locomoción colectiva urbana en la Provincia de Santiago y en las comunas de San Bernardo y Puente Alto, respecto de los cuales se solicite su primera inscripción en el Registro de Servicios de Transporte de Pasajeros de Santiago, a partir de 24 meses contados desde la entrada en vigencia del DS N°31, de 2016, del Ministerio del Medio Ambiente, deberán contar con un motor cuyas emisiones contaminantes no superen los niveles máximos de emisiones señalados en los literales a.1) o a.2):",regulative,training
542,CL_MMA_DEC_000001_STMT_000739,"Las mediciones se efectuarán conforme a los métodos normalizados definidos por la Agencia de Protección Ambiental de los Estados Unidos de América (US-EPA), indicados en el CFR-40 Part 1065 procedures (Code of Federal Regulations), Diesel Engines.",constitutive,training
543,CL_MMA_DEC_000001_STMT_000740,"(1) Solo para motores con gas natural (2) 5,0 (g/bHp-h), para motores con gas natural Las mediciones se efectuarán conforme a los métodos normalizados definidos por la Agencia de Protección Ambiental de los Estados Unidos de América (US-EPA), indicados en el CFR-40 Part 1065 procedures (Code of Federal Regulations), Otto-Cycle Engines.",constitutive,training
544,CL_MMA_DEC_000001_STMT_000741,"Emisiones provenientes del sistema de escape, en miligramos/kiloWatt-hora (mg/kW-h).",constitutive,training
545,CL_MMA_DEC_000001_STMT_000742,Deberán cumplir con los niveles de emisión señalados en la Tabla 3.,regulative,training
546,CL_MMA_DEC_000001_STMT_000744,Para ello deberán cumplir con los mismos procesos de análisis técnicos establecidos para la homologación de los estándares vigentes.,regulative,training
547,CL_MMA_DEC_000001_STMT_000747,"""Artículo 5° sexies.- A contar de 12 meses de publicado en el Diario Oficial el DS N°31, de 2016, del Ministerio del Medio Ambiente, los límites máximos de emisión permitidos en la Región Metropolitana de Santiago, serán los siguientes:",constitutive,training
548,CL_MMA_DEC_000001_STMT_000749,"Para la correcta aplicación de la norma, los vehículos cuya marca y modelo no se encuentren en la nómina con los datos de la Inercia Equivalente por marca y modelo establecida por el Ministerio de Transportes y Telecomunicaciones, deberán cumplir los límites siguientes:",regulative,training
549,CL_MMA_DEC_000001_STMT_000751,"""Artículo 1º.- El petróleo diésel que se distribuya o expenda en la Región Metropolitana de Santiago deberá ser Grado A1 y cumplir con los siguientes requisitos:",regulative,training
550,CL_MMA_DEC_000001_STMT_000752,En caso de arbitraje debe usarse el método Ramsbottom.,regulative,training
551,CL_MMA_DEC_000001_STMT_000754,"En el proceso de fiscalización de esta propiedad, se aceptará un Índice de Cetano mínimo (D4737) de 48, debiendo medirse el Número de Cetano según el método D613 para valores inferiores.",constitutive,training
552,CL_MMA_DEC_000001_STMT_000755,"En el caso que el petróleo diésel provenga de producción, sin adición de biodiésel, no será necesaria la determinación indicada en el punto 17, debiendo informarse de dicha circunstancia en el respectivo Certificado de Análisis, indicándose la frase ""Petróleo diésel sin contenido de biodiésel"".",constitutive,training
553,CL_MMA_DEC_000001_STMT_000756,"En todo lo que no sea contrario a lo dispuesto en la tabla anterior, se estará a lo establecido en la Norma NCh62, declarada oficial por el decreto exento N° 373, del 2000, del Ministerio de Economía, Fomento y Reconstrucción.",regulative,training
554,CL_MMA_DEC_000001_STMT_000757,"Los petróleos combustibles grados Nº5 y Nº6, que se emplean como combustible para calderas y hornos de procesos industriales, que se distribuyan o expendan en la Región Metropolitana de Santiago, deberán cumplir los siguientes requisitos:",regulative,training
555,CL_MMA_DEC_000001_STMT_000758,ASTM: American Society for Testing and Materials.,constitutive,training
556,CL_MMA_DEC_000001_STMT_000759,"El exceso sobre 1% de agua y sedimento debe deducirse de la cantidad total entregada por el proveedor En todo lo que no sea contrario a lo dispuesto en la tabla anterior, se estará a lo establecido en la Norma NCh61, declarada oficial por el decreto exento N° 361, de 1999, del Ministerio de Economía, Fomento y Reconstrucción.",regulative,training
557,CL_MMA_DEC_000001_STMT_000760,"El kerosene empleado como combustible doméstico e industrial, que se distribuya o expenda en la Región Metropolitana de Santiago, deberá cumplir los siguientes requisitos:",regulative,training
558,CL_MMA_DEC_000001_STMT_000761,"En todo lo que no sea contrario a lo dispuesto en la tabla anterior, se estará a lo establecido en la Norma NCh63, declarada oficial por el decreto exento N° 373, de 2000, del Ministerio de Economía, Fomento y Reconstrucción.",regulative,training
559,CL_MMA_DEC_000001_STMT_000766,"El Ministerio del Medio Ambiente en coordinación con el Ministerio de Transportes y Telecomunicaciones, desarrollará un programa de información y aplicación de la medida de restricción vehicular con el objeto de difundir su contenido.",regulative,training
560,CL_MMA_DEC_000001_STMT_000767,Dicho programa deberá implementarse con anterioridad al 1 de mayo de 2018.,regulative,training
