statement_id,segmentation_id,document_id,structure_id,source_element_id,source_parent_id,source_element_type,source_element_order,sentence_order_within_element,statement_order,statement_text,source_char_start,source_char_end,page_start,page_end,page_assignment_method,segmentation_method,segmentation_status,requires_manual_review,review_reason_code,review_reason_note,created_at
CL_MMA_DEC_000001_STMT_000001,SEG_000001,CL_MMA_DEC_000001,STRUCT_000009,CL_MMA_DEC_000001_PREAMBLE_VISTO_P001,CL_MMA_DEC_000001_PREAMBLE_VISTO,paragraph,12,1,1,"Lo dispuesto en la ley N°19.300, sobre Bases Generales del Medio Ambiente; en el DS N° 39, de 2012, del Ministerio del Medio Ambiente, que Aprueba el Reglamento para la Dictación de Planes de Prevención y de Descontaminación; en el decreto supremo N° 12, de 2011, del Ministerio del Medio Ambiente, que establece la Norma Primaria de Calidad Ambiental para Material Particulado Fino Respirable MP2,5; en el decreto supremo N° 59, de 1998, del Ministerio Secretaría General de la Presidencia, que establece la Norma de Calidad Primaria para Material Particulado Respirable MP10; en el DS N° 131, de 1996, del Ministerio Secretaría General de la Presidencia que Declara Zona Saturada por Material Particulado Respirable MP10, Partículas en Suspensión, Ozono y Monóxido de Carbono; y Zona Latente por Dióxido de Nitrógeno a la Región Metropolitana de Santiago; en el DS N° 67, de 2014, del Ministerio del Medio Ambiente, que Declara Zona Saturada por Material Particulado Fino Respirable (MP2,5) a la Región Metropolitana de Santiago; en el DS N° 66, de 2009, del Ministerio Secretaría General de la Presidencia, que Revisa, Reformula y Actualiza Plan de Prevención y Descontaminación Atmosférica para la Región Metropolitana de Santiago; en la resolución exenta N°1171, de 2014, del Ministerio del Medio Ambiente, que dio inicio al proceso de elaboración del Plan de Descontaminación Atmosférica por Material Particulado Fino Respirable MP2,5, como concentración de 24 horas, para la Región Metropolitana de Santiago; en la resolución exenta N°218, de 2015, del mismo Ministerio, que da inicio al proceso de revisión, reformulación y actualización del Plan de Prevención y Descontaminación Atmosférica para la Región Metropolitana de Santiago y que ordenó su acumulación al proceso citado anteriormente; en la resolución exenta N° 177, de 2016, del Ministerio del Medio Ambiente, que fija el Programa de Regulación Ambiental 2016-2017, y en la resolución N° 1.600 de 2008, de la Contraloría General de la República; y",0,2015,1,1,element_inherited,spacy_sentence_boundaries_with_legal_postprocessing,completed_with_warnings,1,missing_terminal_punctuation,"Candidate lacks final period, question mark, or exclamation mark; list items may be legitimate.",2026-07-23T15:53:28+00:00
CL_MMA_DEC_000001_STMT_000002,SEG_000001,CL_MMA_DEC_000001,STRUCT_000009,CL_MMA_DEC_000001_PREAMBLE_CONSIDERANDO_P001,CL_MMA_DEC_000001_PREAMBLE_CONSIDERANDO,paragraph,14,1,2,"Que, por DS Nº66, de 2009, del Ministerio Secretaría General de la Presidencia, se revisó, reformuló y actualizó el Plan de Prevención y Descontaminación Atmosférica para la Región Metropolitana de Santiago; el que tuvo como antecedente el DS N° 131, de 1996, del mismo ministerio, que declaró Zona Saturada por Material Particulado Respirable MP10, Partículas en Suspensión, Ozono y Monóxido de Carbono; y Zona Latente por Dióxido de Nitrógeno, a la misma zona geográfica;",0,473,1,1,element_inherited,spacy_sentence_boundaries_with_legal_postprocessing,completed_with_warnings,1,missing_terminal_punctuation,"Candidate lacks final period, question mark, or exclamation mark; list items may be legitimate.",2026-07-23T15:53:28+00:00
CL_MMA_DEC_000001_STMT_000003,SEG_000001,CL_MMA_DEC_000001,STRUCT_000009,CL_MMA_DEC_000001_PREAMBLE_CONSIDERANDO_P002,CL_MMA_DEC_000001_PREAMBLE_CONSIDERANDO,paragraph,15,1,3,"Que, por DS N°67, de 2014, del Ministerio del Medio Ambiente, se declaró Zona Saturada por Material Particulado Fino Respirable MP2,5, como concentración de 24 horas, a la Región Metropolitana de Santiago;",0,205,1,1,element_inherited,spacy_sentence_boundaries_with_legal_postprocessing,completed_with_warnings,1,missing_terminal_punctuation,"Candidate lacks final period, question mark, or exclamation mark; list items may be legitimate.",2026-07-23T15:53:28+00:00
CL_MMA_DEC_000001_STMT_000004,SEG_000001,CL_MMA_DEC_000001,STRUCT_000009,CL_MMA_DEC_000001_PREAMBLE_CONSIDERANDO_P003,CL_MMA_DEC_000001_PREAMBLE_CONSIDERANDO,paragraph,16,1,4,"Que, por resolución exenta N° 1171, de 2014, del Ministerio del Medio Ambiente, se dio inicio al proceso de elaboración del Plan de Descontaminación Atmosférica por Material Particulado Fino Respirable MP2,5, como concentración de 24 horas, para la Región Metropolitana de Santiago;",0,282,1,1,element_inherited,spacy_sentence_boundaries_with_legal_postprocessing,completed_with_warnings,1,missing_terminal_punctuation,"Candidate lacks final period, question mark, or exclamation mark; list items may be legitimate.",2026-07-23T15:53:28+00:00
CL_MMA_DEC_000001_STMT_000005,SEG_000001,CL_MMA_DEC_000001,STRUCT_000009,CL_MMA_DEC_000001_PREAMBLE_CONSIDERANDO_P004,CL_MMA_DEC_000001_PREAMBLE_CONSIDERANDO,paragraph,17,1,5,"Que, por resolución exenta N°218, de 2015, del Ministerio del Medio Ambiente, se dio inicio al proceso de revisión, reformulación y actualización del Plan de Prevención y Descontaminación Atmosférica para la Región Metropolitana de Santiago ya citado, y se ordenó su acumulación al proceso de elaboración del Plan de Descontaminación Atmosférica por Material Particulado Fino Respirable MP2,5;",0,393,1,1,element_inherited,spacy_sentence_boundaries_with_legal_postprocessing,completed_with_warnings,1,missing_terminal_punctuation,"Candidate lacks final period, question mark, or exclamation mark; list items may be legitimate.",2026-07-23T15:53:28+00:00
CL_MMA_DEC_000001_STMT_000006,SEG_000001,CL_MMA_DEC_000001,STRUCT_000009,CL_MMA_DEC_000001_PREAMBLE_CONSIDERANDO_P005,CL_MMA_DEC_000001_PREAMBLE_CONSIDERANDO,paragraph,18,1,6,"Que, las características geográficas y meteorológicas de la Región",0,66,1,1,element_inherited,spacy_sentence_boundaries_with_legal_postprocessing,completed_with_warnings,1,missing_terminal_punctuation,"Candidate lacks final period, question mark, or exclamation mark; list items may be legitimate.",2026-07-23T15:53:28+00:00
CL_MMA_DEC_000001_STMT_000007,SEG_000001,CL_MMA_DEC_000001,STRUCT_000009,CL_MMA_DEC_000001_PREAMBLE_CONSIDERANDO_P006,CL_MMA_DEC_000001_PREAMBLE_CONSIDERANDO,paragraph,19,1,7,"Metropolitana de Santiago determinan condiciones que favorecen la formación y acumulación de contaminantes, especialmente durante la época invernal, situación que obliga a implementar medidas de control cada vez más exigentes en todos los sectores regulados, de forma tal de alcanzar y mantener las reducciones necesarias para lograr el cumplimiento de las normas de calidad del aire vigentes;",0,393,2,2,element_inherited,spacy_sentence_boundaries_with_legal_postprocessing,completed_with_warnings,1,missing_terminal_punctuation,"Candidate lacks final period, question mark, or exclamation mark; list items may be legitimate.",2026-07-23T15:53:28+00:00
CL_MMA_DEC_000001_STMT_000008,SEG_000001,CL_MMA_DEC_000001,STRUCT_000009,CL_MMA_DEC_000001_PREAMBLE_CONSIDERANDO_P007,CL_MMA_DEC_000001_PREAMBLE_CONSIDERANDO,paragraph,20,1,8,"Que, de acuerdo a la evolución de la calidad del aire y logros alcanzados a la fecha, los cuales indican que la Región Metropolitana de Santiago ya no se encuentra en condición de saturación para dióxido de nitrógeno (NO ) y monóxido de carbono (CO), situación que en cambio persiste para material particulado fino respirable (MP2,5), material particulado respirable (MP10) y Ozono (O ), los esfuerzos de la actualización deben focalizarse en el control de las emisiones directas y precursores de estos últimos contaminantes, de forma tal de alcanzar las reducciones necesarias;",0,578,2,2,element_inherited,spacy_sentence_boundaries_with_legal_postprocessing,completed_with_warnings,1,missing_terminal_punctuation,"Candidate lacks final period, question mark, or exclamation mark; list items may be legitimate.",2026-07-23T15:53:28+00:00
CL_MMA_DEC_000001_STMT_000009,SEG_000001,CL_MMA_DEC_000001,STRUCT_000009,CL_MMA_DEC_000001_PREAMBLE_CONSIDERANDO_P008,CL_MMA_DEC_000001_PREAMBLE_CONSIDERANDO,paragraph,21,1,9,"Que, de acuerdo a estudios realizados en la Región Metropolitana de Santiago, el mejoramiento de la calidad del aire en el periodo de aplicación del PPDA y sus reformulaciones pasadas se ha traducido en una importante reducción de los impactos negativos sobre la salud de la población;",0,285,2,2,element_inherited,spacy_sentence_boundaries_with_legal_postprocessing,completed_with_warnings,1,missing_terminal_punctuation,"Candidate lacks final period, question mark, or exclamation mark; list items may be legitimate.",2026-07-23T15:53:28+00:00
CL_MMA_DEC_000001_STMT_000010,SEG_000001,CL_MMA_DEC_000001,STRUCT_000009,CL_MMA_DEC_000001_PREAMBLE_CONSIDERANDO_P009,CL_MMA_DEC_000001_PREAMBLE_CONSIDERANDO,paragraph,22,1,10,"Que, de acuerdo con los resultados de la caracterización físico química del material particulado MP10 y MP2,5, una parte importante de las concentraciones medidas corresponde a emisiones de origen natural y que por lo tanto no son factibles de ser controladas;",0,260,2,2,element_inherited,spacy_sentence_boundaries_with_legal_postprocessing,completed_with_warnings,1,missing_terminal_punctuation,"Candidate lacks final period, question mark, or exclamation mark; list items may be legitimate.",2026-07-23T15:53:28+00:00
CL_MMA_DEC_000001_STMT_000011,SEG_000001,CL_MMA_DEC_000001,STRUCT_000009,CL_MMA_DEC_000001_PREAMBLE_CONSIDERANDO_P010,CL_MMA_DEC_000001_PREAMBLE_CONSIDERANDO,paragraph,23,1,11,"Que, de acuerdo a los estudios realizados para la determinación de los aportes sectoriales a la contaminación de la Región Metropolitana de Santiago, las principales fuentes de la misma son las residencias, el transporte y la industria.",0,236,2,2,element_inherited,spacy_sentence_boundaries_with_legal_postprocessing,completed,0,,,2026-07-23T15:53:28+00:00
CL_MMA_DEC_000001_STMT_000012,SEG_000001,CL_MMA_DEC_000001,STRUCT_000009,CL_MMA_DEC_000001_PREAMBLE_CONSIDERANDO_P011,CL_MMA_DEC_000001_PREAMBLE_CONSIDERANDO,paragraph,24,1,12,"Los mismos antecedentes destacan la creciente importancia de las fuentes de contaminación como son las emisiones asociadas a la calefacción con leña, las provenientes de maquinaria fuera de ruta -MFR-, agroindustria, emisiones evaporativas de compuestos orgánicos volátiles y las quemas agrícolas, entre otras;",0,310,2,2,element_inherited,spacy_sentence_boundaries_with_legal_postprocessing,completed_with_warnings,1,missing_terminal_punctuation,"Candidate lacks final period, question mark, or exclamation mark; list items may be legitimate.",2026-07-23T15:53:28+00:00
CL_MMA_DEC_000001_STMT_000013,SEG_000001,CL_MMA_DEC_000001,STRUCT_000009,CL_MMA_DEC_000001_PREAMBLE_CONSIDERANDO_P012,CL_MMA_DEC_000001_PREAMBLE_CONSIDERANDO,paragraph,25,1,13,"Que los antecedentes internacionales indican la importancia del control del material particulado, teniendo en consideración elementos como el tamaño de las partículas y su toxicidad, por su relación con el impacto sobre la salud;",0,229,2,2,element_inherited,spacy_sentence_boundaries_with_legal_postprocessing,completed_with_warnings,1,missing_terminal_punctuation,"Candidate lacks final period, question mark, or exclamation mark; list items may be legitimate.",2026-07-23T15:53:28+00:00
CL_MMA_DEC_000001_STMT_000014,SEG_000001,CL_MMA_DEC_000001,STRUCT_000009,CL_MMA_DEC_000001_PREAMBLE_CONSIDERANDO_P013,CL_MMA_DEC_000001_PREAMBLE_CONSIDERANDO,paragraph,26,1,14,"Que, en base a todos los antecedentes recopilados, se elaboró un anteproyecto para una nueva reformulación del Plan de Prevención y Descontaminación Atmosférica para la Región Metropolitana de Santiago (PPDA), que incorpora al material particulado MP2,5, documento en el cual se plasmaron los principales lineamientos, objetivos y acciones propuestas.",0,351,2,2,element_inherited,spacy_sentence_boundaries_with_legal_postprocessing,completed,0,,,2026-07-23T15:53:28+00:00
CL_MMA_DEC_000001_STMT_000015,SEG_000001,CL_MMA_DEC_000001,STRUCT_000009,CL_MMA_DEC_000001_PREAMBLE_CONSIDERANDO_P013,CL_MMA_DEC_000001_PREAMBLE_CONSIDERANDO,paragraph,26,2,15,"En esta etapa de elaboración del anteproyecto se acompañaron estudios científicos, informes y otros antecedentes, los que debidamente agregados al expediente, permitieron confirmar que el Plan requería reformularse y perfeccionarse en diversas materias;",352,605,2,2,element_inherited,spacy_sentence_boundaries_with_legal_postprocessing,completed_with_warnings,1,missing_terminal_punctuation,"Candidate lacks final period, question mark, or exclamation mark; list items may be legitimate.",2026-07-23T15:53:28+00:00
CL_MMA_DEC_000001_STMT_000016,SEG_000001,CL_MMA_DEC_000001,STRUCT_000009,CL_MMA_DEC_000001_PREAMBLE_CONSIDERANDO_P014,CL_MMA_DEC_000001_PREAMBLE_CONSIDERANDO,paragraph,27,1,16,"Que, según los antecedentes disponibles, se estimó necesario priorizar las acciones del PPDA en continuar con el control de las emisiones directas de material particulado provenientes principalmente de procesos de combustión, profundizar las medidas de reducción de emisiones de los precursores de material particulado secundario e incorporar estrategias de control de emisiones evaporativas de compuestos orgánicos volátiles (COV) y amoniaco (NH ).",0,449,2,2,element_inherited,spacy_sentence_boundaries_with_legal_postprocessing,completed,0,,,2026-07-23T15:53:28+00:00
CL_MMA_DEC_000001_STMT_000017,SEG_000001,CL_MMA_DEC_000001,STRUCT_000009,CL_MMA_DEC_000001_PREAMBLE_CONSIDERANDO_P014,CL_MMA_DEC_000001_PREAMBLE_CONSIDERANDO,paragraph,27,2,17,"Además, se consideró conveniente mejorar las capacidades institucionales de coordinación y gestión para obtener una implementación eficaz de las medidas del Plan y su complementación con otros planes y políticas afines;",450,669,2,2,element_inherited,spacy_sentence_boundaries_with_legal_postprocessing,completed_with_warnings,1,missing_terminal_punctuation,"Candidate lacks final period, question mark, or exclamation mark; list items may be legitimate.",2026-07-23T15:53:28+00:00
CL_MMA_DEC_000001_STMT_000018,SEG_000001,CL_MMA_DEC_000001,STRUCT_000009,CL_MMA_DEC_000001_PREAMBLE_CONSIDERANDO_P015,CL_MMA_DEC_000001_PREAMBLE_CONSIDERANDO,paragraph,28,1,18,"Que, en el proceso de reformulación del Plan se procedió a la consulta ciudadana, de acuerdo a los mecanismos establecidos por la ley Nº 19.300, sobre Bases Generales del Medio Ambiente, en adelante indistintamente ley N° 19.300;",0,229,2,2,element_inherited,spacy_sentence_boundaries_with_legal_postprocessing,completed_with_warnings,1,missing_terminal_punctuation,"Candidate lacks final period, question mark, or exclamation mark; list items may be legitimate.",2026-07-23T15:53:28+00:00
CL_MMA_DEC_000001_STMT_000019,SEG_000001,CL_MMA_DEC_000001,STRUCT_000009,CL_MMA_DEC_000001_PREAMBLE_CONSIDERANDO_P016,CL_MMA_DEC_000001_PREAMBLE_CONSIDERANDO,paragraph,29,1,19,"Que, por su parte, tanto el Consejo Consultivo Regional de la Región Metropolitana como el Consejo Consultivo Nacional, conocieron y emitieron opinión respecto del texto del anteproyecto;",0,187,2,2,element_inherited,spacy_sentence_boundaries_with_legal_postprocessing,completed_with_warnings,1,missing_terminal_punctuation,"Candidate lacks final period, question mark, or exclamation mark; list items may be legitimate.",2026-07-23T15:53:28+00:00
CL_MMA_DEC_000001_STMT_000020,SEG_000001,CL_MMA_DEC_000001,STRUCT_000009,CL_MMA_DEC_000001_PREAMBLE_CONSIDERANDO_P017,CL_MMA_DEC_000001_PREAMBLE_CONSIDERANDO,paragraph,30,1,20,"Que, el proyecto definitivo se hizo cargo de las principales observaciones recibidas en el proceso de consulta, con lo cual la actualización quedó estructurada en base a las medidas que se determinaron necesarias y factibles de implementar.",0,240,2,2,element_inherited,spacy_sentence_boundaries_with_legal_postprocessing,completed,0,,,2026-07-23T15:53:28+00:00
CL_MMA_DEC_000001_STMT_000021,SEG_000001,CL_MMA_DEC_000001,STRUCT_000009,CL_MMA_DEC_000001_PREAMBLE_CONSIDERANDO_P017,CL_MMA_DEC_000001_PREAMBLE_CONSIDERANDO,paragraph,30,2,21,"Las principales medidas propuestas están orientadas al control de las emisiones de la calefacción residencial a leña en zonas urbanas, del transporte, el mejoramiento de los combustibles y el establecimiento de normas y metas de reducción de emisiones en la industria.",241,509,2,2,element_inherited,spacy_sentence_boundaries_with_legal_postprocessing,completed,0,,,2026-07-23T15:53:28+00:00
CL_MMA_DEC_000001_STMT_000022,SEG_000001,CL_MMA_DEC_000001,STRUCT_000009,CL_MMA_DEC_000001_PREAMBLE_CONSIDERANDO_P017,CL_MMA_DEC_000001_PREAMBLE_CONSIDERANDO,paragraph,30,3,22,"Complementariamente, en los ámbitos que no se dispone de los antecedentes suficientes para establecer regulaciones en el presente decreto, se definen acciones programáticas orientadas a realizar los estudios necesarios y la coordinación institucional que se requiera para elaborar propuestas regulatorias que puedan ser incorporadas en acciones futuras;",510,863,2,2,element_inherited,spacy_sentence_boundaries_with_legal_postprocessing,completed_with_warnings,1,missing_terminal_punctuation,"Candidate lacks final period, question mark, or exclamation mark; list items may be legitimate.",2026-07-23T15:53:28+00:00
CL_MMA_DEC_000001_STMT_000023,SEG_000001,CL_MMA_DEC_000001,STRUCT_000009,CL_MMA_DEC_000001_PREAMBLE_CONSIDERANDO_P018,CL_MMA_DEC_000001_PREAMBLE_CONSIDERANDO,paragraph,31,1,23,"Que, el Consejo de Ministros para la Sustentabilidad se pronunció favorablemente sobre el proyecto definitivo del PPDA, mediante Acuerdo N°13 de 4 de octubre de 2016; y Que, finalmente, el plan de prevención y descontaminación es un instrumento de gestión ambiental que tiene por finalidad evitar la superación y recuperar los niveles señalados en las normas primarias y/o secundarias de calidad ambiental de una zona latente o saturada por uno o más contaminantes.",0,465,2,3,element_inherited,spacy_sentence_boundaries_with_legal_postprocessing,completed,0,,,2026-07-23T15:53:28+00:00
CL_MMA_DEC_000001_STMT_000024,SEG_000001,CL_MMA_DEC_000001,STRUCT_000009,CL_MMA_DEC_000001_PREAMBLE_DECRETO_P001,CL_MMA_DEC_000001_PREAMBLE_DECRETO,paragraph,33,1,24,"Apruébese el Plan de Prevención y Descontaminación para la Región Metropolitana de Santiago, que es del siguiente tenor:",0,120,3,3,element_inherited,spacy_sentence_boundaries_with_legal_postprocessing,completed_with_warnings,1,missing_terminal_punctuation,"Candidate lacks final period, question mark, or exclamation mark; list items may be legitimate.",2026-07-23T15:53:28+00:00
CL_MMA_DEC_000001_STMT_000025,SEG_000001,CL_MMA_DEC_000001,STRUCT_000009,CL_MMA_DEC_000001_ART_Artículo_1_P001,CL_MMA_DEC_000001_ART_Artículo_1,paragraph,36,1,25,"El presente Plan de Prevención y Descontaminación Atmosférica que regirá en la Región Metropolitana de Santiago tiene por objetivo dar cumplimiento a las normas primarias de calidad ambiental de aire vigentes, asociadas a los contaminantes Material Particulado Respirable (MP10), Material Particulado Fino Respirable (MP2,5), Ozono (O ) y Monóxido de Carbono (CO), en un plazo de 10 años.",0,388,3,3,element_inherited,spacy_sentence_boundaries_with_legal_postprocessing,completed,0,,,2026-07-23T15:53:28+00:00
CL_MMA_DEC_000001_STMT_000026,SEG_000001,CL_MMA_DEC_000001,STRUCT_000009,CL_MMA_DEC_000001_ART_Artículo_2_P001,CL_MMA_DEC_000001_ART_Artículo_2,paragraph,38,1,26,Los antecedentes fundantes del presente Plan de Prevención y Descontaminación Atmosférica se indican a continuación:,0,116,3,3,element_inherited,spacy_sentence_boundaries_with_legal_postprocessing,completed_with_warnings,1,missing_terminal_punctuation,"Candidate lacks final period, question mark, or exclamation mark; list items may be legitimate.",2026-07-23T15:53:28+00:00
CL_MMA_DEC_000001_STMT_000027,SEG_000001,CL_MMA_DEC_000001,STRUCT_000009,CL_MMA_DEC_000001_HEAD_I_1_P001,CL_MMA_DEC_000001_HEAD_I_1,paragraph,40,1,27,"La Región Metropolitana de Santiago fue declarada zona saturada por MP10, Partículas en Suspensión, O y CO; y zona latente por NO, mediante el DS N°131, de 1996, del Ministerio Secretaría General de la Presidencia (Minsegpres).",0,227,3,3,element_inherited,spacy_sentence_boundaries_with_legal_postprocessing,completed,0,,,2026-07-23T15:53:28+00:00
CL_MMA_DEC_000001_STMT_000028,SEG_000001,CL_MMA_DEC_000001,STRUCT_000009,CL_MMA_DEC_000001_HEAD_I_1_P002,CL_MMA_DEC_000001_HEAD_I_1,paragraph,41,1,28,"Una vez declarada zona saturada y latente la Región Metropolitana de Santiago y de conformidad con lo dispuesto en la ley N° 19.300, y el DS N° 94, de 1995, de Minsegpres, se elaboró el Plan de Prevención y Descontaminación Atmosférica para la Región Metropolitana de Santiago, el cual fue aprobado por el DS N°16, de 1998, de Minsegpres, y que fue revisado, actualizado y reformulado mediante el DS N°58, de 2003 y el DS N°66, de 2009, ambos del Minsegpres.",0,458,3,3,element_inherited,spacy_sentence_boundaries_with_legal_postprocessing,completed,0,,,2026-07-23T15:53:28+00:00
CL_MMA_DEC_000001_STMT_000029,SEG_000001,CL_MMA_DEC_000001,STRUCT_000009,CL_MMA_DEC_000001_HEAD_I_1_P003,CL_MMA_DEC_000001_HEAD_I_1,paragraph,42,1,29,"Mediante el DS N°67, de 2014, del Ministerio del Medio Ambiente, se declaró Zona Saturada por MP2,5 a la Región Metropolitana de Santiago.",0,138,3,3,element_inherited,spacy_sentence_boundaries_with_legal_postprocessing,completed,0,,,2026-07-23T15:53:28+00:00
CL_MMA_DEC_000001_STMT_000030,SEG_000001,CL_MMA_DEC_000001,STRUCT_000009,CL_MMA_DEC_000001_HEAD_I_1_P003,CL_MMA_DEC_000001_HEAD_I_1,paragraph,42,2,30,"Según lo establecido en el Reglamento para la Dictación de Planes de Prevención y de Descontaminación, se dio inicio a la elaboración del anteproyecto del Plan de Descontaminación Atmosférica por MP2,5, como concentración de 24 horas, para la Región Metropolitana de Santiago, mediante la resolución exenta N°1171, de 2014, del Ministerio del Medio Ambiente.",139,497,3,3,element_inherited,spacy_sentence_boundaries_with_legal_postprocessing,completed,0,,,2026-07-23T15:53:28+00:00
CL_MMA_DEC_000001_STMT_000031,SEG_000001,CL_MMA_DEC_000001,STRUCT_000009,CL_MMA_DEC_000001_HEAD_I_1_P004,CL_MMA_DEC_000001_HEAD_I_1,paragraph,43,1,31,"Asimismo, mediante la resolución exenta N°218, de 2015, del Ministerio del Medio Ambiente, se da inicio al proceso de revisión, reformulación y actualización del DS N°66, de 2009, de Minsegpres, y se ordenó acumularlo con el proceso de elaboración del Plan de Descontaminación Atmosférica por MP2,5, los que continúan como un solo procedimiento.",0,345,3,3,element_inherited,spacy_sentence_boundaries_with_legal_postprocessing,completed,0,,,2026-07-23T15:53:28+00:00
CL_MMA_DEC_000001_STMT_000032,SEG_000001,CL_MMA_DEC_000001,STRUCT_000009,CL_MMA_DEC_000001_HEAD_I_2_1_P001,CL_MMA_DEC_000001_HEAD_I_2_1,paragraph,46,1,32,"La Región Metropolitana de Santiago tiene una población total estimada para el año 2015 de 7.140.674 habitantes, con una población urbana de 6.892.411 habitantes al mismo año1, y una superficie de 15.554,5 km2, donde el 85,7% corresponde a terrenos montañosos, 11% a superficie destinada a la agricultura y 3,3% a espacios urbanizados.",0,335,3,3,element_inherited,spacy_sentence_boundaries_with_legal_postprocessing,completed,0,,,2026-07-23T15:53:28+00:00
CL_MMA_DEC_000001_STMT_000033,SEG_000001,CL_MMA_DEC_000001,STRUCT_000009,CL_MMA_DEC_000001_HEAD_I_2_1_P002,CL_MMA_DEC_000001_HEAD_I_2_1,paragraph,47,1,33,"Es una región mediterránea, que se ubica entre la Cordillera de Los Andes y de la Costa, en que predominan los relieves montañosos que encierran hacia el centro de la región una amplia y extensa cuenca aérea, la de Santiago.",0,224,3,3,element_inherited,spacy_sentence_boundaries_with_legal_postprocessing,completed,0,,,2026-07-23T15:53:28+00:00
CL_MMA_DEC_000001_STMT_000034,SEG_000001,CL_MMA_DEC_000001,STRUCT_000009,CL_MMA_DEC_000001_HEAD_I_2_1_P002,CL_MMA_DEC_000001_HEAD_I_2_1,paragraph,47,2,34,"Por el norte, el cordón montañoso de Chacabuco la separa de la Región de Valparaíso, y por el sur, los cerros de Angostura y Chada (en Paine) constituyen el límite con la Región del Libertador General Bernardo O'Higgins.",225,445,3,3,element_inherited,spacy_sentence_boundaries_with_legal_postprocessing,completed,0,,,2026-07-23T15:53:28+00:00
CL_MMA_DEC_000001_STMT_000035,SEG_000001,CL_MMA_DEC_000001,STRUCT_000009,CL_MMA_DEC_000001_HEAD_I_2_1_P003,CL_MMA_DEC_000001_HEAD_I_2_1,paragraph,48,1,35,"La cuenca de Santiago limita al oriente con los faldeos de la Cordillera de Los Andes, con cerros que superan los 3.200 m.s.n.m. (Cerro Ramón).",0,143,3,3,element_inherited,spacy_sentence_boundaries_with_legal_postprocessing,completed,0,,,2026-07-23T15:53:28+00:00
CL_MMA_DEC_000001_STMT_000036,SEG_000001,CL_MMA_DEC_000001,STRUCT_000009,CL_MMA_DEC_000001_HEAD_I_2_1_P003,CL_MMA_DEC_000001_HEAD_I_2_1,paragraph,48,2,36,"Por el oeste, la Cordillera de la Costa alcanza alturas sobre 2.000 m.s.n.m. (Cerros Roble Alto), siendo interrumpida por el Valle del Río Maipo, que abre la cuenca hacia el sector sudoeste.",144,334,3,3,element_inherited,spacy_sentence_boundaries_with_legal_postprocessing,completed,0,,,2026-07-23T15:53:28+00:00
CL_MMA_DEC_000001_STMT_000037,SEG_000001,CL_MMA_DEC_000001,STRUCT_000009,CL_MMA_DEC_000001_HEAD_I_2_1_P003,CL_MMA_DEC_000001_HEAD_I_2_1,paragraph,48,3,37,"Más al sur, el macizo de Alhué (Cerro Cantillana) supera los 2.200 m de altitud.",335,415,3,3,element_inherited,spacy_sentence_boundaries_with_legal_postprocessing,completed,0,,,2026-07-23T15:53:28+00:00
CL_MMA_DEC_000001_STMT_000038,SEG_000001,CL_MMA_DEC_000001,STRUCT_000009,CL_MMA_DEC_000001_HEAD_I_2_1_P004,CL_MMA_DEC_000001_HEAD_I_2_1,paragraph,49,1,38,"Los cerros que rodean la planicie central imponen fuertes restricciones a la circulación de vientos y, por ende, a la renovación del aire al interior de la cuenca.",0,163,3,4,element_inherited,spacy_sentence_boundaries_with_legal_postprocessing,completed,0,,,2026-07-23T15:53:28+00:00
CL_MMA_DEC_000001_STMT_000039,SEG_000001,CL_MMA_DEC_000001,STRUCT_000009,CL_MMA_DEC_000001_HEAD_I_2_1_P004,CL_MMA_DEC_000001_HEAD_I_2_1,paragraph,49,2,39,"Por ello, en épocas de estabilidad atmosférica los contaminantes quedan atrapados dentro de la cuenca que alberga a la ciudad de Santiago.",164,302,3,4,element_inherited,spacy_sentence_boundaries_with_legal_postprocessing,completed,0,,,2026-07-23T15:53:28+00:00
CL_MMA_DEC_000001_STMT_000040,SEG_000001,CL_MMA_DEC_000001,STRUCT_000009,CL_MMA_DEC_000001_HEAD_I_2_2_P001,CL_MMA_DEC_000001_HEAD_I_2_2,paragraph,51,1,40,"Desde la entrada en vigencia del Plan de Prevención y Descontaminación Atmosférica de la Región Metropolitana de Santiago el año 1998, diversos estudios han permitido identificar los patrones meteorológicos que modulan la capacidad de remoción del material particulado desde la cuenca.",0,285,4,4,element_inherited,spacy_sentence_boundaries_with_legal_postprocessing,completed,0,,,2026-07-23T15:53:28+00:00
CL_MMA_DEC_000001_STMT_000041,SEG_000001,CL_MMA_DEC_000001,STRUCT_000009,CL_MMA_DEC_000001_HEAD_I_2_2_P001,CL_MMA_DEC_000001_HEAD_I_2_2,paragraph,51,2,41,"En especial, se han identificado los sistemas meteorológicos de escala sinóptica y los fenómenos de estabilidad local observados durante la ocurrencia de los episodios de contaminación.",286,471,4,4,element_inherited,spacy_sentence_boundaries_with_legal_postprocessing,completed,0,,,2026-07-23T15:53:28+00:00
CL_MMA_DEC_000001_STMT_000042,SEG_000001,CL_MMA_DEC_000001,STRUCT_000009,CL_MMA_DEC_000001_HEAD_I_2_2_P001,CL_MMA_DEC_000001_HEAD_I_2_2,paragraph,51,3,42,"De este modo, se ha determinado la variabilidad estacional de las configuraciones meteorológicas típicas de la zona central de Chile y su influencia decisiva en la ocurrencia de episodios críticos de contaminación atmosférica por material particulado fino, que se dan principalmente durante el periodo otoño-invierno.",472,789,4,4,element_inherited,spacy_sentence_boundaries_with_legal_postprocessing,completed,0,,,2026-07-23T15:53:28+00:00
CL_MMA_DEC_000001_STMT_000043,SEG_000001,CL_MMA_DEC_000001,STRUCT_000009,CL_MMA_DEC_000001_HEAD_I_2_2_P002,CL_MMA_DEC_000001_HEAD_I_2_2,paragraph,52,1,43,"Durante condiciones de mala ventilación, predomina en toda la cuenca una condición de alta estabilidad, con una inversión térmica superficial en las primeras decenas de metros, lo que afecta la capacidad de remoción de contaminantes desde la cuenca, particularmente durante el periodo frío.",0,290,4,4,element_inherited,spacy_sentence_boundaries_with_legal_postprocessing,completed,0,,,2026-07-23T15:53:28+00:00
CL_MMA_DEC_000001_STMT_000044,SEG_000001,CL_MMA_DEC_000001,STRUCT_000009,CL_MMA_DEC_000001_HEAD_I_2_2_P002,CL_MMA_DEC_000001_HEAD_I_2_2,paragraph,52,2,44,Lo anterior indica que la estabilidad de la cuenca es un factor importante en la evolución diaria de las concentraciones de contaminantes en superficie y afecta el intercambio de la masa del aire de la cuenca a escala regional.,291,518,4,4,element_inherited,spacy_sentence_boundaries_with_legal_postprocessing,completed,0,,,2026-07-23T15:53:28+00:00
CL_MMA_DEC_000001_STMT_000045,SEG_000001,CL_MMA_DEC_000001,STRUCT_000009,CL_MMA_DEC_000001_HEAD_I_2_2_P002,CL_MMA_DEC_000001_HEAD_I_2_2,paragraph,52,3,45,"La disminución en la capacidad de la cuenca de remover los contaminantes se acentúa en los periodos de fuerte estabilidad atmosférica, donde el escaso desarrollo de la capa de mezcla inhibe el viento generando los periodos de cuasi-calma, generando un aumento generalizado de las concentraciones de MP2,5 en toda el área metropolitana.",519,854,4,4,element_inherited,spacy_sentence_boundaries_with_legal_postprocessing,completed,0,,,2026-07-23T15:53:28+00:00
CL_MMA_DEC_000001_STMT_000046,SEG_000001,CL_MMA_DEC_000001,STRUCT_000009,CL_MMA_DEC_000001_HEAD_I_2_2_P003,CL_MMA_DEC_000001_HEAD_I_2_2,paragraph,53,1,46,"--------------------------------- 1 Proyecciones Censo 2002 Mediciones realizadas, han permitido demostrar que el factor meteorológico es decisivo en la ocurrencia de los episodios críticos por material particulado en la Región Metropolitana de Santiago.",0,254,4,4,element_inherited,spacy_sentence_boundaries_with_legal_postprocessing,completed,0,,,2026-07-23T15:53:28+00:00
CL_MMA_DEC_000001_STMT_000047,SEG_000001,CL_MMA_DEC_000001,STRUCT_000009,CL_MMA_DEC_000001_HEAD_I_2_2_P003,CL_MMA_DEC_000001_HEAD_I_2_2,paragraph,53,2,47,"Por esta razón, una forma de realizar un seguimiento a las configuraciones meteorológicas de escala sinóptica que modulan el comportamiento medio de la atmósfera global en la cuenca regional y traducirlas en un indicador para el diagnóstico y pronóstico de días con mala ventilación es el Potencial Meteorológico de Contaminación Atmosférica (PMCA).",255,604,4,4,element_inherited,spacy_sentence_boundaries_with_legal_postprocessing,completed,0,,,2026-07-23T15:53:28+00:00
CL_MMA_DEC_000001_STMT_000048,SEG_000001,CL_MMA_DEC_000001,STRUCT_000009,CL_MMA_DEC_000001_HEAD_I_2_2_P004,CL_MMA_DEC_000001_HEAD_I_2_2,paragraph,54,1,48,"Durante el período estival, el calentamiento superficial permite la erosión de la capa de inversión térmica sobre la cuenca, lo que se traduce en un mejoramiento significativo de la ventilación.",0,194,4,4,element_inherited,spacy_sentence_boundaries_with_legal_postprocessing,completed,0,,,2026-07-23T15:53:28+00:00
CL_MMA_DEC_000001_STMT_000049,SEG_000001,CL_MMA_DEC_000001,STRUCT_000009,CL_MMA_DEC_000001_HEAD_I_2_2_P004,CL_MMA_DEC_000001_HEAD_I_2_2,paragraph,54,2,49,"Sin embargo, la emisión de compuestos nitrogenados y de compuestos orgánicos, más la disponibilidad de radiación solar, favorecen la formación de compuestos fotoquímicos, generando el aumento en las concentraciones de ozono troposférico.",195,432,4,4,element_inherited,spacy_sentence_boundaries_with_legal_postprocessing,completed,0,,,2026-07-23T15:53:28+00:00
CL_MMA_DEC_000001_STMT_000050,SEG_000001,CL_MMA_DEC_000001,STRUCT_000009,CL_MMA_DEC_000001_HEAD_I_3_P001,CL_MMA_DEC_000001_HEAD_I_3,paragraph,56,1,50,"Al cabo de casi 25 años de gestión de la calidad del aire se pueden constatar cambios estructurales en los patrones de producción y consumo de la Región Metropolitana de Santiago que han permitido una reducción de la contaminación por MP10 y principalmente por MP2,5.",0,267,4,4,element_inherited,spacy_sentence_boundaries_with_legal_postprocessing,completed,0,,,2026-07-23T15:53:28+00:00
CL_MMA_DEC_000001_STMT_000051,SEG_000001,CL_MMA_DEC_000001,STRUCT_000009,CL_MMA_DEC_000001_HEAD_I_3_P001,CL_MMA_DEC_000001_HEAD_I_3,paragraph,56,2,51,"Esta menor contaminación se observa en los promedios anuales, en los promedios de 24 horas y en la disminución del número de episodios críticos de alta contaminación por MP10.",268,443,4,4,element_inherited,spacy_sentence_boundaries_with_legal_postprocessing,completed,0,,,2026-07-23T15:53:28+00:00
CL_MMA_DEC_000001_STMT_000052,SEG_000001,CL_MMA_DEC_000001,STRUCT_000009,CL_MMA_DEC_000001_HEAD_I_3_P002,CL_MMA_DEC_000001_HEAD_I_3,paragraph,57,1,52,"Los principales cambios han sido una mejora notable de la calidad de los combustibles usados por el transporte: combustibles sin plomo y reducción en la concentración de azufre en el diésel; la llegada del gas natural; exigencias de metas de emisión de NOx y MP a la industria; una transformación radical del transporte público y un control estricto del mercado automotriz, en términos de incorporar progresivamente vehículos más limpios.",0,438,4,4,element_inherited,spacy_sentence_boundaries_with_legal_postprocessing,completed,0,,,2026-07-23T15:53:28+00:00
CL_MMA_DEC_000001_STMT_000053,SEG_000001,CL_MMA_DEC_000001,STRUCT_000009,CL_MMA_DEC_000001_HEAD_I_3_P002,CL_MMA_DEC_000001_HEAD_I_3,paragraph,57,2,53,"Sin embargo, persisten actividades que no han experimentado una transformación relevante en términos tecnológicos, lo que las ha ido convirtiendo en las mayores responsables de los niveles de contaminación observados actualmente, principalmente las residencias que emplean calefacción a leña, el transporte comercial y de carga urbano e interurbano, a lo que se suma el fuerte incremento del parque de vehículos livianos.",439,860,4,4,element_inherited,spacy_sentence_boundaries_with_legal_postprocessing,completed,0,,,2026-07-23T15:53:28+00:00
CL_MMA_DEC_000001_STMT_000054,SEG_000001,CL_MMA_DEC_000001,STRUCT_000009,CL_MMA_DEC_000001_HEAD_I_3_P003,CL_MMA_DEC_000001_HEAD_I_3,paragraph,58,1,54,"El Gráfico I 1 muestra medidas adoptadas para el control del material particulado y sus precursores en la Región Metropolitana de Santiago, y su efecto en la disminución de concentraciones.",0,189,4,4,element_inherited,spacy_sentence_boundaries_with_legal_postprocessing,completed,0,,,2026-07-23T15:53:28+00:00
CL_MMA_DEC_000001_STMT_000055,SEG_000001,CL_MMA_DEC_000001,STRUCT_000009,CL_MMA_DEC_000001_HEAD_I_3_P004,CL_MMA_DEC_000001_HEAD_I_3,paragraph,61,1,55,"Las intervenciones que ha tenido la Región Metropolitana de Santiago han logrado un impacto positivo en la calidad del aire, entre ellas la progresiva mejora de los combustibles, la incorporación de profundas transformaciones viales, la extensión permanente de las redes del Metro, la transformación del transporte público con Transantiago, nuevas normas de emisión para vehículos, cambios en las regulaciones industriales, entre otros.",0,436,5,5,element_inherited,spacy_sentence_boundaries_with_legal_postprocessing,completed,0,,,2026-07-23T15:53:28+00:00
CL_MMA_DEC_000001_STMT_000056,SEG_000001,CL_MMA_DEC_000001,STRUCT_000009,CL_MMA_DEC_000001_HEAD_I_3_P005,CL_MMA_DEC_000001_HEAD_I_3,paragraph,62,1,56,"------------------------------------------- 2 Las estaciones consideradas para este cálculo son Independencia, Las Condes y Parque O'Higgins, en que se promedia el dato anual de las 3 estaciones para obtener un valor anual.",0,223,5,5,element_inherited,spacy_sentence_boundaries_with_legal_postprocessing,completed,0,,,2026-07-23T15:53:28+00:00
CL_MMA_DEC_000001_STMT_000057,SEG_000001,CL_MMA_DEC_000001,STRUCT_000009,CL_MMA_DEC_000001_HEAD_I_3_P006,CL_MMA_DEC_000001_HEAD_I_3,paragraph,63,1,57,"El Gráfico I-2 muestra que las medidas aplicadas a camiones, buses e industria han significado reducciones sustanciales de las emisiones, sin embargo el aumento de parque vehicular liviano, el número de calefactores a leña, y la creciente presencia del aporte de la maquinaria fuera de ruta ha limitado las ganancias ambientales en los otros sectores, así explicando cierto estancamiento de las reducciones en la última década.",0,427,5,5,element_inherited,spacy_sentence_boundaries_with_legal_postprocessing,completed,0,,,2026-07-23T15:53:28+00:00
CL_MMA_DEC_000001_STMT_000058,SEG_000001,CL_MMA_DEC_000001,STRUCT_000009,CL_MMA_DEC_000001_HEAD_I_3_P006,CL_MMA_DEC_000001_HEAD_I_3,paragraph,63,2,58,"Si bien, el DS N°66, de 2009, de Minsegpres, logró importantes mejoras en la calidad del aire para el material particulado MP10 y especialmente la fracción fina MP2,5, desde la publicación de esta nueva normativa para la fracción fina, es la que presenta los mayores desafíos.",428,704,5,5,element_inherited,spacy_sentence_boundaries_with_legal_postprocessing,completed,0,,,2026-07-23T15:53:28+00:00
CL_MMA_DEC_000001_STMT_000059,SEG_000001,CL_MMA_DEC_000001,STRUCT_000009,CL_MMA_DEC_000001_HEAD_I_3_P007,CL_MMA_DEC_000001_HEAD_I_3,paragraph,65,1,59,"El principal problema en la Región Metropolitana de Santiago sigue siendo el material particulado, en especial el MP2,5, como se aprecia en el Gráfico I 3. El material particulado grueso, prácticamente, se mantiene constante durante los distintos meses del año, mientras que el MP2,5 presenta una variabilidad anual, siendo la temporada otoño-invierno donde sus concentraciones alcanzan los valores máximos.",0,407,6,6,element_inherited,spacy_sentence_boundaries_with_legal_postprocessing,completed,0,,,2026-07-23T15:53:28+00:00
CL_MMA_DEC_000001_STMT_000060,SEG_000001,CL_MMA_DEC_000001,STRUCT_000009,CL_MMA_DEC_000001_HEAD_I_3_P008,CL_MMA_DEC_000001_HEAD_I_3,paragraph,67,1,60,"El MP2,5 es producido por emisiones directas de los procesos de combustión de combustibles fósiles, a partir de la condensación de gases, de reacciones químicas en la atmósfera a partir de gases precursores como el dióxido de azufre, óxidos de nitrógeno, compuestos orgánicos volátiles, amoníaco, y otros compuestos.",0,316,6,6,element_inherited,spacy_sentence_boundaries_with_legal_postprocessing,completed,0,,,2026-07-23T15:53:28+00:00
CL_MMA_DEC_000001_STMT_000061,SEG_000001,CL_MMA_DEC_000001,STRUCT_000009,CL_MMA_DEC_000001_HEAD_I_3_P008,CL_MMA_DEC_000001_HEAD_I_3,paragraph,67,2,61,"Sus principales fuentes son los procesos que ocurren durante la combustión como los automóviles, buses y camiones, tanto a diésel como a gasolina, plantas termoeléctricas, calderas, procesos industriales, hornos, fundiciones, procesos metalúrgicos, la combustión de biomasa, como la calefacción residencial a leña, las quemas agrícolas e incendios forestales, y emisiones de amonio de las operaciones agrícolas.",317,728,6,6,element_inherited,spacy_sentence_boundaries_with_legal_postprocessing,completed,0,,,2026-07-23T15:53:28+00:00
CL_MMA_DEC_000001_STMT_000062,SEG_000001,CL_MMA_DEC_000001,STRUCT_000009,CL_MMA_DEC_000001_HEAD_I_3_P009,CL_MMA_DEC_000001_HEAD_I_3,paragraph,68,1,62,"La fracción fina del material particulado tiene efectos y riesgos en la salud, como: mortalidad y admisiones hospitalarias en pacientes con enfermedad pulmonar obstructiva crónica y con enfermedad cardiovascular, exacerbación de los síntomas e incremento del asma, aumento de riesgo de infartos al miocardio, inflamación pulmonar, inflamación sistémica, disfunciones endoteliales y vasculares, desarrollo de aterosclerosis, incremento en la incidencia de infecciones y cáncer respiratorio.",0,489,6,6,element_inherited,spacy_sentence_boundaries_with_legal_postprocessing,completed,0,,,2026-07-23T15:53:28+00:00
CL_MMA_DEC_000001_STMT_000063,SEG_000001,CL_MMA_DEC_000001,STRUCT_000009,CL_MMA_DEC_000001_HEAD_I_3_P010,CL_MMA_DEC_000001_HEAD_I_3,paragraph,69,1,63,"Por lo anterior, el material particulado fino (partículas igual o menores a 2,5 ?m), como contaminante atmosférico, está fuertemente relacionado con el aumento en morbilidad y mortalidad de la población.",0,203,6,6,element_inherited,spacy_sentence_boundaries_with_legal_postprocessing,completed,0,,,2026-07-23T15:53:28+00:00
CL_MMA_DEC_000001_STMT_000064,SEG_000001,CL_MMA_DEC_000001,STRUCT_000009,CL_MMA_DEC_000001_HEAD_I_3_P011,CL_MMA_DEC_000001_HEAD_I_3,paragraph,70,1,64,"La última distribución del MP2,5 arrojó que los derivados de carbono, elemental y orgánico, representan el 67%, siendo este último responsable de más del 50% del material particulado fino.",0,188,6,6,element_inherited,spacy_sentence_boundaries_with_legal_postprocessing,completed,0,,,2026-07-23T15:53:28+00:00
CL_MMA_DEC_000001_STMT_000065,SEG_000001,CL_MMA_DEC_000001,STRUCT_000009,CL_MMA_DEC_000001_HEAD_I_3_P011,CL_MMA_DEC_000001_HEAD_I_3,paragraph,70,2,65,"La otra parte importante de la distribución la tienen los aerosoles secundarios que en conjunto alcanzan al 33% de responsabilidad, siendo los derivados de nitrato y amonio los más importantes.",189,382,6,6,element_inherited,spacy_sentence_boundaries_with_legal_postprocessing,completed,0,,,2026-07-23T15:53:28+00:00
CL_MMA_DEC_000001_STMT_000066,SEG_000001,CL_MMA_DEC_000001,STRUCT_000009,CL_MMA_DEC_000001_HEAD_I_3_P012,CL_MMA_DEC_000001_HEAD_I_3,paragraph,73,1,66,"Entre los años 1998 al 2015, se han ejecutado estudios de análisis de filtros de material particulado para la Estación Parque O'Higgins de la Red MACAM, que muestran una evaluación de la evolución de la contaminación en Santiago en los últimos años, en los cuales se aprecia claramente la reducción de plomo y azufre, producto de las medidas impulsadas en el PPDA, como se puede observar en el Gráfico I 5. También se observan disminuciones en los contaminantes asociados a fuentes industriales.",0,495,7,7,element_inherited,spacy_sentence_boundaries_with_legal_postprocessing,completed,0,,,2026-07-23T15:53:28+00:00
CL_MMA_DEC_000001_STMT_000067,SEG_000001,CL_MMA_DEC_000001,STRUCT_000009,CL_MMA_DEC_000001_HEAD_I_3_P012,CL_MMA_DEC_000001_HEAD_I_3,paragraph,73,2,67,"Sin embargo, el aumento del azufre a partir del año 2006 permitió identificar los impactos asociados al recambio del sector industrial, cuya matriz energética pasó de ser principalmente a gas natural desde una combinación entre diésel y petróleos pesados.",496,751,7,7,element_inherited,spacy_sentence_boundaries_with_legal_postprocessing,completed,0,,,2026-07-23T15:53:28+00:00
CL_MMA_DEC_000001_STMT_000068,SEG_000001,CL_MMA_DEC_000001,STRUCT_000009,CL_MMA_DEC_000001_HEAD_I_4_1_P001,CL_MMA_DEC_000001_HEAD_I_4_1,paragraph,78,1,68,"El PPDA para la Región Metropolitana de Santiago aprobado por DS 66, de 2009, de Minsegpres y sus actualizaciones anteriores definieron un ""Plan Operacional para Enfrentar Episodios Críticos de Contaminación Atmosférica por Material Particulado (MP10)"".",0,253,8,8,element_inherited,spacy_sentence_boundaries_with_legal_postprocessing,completed,0,,,2026-07-23T15:53:28+00:00
CL_MMA_DEC_000001_STMT_000069,SEG_000001,CL_MMA_DEC_000001,STRUCT_000009,CL_MMA_DEC_000001_HEAD_I_4_1_P001,CL_MMA_DEC_000001_HEAD_I_4_1,paragraph,78,2,69,"Lo anterior, con el objetivo de prevenir la exposición de la población a altos índices de contaminación por MP10, que contemplaba la aplicación de medidas preventivas de carácter permanente para el control de emisiones de contaminantes, entre el 1 de abril y el 31 de agosto (período de condiciones adversas de ventilación en la región), y medidas de mitigación durante los episodios, en caso de preverse situaciones críticas de contaminación (Alerta, Premergencia o Emergencia).",254,733,8,8,element_inherited,spacy_sentence_boundaries_with_legal_postprocessing,completed,0,,,2026-07-23T15:53:28+00:00
CL_MMA_DEC_000001_STMT_000070,SEG_000001,CL_MMA_DEC_000001,STRUCT_000009,CL_MMA_DEC_000001_HEAD_I_4_1_P001,CL_MMA_DEC_000001_HEAD_I_4_1,paragraph,78,3,70,"Así, para la declaración de episodios por MP10, el DS N°59, de 1998, de Minsegpres, señala como niveles que originan situaciones de emergencia ambiental para material particulado respirable MP10 los siguientes:",734,944,8,8,element_inherited,spacy_sentence_boundaries_with_legal_postprocessing,completed_with_warnings,1,missing_terminal_punctuation,"Candidate lacks final period, question mark, or exclamation mark; list items may be legitimate.",2026-07-23T15:53:28+00:00
CL_MMA_DEC_000001_STMT_000071,SEG_000001,CL_MMA_DEC_000001,STRUCT_000009,CL_MMA_DEC_000001_HEAD_I_4_1_P002,CL_MMA_DEC_000001_HEAD_I_4_1,paragraph,81,1,71,"Por su parte, para la declaración de episodios por MP2,5, el DS N°12, de 2011, del Ministerio del Medio Ambiente señala como niveles que originan situaciones de emergencia ambiental para material particulado respirable MP2,5 los siguientes:",0,240,9,9,element_inherited,spacy_sentence_boundaries_with_legal_postprocessing,completed_with_warnings,1,missing_terminal_punctuation,"Candidate lacks final period, question mark, or exclamation mark; list items may be legitimate.",2026-07-23T15:53:28+00:00
CL_MMA_DEC_000001_STMT_000072,SEG_000001,CL_MMA_DEC_000001,STRUCT_000009,CL_MMA_DEC_000001_HEAD_I_4_2_P001,CL_MMA_DEC_000001_HEAD_I_4_2,paragraph,85,1,72,"Durante la Gestión de Episodios Críticos (GEC) para el PPDA por MP10 se han constatado los siguientes episodios, según se ve en el Gráfico I 6. Este gráfico muestra el aumento que tuvo la fracción MP10 respecto de años anteriores, y en particular el crecimiento en el número de preemergencias, que sitúa al año 2015 como uno de los peores en términos de ventilación.",0,366,9,9,element_inherited,spacy_sentence_boundaries_with_legal_postprocessing,completed,0,,,2026-07-23T15:53:28+00:00
CL_MMA_DEC_000001_STMT_000073,SEG_000001,CL_MMA_DEC_000001,STRUCT_000009,CL_MMA_DEC_000001_HEAD_I_4_2_P002,CL_MMA_DEC_000001_HEAD_I_4_2,paragraph,88,1,73,"El siguiente Gráfico I 7, muestra la tendencia de episodios constatados para MP2,5.",0,83,10,10,element_inherited,spacy_sentence_boundaries_with_legal_postprocessing,completed,0,,,2026-07-23T15:53:28+00:00
CL_MMA_DEC_000001_STMT_000074,SEG_000001,CL_MMA_DEC_000001,STRUCT_000009,CL_MMA_DEC_000001_HEAD_I_4_2_P002,CL_MMA_DEC_000001_HEAD_I_4_2,paragraph,88,2,74,"Se observa una importante reducción en la última década, fundamentalmente entre 2014 a 2016, cuando se empezó a hacer gestión de episodios críticos por MP2,5, logrando reducir entre el año 2013 y el 2016 un 52% los episodios críticos por este contaminante.",84,340,10,10,element_inherited,spacy_sentence_boundaries_with_legal_postprocessing,completed,0,,,2026-07-23T15:53:28+00:00
CL_MMA_DEC_000001_STMT_000075,SEG_000001,CL_MMA_DEC_000001,STRUCT_000009,CL_MMA_DEC_000001_HEAD_I_5_P001,CL_MMA_DEC_000001_HEAD_I_5,paragraph,93,1,75,El presente acápite tiene como objetivo mostrar la evolución de las concentraciones de contaminantes criterio5 presentes en la Región Metropolitana de Santiago en el período de aplicación del PPDA.,0,197,10,10,element_inherited,spacy_sentence_boundaries_with_legal_postprocessing,completed,0,,,2026-07-23T15:53:28+00:00
CL_MMA_DEC_000001_STMT_000076,SEG_000001,CL_MMA_DEC_000001,STRUCT_000009,CL_MMA_DEC_000001_HEAD_I_5_P001,CL_MMA_DEC_000001_HEAD_I_5,paragraph,93,2,76,"Estas concentraciones han sido medidas desde el año 1997 a la fecha, en las estaciones de la red oficial de monitoreo de calidad del aire -Red MACAM6 -.",198,350,10,10,element_inherited,spacy_sentence_boundaries_with_legal_postprocessing,completed,0,,,2026-07-23T15:53:28+00:00
CL_MMA_DEC_000001_STMT_000077,SEG_000001,CL_MMA_DEC_000001,STRUCT_000009,CL_MMA_DEC_000001_HEAD_I_5_P001,CL_MMA_DEC_000001_HEAD_I_5,paragraph,93,3,77,Cabe señalar que la Red ha experimentado modificaciones en su equipamiento y lugares de emplazamiento de las estaciones.,351,471,10,10,element_inherited,spacy_sentence_boundaries_with_legal_postprocessing,completed,0,,,2026-07-23T15:53:28+00:00
CL_MMA_DEC_000001_STMT_000078,SEG_000001,CL_MMA_DEC_000001,STRUCT_000009,CL_MMA_DEC_000001_HEAD_I_5_P001,CL_MMA_DEC_000001_HEAD_I_5,paragraph,93,4,78,"Por otra parte, la administración de esta red de monitoreo y vigilancia de la calidad del aire, como asimismo los laboratorios de gravimetría e instrumental de calibración dejaron de estar a cargo de la Secretaría Regional Ministerial de Salud de la Región Metropolitana de Santiago (Seremi de Salud RM), institución que la había manejado desde el año 1997, pasando a ser operados por el Ministerio del Medio Ambiente a partir del 1 de enero de 2012, de acuerdo a lo establecido en el Convenio de Colaboración suscrito entre ambos ministerios, que fue aprobado por resolución exenta N°1.123, del 22 de septiembre de 2011, del Ministerio del Medio Ambiente.",472,1128,10,10,element_inherited,spacy_sentence_boundaries_with_legal_postprocessing,completed,0,,,2026-07-23T15:53:28+00:00
CL_MMA_DEC_000001_STMT_000079,SEG_000001,CL_MMA_DEC_000001,STRUCT_000009,CL_MMA_DEC_000001_HEAD_I_5_1_P001,CL_MMA_DEC_000001_HEAD_I_5_1,paragraph,95,1,79,"Para los gases, se cuenta con valores anuales desde 1997 y trianuales, como lo exige la norma, desde el año 1999 hasta el año 2015.",0,131,10,10,element_inherited,spacy_sentence_boundaries_with_legal_postprocessing,completed,0,,,2026-07-23T15:53:28+00:00
CL_MMA_DEC_000001_STMT_000080,SEG_000001,CL_MMA_DEC_000001,STRUCT_000009,CL_MMA_DEC_000001_HEAD_I_5_1_P002,CL_MMA_DEC_000001_HEAD_I_5_1,paragraph,98,1,80,"------------------------------------------- 4 Informe Final ""Caracterización del Material Particulado Fino y Grueso en la Región Metropolitana de Santiago"", Centro Mario Molina para el Ministerio del Medio Ambiente 2017.",0,220,11,11,element_inherited,spacy_sentence_boundaries_with_legal_postprocessing,completed,0,,,2026-07-23T15:53:28+00:00
CL_MMA_DEC_000001_STMT_000081,SEG_000001,CL_MMA_DEC_000001,STRUCT_000009,CL_MMA_DEC_000001_HEAD_I_5_1_P003,CL_MMA_DEC_000001_HEAD_I_5_1,paragraph,99,1,81,"5 Contaminantes criterio: MP10 y MP2,5 (norma anual y de 24 horas - P98 -), O3 (promedio móvil de 8 horas -P99-), NO2 (anual y 1 hora -P99-), CO (1 hr y 8 hrs -P99-) y SO2 (anual y de 24 horas -P99-).",0,200,11,11,element_inherited,spacy_sentence_boundaries_with_legal_postprocessing,completed,0,,,2026-07-23T15:53:28+00:00
CL_MMA_DEC_000001_STMT_000082,SEG_000001,CL_MMA_DEC_000001,STRUCT_000009,CL_MMA_DEC_000001_HEAD_I_5_1_P004,CL_MMA_DEC_000001_HEAD_I_5_1,paragraph,100,1,82,6 La Red MACAM incorpora 7 estaciones hasta el año 2007.,0,56,11,11,element_inherited,spacy_sentence_boundaries_with_legal_postprocessing,completed,0,,,2026-07-23T15:53:28+00:00
CL_MMA_DEC_000001_STMT_000083,SEG_000001,CL_MMA_DEC_000001,STRUCT_000009,CL_MMA_DEC_000001_HEAD_I_5_1_P004,CL_MMA_DEC_000001_HEAD_I_5_1,paragraph,100,2,83,"El año 2008 se incluye la estación de Cerro Navia y desde el año 2009 se suman las estaciones de Quilicura, Puente Alto y Talagante, completando un total de 11 estaciones a la fecha.",57,239,11,11,element_inherited,spacy_sentence_boundaries_with_legal_postprocessing,completed,0,,,2026-07-23T15:53:28+00:00
CL_MMA_DEC_000001_STMT_000084,SEG_000001,CL_MMA_DEC_000001,STRUCT_000009,CL_MMA_DEC_000001_HEAD_I_5_1_P005,CL_MMA_DEC_000001_HEAD_I_5_1,paragraph,101,1,84,"7 Reporte de Calidad del Aire 2013-2015, Ministerio del Medio Ambiente, 2016.",0,77,11,11,element_inherited,spacy_sentence_boundaries_with_legal_postprocessing,completed,0,,,2026-07-23T15:53:28+00:00
CL_MMA_DEC_000001_STMT_000085,SEG_000001,CL_MMA_DEC_000001,STRUCT_000009,CL_MMA_DEC_000001_HEAD_I_5_1_P006,CL_MMA_DEC_000001_HEAD_I_5_1,paragraph,102,1,85,"8 Las normas de calidad que regulan los parámetros indicados son: (i) el D.S. N° 112, de 2002, del Ministerio Secretaría General de la Presidencia, para Ozono (O3), (ii) el D.S. N° 114, de 2002, del Ministerio Secretaría General de la Presidencia, para Dioxido de nitrógeno (NO2), (iii) el D.S. N° 115, de 2002, del Ministerio Secretaría General de la Presidencia, para Monóxido de Carbono (CO), (iv) el D.S.",0,408,11,11,element_inherited,spacy_sentence_boundaries_with_legal_postprocessing,completed,0,,,2026-07-23T15:53:28+00:00
CL_MMA_DEC_000001_STMT_000086,SEG_000001,CL_MMA_DEC_000001,STRUCT_000009,CL_MMA_DEC_000001_HEAD_I_5_1_P007,CL_MMA_DEC_000001_HEAD_I_5_1,paragraph,103,1,86,"N° 113, de 2002, del Ministerio Secretaría General de la Presidencia, para Dióxido de Azufre (SO2).",0,99,11,11,element_inherited,spacy_sentence_boundaries_with_legal_postprocessing,completed,0,,,2026-07-23T15:53:28+00:00
CL_MMA_DEC_000001_STMT_000087,SEG_000001,CL_MMA_DEC_000001,STRUCT_000009,CL_MMA_DEC_000001_HEAD_I_5_1_P008,CL_MMA_DEC_000001_HEAD_I_5_1,paragraph,104,1,87,"Tal como se indica en la Tabla I 3 y como se observa en el Gráfico I 8, de acuerdo a los valores trianuales de los contaminantes, se constata que la Región Metropolitana de Santiago se encuentra en estado de Saturación por O3 en su norma de 8 horas.",0,249,11,11,element_inherited,spacy_sentence_boundaries_with_legal_postprocessing,completed,0,,,2026-07-23T15:53:28+00:00
CL_MMA_DEC_000001_STMT_000088,SEG_000001,CL_MMA_DEC_000001,STRUCT_000009,CL_MMA_DEC_000001_HEAD_I_5_1_P008,CL_MMA_DEC_000001_HEAD_I_5_1,paragraph,104,2,88,"Además, se encuentra en estado de Latencia por monóxido de carbono CO en su norma de 8 horas, y en cumplimiento, para las normas: horaria de CO y las normas de NO2 y SO2, a diferencia de la declaración de zona saturada hecha en 1996 (DS N°131, de 1996, de Minsegpres) donde se declaró saturada por ozono, monóxido de carbono y latente por dióxido de nitrógeno.",250,610,11,11,element_inherited,spacy_sentence_boundaries_with_legal_postprocessing,completed,0,,,2026-07-23T15:53:28+00:00
CL_MMA_DEC_000001_STMT_000089,SEG_000001,CL_MMA_DEC_000001,STRUCT_000009,CL_MMA_DEC_000001_HEAD_I_5_2_P001,CL_MMA_DEC_000001_HEAD_I_5_2,paragraph,108,1,89,"Para MP10 y MP2,5, se cuenta con valores anuales desde 1997 y trianuales, como lo exige la norma, desde el año 1999 hasta el año 2015.",0,134,12,12,element_inherited,spacy_sentence_boundaries_with_legal_postprocessing,completed,0,,,2026-07-23T15:53:28+00:00
CL_MMA_DEC_000001_STMT_000090,SEG_000001,CL_MMA_DEC_000001,STRUCT_000009,CL_MMA_DEC_000001_HEAD_I_5_2_P002,CL_MMA_DEC_000001_HEAD_I_5_2,paragraph,112,1,90,"Para el caso de material particulado, según los datos de la Tabla I 4 y como se observa en el Gráfico I 9, para los valores trianuales y norma diaria para las concentraciones de MP10 y MP2,5, se constata que la Región Metropolitana de Santiago se encuentra en estado de saturación por MP10 y MP2,5 en sus normas diaria y anual.",0,327,12,12,element_inherited,spacy_sentence_boundaries_with_legal_postprocessing,completed,0,,,2026-07-23T15:53:28+00:00
CL_MMA_DEC_000001_STMT_000091,SEG_000001,CL_MMA_DEC_000001,STRUCT_000009,CL_MMA_DEC_000001_HEAD_I_5_2_P003,CL_MMA_DEC_000001_HEAD_I_5_2,paragraph,115,1,91,"------------------------------------------- 9 Reporte de Calidad del Aire 2013-2015, Ministerio del Medio Ambiente, 2016.",0,121,13,13,element_inherited,spacy_sentence_boundaries_with_legal_postprocessing,completed,0,,,2026-07-23T15:53:28+00:00
CL_MMA_DEC_000001_STMT_000092,SEG_000001,CL_MMA_DEC_000001,STRUCT_000009,CL_MMA_DEC_000001_HEAD_I_5_2_P004,CL_MMA_DEC_000001_HEAD_I_5_2,paragraph,116,1,92,"Por último, las superaciones de normas expuestas en las figuras anteriores permiten evaluar el estado de Latencia o Saturación para los contaminantes criterio señalados.",0,169,13,13,element_inherited,spacy_sentence_boundaries_with_legal_postprocessing,completed,0,,,2026-07-23T15:53:28+00:00
CL_MMA_DEC_000001_STMT_000093,SEG_000001,CL_MMA_DEC_000001,STRUCT_000009,CL_MMA_DEC_000001_HEAD_I_6_P001,CL_MMA_DEC_000001_HEAD_I_6,paragraph,118,1,93,"A partir de las medidas establecidas en el PPDA y una de sus actualizaciones contenida en el DS N°66, de 2009, del Minsegpres, se observa en la evolución de los contaminantes normados una reducción de los niveles de concentración.",0,230,13,13,element_inherited,spacy_sentence_boundaries_with_legal_postprocessing,completed,0,,,2026-07-23T15:53:28+00:00
CL_MMA_DEC_000001_STMT_000094,SEG_000001,CL_MMA_DEC_000001,STRUCT_000009,CL_MMA_DEC_000001_HEAD_I_6_P001,CL_MMA_DEC_000001_HEAD_I_6,paragraph,118,2,94,"Sin embargo, y dado los niveles de avance a la fecha, es posible concluir que dichas medidas son insuficientes para alcanzar las metas establecidas.",231,379,13,13,element_inherited,spacy_sentence_boundaries_with_legal_postprocessing,completed,0,,,2026-07-23T15:53:28+00:00
CL_MMA_DEC_000001_STMT_000095,SEG_000001,CL_MMA_DEC_000001,STRUCT_000009,CL_MMA_DEC_000001_HEAD_I_6_P002,CL_MMA_DEC_000001_HEAD_I_6,paragraph,119,1,95,"El nivel de MP10 y MP2,5 diario es aún insuficiente para cumplir la meta de calidad del aire de 150 µg/m3 y 50 µg/m3, respectivamente, como promedio de 24 horas, así como tampoco se alcanzaría la meta trianual de MP10 y MP2,5 de 50 µg/m3 y 20 µg/m3, respectivamente.",0,266,13,13,element_inherited,spacy_sentence_boundaries_with_legal_postprocessing,completed,0,,,2026-07-23T15:53:28+00:00
CL_MMA_DEC_000001_STMT_000096,SEG_000001,CL_MMA_DEC_000001,STRUCT_000009,CL_MMA_DEC_000001_HEAD_I_6_P002,CL_MMA_DEC_000001_HEAD_I_6,paragraph,119,2,96,"En el caso de ozono, no es posible alcanzar la meta de 8 horas de 120 µg/m3 con las medidas actualmente establecidas.",267,384,13,13,element_inherited,spacy_sentence_boundaries_with_legal_postprocessing,completed,0,,,2026-07-23T15:53:28+00:00
CL_MMA_DEC_000001_STMT_000097,SEG_000001,CL_MMA_DEC_000001,STRUCT_000009,CL_MMA_DEC_000001_HEAD_I_6_P003,CL_MMA_DEC_000001_HEAD_I_6,paragraph,120,1,97,"Por lo anterior, es necesario incorporar nuevas medidas de control de emisiones para material particulado y gases, de acuerdo a las reducciones adicionales requeridas para cumplir con las metas de calidad del aire del Plan en los plazos propuestos.",0,248,13,13,element_inherited,spacy_sentence_boundaries_with_legal_postprocessing,completed,0,,,2026-07-23T15:53:28+00:00
CL_MMA_DEC_000001_STMT_000098,SEG_000001,CL_MMA_DEC_000001,STRUCT_000009,CL_MMA_DEC_000001_HEAD_I_6_P004,CL_MMA_DEC_000001_HEAD_I_6,paragraph,121,1,98,"La meta del Plan es cumplir las normas de calidad tanto para MP10, MP2,5 y O disminuyendo las concentraciones hasta valores que se encuentren por debajo de los niveles considerados de saturación y salir de la latencia para la norma de CO de 8 horas, de tal forma de dar cumplimiento a la normativa vigente de calidad del aire, en un plazo de 10 años desde la entrada en vigencia del presente decreto, considerando el año 2015 como ""año base"", a partir del cual se calculó la reducción de concentraciones.",0,504,13,13,element_inherited,spacy_sentence_boundaries_with_legal_postprocessing,completed,0,,,2026-07-23T15:53:28+00:00
CL_MMA_DEC_000001_STMT_000099,SEG_000001,CL_MMA_DEC_000001,STRUCT_000009,CL_MMA_DEC_000001_HEAD_I_6_P004,CL_MMA_DEC_000001_HEAD_I_6,paragraph,121,2,99,"Dicho cálculo, en porcentaje, se estima en base a la reducción en µg/m3 requerida para el cumplimiento de la normativa, el que se realiza sobre la base total de concentraciones a reducir (diferencia entre las concentraciones año 2015 y el valor de la meta del plan).",505,771,13,13,element_inherited,spacy_sentence_boundaries_with_legal_postprocessing,completed,0,,,2026-07-23T15:53:28+00:00
CL_MMA_DEC_000001_STMT_000100,SEG_000001,CL_MMA_DEC_000001,STRUCT_000009,CL_MMA_DEC_000001_HEAD_I_6_P005,CL_MMA_DEC_000001_HEAD_I_6,paragraph,122,1,100,"Como información de referencia, la concentración reportada el año 2015, es en la estación de monitoreo clasificada como Estación de Monitoreo con Representatividad Poblacional (EMRP), que arrojó el valor más alto de acuerdo a la norma vigente.",0,243,13,13,element_inherited,spacy_sentence_boundaries_with_legal_postprocessing,completed,0,,,2026-07-23T15:53:28+00:00
CL_MMA_DEC_000001_STMT_000101,SEG_000001,CL_MMA_DEC_000001,STRUCT_000009,CL_MMA_DEC_000001_HEAD_I_6_P006,CL_MMA_DEC_000001_HEAD_I_6,paragraph,123,1,101,A continuación se indica el estado de cumplimiento de tales metas.,0,66,13,13,element_inherited,spacy_sentence_boundaries_with_legal_postprocessing,completed,0,,,2026-07-23T15:53:28+00:00
CL_MMA_DEC_000001_STMT_000102,SEG_000001,CL_MMA_DEC_000001,STRUCT_000009,CL_MMA_DEC_000001_HEAD_I_6_1_P001,CL_MMA_DEC_000001_HEAD_I_6_1,paragraph,125,1,102,"La Tabla I-5 muestra el resumen de las metas de calidad del aire para cada uno de los gases, como promedio trianual, de acuerdo a la normativa vigente:",0,151,13,13,element_inherited,spacy_sentence_boundaries_with_legal_postprocessing,completed_with_warnings,1,missing_terminal_punctuation,"Candidate lacks final period, question mark, or exclamation mark; list items may be legitimate.",2026-07-23T15:53:28+00:00
CL_MMA_DEC_000001_STMT_000103,SEG_000001,CL_MMA_DEC_000001,STRUCT_000009,CL_MMA_DEC_000001_HEAD_I_6_2_P001,CL_MMA_DEC_000001_HEAD_I_6_2,paragraph,130,1,103,"La Tabla I-6 muestra el resumen de las metas de calidad del aire para MP10 y MP2,5, de acuerdo a la normativa vigente:",0,118,14,14,element_inherited,spacy_sentence_boundaries_with_legal_postprocessing,completed_with_warnings,1,missing_terminal_punctuation,"Candidate lacks final period, question mark, or exclamation mark; list items may be legitimate.",2026-07-23T15:53:28+00:00
CL_MMA_DEC_000001_STMT_000104,SEG_000001,CL_MMA_DEC_000001,STRUCT_000009,CL_MMA_DEC_000001_HEAD_I_6_3_P001,CL_MMA_DEC_000001_HEAD_I_6_3,paragraph,135,1,104,"Si bien las metas indicadas guardan relación con el cumplimiento de la normativa vigente para calidad del aire, existe un conjunto de indicadores que pueden demostrar que el grado de cumplimiento de las medidas del PPDA tiene un efecto positivo en la calidad del aire.",0,268,14,14,element_inherited,spacy_sentence_boundaries_with_legal_postprocessing,completed,0,,,2026-07-23T15:53:28+00:00
CL_MMA_DEC_000001_STMT_000105,SEG_000001,CL_MMA_DEC_000001,STRUCT_000009,CL_MMA_DEC_000001_HEAD_I_6_3_P002,CL_MMA_DEC_000001_HEAD_I_6_3,paragraph,136,1,105,"Los siguientes indicadores orientados a la relación exposición-dosis de la población, pueden señalar que la población se verá menos expuesta a concentraciones de calidad del aire:",0,179,15,15,element_inherited,spacy_sentence_boundaries_with_legal_postprocessing,completed_with_warnings,1,missing_terminal_punctuation,"Candidate lacks final period, question mark, or exclamation mark; list items may be legitimate.",2026-07-23T15:53:28+00:00
CL_MMA_DEC_000001_STMT_000106,SEG_000001,CL_MMA_DEC_000001,STRUCT_000009,CL_MMA_DEC_000001_HEAD_I_6_3_ITEM_1,CL_MMA_DEC_000001_HEAD_I_6_3,numbered_item,137,1,106,"Disminución del número de episodios para MP10 y MP2,5 en Preemergencia y Emergencia.",0,84,15,15,element_inherited,spacy_sentence_boundaries_with_legal_postprocessing,completed,0,,,2026-07-23T15:53:28+00:00
CL_MMA_DEC_000001_STMT_000107,SEG_000001,CL_MMA_DEC_000001,STRUCT_000009,CL_MMA_DEC_000001_HEAD_I_6_3_ITEM_2,CL_MMA_DEC_000001_HEAD_I_6_3,numbered_item,138,1,107,"Disminución de la duración de los episodios de Preemergencia y Emergencia para MP10 y MP2,5, medidas en horas para promedios móviles de 24 horas.",0,145,15,15,element_inherited,spacy_sentence_boundaries_with_legal_postprocessing,completed,0,,,2026-07-23T15:53:28+00:00
CL_MMA_DEC_000001_STMT_000108,SEG_000001,CL_MMA_DEC_000001,STRUCT_000009,CL_MMA_DEC_000001_HEAD_I_6_3_ITEM_3,CL_MMA_DEC_000001_HEAD_I_6_3,numbered_item,139,1,108,"Disminución de las concentraciones diarias máximas de MP10 y MP2,5, percentil 98, para cada año.",0,96,15,15,element_inherited,spacy_sentence_boundaries_with_legal_postprocessing,completed,0,,,2026-07-23T15:53:28+00:00
CL_MMA_DEC_000001_STMT_000109,SEG_000001,CL_MMA_DEC_000001,STRUCT_000009,CL_MMA_DEC_000001_HEAD_I_6_3_ITEM_4,CL_MMA_DEC_000001_HEAD_I_6_3,numbered_item,140,1,109,"Disminución de los días sobre norma para MP10 y MP2,5.",0,54,15,15,element_inherited,spacy_sentence_boundaries_with_legal_postprocessing,completed,0,,,2026-07-23T15:53:28+00:00
CL_MMA_DEC_000001_STMT_000110,SEG_000001,CL_MMA_DEC_000001,STRUCT_000009,CL_MMA_DEC_000001_HEAD_I_6_3_ITEM_5,CL_MMA_DEC_000001_HEAD_I_6_3,numbered_item,141,1,110,"Disminución de las concentraciones trianuales de MP10 y MP2,5.",0,62,15,15,element_inherited,spacy_sentence_boundaries_with_legal_postprocessing,completed,0,,,2026-07-23T15:53:28+00:00
CL_MMA_DEC_000001_STMT_000111,SEG_000001,CL_MMA_DEC_000001,STRUCT_000009,CL_MMA_DEC_000001_HEAD_I_6_3_ITEM_6,CL_MMA_DEC_000001_HEAD_I_6_3,numbered_item,142,1,111,Disminución de las concentraciones trianuales de ozono para su concentración de 8 horas.,0,88,15,15,element_inherited,spacy_sentence_boundaries_with_legal_postprocessing,completed,0,,,2026-07-23T15:53:28+00:00
CL_MMA_DEC_000001_STMT_000112,SEG_000001,CL_MMA_DEC_000001,STRUCT_000009,CL_MMA_DEC_000001_HEAD_I_7_P001,CL_MMA_DEC_000001_HEAD_I_7,paragraph,144,1,112,"Con el inventario de emisiones es posible determinar la contribución de emisiones directas de MP2,5 y emisiones de gases precursores por sector, de manera de hacer un diagnóstico que permita establecer medidas para los distintos sectores acordes a su responsabilidad.",0,267,15,15,element_inherited,spacy_sentence_boundaries_with_legal_postprocessing,completed,0,,,2026-07-23T15:53:28+00:00
CL_MMA_DEC_000001_STMT_000113,SEG_000001,CL_MMA_DEC_000001,STRUCT_000009,CL_MMA_DEC_000001_HEAD_I_7_P002,CL_MMA_DEC_000001_HEAD_I_7,paragraph,145,1,113,"Tomando como fuente el inventario de emisiones desarrollado por la Usach durante el año 2014, y los estudios de Centro Mario Molina 2014, GEASUR 2015 y POCH 2016, podemos indicar que el 38,5% de emisiones directas de MP2,5 corresponden al sector Residencial.",0,258,15,15,element_inherited,spacy_sentence_boundaries_with_legal_postprocessing,completed,0,,,2026-07-23T15:53:28+00:00
CL_MMA_DEC_000001_STMT_000114,SEG_000001,CL_MMA_DEC_000001,STRUCT_000009,CL_MMA_DEC_000001_HEAD_I_7_P002,CL_MMA_DEC_000001_HEAD_I_7,paragraph,145,2,114,"Por otro lado, con respecto a las emisiones de precursores de material particulado, 60% de emisiones de NOx corresponden al sector Transporte; 80% de emisiones de SOx corresponden al sector Industrial; 39,7% de emisiones de COV corresponden al sector Residencial; y 95,8% de emisiones de NH3 corresponden al sector Agroindustria.",259,588,15,15,element_inherited,spacy_sentence_boundaries_with_legal_postprocessing,completed,0,,,2026-07-23T15:53:28+00:00
CL_MMA_DEC_000001_STMT_000115,SEG_000001,CL_MMA_DEC_000001,STRUCT_000009,CL_MMA_DEC_000001_HEAD_I_7_P003,CL_MMA_DEC_000001_HEAD_I_7,paragraph,149,1,115,2016.,0,5,15,15,element_inherited,spacy_sentence_boundaries_with_legal_postprocessing,completed_with_warnings,1,very_short_sentence,Candidate has fewer than 20 characters or fewer than three word-like tokens.,2026-07-23T15:53:28+00:00
CL_MMA_DEC_000001_STMT_000116,SEG_000001,CL_MMA_DEC_000001,STRUCT_000009,CL_MMA_DEC_000001_HEAD_I_7_P003,CL_MMA_DEC_000001_HEAD_I_7,paragraph,149,2,116,Estudios elaborados para el MMA.,6,38,15,15,element_inherited,spacy_sentence_boundaries_with_legal_postprocessing,completed,0,,,2026-07-23T15:53:28+00:00
CL_MMA_DEC_000001_STMT_000117,SEG_000001,CL_MMA_DEC_000001,STRUCT_000009,CL_MMA_DEC_000001_HEAD_I_8_P001,CL_MMA_DEC_000001_HEAD_I_8,paragraph,153,1,117,"El DS N°39, de 2012, del Ministerio del Medio Ambiente, que aprueba el Reglamento para la Dictación de Planes de Prevención y Descontaminación, exige la elaboración de un Análisis General del Impacto Económico y Social (AGIES) de los planes de prevención y descontaminación atmosférica.",0,286,16,16,element_inherited,spacy_sentence_boundaries_with_legal_postprocessing,completed,0,,,2026-07-23T15:53:28+00:00
CL_MMA_DEC_000001_STMT_000118,SEG_000001,CL_MMA_DEC_000001,STRUCT_000009,CL_MMA_DEC_000001_HEAD_I_8_P002,CL_MMA_DEC_000001_HEAD_I_8,paragraph,154,1,118,"La metodología empleada en la elaboración del AGIES del anteproyecto de Plan de Prevención y Descontaminación Atmosférica para la Región Metropolitana de Santiago (PPDA) es el análisis Costo-Beneficio, ampliamente utilizado y recomendado en la literatura para la evaluación de proyectos sociales.",0,296,16,16,element_inherited,spacy_sentence_boundaries_with_legal_postprocessing,completed,0,,,2026-07-23T15:53:28+00:00
CL_MMA_DEC_000001_STMT_000119,SEG_000001,CL_MMA_DEC_000001,STRUCT_000009,CL_MMA_DEC_000001_HEAD_I_8_P002,CL_MMA_DEC_000001_HEAD_I_8,paragraph,154,2,119,"La reducción de emisiones asociadas a planes de descontaminación tiene efectos económicos, sociales y ambientales, que se resumen en beneficios para los receptores de las emisiones y costos para el regulado.",297,504,16,16,element_inherited,spacy_sentence_boundaries_with_legal_postprocessing,completed,0,,,2026-07-23T15:53:28+00:00
CL_MMA_DEC_000001_STMT_000120,SEG_000001,CL_MMA_DEC_000001,STRUCT_000009,CL_MMA_DEC_000001_HEAD_I_8_P003,CL_MMA_DEC_000001_HEAD_I_8,paragraph,155,1,120,"El AGIES tiene como objetivo evaluar los costos y beneficios asociados a las medidas propuestas en el anteproyecto, de tal forma de apoyar la toma de decisiones en el proceso de elaboración del Plan.",0,199,16,16,element_inherited,spacy_sentence_boundaries_with_legal_postprocessing,completed,0,,,2026-07-23T15:53:28+00:00
CL_MMA_DEC_000001_STMT_000121,SEG_000001,CL_MMA_DEC_000001,STRUCT_000009,CL_MMA_DEC_000001_HEAD_I_8_P003,CL_MMA_DEC_000001_HEAD_I_8,paragraph,155,2,121,"Los beneficios valorizados de las medidas del plan corresponden a impactos en la salud de la población expuesta, debido a la disminución de concentración ambiental de MP2,5 producto de la reducción de emisiones de las fuentes reguladas.",200,436,16,16,element_inherited,spacy_sentence_boundaries_with_legal_postprocessing,completed,0,,,2026-07-23T15:53:28+00:00
CL_MMA_DEC_000001_STMT_000122,SEG_000001,CL_MMA_DEC_000001,STRUCT_000009,CL_MMA_DEC_000001_HEAD_I_8_P003,CL_MMA_DEC_000001_HEAD_I_8,paragraph,155,3,122,"Específicamente, se valoran los eventos evitados de mortalidad prematura, morbilidad, días de actividad restringida y productividad perdida.",437,577,16,16,element_inherited,spacy_sentence_boundaries_with_legal_postprocessing,completed,0,,,2026-07-23T15:53:28+00:00
CL_MMA_DEC_000001_STMT_000123,SEG_000001,CL_MMA_DEC_000001,STRUCT_000009,CL_MMA_DEC_000001_HEAD_I_8_P003,CL_MMA_DEC_000001_HEAD_I_8,paragraph,155,4,123,Adicionalmente se valoran los beneficios por ahorros en el uso de combustible ante medidas que mejoran la eficiencia en el uso del mismo.,578,715,16,16,element_inherited,spacy_sentence_boundaries_with_legal_postprocessing,completed,0,,,2026-07-23T15:53:28+00:00
CL_MMA_DEC_000001_STMT_000124,SEG_000001,CL_MMA_DEC_000001,STRUCT_000009,CL_MMA_DEC_000001_HEAD_I_8_P004,CL_MMA_DEC_000001_HEAD_I_8,paragraph,156,1,124,"Dentro de las limitaciones del análisis se mencionan los beneficios por reducción de MP que no fueron valorizados tales como la mejora en visibilidad, en materiales, efectos sobre ecosistemas, disminución de gases de efecto invernadero, beneficios para la agricultura y suelos, imagen país, externalidades positivas asociadas a la educación ambiental, efectos en la salud en otras comunas del país y beneficios derivados de la reducción de Black Carbon10.",0,455,16,16,element_inherited,spacy_sentence_boundaries_with_legal_postprocessing,completed,0,,,2026-07-23T15:53:28+00:00
CL_MMA_DEC_000001_STMT_000125,SEG_000001,CL_MMA_DEC_000001,STRUCT_000009,CL_MMA_DEC_000001_HEAD_I_8_P005,CL_MMA_DEC_000001_HEAD_I_8,paragraph,157,1,125,"En relación a los costos, se incorporan los relacionados a inversión y operación asociados a la implementación de las medidas de reducción de emisiones de las fuentes emisoras.",0,176,16,16,element_inherited,spacy_sentence_boundaries_with_legal_postprocessing,completed,0,,,2026-07-23T15:53:28+00:00
CL_MMA_DEC_000001_STMT_000126,SEG_000001,CL_MMA_DEC_000001,STRUCT_000009,CL_MMA_DEC_000001_HEAD_I_8_P006,CL_MMA_DEC_000001_HEAD_I_8,paragraph,158,1,126,"Para el caso de las reducciones en concentraciones que generan las medidas de este Plan, se presentarán los resultados de MP2,5 con la finalidad de mostrar el cumplimiento del Plan dentro del plazo establecido.",0,210,17,17,element_inherited,spacy_sentence_boundaries_with_legal_postprocessing,completed,0,,,2026-07-23T15:53:28+00:00
CL_MMA_DEC_000001_STMT_000127,SEG_000001,CL_MMA_DEC_000001,STRUCT_000009,CL_MMA_DEC_000001_HEAD_I_8_P007,CL_MMA_DEC_000001_HEAD_I_8,paragraph,159,1,127,"A continuación, en la Tabla I-8, se presentan los principales resultados de la elaboración del AGIES, bajo la metodología de Análisis Costo - Beneficio utilizada y considerando las medidas propuestas en el presente Plan.",0,220,17,17,element_inherited,spacy_sentence_boundaries_with_legal_postprocessing,completed,0,,,2026-07-23T15:53:28+00:00
CL_MMA_DEC_000001_STMT_000128,SEG_000001,CL_MMA_DEC_000001,STRUCT_000009,CL_MMA_DEC_000001_HEAD_I_8_P008,CL_MMA_DEC_000001_HEAD_I_8,paragraph,160,1,128,La reducción en emisiones (ton/año) se representa mediante el símbolo ?.,0,72,17,17,element_inherited,spacy_sentence_boundaries_with_legal_postprocessing,completed,0,,,2026-07-23T15:53:28+00:00
CL_MMA_DEC_000001_STMT_000129,SEG_000001,CL_MMA_DEC_000001,STRUCT_000009,CL_MMA_DEC_000001_HEAD_I_8_P008,CL_MMA_DEC_000001_HEAD_I_8,paragraph,160,2,129,"Los resultados indican que casi todos los sectores aportan en la reducción de emisiones, pero que el sector residencial, maquinaria fuera de ruta y transporte son los que más contribuyen, con un 30%, 25% y un 24% respectivamente de las reducciones del PPDA.",73,330,17,17,element_inherited,spacy_sentence_boundaries_with_legal_postprocessing,completed,0,,,2026-07-23T15:53:28+00:00
CL_MMA_DEC_000001_STMT_000130,SEG_000001,CL_MMA_DEC_000001,STRUCT_000009,CL_MMA_DEC_000001_HEAD_I_8_P009,CL_MMA_DEC_000001_HEAD_I_8,paragraph,161,1,130,"------------------------------------------------ 10 Es un agente capaz de afectar el clima, formado debido a combustión incompleta de combustibles fósiles, biocombustibles y bioma-sa.",0,183,17,17,element_inherited,spacy_sentence_boundaries_with_legal_postprocessing,completed,0,,,2026-07-23T15:53:28+00:00
CL_MMA_DEC_000001_STMT_000131,SEG_000001,CL_MMA_DEC_000001,STRUCT_000009,CL_MMA_DEC_000001_HEAD_I_8_P009,CL_MMA_DEC_000001_HEAD_I_8,paragraph,161,2,131,"Corresponde a carbón puro que absorbe calor en la atmósfera, con tiempo de residencia que va de días a semanas.",184,295,17,17,element_inherited,spacy_sentence_boundaries_with_legal_postprocessing,completed,0,,,2026-07-23T15:53:28+00:00
CL_MMA_DEC_000001_STMT_000132,SEG_000001,CL_MMA_DEC_000001,STRUCT_000009,CL_MMA_DEC_000001_HEAD_I_8_P010,CL_MMA_DEC_000001_HEAD_I_8,paragraph,162,1,132,Se asocia al aumento de la temperatura global.,0,46,17,17,element_inherited,spacy_sentence_boundaries_with_legal_postprocessing,completed,0,,,2026-07-23T15:53:28+00:00
CL_MMA_DEC_000001_STMT_000133,SEG_000001,CL_MMA_DEC_000001,STRUCT_000009,CL_MMA_DEC_000001_HEAD_I_8_P011,CL_MMA_DEC_000001_HEAD_I_8,paragraph,165,1,133,"Por otro lado, los beneficios del PPDA son muy superiores a los costos estimados, con un beneficio neto de 6.965 MM USD y una razón beneficio-costo de 8.",0,153,17,17,element_inherited,spacy_sentence_boundaries_with_legal_postprocessing,completed,0,,,2026-07-23T15:53:28+00:00
CL_MMA_DEC_000001_STMT_000134,SEG_000001,CL_MMA_DEC_000001,STRUCT_000009,CL_MMA_DEC_000001_HEAD_I_8_P012,CL_MMA_DEC_000001_HEAD_I_8,paragraph,166,1,134,El sector trasporte es el de mayor aporte en los beneficios producto de que dichas medidas tienen un impacto importante en la reducción de consumo de combustible.,0,162,17,17,element_inherited,spacy_sentence_boundaries_with_legal_postprocessing,completed,0,,,2026-07-23T15:53:28+00:00
CL_MMA_DEC_000001_STMT_000135,SEG_000001,CL_MMA_DEC_000001,STRUCT_000009,CL_MMA_DEC_000001_HEAD_I_8_P012,CL_MMA_DEC_000001_HEAD_I_8,paragraph,166,2,135,El siguiente Gráfico I 11 muestra en valor presente de los beneficios y costos asociados a la implementación del plan:,163,281,17,17,element_inherited,spacy_sentence_boundaries_with_legal_postprocessing,completed_with_warnings,1,missing_terminal_punctuation,"Candidate lacks final period, question mark, or exclamation mark; list items may be legitimate.",2026-07-23T15:53:28+00:00
CL_MMA_DEC_000001_STMT_000136,SEG_000001,CL_MMA_DEC_000001,STRUCT_000009,CL_MMA_DEC_000001_HEAD_I_8_P013,CL_MMA_DEC_000001_HEAD_I_8,paragraph,169,1,136,"La reducción de la concentración anual para MP2,5 alcanza el objetivo propuesto por la norma de 20 µg/m3 para el año 2025.",0,122,18,18,element_inherited,spacy_sentence_boundaries_with_legal_postprocessing,completed,0,,,2026-07-23T15:53:28+00:00
CL_MMA_DEC_000001_STMT_000137,SEG_000001,CL_MMA_DEC_000001,STRUCT_000009,CL_MMA_DEC_000001_HEAD_I_8_P013,CL_MMA_DEC_000001_HEAD_I_8,paragraph,169,2,137,El conjunto de medidas con mayor reducción corresponde a las aplicadas al sector transporte y maquinaria fuera de ruta (49%) seguido por el sector residencial (30%).,123,288,18,18,element_inherited,spacy_sentence_boundaries_with_legal_postprocessing,completed,0,,,2026-07-23T15:53:28+00:00
CL_MMA_DEC_000001_STMT_000138,SEG_000001,CL_MMA_DEC_000001,STRUCT_000009,CL_MMA_DEC_000001_HEAD_I_8_P013,CL_MMA_DEC_000001_HEAD_I_8,paragraph,169,3,138,Estos dos sectores aportan con 10 µg/m3 en la mejora de calidad del aire al año 2026.,289,374,18,18,element_inherited,spacy_sentence_boundaries_with_legal_postprocessing,completed,0,,,2026-07-23T15:53:28+00:00
CL_MMA_DEC_000001_STMT_000139,SEG_000001,CL_MMA_DEC_000001,STRUCT_000009,CL_MMA_DEC_000001_HEAD_I_8_P013,CL_MMA_DEC_000001_HEAD_I_8,paragraph,169,4,139,Aunque aportan en menor medida también es necesario implementar medidas en el sector de quemas agrícolas a fin de lograr la meta del PPDA.,375,513,18,18,element_inherited,spacy_sentence_boundaries_with_legal_postprocessing,completed,0,,,2026-07-23T15:53:28+00:00
CL_MMA_DEC_000001_STMT_000140,SEG_000001,CL_MMA_DEC_000001,STRUCT_000009,CL_MMA_DEC_000001_HEAD_I_8_P014,CL_MMA_DEC_000001_HEAD_I_8,paragraph,170,1,140,"Por último, cabe destacar los casos de mortalidad prematura que se evitarían con la implementación de las medidas del plan, los que se estiman en 2.237 para el año 2026, con un total de 12.413 casos evitados entre los años 2017 y 2026, tal como se puede observar en la Tabla I 9.",0,279,18,18,element_inherited,spacy_sentence_boundaries_with_legal_postprocessing,completed,0,,,2026-07-23T15:53:28+00:00
CL_MMA_DEC_000001_STMT_000141,SEG_000001,CL_MMA_DEC_000001,STRUCT_000009,CL_MMA_DEC_000001_HEAD_I_8_P015,CL_MMA_DEC_000001_HEAD_I_8,paragraph,172,1,141,"En resumen, el resultado del AGIES arrojó para el presente Plan lo siguiente:",0,77,18,18,element_inherited,spacy_sentence_boundaries_with_legal_postprocessing,completed_with_warnings,1,missing_terminal_punctuation,"Candidate lacks final period, question mark, or exclamation mark; list items may be legitimate.",2026-07-23T15:53:28+00:00
CL_MMA_DEC_000001_STMT_000142,SEG_000001,CL_MMA_DEC_000001,STRUCT_000009,CL_MMA_DEC_000001_HEAD_I_8_ITEM_1,CL_MMA_DEC_000001_HEAD_I_8,numbered_item,173,1,142,"Las medidas de reducción de emisiones propuestas permitirán cumplir tanto las normas de MP2,5 diaria y anualal año 2024 y 2025 respectivamente, con importantes aportes del sector transporte, residencial e industrial.",0,216,18,18,element_inherited,spacy_sentence_boundaries_with_legal_postprocessing,completed,0,,,2026-07-23T15:53:28+00:00
CL_MMA_DEC_000001_STMT_000143,SEG_000001,CL_MMA_DEC_000001,STRUCT_000009,CL_MMA_DEC_000001_HEAD_I_8_ITEM_1,CL_MMA_DEC_000001_HEAD_I_8,numbered_item,173,2,143,"De la misma manera, el ozono saldría de zona saturada y el CO de zona latente.",217,295,18,18,element_inherited,spacy_sentence_boundaries_with_legal_postprocessing,completed,0,,,2026-07-23T15:53:28+00:00
CL_MMA_DEC_000001_STMT_000144,SEG_000001,CL_MMA_DEC_000001,STRUCT_000009,CL_MMA_DEC_000001_HEAD_I_8_ITEM_2,CL_MMA_DEC_000001_HEAD_I_8,numbered_item,174,1,144,"El conjunto de medidas con mayor reducción corresponde a las aplicadas al sector residencial (30% de las reducciones), seguido por el sector maquinaria de fuera de ruta (25%) y por el sector transporte (24%).",0,208,18,18,element_inherited,spacy_sentence_boundaries_with_legal_postprocessing,completed,0,,,2026-07-23T15:53:28+00:00
CL_MMA_DEC_000001_STMT_000145,SEG_000001,CL_MMA_DEC_000001,STRUCT_000009,CL_MMA_DEC_000001_HEAD_I_8_ITEM_2,CL_MMA_DEC_000001_HEAD_I_8,numbered_item,174,2,145,"Estos tres sectores aportan con 10 µg/m3 para MP2,5 en la mejora de calidad del aire.",209,294,18,18,element_inherited,spacy_sentence_boundaries_with_legal_postprocessing,completed,0,,,2026-07-23T15:53:28+00:00
CL_MMA_DEC_000001_STMT_000146,SEG_000001,CL_MMA_DEC_000001,STRUCT_000009,CL_MMA_DEC_000001_HEAD_I_8_ITEM_2,CL_MMA_DEC_000001_HEAD_I_8,numbered_item,174,3,146,Aunque aportan en menor medida también es necesario implementar medidas en el sector de quemas agrícolas a fin de lograr la meta del PPDA,295,432,18,18,element_inherited,spacy_sentence_boundaries_with_legal_postprocessing,completed_with_warnings,1,missing_terminal_punctuation,"Candidate lacks final period, question mark, or exclamation mark; list items may be legitimate.",2026-07-23T15:53:28+00:00
CL_MMA_DEC_000001_STMT_000147,SEG_000001,CL_MMA_DEC_000001,STRUCT_000009,CL_MMA_DEC_000001_HEAD_I_8_ITEM_3,CL_MMA_DEC_000001_HEAD_I_8,numbered_item,175,1,147,La reducción de emisiones generará los siguientes beneficios: reducción de los casos de mortalidad; reducción de efectos en la salud humana con la consecuente disminución de costos en salud; y reducciones en consumo de combustible principalmente para el sector transporte.,0,272,18,18,element_inherited,spacy_sentence_boundaries_with_legal_postprocessing,completed,0,,,2026-07-23T15:53:28+00:00
CL_MMA_DEC_000001_STMT_000148,SEG_000001,CL_MMA_DEC_000001,STRUCT_000009,CL_MMA_DEC_000001_HEAD_I_8_ITEM_3,CL_MMA_DEC_000001_HEAD_I_8,numbered_item,175,2,148,"Adicionalmente, la reducción de MP posee otros beneficios no cuantificados en este análisis como mejora en la visibilidad, disminución de efectos negativos en ecosistemas, entre otros.",273,457,18,18,element_inherited,spacy_sentence_boundaries_with_legal_postprocessing,completed,0,,,2026-07-23T15:53:28+00:00
CL_MMA_DEC_000001_STMT_000149,SEG_000001,CL_MMA_DEC_000001,STRUCT_000009,CL_MMA_DEC_000001_HEAD_I_8_ITEM_4,CL_MMA_DEC_000001_HEAD_I_8,numbered_item,176,1,149,"Los beneficios valorizados se estiman en 7.977 MM USD, para un horizonte de evaluación de 10 años11 atribuibles principalmente al sector transporte (61%).",0,154,18,19,element_inherited,spacy_sentence_boundaries_with_legal_postprocessing,completed,0,,,2026-07-23T15:53:28+00:00
CL_MMA_DEC_000001_STMT_000150,SEG_000001,CL_MMA_DEC_000001,STRUCT_000009,CL_MMA_DEC_000001_HEAD_I_8_ITEM_5,CL_MMA_DEC_000001_HEAD_I_8,numbered_item,177,1,150,"Los costos valorizados se estiman en 1.013 MM USD, para un horizonte de evaluación de 10 años atribuibles, al igual que en los beneficios, al sector transporte (92%) e industrial (7%).",0,184,19,19,element_inherited,spacy_sentence_boundaries_with_legal_postprocessing,completed,0,,,2026-07-23T15:53:28+00:00
CL_MMA_DEC_000001_STMT_000151,SEG_000001,CL_MMA_DEC_000001,STRUCT_000009,CL_MMA_DEC_000001_HEAD_I_8_ITEM_5,CL_MMA_DEC_000001_HEAD_I_8,numbered_item,177,2,151,"El sector residencial aporta tan solo con un 1,3%, transformándolo en un sector altamente costo-efectivo en la reducción de emisiones.",185,319,19,19,element_inherited,spacy_sentence_boundaries_with_legal_postprocessing,completed,0,,,2026-07-23T15:53:28+00:00
CL_MMA_DEC_000001_STMT_000152,SEG_000001,CL_MMA_DEC_000001,STRUCT_000009,CL_MMA_DEC_000001_HEAD_I_8_ITEM_6,CL_MMA_DEC_000001_HEAD_I_8,numbered_item,178,1,152,"Los beneficios netos12 en valor presente a 10 años se estiman en 6.965 MM USD, con una razón beneficio-costo de 8.",0,114,19,19,element_inherited,spacy_sentence_boundaries_with_legal_postprocessing,completed,0,,,2026-07-23T15:53:28+00:00
CL_MMA_DEC_000001_STMT_000153,SEG_000001,CL_MMA_DEC_000001,STRUCT_000009,CL_MMA_DEC_000001_HEAD_I_8_P016,CL_MMA_DEC_000001_HEAD_I_8,paragraph,179,1,153,"Lo anterior permite concluir que la implementación del PPDA de la Región Metropolitana de Santiago es altamente rentable desde el punto de vista social, mejorando significativamente la calidad de vida de los habitantes de la región y consecuente con los objetivos de Gobierno en materia de reducción de la contaminación atmosférica.",0,332,19,19,element_inherited,spacy_sentence_boundaries_with_legal_postprocessing,completed,0,,,2026-07-23T15:53:28+00:00
CL_MMA_DEC_000001_STMT_000154,SEG_000001,CL_MMA_DEC_000001,STRUCT_000009,CL_MMA_DEC_000001_HEAD_I_9_P001,CL_MMA_DEC_000001_HEAD_I_9,paragraph,181,1,154,"El presente PPDA focaliza sus esfuerzos en la reducción del MP2,5, lo que conlleva co-beneficios al reducir las partículas o aerosoles de carbono negro (conocido como black carbon BC en inglés).",0,194,19,19,element_inherited,spacy_sentence_boundaries_with_legal_postprocessing,completed,0,,,2026-07-23T15:53:28+00:00
CL_MMA_DEC_000001_STMT_000155,SEG_000001,CL_MMA_DEC_000001,STRUCT_000009,CL_MMA_DEC_000001_HEAD_I_9_P001,CL_MMA_DEC_000001_HEAD_I_9,paragraph,181,2,155,"El carbono negro es un contaminante climático de vida corta y se forma como resultado de la combustión incompleta de combustibles fósiles (diésel, petróleos pesados y carbón) y de la leña.",195,383,19,19,element_inherited,spacy_sentence_boundaries_with_legal_postprocessing,completed,0,,,2026-07-23T15:53:28+00:00
CL_MMA_DEC_000001_STMT_000156,SEG_000001,CL_MMA_DEC_000001,STRUCT_000009,CL_MMA_DEC_000001_HEAD_I_9_P001,CL_MMA_DEC_000001_HEAD_I_9,paragraph,181,3,156,"La evidencia demuestra los efectos de las partículas de carbono negro, tanto en la salud de las personas más vulnerables, así como también, sobre otros objetivos de protección.",384,560,19,19,element_inherited,spacy_sentence_boundaries_with_legal_postprocessing,completed,0,,,2026-07-23T15:53:28+00:00
CL_MMA_DEC_000001_STMT_000157,SEG_000001,CL_MMA_DEC_000001,STRUCT_000009,CL_MMA_DEC_000001_HEAD_I_9_P001,CL_MMA_DEC_000001_HEAD_I_9,paragraph,181,4,157,"Las campañas de medición de calidad del aire en la Región Metropolitana, muestran altos niveles de ""black carbon"".",561,675,19,19,element_inherited,spacy_sentence_boundaries_with_legal_postprocessing,completed,0,,,2026-07-23T15:53:28+00:00
CL_MMA_DEC_000001_STMT_000158,SEG_000001,CL_MMA_DEC_000001,STRUCT_000009,CL_MMA_DEC_000001_HEAD_I_9_P002,CL_MMA_DEC_000001_HEAD_I_9,paragraph,182,1,158,"Por otra parte, Chile expresó en el Acuerdo Climático de París 2015 que ""los esfuerzos que se realicen en el abatimiento de carbono negro en las zonas del país con altos niveles, son un aporte a la sustentabilidad del desarrollo de Chile y está disponible para recibir diversas formas de cooperación técnica y financiamiento internacional que apoye tales iniciativas"" (Fuente: Chile en su Contribución Nacional Tentativa INDC, por sus siglas en inglés).",0,453,19,19,element_inherited,spacy_sentence_boundaries_with_legal_postprocessing,completed,0,,,2026-07-23T15:53:28+00:00
CL_MMA_DEC_000001_STMT_000159,SEG_000001,CL_MMA_DEC_000001,STRUCT_000009,CL_MMA_DEC_000001_HEAD_I_9_P003,CL_MMA_DEC_000001_HEAD_I_9,paragraph,183,1,159,-------------------------------------------- 11 Supuestos generales.,0,68,19,19,element_inherited,spacy_sentence_boundaries_with_legal_postprocessing,completed,0,,,2026-07-23T15:53:28+00:00
CL_MMA_DEC_000001_STMT_000160,SEG_000001,CL_MMA_DEC_000001,STRUCT_000009,CL_MMA_DEC_000001_HEAD_I_9_P003,CL_MMA_DEC_000001_HEAD_I_9,paragraph,183,2,160,"Valor de la vida estadística=10.850 UF al año 2002 (Tragüen y Ortúzar, 2004), proyectado según poder de paridad de compra y crecimiento de la población / Tasa de descuento=6% / Horizonte de evaluación=10 años / Tipo cambio dólar: 684 CLP / Tipo cambio UF: 25.115 CLP.",69,336,19,19,element_inherited,spacy_sentence_boundaries_with_legal_postprocessing,completed,0,,,2026-07-23T15:53:28+00:00
CL_MMA_DEC_000001_STMT_000161,SEG_000001,CL_MMA_DEC_000001,STRUCT_000009,CL_MMA_DEC_000001_HEAD_I_9_P004,CL_MMA_DEC_000001_HEAD_I_9,paragraph,184,1,161,12 Los beneficios netos corresponden a los beneficios menos los costos.,0,71,19,19,element_inherited,spacy_sentence_boundaries_with_legal_postprocessing,completed,0,,,2026-07-23T15:53:28+00:00
CL_MMA_DEC_000001_STMT_000162,SEG_000001,CL_MMA_DEC_000001,STRUCT_000009,CL_MMA_DEC_000001_HEAD_I_9_P005,CL_MMA_DEC_000001_HEAD_I_9,paragraph,185,1,162,"De esta forma, las medidas estructurales y efectivas que reduzcan las emisiones del ""black carbon"" y dado su menor tiempo de vida en la atmósfera, logran contribuir en el corto plazo a una reducción de la tasa de calentamiento global.",0,234,19,19,element_inherited,spacy_sentence_boundaries_with_legal_postprocessing,completed,0,,,2026-07-23T15:53:28+00:00
CL_MMA_DEC_000001_STMT_000163,SEG_000001,CL_MMA_DEC_000001,STRUCT_000009,CL_MMA_DEC_000001_HEAD_I_9_P005,CL_MMA_DEC_000001_HEAD_I_9,paragraph,185,2,163,"Esto es, si sumamos las estrategias locales de descontaminación del aire con las acciones globales.",235,334,19,19,element_inherited,spacy_sentence_boundaries_with_legal_postprocessing,completed,0,,,2026-07-23T15:53:28+00:00
CL_MMA_DEC_000001_STMT_000164,SEG_000001,CL_MMA_DEC_000001,STRUCT_000009,CL_MMA_DEC_000001_HEAD_I_9_P006,CL_MMA_DEC_000001_HEAD_I_9,paragraph,186,1,164,"El presente PPDA, tiene impactos no cuantificados en la reducción del ""black carbon"".",0,85,19,19,element_inherited,spacy_sentence_boundaries_with_legal_postprocessing,completed,0,,,2026-07-23T15:53:28+00:00
CL_MMA_DEC_000001_STMT_000165,SEG_000001,CL_MMA_DEC_000001,STRUCT_000009,CL_MMA_DEC_000001_HEAD_I_9_P006,CL_MMA_DEC_000001_HEAD_I_9,paragraph,186,2,165,"De hecho, el programa de medio ambiente de las Naciones Unidas, identificó una serie de medidas con efectos en el corto plazo para la protección del clima y con beneficios en calidad del aire, por ejemplo, el reemplazo de cocinas a biomasa por cocinas con otros combustibles modernos; el reemplazo de cocinas y calefactores tradicionales por otros de combustión limpia a biomasa; el reemplazo de estufas a leña por estufas a pellet; eliminar vehículos diésel de alta emisión y la prohibición de las quemas agrícolas.",86,602,19,19,element_inherited,spacy_sentence_boundaries_with_legal_postprocessing,completed,0,,,2026-07-23T15:53:28+00:00
CL_MMA_DEC_000001_STMT_000166,SEG_000001,CL_MMA_DEC_000001,STRUCT_000009,CL_MMA_DEC_000001_HEAD_I_9_P007,CL_MMA_DEC_000001_HEAD_I_9,paragraph,187,1,166,"Las medidas mencionadas se alinean con las acciones establecidas en los planes de descontaminación de la zona sur del país; y también, con las medidas que se disponen en el presente Plan, implicando por lo tanto un compromiso país y una visión estratégica de lo local a lo global para combatir el cambio climático.",0,314,19,19,element_inherited,spacy_sentence_boundaries_with_legal_postprocessing,completed,0,,,2026-07-23T15:53:28+00:00
CL_MMA_DEC_000001_STMT_000167,SEG_000001,CL_MMA_DEC_000001,STRUCT_000009,CL_MMA_DEC_000001_ART_Artículo_3_P001,CL_MMA_DEC_000001_ART_Artículo_3,paragraph,190,1,167,Para efectos de lo dispuesto en el presente Plan se entenderá por:,0,66,19,19,element_inherited,spacy_sentence_boundaries_with_legal_postprocessing,completed_with_warnings,1,missing_terminal_punctuation,"Candidate lacks final period, question mark, or exclamation mark; list items may be legitimate.",2026-07-23T15:53:28+00:00
CL_MMA_DEC_000001_STMT_000168,SEG_000001,CL_MMA_DEC_000001,STRUCT_000009,CL_MMA_DEC_000001_ART_Artículo_3_ITEM_1,CL_MMA_DEC_000001_ART_Artículo_3,numbered_item,191,1,168,Brasero: Recipiente metálico abierto que se utiliza para combustionar leña y/o carbón vegetal para calefacción.,0,111,19,19,element_inherited,spacy_sentence_boundaries_with_legal_postprocessing,completed,0,,,2026-07-23T15:53:28+00:00
CL_MMA_DEC_000001_STMT_000169,SEG_000001,CL_MMA_DEC_000001,STRUCT_000009,CL_MMA_DEC_000001_ART_Artículo_3_ITEM_2,CL_MMA_DEC_000001_ART_Artículo_3,numbered_item,192,1,169,"Briqueta: Combustible sólido, generalmente de forma cilíndrica, elaborado a partir de biomasa densificada de tamaño superior al pellet de madera, según lo establece la Norma NCh3246.",0,182,19,19,element_inherited,spacy_sentence_boundaries_with_legal_postprocessing,completed,0,,,2026-07-23T15:53:28+00:00
CL_MMA_DEC_000001_STMT_000170,SEG_000001,CL_MMA_DEC_000001,STRUCT_000009,CL_MMA_DEC_000001_ART_Artículo_3_ITEM_3,CL_MMA_DEC_000001_ART_Artículo_3,numbered_item,193,1,170,"Caldera: Unidad principalmente diseñada para generar agua caliente, calentar un fluido térmico y/o para generar vapor de agua, mediante la acción del calor.",0,156,20,20,element_inherited,spacy_sentence_boundaries_with_legal_postprocessing,completed,0,,,2026-07-23T15:53:28+00:00
CL_MMA_DEC_000001_STMT_000171,SEG_000001,CL_MMA_DEC_000001,STRUCT_000009,CL_MMA_DEC_000001_ART_Artículo_3_ITEM_4,CL_MMA_DEC_000001_ART_Artículo_3,numbered_item,194,1,171,Caldera de calefacción: Corresponde a aquella caldera que entrega calor con el fin de alcanzar una temperatura de confort al interior de uno o varios espacios.,0,159,20,20,element_inherited,spacy_sentence_boundaries_with_legal_postprocessing,completed,0,,,2026-07-23T15:53:28+00:00
CL_MMA_DEC_000001_STMT_000172,SEG_000001,CL_MMA_DEC_000001,STRUCT_000009,CL_MMA_DEC_000001_ART_Artículo_3_ITEM_5,CL_MMA_DEC_000001_ART_Artículo_3,numbered_item,195,1,172,Caldera existente: Aquella caldera que se encuentra operando a la fecha de entrada en vigencia del presente plan o aquella que entre en operación dentro de los 12 meses siguientes a dicha fecha.,0,194,20,20,element_inherited,spacy_sentence_boundaries_with_legal_postprocessing,completed,0,,,2026-07-23T15:53:28+00:00
CL_MMA_DEC_000001_STMT_000173,SEG_000001,CL_MMA_DEC_000001,STRUCT_000009,CL_MMA_DEC_000001_ART_Artículo_3_ITEM_6,CL_MMA_DEC_000001_ART_Artículo_3,numbered_item,196,1,173,Caldera nueva: Aquella caldera que entra en operación a contar de los 12 meses siguientes de la entrada en vigencia del presente Plan.,0,134,20,20,element_inherited,spacy_sentence_boundaries_with_legal_postprocessing,completed,0,,,2026-07-23T15:53:28+00:00
CL_MMA_DEC_000001_STMT_000174,SEG_000001,CL_MMA_DEC_000001,STRUCT_000009,CL_MMA_DEC_000001_ART_Artículo_3_ITEM_7,CL_MMA_DEC_000001_ART_Artículo_3,numbered_item,197,1,174,"Calefactor: Artefacto que combustiona o puede combustionar leña, briquetas o pellet de madera, fabricado, construido o armado, que tiene una potencia térmica nominal menor o igual a 25 kW, de alimentación manual o automática, de combustión cerrada, provisto de un ducto de evacuación de gases al exterior, destinado para la calefacción en el espacio en que se instala y su alrededor.",0,383,20,20,element_inherited,spacy_sentence_boundaries_with_legal_postprocessing,completed,0,,,2026-07-23T15:53:28+00:00
CL_MMA_DEC_000001_STMT_000175,SEG_000001,CL_MMA_DEC_000001,STRUCT_000009,CL_MMA_DEC_000001_ART_Artículo_3_ITEM_8,CL_MMA_DEC_000001_ART_Artículo_3,numbered_item,198,1,175,Calefactor hechizo: Artefacto utilizado para la calefacción y/o cocción de alimentos.,0,85,20,20,element_inherited,spacy_sentence_boundaries_with_legal_postprocessing,completed,0,,,2026-07-23T15:53:28+00:00
CL_MMA_DEC_000001_STMT_000176,SEG_000001,CL_MMA_DEC_000001,STRUCT_000009,CL_MMA_DEC_000001_ART_Artículo_3_ITEM_8,CL_MMA_DEC_000001_ART_Artículo_3,numbered_item,198,2,176,Se fabrica en hojalaterías o talleres de forma artesanal.,86,143,20,20,element_inherited,spacy_sentence_boundaries_with_legal_postprocessing,completed,0,,,2026-07-23T15:53:28+00:00
CL_MMA_DEC_000001_STMT_000177,SEG_000001,CL_MMA_DEC_000001,STRUCT_000009,CL_MMA_DEC_000001_ART_Artículo_3_ITEM_8,CL_MMA_DEC_000001_ART_Artículo_3,numbered_item,198,3,177,"No posee templador, tiene evacuación directa de gases de combustión y son reconocibles por la falta de terminaciones y soldaduras visibles en sus uniones.",144,298,20,20,element_inherited,spacy_sentence_boundaries_with_legal_postprocessing,completed,0,,,2026-07-23T15:53:28+00:00
CL_MMA_DEC_000001_STMT_000178,SEG_000001,CL_MMA_DEC_000001,STRUCT_000009,CL_MMA_DEC_000001_ART_Artículo_3_ITEM_9,CL_MMA_DEC_000001_ART_Artículo_3,numbered_item,199,1,178,Calefactor nuevo: Aquel calefactor que es comercializado con posterioridad a la fecha de entrada en vigencia del presente decreto.,0,130,20,20,element_inherited,spacy_sentence_boundaries_with_legal_postprocessing,completed,0,,,2026-07-23T15:53:28+00:00
CL_MMA_DEC_000001_STMT_000179,SEG_000001,CL_MMA_DEC_000001,STRUCT_000009,CL_MMA_DEC_000001_ART_Artículo_3_ITEM_10,CL_MMA_DEC_000001_ART_Artículo_3,numbered_item,200,1,179,"Calefacción distrital: Sistema de generación y distribución centralizada de calor, mediante el cual se proporciona un servicio de calefacción y agua caliente sanitaria a un conjunto de edificaciones conectadas en red.",0,217,20,20,element_inherited,spacy_sentence_boundaries_with_legal_postprocessing,completed,0,,,2026-07-23T15:53:28+00:00
CL_MMA_DEC_000001_STMT_000180,SEG_000001,CL_MMA_DEC_000001,STRUCT_000009,CL_MMA_DEC_000001_ART_Artículo_3_ITEM_11,CL_MMA_DEC_000001_ART_Artículo_3,numbered_item,201,1,180,"Carbón vegetal: Combustible sólido de color negruzco, de composición porosa y frágil, con un alto contenido de carbono (alrededor del 80%), producido por el calentamiento de madera y/o residuos vegetales.",0,204,20,20,element_inherited,spacy_sentence_boundaries_with_legal_postprocessing,completed,0,,,2026-07-23T15:53:28+00:00
CL_MMA_DEC_000001_STMT_000181,SEG_000001,CL_MMA_DEC_000001,STRUCT_000009,CL_MMA_DEC_000001_ART_Artículo_3_ITEM_12,CL_MMA_DEC_000001_ART_Artículo_3,numbered_item,202,1,181,Carro ambulante: Sistema móvil que combustiona o puede combustionar combustibles sólidos y cuya finalidad es la cocción de alimentos.,0,133,20,20,element_inherited,spacy_sentence_boundaries_with_legal_postprocessing,completed,0,,,2026-07-23T15:53:28+00:00
CL_MMA_DEC_000001_STMT_000182,SEG_000001,CL_MMA_DEC_000001,STRUCT_000009,CL_MMA_DEC_000001_ART_Artículo_3_ITEM_13,CL_MMA_DEC_000001_ART_Artículo_3,numbered_item,203,1,182,"Cocina a leña: Artefacto que combustiona o puede combustionar leña, diseñado principalmente para transferir calor a los alimentos provisto de un horno no removible.",0,164,20,20,element_inherited,spacy_sentence_boundaries_with_legal_postprocessing,completed,0,,,2026-07-23T15:53:28+00:00
CL_MMA_DEC_000001_STMT_000183,SEG_000001,CL_MMA_DEC_000001,STRUCT_000009,CL_MMA_DEC_000001_ART_Artículo_3_ITEM_14,CL_MMA_DEC_000001_ART_Artículo_3,numbered_item,204,1,183,"Cogeneración: Generación en un solo proceso, de energía eléctrica o mecánica, combinada con la producción de calor.",0,115,20,20,element_inherited,spacy_sentence_boundaries_with_legal_postprocessing,completed,0,,,2026-07-23T15:53:28+00:00
CL_MMA_DEC_000001_STMT_000184,SEG_000001,CL_MMA_DEC_000001,STRUCT_000009,CL_MMA_DEC_000001_ART_Artículo_3_ITEM_15,CL_MMA_DEC_000001_ART_Artículo_3,numbered_item,205,1,184,Condiciones normales (N): corresponde a una condición donde la temperatura es de 25 grados Celsius (°C) y la presión es de 1 atmósfera (atm).,0,141,20,20,element_inherited,spacy_sentence_boundaries_with_legal_postprocessing,completed,0,,,2026-07-23T15:53:28+00:00
CL_MMA_DEC_000001_STMT_000185,SEG_000001,CL_MMA_DEC_000001,STRUCT_000009,CL_MMA_DEC_000001_ART_Artículo_3_ITEM_16,CL_MMA_DEC_000001_ART_Artículo_3,numbered_item,206,1,185,Derivados de la madera: Aquellos productos sólidos que han sido obtenidos a partir de un proceso físico de transformación de la madera.,0,135,20,20,element_inherited,spacy_sentence_boundaries_with_legal_postprocessing,completed,0,,,2026-07-23T15:53:28+00:00
CL_MMA_DEC_000001_STMT_000186,SEG_000001,CL_MMA_DEC_000001,STRUCT_000009,CL_MMA_DEC_000001_ART_Artículo_3_ITEM_17,CL_MMA_DEC_000001_ART_Artículo_3,numbered_item,207,1,186,"Emisión: Es la descarga directa o indirecta a la atmósfera de gases o partículas por una chimenea, ducto o punto de descarga.",0,125,20,20,element_inherited,spacy_sentence_boundaries_with_legal_postprocessing,completed,0,,,2026-07-23T15:53:28+00:00
CL_MMA_DEC_000001_STMT_000187,SEG_000001,CL_MMA_DEC_000001,STRUCT_000009,CL_MMA_DEC_000001_ART_Artículo_3_ITEM_18,CL_MMA_DEC_000001_ART_Artículo_3,numbered_item,208,1,187,"Establecimiento: Recintos o locales vinculados a un mismo proceso productivo en el que se realiza una o varias actividades económicas, que producen una transformación de la materia prima o materiales empleados; o que no produciendo una transformación en su esencia, dan origen a nuevos productos; y que en este proceso originan emisiones, residuos y/o transferencias de contaminantes; así como cualesquiera otras actividades directamente relacionadas con aquellas, realizadas o no en el mismo emplazamiento y que puedan tener repercusiones sobre la generación de emisiones, residuos y/o transferencias de contaminantes.",0,619,20,20,element_inherited,spacy_sentence_boundaries_with_legal_postprocessing,completed,0,,,2026-07-23T15:53:28+00:00
CL_MMA_DEC_000001_STMT_000188,SEG_000001,CL_MMA_DEC_000001,STRUCT_000009,CL_MMA_DEC_000001_ART_Artículo_3_ITEM_19,CL_MMA_DEC_000001_ART_Artículo_3,numbered_item,209,1,188,"Fuente: Es toda actividad, proceso, operación o dispositivo móvil o estacionario que independiente de su campo de aplicación, produzca o pueda producir emisiones.",0,162,20,20,element_inherited,spacy_sentence_boundaries_with_legal_postprocessing,completed,0,,,2026-07-23T15:53:28+00:00
CL_MMA_DEC_000001_STMT_000189,SEG_000001,CL_MMA_DEC_000001,STRUCT_000009,CL_MMA_DEC_000001_ART_Artículo_3_ITEM_20,CL_MMA_DEC_000001_ART_Artículo_3,numbered_item,210,1,189,"Fuente estacionaria: Es toda fuente diseñada para operar en un lugar fijo, cuyas emisiones se descargan a través de un ducto o chimenea.",0,136,20,20,element_inherited,spacy_sentence_boundaries_with_legal_postprocessing,completed,0,,,2026-07-23T15:53:28+00:00
CL_MMA_DEC_000001_STMT_000190,SEG_000001,CL_MMA_DEC_000001,STRUCT_000009,CL_MMA_DEC_000001_ART_Artículo_3_ITEM_20,CL_MMA_DEC_000001_ART_Artículo_3,numbered_item,210,2,190,Se incluyen aquellas montadas sobre vehículos transportables para facilitar su desplazamiento.,137,231,20,20,element_inherited,spacy_sentence_boundaries_with_legal_postprocessing,completed,0,,,2026-07-23T15:53:28+00:00
CL_MMA_DEC_000001_STMT_000191,SEG_000001,CL_MMA_DEC_000001,STRUCT_000009,CL_MMA_DEC_000001_ART_Artículo_3_ITEM_21,CL_MMA_DEC_000001_ART_Artículo_3,numbered_item,211,1,191,Fuente estacionaria nueva: Es aquella fuente estacionaria que entra en operación 12 meses después de la fecha de entrada en vigencia del presente Plan.,0,151,20,20,element_inherited,spacy_sentence_boundaries_with_legal_postprocessing,completed,0,,,2026-07-23T15:53:28+00:00
CL_MMA_DEC_000001_STMT_000192,SEG_000001,CL_MMA_DEC_000001,STRUCT_000009,CL_MMA_DEC_000001_ART_Artículo_3_ITEM_22,CL_MMA_DEC_000001_ART_Artículo_3,numbered_item,212,1,192,Fuente estacionaria existente: Aquella fuente estacionaria que se encuentra operando a la fecha de entrada en vigencia del presente Plan o aquella que entre en operación dentro de los 12 meses siguientes a dicha fecha.,0,218,20,20,element_inherited,spacy_sentence_boundaries_with_legal_postprocessing,completed,0,,,2026-07-23T15:53:28+00:00
CL_MMA_DEC_000001_STMT_000193,SEG_000001,CL_MMA_DEC_000001,STRUCT_000009,CL_MMA_DEC_000001_ART_Artículo_3_ITEM_23,CL_MMA_DEC_000001_ART_Artículo_3,numbered_item,213,1,193,"Grupo electrógeno: Corresponde a aquella unidad utilizada para generar electricidad, que consta de un motor de combustión interna acoplado a un alternador o generador.",0,167,20,20,element_inherited,spacy_sentence_boundaries_with_legal_postprocessing,completed,0,,,2026-07-23T15:53:28+00:00
CL_MMA_DEC_000001_STMT_000194,SEG_000001,CL_MMA_DEC_000001,STRUCT_000009,CL_MMA_DEC_000001_ART_Artículo_3_ITEM_24,CL_MMA_DEC_000001_ART_Artículo_3,numbered_item,214,1,194,Grupo electrógeno nuevo: Es aquel grupo electrógeno que entra en operación a contar de los 6 meses siguientes de la entrada en vigencia del presente Plan.,0,154,20,20,element_inherited,spacy_sentence_boundaries_with_legal_postprocessing,completed,0,,,2026-07-23T15:53:28+00:00
CL_MMA_DEC_000001_STMT_000195,SEG_000001,CL_MMA_DEC_000001,STRUCT_000009,CL_MMA_DEC_000001_ART_Artículo_3_ITEM_25,CL_MMA_DEC_000001_ART_Artículo_3,numbered_item,215,1,195,Grupo electrógeno existente: Es aquel grupo electrógeno que se encuentra operando a la fecha de entrada en vigencia del presente Plan o aquel que entre en operación dentro de los 6 meses siguientes a dicha fecha.,0,212,20,20,element_inherited,spacy_sentence_boundaries_with_legal_postprocessing,completed,0,,,2026-07-23T15:53:28+00:00
CL_MMA_DEC_000001_STMT_000196,SEG_000001,CL_MMA_DEC_000001,STRUCT_000009,CL_MMA_DEC_000001_ART_Artículo_3_ITEM_26,CL_MMA_DEC_000001_ART_Artículo_3,numbered_item,216,1,196,"Horno de barro: Aparato construido de ladrillos, barro y/o adobe que posee una cámara de combustión cerrada, que combustiona o puede combustionar leña y carbón vegetal y cuya finalidad es la cocción de alimentos, de uso residencial o comercial.",0,244,20,20,element_inherited,spacy_sentence_boundaries_with_legal_postprocessing,completed,0,,,2026-07-23T15:53:28+00:00
CL_MMA_DEC_000001_STMT_000197,SEG_000001,CL_MMA_DEC_000001,STRUCT_000009,CL_MMA_DEC_000001_ART_Artículo_3_ITEM_27,CL_MMA_DEC_000001_ART_Artículo_3,numbered_item,217,1,197,"Leña: Porción de madera en bruto de troncos, ramas y otras partes de árboles o arbustos, utilizada como combustible sólido.",0,123,20,21,element_inherited,spacy_sentence_boundaries_with_legal_postprocessing,completed,0,,,2026-07-23T15:53:28+00:00
CL_MMA_DEC_000001_STMT_000198,SEG_000001,CL_MMA_DEC_000001,STRUCT_000009,CL_MMA_DEC_000001_ART_Artículo_3_ITEM_28,CL_MMA_DEC_000001_ART_Artículo_3,numbered_item,218,1,198,"Leña seca: Aquella que tiene un contenido de humedad menor al 25% medida en base seca, de acuerdo a lo estipulado en la Norma NCh2907, o la que la reemplace.",0,157,21,21,element_inherited,spacy_sentence_boundaries_with_legal_postprocessing,completed,0,,,2026-07-23T15:53:28+00:00
CL_MMA_DEC_000001_STMT_000199,SEG_000001,CL_MMA_DEC_000001,STRUCT_000009,CL_MMA_DEC_000001_ART_Artículo_3_ITEM_29,CL_MMA_DEC_000001_ART_Artículo_3,numbered_item,219,1,199,"Maquinaria móvil fuera de ruta: Cualquier máquina móvil o equipo industrial portátil o vehículo con o sin carrocería, no destinados al transporte de pasajeros o mercancías por carretera, aptos para desplazarse sobre el suelo, con o sin carretera y que funciona en base a motores de combustión interna, de encendido por compresión, con una potencia neta instalada, igual o superior a 19 kW e inferior o igual a 560 kW. Se excluyen los motores destinados a la propulsión de automotores, locomotoras u otros elementos y equipos ferroviarios que se desplacen sobre rieles, barcos, aeronaves y vehículos de recreación.",0,613,21,21,element_inherited,spacy_sentence_boundaries_with_legal_postprocessing,completed,0,,,2026-07-23T15:53:28+00:00
CL_MMA_DEC_000001_STMT_000200,SEG_000001,CL_MMA_DEC_000001,STRUCT_000009,CL_MMA_DEC_000001_ART_Artículo_3_ITEM_30,CL_MMA_DEC_000001_ART_Artículo_3,numbered_item,220,1,200,Maquinaria móvil fuera de ruta nueva: Aquella maquinaria móvil fuera de ruta que ingresa al país o es fabricada en Chile a partir del 1 de enero de 2020.,0,153,21,21,element_inherited,spacy_sentence_boundaries_with_legal_postprocessing,completed,0,,,2026-07-23T15:53:28+00:00
CL_MMA_DEC_000001_STMT_000201,SEG_000001,CL_MMA_DEC_000001,STRUCT_000009,CL_MMA_DEC_000001_ART_Artículo_3_ITEM_31,CL_MMA_DEC_000001_ART_Artículo_3,numbered_item,221,1,201,NCh2907: Se refiere a la NCh2907:2005 Combustible sólido - Leña - Requisitos.,0,77,21,21,element_inherited,spacy_sentence_boundaries_with_legal_postprocessing,completed,0,,,2026-07-23T15:53:28+00:00
CL_MMA_DEC_000001_STMT_000202,SEG_000001,CL_MMA_DEC_000001,STRUCT_000009,CL_MMA_DEC_000001_ART_Artículo_3_ITEM_31,CL_MMA_DEC_000001_ART_Artículo_3,numbered_item,221,2,202,"Fue declarada Oficial por Resolución Exenta N°569, de fecha 13 de septiembre de 2005, del Ministerio de Economía, Fomento y Reconstrucción, publicada en el Diario Oficial el 23 de septiembre de 2005.",78,277,21,21,element_inherited,spacy_sentence_boundaries_with_legal_postprocessing,completed,0,,,2026-07-23T15:53:28+00:00
CL_MMA_DEC_000001_STMT_000203,SEG_000001,CL_MMA_DEC_000001,STRUCT_000009,CL_MMA_DEC_000001_ART_Artículo_3_ITEM_32,CL_MMA_DEC_000001_ART_Artículo_3,numbered_item,222,1,203,"NCh2965: Se refiere a la NCh2965:2005 Combustible sólido - Leña - Muestreos e Inspección, que permite verificar que un lote de leña cumple con los requisitos establecidos en la Norma NCh2907.",0,191,21,21,element_inherited,spacy_sentence_boundaries_with_legal_postprocessing,completed,0,,,2026-07-23T15:53:28+00:00
CL_MMA_DEC_000001_STMT_000204,SEG_000001,CL_MMA_DEC_000001,STRUCT_000009,CL_MMA_DEC_000001_ART_Artículo_3_ITEM_32,CL_MMA_DEC_000001_ART_Artículo_3,numbered_item,222,2,204,"Fue declarada Oficial por Resolución Exenta N° 569, de fecha 13 de septiembre de 2005, del Ministerio de Economía, Fomento y Reconstrucción, publicada en el Diario Oficial el 23 de septiembre de 2005.",192,392,21,21,element_inherited,spacy_sentence_boundaries_with_legal_postprocessing,completed,0,,,2026-07-23T15:53:28+00:00
CL_MMA_DEC_000001_STMT_000205,SEG_000001,CL_MMA_DEC_000001,STRUCT_000009,CL_MMA_DEC_000001_ART_Artículo_3_ITEM_33,CL_MMA_DEC_000001_ART_Artículo_3,numbered_item,223,1,205,NCh3246: Se refiere a la NCh3246/1:2011 Biocombustibles sólidos - Especificaciones y clases- Parte 1: Requisitos generales.,0,123,21,21,element_inherited,spacy_sentence_boundaries_with_legal_postprocessing,completed,0,,,2026-07-23T15:53:28+00:00
CL_MMA_DEC_000001_STMT_000206,SEG_000001,CL_MMA_DEC_000001,STRUCT_000009,CL_MMA_DEC_000001_ART_Artículo_3_ITEM_33,CL_MMA_DEC_000001_ART_Artículo_3,numbered_item,223,2,206,"Fue declarada Oficial por Decreto Exento N° 227, de fecha 30 de mayo de 2013, del Ministerio de Energía, publicado en el Diario Oficial el 2 de agosto de 2013.",124,283,21,21,element_inherited,spacy_sentence_boundaries_with_legal_postprocessing,completed,0,,,2026-07-23T15:53:28+00:00
CL_MMA_DEC_000001_STMT_000207,SEG_000001,CL_MMA_DEC_000001,STRUCT_000009,CL_MMA_DEC_000001_ART_Artículo_3_ITEM_34,CL_MMA_DEC_000001_ART_Artículo_3,numbered_item,224,1,207,NCh62: Se refiere a la NCh62:2000 Petróleo Diésel - Requisitos.,0,63,21,21,element_inherited,spacy_sentence_boundaries_with_legal_postprocessing,completed,0,,,2026-07-23T15:53:28+00:00
CL_MMA_DEC_000001_STMT_000208,SEG_000001,CL_MMA_DEC_000001,STRUCT_000009,CL_MMA_DEC_000001_ART_Artículo_3_ITEM_34,CL_MMA_DEC_000001_ART_Artículo_3,numbered_item,224,2,208,"Fue declarada Oficial por Decreto Exento N° 373, de fecha 23 de noviembre de 2000, del Ministerio de Economía, Fomento y Reconstrucción, publicado en el Diario Oficial el 15 de diciembre de 2000.",64,259,21,21,element_inherited,spacy_sentence_boundaries_with_legal_postprocessing,completed,0,,,2026-07-23T15:53:28+00:00
CL_MMA_DEC_000001_STMT_000209,SEG_000001,CL_MMA_DEC_000001,STRUCT_000009,CL_MMA_DEC_000001_ART_Artículo_3_ITEM_35,CL_MMA_DEC_000001_ART_Artículo_3,numbered_item,225,1,209,NCh64: Se refi a la NCh64:1995 Gasolina para motores de ignición por chispa - Requisitos.,0,89,21,21,element_inherited,spacy_sentence_boundaries_with_legal_postprocessing,completed,0,,,2026-07-23T15:53:28+00:00
CL_MMA_DEC_000001_STMT_000210,SEG_000001,CL_MMA_DEC_000001,STRUCT_000009,CL_MMA_DEC_000001_ART_Artículo_3_ITEM_35,CL_MMA_DEC_000001_ART_Artículo_3,numbered_item,225,2,210,"Fue declarada Ofi por Decreto Exento N° 142 de fecha 27 de julio de 1995, del Ministerio de Economía, Fomento y Reconstrucción, publicado en el Diario Ofi el 19 de agosto de 1995.",90,269,21,21,element_inherited,spacy_sentence_boundaries_with_legal_postprocessing,completed,0,,,2026-07-23T15:53:28+00:00
CL_MMA_DEC_000001_STMT_000211,SEG_000001,CL_MMA_DEC_000001,STRUCT_000009,CL_MMA_DEC_000001_ART_Artículo_3_ITEM_36,CL_MMA_DEC_000001_ART_Artículo_3,numbered_item,226,1,211,NCh61: Se refiere a la NCh61:1999 Petróleo combustible (fuel oil) - Requisitos.,0,79,21,21,element_inherited,spacy_sentence_boundaries_with_legal_postprocessing,completed,0,,,2026-07-23T15:53:28+00:00
CL_MMA_DEC_000001_STMT_000212,SEG_000001,CL_MMA_DEC_000001,STRUCT_000009,CL_MMA_DEC_000001_ART_Artículo_3_P002,CL_MMA_DEC_000001_ART_Artículo_3,paragraph,227,1,212,"Fue declarada Oficial por Decreto Exento N° 361, de fecha 15 de septiembre de 1999, del Ministerio de Economía, Fomento y Reconstrucción, publicado en el Diario Oficial el 8 de octubre de 1999.",0,193,21,21,element_inherited,spacy_sentence_boundaries_with_legal_postprocessing,completed,0,,,2026-07-23T15:53:28+00:00
CL_MMA_DEC_000001_STMT_000213,SEG_000001,CL_MMA_DEC_000001,STRUCT_000009,CL_MMA_DEC_000001_ART_Artículo_3_ITEM_37,CL_MMA_DEC_000001_ART_Artículo_3,numbered_item,228,1,213,NCh63: Se refiere a la NCh63:2000 Kerosene - Requisitos.,0,56,21,21,element_inherited,spacy_sentence_boundaries_with_legal_postprocessing,completed,0,,,2026-07-23T15:53:28+00:00
CL_MMA_DEC_000001_STMT_000214,SEG_000001,CL_MMA_DEC_000001,STRUCT_000009,CL_MMA_DEC_000001_ART_Artículo_3_ITEM_37,CL_MMA_DEC_000001_ART_Artículo_3,numbered_item,228,2,214,"Fue declarada Oficial por Decreto Exento N° 373, de fecha 23 de noviembre de 2000, del Ministerio de Economía, Fomento y Reconstrucción, publicado en el Diario Oficial el 15 de diciembre de 2000.",57,252,21,21,element_inherited,spacy_sentence_boundaries_with_legal_postprocessing,completed,0,,,2026-07-23T15:53:28+00:00
CL_MMA_DEC_000001_STMT_000215,SEG_000001,CL_MMA_DEC_000001,STRUCT_000009,CL_MMA_DEC_000001_ART_Artículo_3_ITEM_38,CL_MMA_DEC_000001_ART_Artículo_3,numbered_item,229,1,215,NCh72: Se refiere a la NCh72:1999 Gases licuados de petróleo - Especificaciones.,0,80,21,21,element_inherited,spacy_sentence_boundaries_with_legal_postprocessing,completed,0,,,2026-07-23T15:53:28+00:00
CL_MMA_DEC_000001_STMT_000216,SEG_000001,CL_MMA_DEC_000001,STRUCT_000009,CL_MMA_DEC_000001_ART_Artículo_3_ITEM_38,CL_MMA_DEC_000001_ART_Artículo_3,numbered_item,229,2,216,"Fue declarada Oficial por Decreto Exento N°361, de fecha 15 de septiembre de 1999, del Ministerio de Economía, Fomento y Reconstrucción, publicado en el Diario Oficial el 8 de octubre de 1999.",81,273,21,21,element_inherited,spacy_sentence_boundaries_with_legal_postprocessing,completed,0,,,2026-07-23T15:53:28+00:00
CL_MMA_DEC_000001_STMT_000217,SEG_000001,CL_MMA_DEC_000001,STRUCT_000009,CL_MMA_DEC_000001_ART_Artículo_3_ITEM_39,CL_MMA_DEC_000001_ART_Artículo_3,numbered_item,230,1,217,NCh2115: Se refiere a la NCh2115:1998 Gases licuados de petróleo para uso automotriz - Especificaciones.,0,104,21,21,element_inherited,spacy_sentence_boundaries_with_legal_postprocessing,completed,0,,,2026-07-23T15:53:28+00:00
CL_MMA_DEC_000001_STMT_000218,SEG_000001,CL_MMA_DEC_000001,STRUCT_000009,CL_MMA_DEC_000001_ART_Artículo_3_ITEM_39,CL_MMA_DEC_000001_ART_Artículo_3,numbered_item,230,2,218,"Fue declarada Oficial por Decreto Exento N° 606, de fecha 24 de diciembre de 1998, del Ministerio de Economía, Fomento y Reconstrucción, publicado en el Diario Oficial el 6 de enero de 1999.",105,295,21,21,element_inherited,spacy_sentence_boundaries_with_legal_postprocessing,completed,0,,,2026-07-23T15:53:28+00:00
CL_MMA_DEC_000001_STMT_000219,SEG_000001,CL_MMA_DEC_000001,STRUCT_000009,CL_MMA_DEC_000001_ART_Artículo_3_ITEM_40,CL_MMA_DEC_000001_ART_Artículo_3,numbered_item,231,1,219,Parrilla: Aparato que combustiona o puede combustionar leña y carbón vegetal para la cocción de alimentos.,0,106,21,21,element_inherited,spacy_sentence_boundaries_with_legal_postprocessing,completed,0,,,2026-07-23T15:53:28+00:00
CL_MMA_DEC_000001_STMT_000220,SEG_000001,CL_MMA_DEC_000001,STRUCT_000009,CL_MMA_DEC_000001_ART_Artículo_3_ITEM_41,CL_MMA_DEC_000001_ART_Artículo_3,numbered_item,232,1,220,"Pellet de madera: Combustible sólido, generalmente de forma cilíndrica, fabricado a partir de madera pulverizada sin tratar, extraída del conjunto del árbol y aglomerada con o sin ayuda de ligantes.",0,198,21,21,element_inherited,spacy_sentence_boundaries_with_legal_postprocessing,completed,0,,,2026-07-23T15:53:28+00:00
CL_MMA_DEC_000001_STMT_000221,SEG_000001,CL_MMA_DEC_000001,STRUCT_000009,CL_MMA_DEC_000001_ART_Artículo_3_ITEM_41,CL_MMA_DEC_000001_ART_Artículo_3,numbered_item,232,2,221,Las características técnicas serán aquellas señaladas en la Norma NCh3246.,199,273,21,21,element_inherited,spacy_sentence_boundaries_with_legal_postprocessing,completed,0,,,2026-07-23T15:53:28+00:00
CL_MMA_DEC_000001_STMT_000222,SEG_000001,CL_MMA_DEC_000001,STRUCT_000009,CL_MMA_DEC_000001_ART_Artículo_3_ITEM_42,CL_MMA_DEC_000001_ART_Artículo_3,numbered_item,233,1,222,"Plantel: Espacio físico que consta de uno o más sectores, donde se encuentran los animales, operado en forma técnicamente independiente o con un manejo sanitario y administrativo común.",0,185,21,21,element_inherited,spacy_sentence_boundaries_with_legal_postprocessing,completed,0,,,2026-07-23T15:53:28+00:00
CL_MMA_DEC_000001_STMT_000223,SEG_000001,CL_MMA_DEC_000001,STRUCT_000009,CL_MMA_DEC_000001_ART_Artículo_3_ITEM_43,CL_MMA_DEC_000001_ART_Artículo_3,numbered_item,234,1,223,"Plantel de cría de aves de corral para producción de carne o producción de huevos: Plantel de crianza, engorda, postura y/o reproducción de animales avícolas.",0,158,21,21,element_inherited,spacy_sentence_boundaries_with_legal_postprocessing,completed,0,,,2026-07-23T15:53:28+00:00
CL_MMA_DEC_000001_STMT_000224,SEG_000001,CL_MMA_DEC_000001,STRUCT_000009,CL_MMA_DEC_000001_ART_Artículo_3_ITEM_44,CL_MMA_DEC_000001_ART_Artículo_3,numbered_item,235,1,224,"Plantel de cría de porcinos: Plantel de crianza, engorda y/o reproducción de animales, donde puedan ser mantenidos en confinamiento en patios de alimentación, por más de un mes continuado.",0,188,21,21,element_inherited,spacy_sentence_boundaries_with_legal_postprocessing,completed,0,,,2026-07-23T15:53:28+00:00
CL_MMA_DEC_000001_STMT_000225,SEG_000001,CL_MMA_DEC_000001,STRUCT_000009,CL_MMA_DEC_000001_ART_Artículo_3_ITEM_45,CL_MMA_DEC_000001_ART_Artículo_3,numbered_item,236,1,225,"Plantel nuevo: Aquel plantel nuevo que inicia operaciones o cuenta con Resolución de Calificación Ambiental con posterioridad a la entrada en vigencia del presente Plan, y las modificaciones de los planteles existentes que obtengan Resolución de Calificación Ambiental con posterioridad a la entrada en vigencia del presente Plan.",0,330,21,21,element_inherited,spacy_sentence_boundaries_with_legal_postprocessing,completed,0,,,2026-07-23T15:53:28+00:00
CL_MMA_DEC_000001_STMT_000226,SEG_000001,CL_MMA_DEC_000001,STRUCT_000009,CL_MMA_DEC_000001_ART_Artículo_3_ITEM_46,CL_MMA_DEC_000001_ART_Artículo_3,numbered_item,237,1,226,Plantel existente: Aquel plantel que inicia operaciones o cuenta con Resolución de Calificación Ambiental con anterioridad a la entrada en vigencia del presente Plan.,0,166,21,22,element_inherited,spacy_sentence_boundaries_with_legal_postprocessing,completed,0,,,2026-07-23T15:53:28+00:00
CL_MMA_DEC_000001_STMT_000227,SEG_000001,CL_MMA_DEC_000001,STRUCT_000009,CL_MMA_DEC_000001_ART_Artículo_3_ITEM_47,CL_MMA_DEC_000001_ART_Artículo_3,numbered_item,238,1,227,"Potencia térmica nominal: Corresponde a la potencia máxima del equipo, informada por el fabricante, que puede suministrar un equipo en funcionamiento continuo, ajustándose a la eficiencia declarada por el fabricante.",0,216,22,22,element_inherited,spacy_sentence_boundaries_with_legal_postprocessing,completed,0,,,2026-07-23T15:53:28+00:00
CL_MMA_DEC_000001_STMT_000228,SEG_000001,CL_MMA_DEC_000001,STRUCT_000009,CL_MMA_DEC_000001_ART_Artículo_3_ITEM_48,CL_MMA_DEC_000001_ART_Artículo_3,numbered_item,239,1,228,"Proceso: Aquellas fuentes estacionarias que no correspondan a calderas, grupos electrógenos ni hornos panificadores.",0,116,22,22,element_inherited,spacy_sentence_boundaries_with_legal_postprocessing,completed,0,,,2026-07-23T15:53:28+00:00
CL_MMA_DEC_000001_STMT_000229,SEG_000001,CL_MMA_DEC_000001,STRUCT_000009,CL_MMA_DEC_000001_ART_Artículo_3_ITEM_48,CL_MMA_DEC_000001_ART_Artículo_3,numbered_item,239,2,229,Esta categoría de fuente estacionaria no incluye a las fuentes afectas a la excepción contemplada en el artículo 42 del presente decreto.,117,254,22,22,element_inherited,spacy_sentence_boundaries_with_legal_postprocessing,completed,0,,,2026-07-23T15:53:28+00:00
CL_MMA_DEC_000001_STMT_000230,SEG_000001,CL_MMA_DEC_000001,STRUCT_000009,CL_MMA_DEC_000001_ART_Artículo_3_ITEM_49,CL_MMA_DEC_000001_ART_Artículo_3,numbered_item,240,1,230,"Proceso con combustión: Es aquel proceso cuyas emisiones, o parte de ellas, son generadas a partir de combustión.",0,113,22,22,element_inherited,spacy_sentence_boundaries_with_legal_postprocessing,completed,0,,,2026-07-23T15:53:28+00:00
CL_MMA_DEC_000001_STMT_000231,SEG_000001,CL_MMA_DEC_000001,STRUCT_000009,CL_MMA_DEC_000001_ART_Artículo_3_ITEM_50,CL_MMA_DEC_000001_ART_Artículo_3,numbered_item,241,1,231,Salamandra: Calefactor de cámara simple y fierro fundido.,0,57,22,22,element_inherited,spacy_sentence_boundaries_with_legal_postprocessing,completed,0,,,2026-07-23T15:53:28+00:00
CL_MMA_DEC_000001_STMT_000232,SEG_000001,CL_MMA_DEC_000001,STRUCT_000009,CL_MMA_DEC_000001_ART_Artículo_3_ITEM_51,CL_MMA_DEC_000001_ART_Artículo_3,numbered_item,242,1,232,"Sistema de Calefacción: Sistema compuesto por uno o más equipos (y sus conexiones), destinado para la calefacción en el espacio en que se instalan sus componentes y su alrededor, generando calor a través de diferentes energéticos, entre ellos, electricidad, gas y parafina.",0,273,22,22,element_inherited,spacy_sentence_boundaries_with_legal_postprocessing,completed,0,,,2026-07-23T15:53:28+00:00
CL_MMA_DEC_000001_STMT_000233,SEG_000001,CL_MMA_DEC_000001,STRUCT_000009,CL_MMA_DEC_000001_ART_Artículo_3_ITEM_52,CL_MMA_DEC_000001_ART_Artículo_3,numbered_item,243,1,233,Xilohigrómetro: Instrumento portátil que permite determinar el contenido de humedad en la madera mediante resistencia eléctrica.,0,128,22,22,element_inherited,spacy_sentence_boundaries_with_legal_postprocessing,completed,0,,,2026-07-23T15:53:28+00:00
CL_MMA_DEC_000001_STMT_000234,SEG_000001,CL_MMA_DEC_000001,STRUCT_000009,CL_MMA_DEC_000001_ART_Artículo_4_P001,CL_MMA_DEC_000001_ART_Artículo_4,paragraph,247,1,234,"Los buses destinados a la prestación de servicios de locomoción colectiva urbana en la Provincia de Santiago y en las comunas de San Bernardo y Puente Alto, respecto de los cuales se solicite su primera inscripción en el Registro de Servicios de Transporte de Pasajeros de Santiago, a partir de 24 meses contados desde la entrada en vigencia del presente Decreto, deberán contar con un motor cuyas emisiones contaminantes no superen los niveles máximos de emisiones señalados en los literales a.1) o a.2):",0,505,22,22,element_inherited,spacy_sentence_boundaries_with_legal_postprocessing,completed_with_warnings,1,missing_terminal_punctuation,"Candidate lacks final period, question mark, or exclamation mark; list items may be legitimate.",2026-07-23T15:53:28+00:00
CL_MMA_DEC_000001_STMT_000235,SEG_000001,CL_MMA_DEC_000001,STRUCT_000009,CL_MMA_DEC_000001_ART_Artículo_4_ITEM_a_1,CL_MMA_DEC_000001_ART_Artículo_4,compound_item,248,1,235,"Emisiones provenientes del sistema de escape, en gramos/caballos de fuerza al freno-hora (g/bHp-h):",0,99,22,22,element_inherited,spacy_sentence_boundaries_with_legal_postprocessing,completed_with_warnings,1,missing_terminal_punctuation,"Candidate lacks final period, question mark, or exclamation mark; list items may be legitimate.",2026-07-23T15:53:28+00:00
CL_MMA_DEC_000001_STMT_000236,SEG_000001,CL_MMA_DEC_000001,STRUCT_000009,CL_MMA_DEC_000001_ART_Artículo_4_P002,CL_MMA_DEC_000001_ART_Artículo_4,paragraph,250,1,236,"Las mediciones se efectuarán conforme a los métodos normalizados definidos por la Agencia de Protección Ambiental de los Estados Unidos de América (US-EPA), indicados en el CFR-40 Part 1065 procedures (Code of Federal Regulations), Diesel Engines.",0,247,22,22,element_inherited,spacy_sentence_boundaries_with_legal_postprocessing,completed,0,,,2026-07-23T15:53:28+00:00
CL_MMA_DEC_000001_STMT_000237,SEG_000001,CL_MMA_DEC_000001,STRUCT_000009,CL_MMA_DEC_000001_ART_Artículo_4_P003,CL_MMA_DEC_000001_ART_Artículo_4,paragraph,252,1,237,"Las mediciones se efectuarán conforme a los métodos normalizados definidos por la Agencia de Protección Ambiental de los Estados Unidos de América (US-EPA), indicados en el CFR-40 Part 1065 procedures (Code of Federal Regulations), Otto-Cycle Engines.",0,251,22,22,element_inherited,spacy_sentence_boundaries_with_legal_postprocessing,completed,0,,,2026-07-23T15:53:28+00:00
CL_MMA_DEC_000001_STMT_000238,SEG_000001,CL_MMA_DEC_000001,STRUCT_000009,CL_MMA_DEC_000001_ART_Artículo_4_ITEM_a_2,CL_MMA_DEC_000001_ART_Artículo_4,compound_item,253,1,238,"Emisiones provenientes del sistema de escape, en miligramos/kiloWatt-hora (mg/kW-h).",0,84,22,22,element_inherited,spacy_sentence_boundaries_with_legal_postprocessing,completed,0,,,2026-07-23T15:53:28+00:00
CL_MMA_DEC_000001_STMT_000239,SEG_000001,CL_MMA_DEC_000001,STRUCT_000009,CL_MMA_DEC_000001_ART_Artículo_4_ITEM_a_2,CL_MMA_DEC_000001_ART_Artículo_4,compound_item,253,2,239,Deberán cumplir con los niveles de emisión señalados en la Tabla III 3.,85,156,22,22,element_inherited,spacy_sentence_boundaries_with_legal_postprocessing,completed,0,,,2026-07-23T15:53:28+00:00
CL_MMA_DEC_000001_STMT_000240,SEG_000001,CL_MMA_DEC_000001,STRUCT_000009,CL_MMA_DEC_000001_ART_Artículo_4_P004,CL_MMA_DEC_000001_ART_Artículo_4,paragraph,256,1,240,"Los buses cuyos motores sean mecánicamente aptos para cumplir con niveles máximos de emisión de un estándar superior a los exigidos por las normas de emisión vigentes, siempre que estén dadas las condiciones técnicas para ello y en conformidad con las condiciones normalizadas de medición, homologación y/o certificación, estipuladas por la Agencia Ambiental de Estados Unidos de Norteamérica (US-EPA), en el llamado ""Code of Federal Regulation"", o por las directivas de la Comunidad Europea, o por el Estado de California, en el llamado ""California Code of Regulation"", que en adelante se denominará como la legislación internacional, podrán solicitar, al momento de la homologación y/o certificación de los estándares vigentes, el reconocimiento del estándar superior, en correspondencia con dicha legislación internacional.",0,826,23,23,element_inherited,spacy_sentence_boundaries_with_legal_postprocessing,completed,0,,,2026-07-23T15:53:28+00:00
CL_MMA_DEC_000001_STMT_000241,SEG_000001,CL_MMA_DEC_000001,STRUCT_000009,CL_MMA_DEC_000001_ART_Artículo_4_P004,CL_MMA_DEC_000001_ART_Artículo_4,paragraph,256,2,241,Para ello deberán cumplir con los mismos procesos de análisis técnicos establecidos para la homologación de los estándares vigentes.,827,959,23,23,element_inherited,spacy_sentence_boundaries_with_legal_postprocessing,completed,0,,,2026-07-23T15:53:28+00:00
CL_MMA_DEC_000001_STMT_000242,SEG_000001,CL_MMA_DEC_000001,STRUCT_000009,CL_MMA_DEC_000001_ART_Artículo_5_P001,CL_MMA_DEC_000001_ART_Artículo_5,paragraph,258,1,242,"El Ministerio de Transportes y Telecomunicaciones, en conjunto con el Ministerio del Medio Ambiente y el Ministerio de Energía, en el plazo de 12 meses desde la entrada en vigencia del presente Decreto, deberá definir un Programa de Incentivos de Reducción de Emisiones y de Eficiencia Energética para la flota de vehículos que operen en los Sistemas de Transporte Público de Pasajeros, a fin de reducir gradualmente el consumo de combustibles y su consecuente reducción en emisiones de contaminantes locales.",0,509,23,23,element_inherited,spacy_sentence_boundaries_with_legal_postprocessing,completed,0,,,2026-07-23T15:53:28+00:00
CL_MMA_DEC_000001_STMT_000243,SEG_000001,CL_MMA_DEC_000001,STRUCT_000009,CL_MMA_DEC_000001_ART_Artículo_5_P002,CL_MMA_DEC_000001_ART_Artículo_5,paragraph,259,1,243,"La responsabilidad de aplicar el Programa de Incentivos corresponderá al Ministerio de Transportes y Telecomunicaciones, conforme a sus atribuciones.",0,149,23,23,element_inherited,spacy_sentence_boundaries_with_legal_postprocessing,completed,0,,,2026-07-23T15:53:28+00:00
CL_MMA_DEC_000001_STMT_000244,SEG_000001,CL_MMA_DEC_000001,STRUCT_000009,CL_MMA_DEC_000001_ART_Artículo_6_P001,CL_MMA_DEC_000001_ART_Artículo_6,paragraph,261,1,244,"A los 6 meses de la entrada en vigencia del presente Plan, el Ministerio de Transportes y Telecomunicaciones, a través del Programa de Vialidad y Transporte Urbano de la Secretaría de Planificación de Transporte (SECTRA), en colaboración con el Directorio de Transporte Público Metropolitano (DTPM), generará un Programa de Seguimiento Anual de las emisiones vehiculares del Sistema de Buses Transantiago.",0,405,23,23,element_inherited,spacy_sentence_boundaries_with_legal_postprocessing,completed,0,,,2026-07-23T15:53:28+00:00
CL_MMA_DEC_000001_STMT_000245,SEG_000001,CL_MMA_DEC_000001,STRUCT_000009,CL_MMA_DEC_000001_ART_Artículo_7_P001,CL_MMA_DEC_000001_ART_Artículo_7,paragraph,263,1,245,Los buses destinados a la prestación de servicios de locomoción colectiva urbana sólo podrán circular en la Provincia de Santiago y las comunas de Puente Alto y San Bernardo o dar inicio o término a su recorrido en dicha área geográfi si se encuentran funcionando con combustibles cuya composición se ajuste a las exigencias fi por el presente Decreto y demás normativa aplicable.,0,380,23,23,element_inherited,spacy_sentence_boundaries_with_legal_postprocessing,completed,0,,,2026-07-23T15:53:28+00:00
CL_MMA_DEC_000001_STMT_000246,SEG_000001,CL_MMA_DEC_000001,STRUCT_000009,CL_MMA_DEC_000001_ART_Artículo_8_P001,CL_MMA_DEC_000001_ART_Artículo_8,paragraph,266,1,246,"El Ministerio de Transportes y Telecomunicaciones en conjunto con el Ministerio del Medio Ambiente deberán establecer, a los 12 meses contados desde la entrada en vigencia del presente Decreto, un programa de implementación de una zona de baja emisión en la Región Metropolitana de Santiago, que considere una restricción al ingreso de vehículos pesados con antigüedad superior a 12 años.",0,388,23,24,element_inherited,spacy_sentence_boundaries_with_legal_postprocessing,completed,0,,,2026-07-23T15:53:28+00:00
CL_MMA_DEC_000001_STMT_000247,SEG_000001,CL_MMA_DEC_000001,STRUCT_000009,CL_MMA_DEC_000001_ART_Artículo_8_P002,CL_MMA_DEC_000001_ART_Artículo_8,paragraph,267,1,247,"Se considerarán como zona de baja emisión las vías ubicadas al interior del anillo Américo Vespucio, con excepción de las autopistas y las vías de paso.",0,152,24,24,element_inherited,spacy_sentence_boundaries_with_legal_postprocessing,completed,0,,,2026-07-23T15:53:28+00:00
CL_MMA_DEC_000001_STMT_000248,SEG_000001,CL_MMA_DEC_000001,STRUCT_000009,CL_MMA_DEC_000001_ART_Artículo_8_P003,CL_MMA_DEC_000001_ART_Artículo_8,paragraph,268,1,248,"En el plazo de 12 meses contados desde la entrada en vigencia del presente Decreto, el Ministerio de Transportes y Telecomunicaciones diseñará un modelo de fiscalización automatizada para la zona de baja emisión, que propenda al cumplimiento de esta medida, para lo cual gestionará la aprobación de recursos en la Ley de Presupuestos.",0,334,24,24,element_inherited,spacy_sentence_boundaries_with_legal_postprocessing,completed,0,,,2026-07-23T15:53:28+00:00
CL_MMA_DEC_000001_STMT_000249,SEG_000001,CL_MMA_DEC_000001,STRUCT_000009,CL_MMA_DEC_000001_ART_Artículo_9_P001,CL_MMA_DEC_000001_ART_Artículo_9,paragraph,271,1,249,"A contar de 12 meses desde la entrada en vigencia del presente Decreto, los límites máximos de emisión permitidos en la Región Metropolitana de Santiago, establecidos en el D.S N° 149, de 2006, del Ministerio de Transportes y Telecomunicaciones, serán los siguientes:",0,267,24,24,element_inherited,spacy_sentence_boundaries_with_legal_postprocessing,completed_with_warnings,1,missing_terminal_punctuation,"Candidate lacks final period, question mark, or exclamation mark; list items may be legitimate.",2026-07-23T15:53:28+00:00
CL_MMA_DEC_000001_STMT_000250,SEG_000001,CL_MMA_DEC_000001,STRUCT_000009,CL_MMA_DEC_000001_ART_Artículo_9_P002,CL_MMA_DEC_000001_ART_Artículo_9,paragraph,275,1,250,"Para la correcta aplicación de la norma, los vehículos cuya marca y modelo no se encuentren en la nómina con los datos de la Inercia Equivalente por marca y modelo establecida por el Ministerio de Transportes y Telecomunicaciones, deberán cumplir los límites siguientes:",0,270,30,30,element_inherited,spacy_sentence_boundaries_with_legal_postprocessing,completed_with_warnings,1,missing_terminal_punctuation,"Candidate lacks final period, question mark, or exclamation mark; list items may be legitimate.",2026-07-23T15:53:28+00:00
CL_MMA_DEC_000001_STMT_000251,SEG_000001,CL_MMA_DEC_000001,STRUCT_000009,CL_MMA_DEC_000001_ART_Artículo_10_P001,CL_MMA_DEC_000001_ART_Artículo_10,paragraph,278,1,251,"El Ministerio de Energía, en conjunto con el Ministerio de Transportes y Telecomunicaciones y el Ministerio del Medio Ambiente, en un plazo de 12 meses desde la entrada en vigencia del presente Decreto, promoverán el establecimiento de un marco normativo que permita definir estándares de eficiencia energética para el parque vehicular, con el fin de reducir gradualmente el consumo de combustible y su consecuente reducción en emisiones de contaminantes.",0,455,30,30,element_inherited,spacy_sentence_boundaries_with_legal_postprocessing,completed,0,,,2026-07-23T15:53:28+00:00
CL_MMA_DEC_000001_STMT_000252,SEG_000001,CL_MMA_DEC_000001,STRUCT_000009,CL_MMA_DEC_000001_ART_Artículo_11_P001,CL_MMA_DEC_000001_ART_Artículo_11,paragraph,280,1,252,"El Ministerio de Hacienda establecerá, dentro de 12 meses desde la entrada en vigencia del presente Decreto, una estrategia para generar los incentivos a la compra de vehículos de cero y baja emisión.",0,200,30,30,element_inherited,spacy_sentence_boundaries_with_legal_postprocessing,completed,0,,,2026-07-23T15:53:28+00:00
CL_MMA_DEC_000001_STMT_000253,SEG_000001,CL_MMA_DEC_000001,STRUCT_000009,CL_MMA_DEC_000001_ART_Artículo_12_P001,CL_MMA_DEC_000001_ART_Artículo_12,paragraph,282,1,253,"En los llamados o concursos para optar a nuevas inscripciones de taxis, en cualquiera de sus modalidades, en el Registro Nacional de Servicios de Transporte de Pasajeros, que convoque el Ministerio de Transportes y Telecomunicaciones en la Región Metropolitana de Santiago, se deberá considerar como parte del concurso, un cupo exclusivo de al menos el 5% de las nuevas inscripciones, para vehículos propulsados exclusivamente con electricidad, y que excluyan el uso de combustibles fósiles, que cumplan los requisitos técnicos que defina el Ministerio de Transportes y Telecomunicaciones.",0,589,30,31,element_inherited,spacy_sentence_boundaries_with_legal_postprocessing,completed,0,,,2026-07-23T15:53:28+00:00
CL_MMA_DEC_000001_STMT_000254,SEG_000001,CL_MMA_DEC_000001,STRUCT_000009,CL_MMA_DEC_000001_ART_Artículo_13_P001,CL_MMA_DEC_000001_ART_Artículo_13,paragraph,285,1,254,"A partir de la entrada en vigencia del presente Decreto se prohíbe la operación del motor de un vehículo comercial, transporte de carga y transporte de pasajeros, incluyendo furgones escolares, cuando éste se encuentre detenido por un período mayor a 5 minutos.",0,261,31,31,element_inherited,spacy_sentence_boundaries_with_legal_postprocessing,completed,0,,,2026-07-23T15:53:28+00:00
CL_MMA_DEC_000001_STMT_000255,SEG_000001,CL_MMA_DEC_000001,STRUCT_000009,CL_MMA_DEC_000001_ART_Artículo_13_P002,CL_MMA_DEC_000001_ART_Artículo_13,paragraph,286,1,255,"Se exceptúa esta prohibición a vehículos que se mantienen encendidos durante un período de reparación, o bien en labores de reparto en las que el encendido del motor sea necesario para sistemas de refrigeración.",0,211,31,31,element_inherited,spacy_sentence_boundaries_with_legal_postprocessing,completed,0,,,2026-07-23T15:53:28+00:00
CL_MMA_DEC_000001_STMT_000256,SEG_000001,CL_MMA_DEC_000001,STRUCT_000009,CL_MMA_DEC_000001_ART_Artículo_13_P002,CL_MMA_DEC_000001_ART_Artículo_13,paragraph,286,2,256,"Esta medida será fiscalizada por Carabineros de Chile e inspectores fiscales y municipales de conformidad a sus atribuciones, debiendo denunciarse al juzgado que corresponda, las infracciones o contravenciones que se cometan.",212,437,31,31,element_inherited,spacy_sentence_boundaries_with_legal_postprocessing,completed,0,,,2026-07-23T15:53:28+00:00
CL_MMA_DEC_000001_STMT_000257,SEG_000001,CL_MMA_DEC_000001,STRUCT_000009,CL_MMA_DEC_000001_ART_Artículo_14_P001,CL_MMA_DEC_000001_ART_Artículo_14,paragraph,288,1,257,"No se permitirá la emisión continua de humo visible negro, gris o azul, excepto vapor de agua (humo blanco), a través del tubo de escape de los vehículos motorizados de encendido por chispa (ciclo Otto) que circulen por las vías públicas de la Región Metropolitana de Santiago.",0,277,31,31,element_inherited,spacy_sentence_boundaries_with_legal_postprocessing,completed,0,,,2026-07-23T15:53:28+00:00
CL_MMA_DEC_000001_STMT_000258,SEG_000001,CL_MMA_DEC_000001,STRUCT_000009,CL_MMA_DEC_000001_ART_Artículo_14_P001,CL_MMA_DEC_000001_ART_Artículo_14,paragraph,288,2,258,"En el caso de los vehículos motor diésel no se permitirá la emisión continuada por el tubo de escape por más de cinco segundos, de humo visible de densidad colorimétrica superior al N°2 de la escala de Ringelmann.",278,491,31,31,element_inherited,spacy_sentence_boundaries_with_legal_postprocessing,completed,0,,,2026-07-23T15:53:28+00:00
CL_MMA_DEC_000001_STMT_000259,SEG_000001,CL_MMA_DEC_000001,STRUCT_000009,CL_MMA_DEC_000001_ART_Artículo_14_P001,CL_MMA_DEC_000001_ART_Artículo_14,paragraph,288,3,259,"Esta medida será fiscalizada por Carabineros de Chile e inspectores fiscales y municipales, debiendo denunciarse al juzgado que corresponda, las infracciones o contravenciones que se cometan.",492,683,31,31,element_inherited,spacy_sentence_boundaries_with_legal_postprocessing,completed,0,,,2026-07-23T15:53:28+00:00
CL_MMA_DEC_000001_STMT_000260,SEG_000001,CL_MMA_DEC_000001,STRUCT_000009,CL_MMA_DEC_000001_ART_Artículo_15_P001,CL_MMA_DEC_000001_ART_Artículo_15,paragraph,290,1,260,"Dentro de un plazo de 24 meses, contados desde la entrada en vigencia del presente Decreto, el Ministerio de Medio Ambiente en conjunto con el Ministerio de Transportes y Telecomunicaciones, evaluarán implementar métodos de control de emisiones del número de partículas en la vía pública de vehículos diésel, con el objetivo de establecer un control eficaz en detectar vehículos cuyo motor o sistema de control de emisiones se encuentran deteriorados o con falta de mantenimiento.",0,480,31,31,element_inherited,spacy_sentence_boundaries_with_legal_postprocessing,completed,0,,,2026-07-23T15:53:28+00:00
CL_MMA_DEC_000001_STMT_000261,SEG_000001,CL_MMA_DEC_000001,STRUCT_000009,CL_MMA_DEC_000001_ART_Artículo_15_P001,CL_MMA_DEC_000001_ART_Artículo_15,paragraph,290,2,261,"Para este efecto se considerará el desarrollo de instrumentos, protocolos y límites máximos permitidos, usando como referencia la normativa internacional.",481,635,31,31,element_inherited,spacy_sentence_boundaries_with_legal_postprocessing,completed,0,,,2026-07-23T15:53:28+00:00
CL_MMA_DEC_000001_STMT_000262,SEG_000001,CL_MMA_DEC_000001,STRUCT_000009,CL_MMA_DEC_000001_ART_Artículo_16_P001,CL_MMA_DEC_000001_ART_Artículo_16,paragraph,292,1,262,"Dentro de un plazo de 12 meses, contados desde la entrada en vigencia del presente Decreto, el Ministerio de Medio Ambiente, iniciará la revisión de las normas de ingreso de vehículos livianos y medianos para establecer la norma Euro 6 y la norma EPA equivalente, a partir de septiembre del 2020, para los vehículos que ingresen al parque vehicular.",0,349,31,31,element_inherited,spacy_sentence_boundaries_with_legal_postprocessing,completed,0,,,2026-07-23T15:53:28+00:00
CL_MMA_DEC_000001_STMT_000263,SEG_000001,CL_MMA_DEC_000001,STRUCT_000009,CL_MMA_DEC_000001_ART_Artículo_17_P001,CL_MMA_DEC_000001_ART_Artículo_17,paragraph,294,1,263,"En un plazo de 12 meses desde la entrada en vigencia del presente decreto, el Ministerio del Medio Ambiente y el Ministerio de Transportes y Telecomunicaciones deberán establecer las características e información de una etiqueta con indicación de los niveles de emisiones de gases de escape obtenidos en el proceso de homologación que establece el D.S. N°54, de 1997, del Ministerio de Transportes y Telecomunicaciones, que deberá contemplar mecanismos para la difusión de la información a los consumidores.",0,507,31,31,element_inherited,spacy_sentence_boundaries_with_legal_postprocessing,completed,0,,,2026-07-23T15:53:28+00:00
CL_MMA_DEC_000001_STMT_000264,SEG_000001,CL_MMA_DEC_000001,STRUCT_000009,CL_MMA_DEC_000001_ART_Artículo_17_P001,CL_MMA_DEC_000001_ART_Artículo_17,paragraph,294,2,264,"Los vehículos motorizados livianos y medianos a que se hace referencia en los Decretos Supremos números 211 de 1991 y 54 de 1994, ambos del Ministerio de Transportes y Telecomunicaciones, que se expongan para su primera venta, deberán exhibir la etiqueta mencionada.",508,774,31,31,element_inherited,spacy_sentence_boundaries_with_legal_postprocessing,completed,0,,,2026-07-23T15:53:28+00:00
CL_MMA_DEC_000001_STMT_000265,SEG_000001,CL_MMA_DEC_000001,STRUCT_000009,CL_MMA_DEC_000001_ART_Artículo_18_P001,CL_MMA_DEC_000001_ART_Artículo_18,paragraph,297,1,265,"A partir del año 2020, el Ministerio de Obras Públicas, el Ministerio de Vivienda y Urbanismo y el Ministerio de Salud cuando ejecuten obras de construcción deberán usar filtros de partículas cerrados para el total de la maquinaria móvil fuera de ruta de construcción que tenga una potencia superior a 56 kW e inferior o igual a 560 kW. Si la ejecución de las obras de construcción se efectúa a través de terceros, la referida obligación de utilización de filtros deberá quedar contenida en las respectivas bases administrativas, términos de referencia y/o contratos.",0,567,31,32,element_inherited,spacy_sentence_boundaries_with_legal_postprocessing,completed,0,,,2026-07-23T15:53:28+00:00
CL_MMA_DEC_000001_STMT_000266,SEG_000001,CL_MMA_DEC_000001,STRUCT_000009,CL_MMA_DEC_000001_ART_Artículo_18_P001,CL_MMA_DEC_000001_ART_Artículo_18,paragraph,297,2,266,La obligación regirá para la maquinaria propia y la de terceros que ejecuten los proyectos de obras de construcción.,568,684,31,32,element_inherited,spacy_sentence_boundaries_with_legal_postprocessing,completed,0,,,2026-07-23T15:53:28+00:00
CL_MMA_DEC_000001_STMT_000267,SEG_000001,CL_MMA_DEC_000001,STRUCT_000009,CL_MMA_DEC_000001_ART_Artículo_18_P001,CL_MMA_DEC_000001_ART_Artículo_18,paragraph,297,3,267,Los Ministerios obligados podrán exceptuar el cumplimiento de la medida por medio de resolución fundada y previo informe favorable del Ministerio del Medio Ambiente.,685,850,31,32,element_inherited,spacy_sentence_boundaries_with_legal_postprocessing,completed,0,,,2026-07-23T15:53:28+00:00
CL_MMA_DEC_000001_STMT_000268,SEG_000001,CL_MMA_DEC_000001,STRUCT_000009,CL_MMA_DEC_000001_ART_Artículo_18_P002,CL_MMA_DEC_000001_ART_Artículo_18,paragraph,298,1,268,"La Secretaría Regional Ministerial del Medio Ambiente de la Región Metropolitana se coordinará con los Municipios de la Región Metropolitana de Santiago, a fin de evaluar la inclusión de la exigencia anterior, sea en las bases administrativas, términos de referencia, contratos u otro instrumento, cuando ejecuten obras de construcción de manera directa y/o a través de terceros.",0,379,32,32,element_inherited,spacy_sentence_boundaries_with_legal_postprocessing,completed,0,,,2026-07-23T15:53:28+00:00
CL_MMA_DEC_000001_STMT_000269,SEG_000001,CL_MMA_DEC_000001,STRUCT_000009,CL_MMA_DEC_000001_ART_Artículo_19_P001,CL_MMA_DEC_000001_ART_Artículo_19,paragraph,300,1,269,"La maquinaria móvil fuera de ruta nueva, deberá cumplir en los plazos señalados en cada caso, los límites máximos de emisión de monóxido de carbono (CO), hidrocarburos (HC), hidrocarburos no metánicos (HCNM), óxidos de nitrógeno (NOx) y material particulado (MP), según la norma que el fabricante, armador, importador o sus representantes soliciten al momento de la certificación referida en el inciso final del presente artículo, conforme se indica en las siguientes tablas:",0,475,32,32,element_inherited,spacy_sentence_boundaries_with_legal_postprocessing,completed_with_warnings,1,missing_terminal_punctuation,"Candidate lacks final period, question mark, or exclamation mark; list items may be legitimate.",2026-07-23T15:53:28+00:00
CL_MMA_DEC_000001_STMT_000270,SEG_000001,CL_MMA_DEC_000001,STRUCT_000009,CL_MMA_DEC_000001_ART_Artículo_19_ITEM_A,CL_MMA_DEC_000001_ART_Artículo_19,lettered_item,301,1,270,"A contar de enero del 2020, la maquinaria móvil fuera de ruta deberá cumplir con lo señalado en la Tabla III 8.",0,111,32,32,element_inherited,spacy_sentence_boundaries_with_legal_postprocessing,completed,0,,,2026-07-23T15:53:28+00:00
CL_MMA_DEC_000001_STMT_000271,SEG_000001,CL_MMA_DEC_000001,STRUCT_000009,CL_MMA_DEC_000001_ART_Artículo_19_ITEM_B,CL_MMA_DEC_000001_ART_Artículo_19,lettered_item,303,1,271,"A contar de enero del 2022, la maquinaria móvil fuera de ruta deberá cumplir indistintamente, los niveles de emisión señalados en la Tabla III 9 o Tabla III-10.",0,160,32,32,element_inherited,spacy_sentence_boundaries_with_legal_postprocessing,completed,0,,,2026-07-23T15:53:28+00:00
CL_MMA_DEC_000001_STMT_000272,SEG_000001,CL_MMA_DEC_000001,STRUCT_000009,CL_MMA_DEC_000001_ART_Artículo_19_P002,CL_MMA_DEC_000001_ART_Artículo_19,paragraph,306,1,272,"Los fabricantes de maquinaria móvil fuera de ruta nueva o sus representantes legales en Chile, distribuidores o importadores, deberán acreditar mediante un certifi de origen ante la Superintendencia del Medio Ambiente, que el tipo o familia de motor de la maquinaria nueva cumple con lo exigido en la Tabla III-8, la",0,316,33,33,element_inherited,spacy_sentence_boundaries_with_legal_postprocessing,completed_with_warnings,1,missing_terminal_punctuation,"Candidate lacks final period, question mark, or exclamation mark; list items may be legitimate.",2026-07-23T15:53:28+00:00
CL_MMA_DEC_000001_STMT_000273,SEG_000001,CL_MMA_DEC_000001,STRUCT_000009,CL_MMA_DEC_000001_ART_Artículo_19_P003,CL_MMA_DEC_000001_ART_Artículo_19,paragraph,307,1,273,"Tabla III-9 o la Tabla III-10 según corresponda, de acuerdo al método de prueba en laboratorio ISO 8178: Motores de combustión interna.",0,135,33,33,element_inherited,spacy_sentence_boundaries_with_legal_postprocessing,completed,0,,,2026-07-23T15:53:28+00:00
CL_MMA_DEC_000001_STMT_000274,SEG_000001,CL_MMA_DEC_000001,STRUCT_000009,CL_MMA_DEC_000001_ART_Artículo_19_P003,CL_MMA_DEC_000001_ART_Artículo_19,paragraph,307,2,274,Medición de las emisiones de gases de escape.,136,181,33,33,element_inherited,spacy_sentence_boundaries_with_legal_postprocessing,completed,0,,,2026-07-23T15:53:28+00:00
CL_MMA_DEC_000001_STMT_000275,SEG_000001,CL_MMA_DEC_000001,STRUCT_000009,CL_MMA_DEC_000001_ART_Artículo_19_P003,CL_MMA_DEC_000001_ART_Artículo_19,paragraph,307,3,275,Parte 1: Medición de las emisiones de gas y de partículas en banco de ensayo.,182,259,33,33,element_inherited,spacy_sentence_boundaries_with_legal_postprocessing,completed,0,,,2026-07-23T15:53:28+00:00
CL_MMA_DEC_000001_STMT_000276,SEG_000001,CL_MMA_DEC_000001,STRUCT_000009,CL_MMA_DEC_000001_ART_Artículo_19_P003,CL_MMA_DEC_000001_ART_Artículo_19,paragraph,307,4,276,La Superintendencia del Medio Ambiente deberá establecer el protocolo de certificación.,260,347,33,33,element_inherited,spacy_sentence_boundaries_with_legal_postprocessing,completed,0,,,2026-07-23T15:53:28+00:00
CL_MMA_DEC_000001_STMT_000277,SEG_000001,CL_MMA_DEC_000001,STRUCT_000009,CL_MMA_DEC_000001_ART_Artículo_20_P001,CL_MMA_DEC_000001_ART_Artículo_20,paragraph,310,1,277,El petróleo diésel que se distribuya o expenda en la Región Metropolitana de Santiago deberá ser grado A1 y cumplir con los siguientes requisitos:,0,146,33,33,element_inherited,spacy_sentence_boundaries_with_legal_postprocessing,completed_with_warnings,1,missing_terminal_punctuation,"Candidate lacks final period, question mark, or exclamation mark; list items may be legitimate.",2026-07-23T15:53:28+00:00
CL_MMA_DEC_000001_STMT_000278,SEG_000001,CL_MMA_DEC_000001,STRUCT_000009,CL_MMA_DEC_000001_ART_Artículo_20_P002,CL_MMA_DEC_000001_ART_Artículo_20,paragraph,311,1,278,Tabla IV-1 Requisitos para el combustible diésel tipo grado A1.,0,63,33,33,element_inherited,spacy_sentence_boundaries_with_legal_postprocessing,completed,0,,,2026-07-23T15:53:28+00:00
CL_MMA_DEC_000001_STMT_000279,SEG_000001,CL_MMA_DEC_000001,STRUCT_000009,CL_MMA_DEC_000001_ART_Artículo_20_P003,CL_MMA_DEC_000001_ART_Artículo_20,paragraph,312,1,279,ASTM: American Society for Testing and Materials.,0,49,34,34,element_inherited,spacy_sentence_boundaries_with_legal_postprocessing,completed,0,,,2026-07-23T15:53:28+00:00
CL_MMA_DEC_000001_STMT_000280,SEG_000001,CL_MMA_DEC_000001,STRUCT_000009,CL_MMA_DEC_000001_ART_Artículo_20_ITEM_i,CL_MMA_DEC_000001_ART_Artículo_20,roman_item,313,1,280,En caso de arbitraje debe usarse el método Ramsbottom.,0,54,34,34,element_inherited,spacy_sentence_boundaries_with_legal_postprocessing,completed,0,,,2026-07-23T15:53:28+00:00
CL_MMA_DEC_000001_STMT_000281,SEG_000001,CL_MMA_DEC_000001,STRUCT_000009,CL_MMA_DEC_000001_ART_Artículo_20_ITEM_ii,CL_MMA_DEC_000001_ART_Artículo_20,roman_item,314,1,281,"Como método práctico puede usarse el índice de cetano calculado (D4737) o el número de cetano derivado (D7170), pero en caso de desacuerdo o arbitraje el método de referencia es el del número de cetano (D613).",0,209,34,34,element_inherited,spacy_sentence_boundaries_with_legal_postprocessing,completed,0,,,2026-07-23T15:53:28+00:00
CL_MMA_DEC_000001_STMT_000282,SEG_000001,CL_MMA_DEC_000001,STRUCT_000009,CL_MMA_DEC_000001_ART_Artículo_20_ITEM_ii,CL_MMA_DEC_000001_ART_Artículo_20,roman_item,314,2,282,"En el proceso de fiscalización de esta propiedad, se aceptará un Índice de cetano mínimo (D4737) de 48, debiendo medirse el Número de cetano según el método D613 para valores inferiores.",210,396,34,34,element_inherited,spacy_sentence_boundaries_with_legal_postprocessing,completed,0,,,2026-07-23T15:53:28+00:00
CL_MMA_DEC_000001_STMT_000283,SEG_000001,CL_MMA_DEC_000001,STRUCT_000009,CL_MMA_DEC_000001_ART_Artículo_20_ITEM_iii,CL_MMA_DEC_000001_ART_Artículo_20,roman_item,315,1,283,"En el caso que el petróleo diésel provenga de producción, sin adición de biodiesel, no será necesaria la determinación indicada en el punto 17, debiendo informarse de dicha circunstancia en el respectivo Certificado de Análisis, indicándose la frase ""Petróleo diésel sin contenido de biodiesel"".",0,295,34,34,element_inherited,spacy_sentence_boundaries_with_legal_postprocessing,completed,0,,,2026-07-23T15:53:28+00:00
CL_MMA_DEC_000001_STMT_000284,SEG_000001,CL_MMA_DEC_000001,STRUCT_000009,CL_MMA_DEC_000001_ART_Artículo_20_P004,CL_MMA_DEC_000001_ART_Artículo_20,paragraph,316,1,284,"En todo lo que no sea contrario a lo dispuesto en la tabla anterior, se estará a lo establecido en la Norma NCh62.",0,114,35,35,element_inherited,spacy_sentence_boundaries_with_legal_postprocessing,completed,0,,,2026-07-23T15:53:28+00:00
CL_MMA_DEC_000001_STMT_000285,SEG_000001,CL_MMA_DEC_000001,STRUCT_000009,CL_MMA_DEC_000001_ART_Artículo_21_P001,CL_MMA_DEC_000001_ART_Artículo_21,paragraph,318,1,285,La gasolina para motores de ignición por chispa que se distribuya o expenda en la Región Metropolitana de Santiago deberá cumplir los siguientes requisitos:,0,156,35,35,element_inherited,spacy_sentence_boundaries_with_legal_postprocessing,completed_with_warnings,1,missing_terminal_punctuation,"Candidate lacks final period, question mark, or exclamation mark; list items may be legitimate.",2026-07-23T15:53:28+00:00
CL_MMA_DEC_000001_STMT_000286,SEG_000001,CL_MMA_DEC_000001,STRUCT_000009,CL_MMA_DEC_000001_ART_Artículo_21_P002,CL_MMA_DEC_000001_ART_Artículo_21,paragraph,319,1,286,Tabla IV-2 Requisitos de propiedades de gasolina para motores de ignición.,0,74,35,35,element_inherited,spacy_sentence_boundaries_with_legal_postprocessing,completed,0,,,2026-07-23T15:53:28+00:00
CL_MMA_DEC_000001_STMT_000287,SEG_000001,CL_MMA_DEC_000001,STRUCT_000009,CL_MMA_DEC_000001_ART_Artículo_21_P003,CL_MMA_DEC_000001_ART_Artículo_21,paragraph,320,1,287,"Se prohíbe la distribución y expendio de gasolina con plomo, a excepción de la requerida para los motores de uso aeronáutico.",0,125,35,35,element_inherited,spacy_sentence_boundaries_with_legal_postprocessing,completed,0,,,2026-07-23T15:53:28+00:00
CL_MMA_DEC_000001_STMT_000288,SEG_000001,CL_MMA_DEC_000001,STRUCT_000009,CL_MMA_DEC_000001_ART_Artículo_21_P003,CL_MMA_DEC_000001_ART_Artículo_21,paragraph,320,2,288,Para casos de arbitraje debe usarse el método ASTM D3237.,126,183,35,35,element_inherited,spacy_sentence_boundaries_with_legal_postprocessing,completed,0,,,2026-07-23T15:53:28+00:00
CL_MMA_DEC_000001_STMT_000289,SEG_000001,CL_MMA_DEC_000001,STRUCT_000009,CL_MMA_DEC_000001_ART_Artículo_21_P004,CL_MMA_DEC_000001_ART_Artículo_21,paragraph,321,1,289,No está permitido agregar compuestos fosforados a la gasolina para motores de ignición por chispa.,0,98,35,35,element_inherited,spacy_sentence_boundaries_with_legal_postprocessing,completed,0,,,2026-07-23T15:53:28+00:00
CL_MMA_DEC_000001_STMT_000290,SEG_000001,CL_MMA_DEC_000001,STRUCT_000009,CL_MMA_DEC_000001_ART_Artículo_21_P004,CL_MMA_DEC_000001_ART_Artículo_21,paragraph,321,2,290,Para casos de arbitraje debe usarse el método ASTM D3231.,99,156,35,35,element_inherited,spacy_sentence_boundaries_with_legal_postprocessing,completed,0,,,2026-07-23T15:53:28+00:00
CL_MMA_DEC_000001_STMT_000291,SEG_000001,CL_MMA_DEC_000001,STRUCT_000009,CL_MMA_DEC_000001_ART_Artículo_21_P005,CL_MMA_DEC_000001_ART_Artículo_21,paragraph,322,1,291,"En todo lo que no sea contrario a lo dispuesto en la Tabla anterior, se estará a lo establecido en la Norma NCh64.",0,114,35,35,element_inherited,spacy_sentence_boundaries_with_legal_postprocessing,completed,0,,,2026-07-23T15:53:28+00:00
CL_MMA_DEC_000001_STMT_000292,SEG_000001,CL_MMA_DEC_000001,STRUCT_000009,CL_MMA_DEC_000001_ART_Artículo_22_P001,CL_MMA_DEC_000001_ART_Artículo_22,paragraph,324,1,292,"En materia de biocombustibles deberá aplicarse la normativa definida en el D.S. N°11, de 2008, del Ministerio de Economía, Fomento y Reconstrucción.",0,148,35,35,element_inherited,spacy_sentence_boundaries_with_legal_postprocessing,completed,0,,,2026-07-23T15:53:28+00:00
CL_MMA_DEC_000001_STMT_000293,SEG_000001,CL_MMA_DEC_000001,STRUCT_000009,CL_MMA_DEC_000001_ART_Artículo_23_P001,CL_MMA_DEC_000001_ART_Artículo_23,paragraph,326,1,293,"La exigencia establecida en el artículo anterior, no se aplicará al combustible utilizado en pruebas experimentales temporales autorizadas por la Superintendencia de Electricidad y Combustibles, previa consulta al Ministerio del Medio Ambiente.",0,244,35,35,element_inherited,spacy_sentence_boundaries_with_legal_postprocessing,completed,0,,,2026-07-23T15:53:28+00:00
CL_MMA_DEC_000001_STMT_000294,SEG_000001,CL_MMA_DEC_000001,STRUCT_000009,CL_MMA_DEC_000001_ART_Artículo_23_P001,CL_MMA_DEC_000001_ART_Artículo_23,paragraph,326,2,294,El combustible que se utilice en dichas pruebas no podrá comercializarse en instalaciones de abastecimiento vehicular.,245,363,35,35,element_inherited,spacy_sentence_boundaries_with_legal_postprocessing,completed,0,,,2026-07-23T15:53:28+00:00
CL_MMA_DEC_000001_STMT_000295,SEG_000001,CL_MMA_DEC_000001,STRUCT_000009,CL_MMA_DEC_000001_ART_Artículo_24_P001,CL_MMA_DEC_000001_ART_Artículo_24,paragraph,328,1,295,"Los petróleos combustibles grado Nº5 y Nº6, que se emplean como combustible para calderas y hornos de procesos industriales, que se distribuyan o expendan en la Región Metropolitana de Santiago, deberán cumplir los siguientes requisitos:",0,237,35,36,element_inherited,spacy_sentence_boundaries_with_legal_postprocessing,completed_with_warnings,1,missing_terminal_punctuation,"Candidate lacks final period, question mark, or exclamation mark; list items may be legitimate.",2026-07-23T15:53:28+00:00
CL_MMA_DEC_000001_STMT_000296,SEG_000001,CL_MMA_DEC_000001,STRUCT_000009,CL_MMA_DEC_000001_ART_Artículo_24_P002,CL_MMA_DEC_000001_ART_Artículo_24,paragraph,329,1,296,Tabla IV-3 Requisitos para petróleos combustibles grado 5 y 6 para uso en calderas y hornos de procesos industriales ASTM: American Society for Testing and Materials i. El exceso sobre 1% de agua y sedimento debe deducirse de la cantidad total entregada por el proveedor.,0,271,36,36,element_inherited,spacy_sentence_boundaries_with_legal_postprocessing,completed,0,,,2026-07-23T15:53:28+00:00
CL_MMA_DEC_000001_STMT_000297,SEG_000001,CL_MMA_DEC_000001,STRUCT_000009,CL_MMA_DEC_000001_ART_Artículo_24_P003,CL_MMA_DEC_000001_ART_Artículo_24,paragraph,330,1,297,"En todo lo que no sea contrario a lo dispuesto en la tabla anterior, se estará a lo establecido en la Norma NCh61.",0,114,36,36,element_inherited,spacy_sentence_boundaries_with_legal_postprocessing,completed,0,,,2026-07-23T15:53:28+00:00
CL_MMA_DEC_000001_STMT_000298,SEG_000001,CL_MMA_DEC_000001,STRUCT_000009,CL_MMA_DEC_000001_ART_Artículo_25_P001,CL_MMA_DEC_000001_ART_Artículo_25,paragraph,332,1,298,"El kerosene empleado como combustible doméstico e industrial, que se distribuya o expenda en la Región Metropolitana de Santiago, deberá cumplir los siguientes requisitos:",0,171,36,36,element_inherited,spacy_sentence_boundaries_with_legal_postprocessing,completed_with_warnings,1,missing_terminal_punctuation,"Candidate lacks final period, question mark, or exclamation mark; list items may be legitimate.",2026-07-23T15:53:28+00:00
CL_MMA_DEC_000001_STMT_000299,SEG_000001,CL_MMA_DEC_000001,STRUCT_000009,CL_MMA_DEC_000001_ART_Artículo_25_P002,CL_MMA_DEC_000001_ART_Artículo_25,paragraph,333,1,299,Tabla IV 4 Requisitos para el kerosene doméstico e industrial,0,61,36,36,element_inherited,spacy_sentence_boundaries_with_legal_postprocessing,completed_with_warnings,1,missing_terminal_punctuation,"Candidate lacks final period, question mark, or exclamation mark; list items may be legitimate.",2026-07-23T15:53:28+00:00
CL_MMA_DEC_000001_STMT_000300,SEG_000001,CL_MMA_DEC_000001,STRUCT_000009,CL_MMA_DEC_000001_ART_Artículo_25_P003,CL_MMA_DEC_000001_ART_Artículo_25,paragraph,334,1,300,ASTM: American Society for Testing and Materials.,0,49,37,37,element_inherited,spacy_sentence_boundaries_with_legal_postprocessing,completed,0,,,2026-07-23T15:53:28+00:00
CL_MMA_DEC_000001_STMT_000301,SEG_000001,CL_MMA_DEC_000001,STRUCT_000009,CL_MMA_DEC_000001_ART_Artículo_25_ITEM_i,CL_MMA_DEC_000001_ART_Artículo_25,roman_item,335,1,301,Antes de agregar colorantes.,0,28,37,37,element_inherited,spacy_sentence_boundaries_with_legal_postprocessing,completed,0,,,2026-07-23T15:53:28+00:00
CL_MMA_DEC_000001_STMT_000302,SEG_000001,CL_MMA_DEC_000001,STRUCT_000009,CL_MMA_DEC_000001_ART_Artículo_25_ITEM_ii,CL_MMA_DEC_000001_ART_Artículo_25,roman_item,336,1,302,"Después de tres meses de la entrada en vigencia del presente Decreto, el valor permitido será de 80 ppm de azufre máximo.",0,121,37,37,element_inherited,spacy_sentence_boundaries_with_legal_postprocessing,completed,0,,,2026-07-23T15:53:28+00:00
CL_MMA_DEC_000001_STMT_000303,SEG_000001,CL_MMA_DEC_000001,STRUCT_000009,CL_MMA_DEC_000001_ART_Artículo_25_ITEM_ii,CL_MMA_DEC_000001_ART_Artículo_25,roman_item,336,2,303,A partir 1 de abril de 2018 el valor exigido será de 50 ppm de azufre máximo.,122,199,37,37,element_inherited,spacy_sentence_boundaries_with_legal_postprocessing,completed,0,,,2026-07-23T15:53:28+00:00
CL_MMA_DEC_000001_STMT_000304,SEG_000001,CL_MMA_DEC_000001,STRUCT_000009,CL_MMA_DEC_000001_ART_Artículo_25_ITEM_iii,CL_MMA_DEC_000001_ART_Artículo_25,roman_item,337,1,304,"De acuerdo a lo establecido en el Decreto Exento N°174, de 2001, del Ministerio de Economía, Fomento y Reconstrucción; y Resoluciones Exentas N° 961, 962 y 963, todas de 2001, de la Superintendencia de Electricidad y Combustibles.",0,230,37,37,element_inherited,spacy_sentence_boundaries_with_legal_postprocessing,completed,0,,,2026-07-23T15:53:28+00:00
CL_MMA_DEC_000001_STMT_000305,SEG_000001,CL_MMA_DEC_000001,STRUCT_000009,CL_MMA_DEC_000001_ART_Artículo_25_P004,CL_MMA_DEC_000001_ART_Artículo_25,paragraph,338,1,305,"En todo lo que no sea contrario a lo dispuesto en la tabla anterior, se estará a lo establecido en la Norma NCh63.",0,114,37,37,element_inherited,spacy_sentence_boundaries_with_legal_postprocessing,completed,0,,,2026-07-23T15:53:28+00:00
CL_MMA_DEC_000001_STMT_000306,SEG_000001,CL_MMA_DEC_000001,STRUCT_000009,CL_MMA_DEC_000001_ART_Artículo_26_P001,CL_MMA_DEC_000001_ART_Artículo_26,paragraph,340,1,306,"El gas licuado de petróleo de uso vehicular, que se distribuya o expenda en la Región Metropolitana de Santiago, deberá cumplir los siguientes requisitos:",0,154,37,37,element_inherited,spacy_sentence_boundaries_with_legal_postprocessing,completed_with_warnings,1,missing_terminal_punctuation,"Candidate lacks final period, question mark, or exclamation mark; list items may be legitimate.",2026-07-23T15:53:28+00:00
CL_MMA_DEC_000001_STMT_000307,SEG_000001,CL_MMA_DEC_000001,STRUCT_000009,CL_MMA_DEC_000001_ART_Artículo_26_P002,CL_MMA_DEC_000001_ART_Artículo_26,paragraph,341,1,307,Tabla IV-5 Requisitos para el gas licuado de petróleo de uso vehicular i. Valor después de odorizar.,0,100,37,37,element_inherited,spacy_sentence_boundaries_with_legal_postprocessing,completed,0,,,2026-07-23T15:53:28+00:00
CL_MMA_DEC_000001_STMT_000308,SEG_000001,CL_MMA_DEC_000001,STRUCT_000009,CL_MMA_DEC_000001_ART_Artículo_26_P003,CL_MMA_DEC_000001_ART_Artículo_26,paragraph,342,1,308,"En todo lo que no sea contrario a lo dispuesto en la tabla anterior, se estará a lo establecido en la Norma NCh2115.",0,116,38,38,element_inherited,spacy_sentence_boundaries_with_legal_postprocessing,completed,0,,,2026-07-23T15:53:28+00:00
CL_MMA_DEC_000001_STMT_000309,SEG_000001,CL_MMA_DEC_000001,STRUCT_000009,CL_MMA_DEC_000001_ART_Artículo_27_P001,CL_MMA_DEC_000001_ART_Artículo_27,paragraph,344,1,309,"El gas licuado de petróleo de uso doméstico, industrial y comercial que se distribuya o expenda en la Región Metropolitana de Santiago, deberá cumplir los siguientes requisitos:",0,177,38,38,element_inherited,spacy_sentence_boundaries_with_legal_postprocessing,completed_with_warnings,1,missing_terminal_punctuation,"Candidate lacks final period, question mark, or exclamation mark; list items may be legitimate.",2026-07-23T15:53:28+00:00
CL_MMA_DEC_000001_STMT_000310,SEG_000001,CL_MMA_DEC_000001,STRUCT_000009,CL_MMA_DEC_000001_ART_Artículo_27_P002,CL_MMA_DEC_000001_ART_Artículo_27,paragraph,345,1,310,"Tabla IV-6 Requisitos para el gas licuado de petróleo de uso doméstico, industrial y comercial i. Valor después de odorizar",0,123,38,38,element_inherited,spacy_sentence_boundaries_with_legal_postprocessing,completed_with_warnings,1,missing_terminal_punctuation,"Candidate lacks final period, question mark, or exclamation mark; list items may be legitimate.",2026-07-23T15:53:28+00:00
CL_MMA_DEC_000001_STMT_000311,SEG_000001,CL_MMA_DEC_000001,STRUCT_000009,CL_MMA_DEC_000001_ART_Artículo_27_P003,CL_MMA_DEC_000001_ART_Artículo_27,paragraph,346,1,311,"En todo lo que no sea contrario a lo dispuesto en la tabla anterior, se estará a lo establecido en la Norma NCh72.",0,114,39,40,element_inherited,spacy_sentence_boundaries_with_legal_postprocessing,completed,0,,,2026-07-23T15:53:28+00:00
CL_MMA_DEC_000001_STMT_000312,SEG_000001,CL_MMA_DEC_000001,STRUCT_000009,CL_MMA_DEC_000001_ART_Artículo_27_P003,CL_MMA_DEC_000001_ART_Artículo_27,paragraph,346,2,312,"No se incluyen las especificaciones de los gases licuados de petróleo para combustión catalítica, las cuales se rigen por lo establecido en la Norma NCh72.",115,270,39,40,element_inherited,spacy_sentence_boundaries_with_legal_postprocessing,completed,0,,,2026-07-23T15:53:28+00:00
CL_MMA_DEC_000001_STMT_000313,SEG_000001,CL_MMA_DEC_000001,STRUCT_000009,CL_MMA_DEC_000001_ART_Artículo_28_P001,CL_MMA_DEC_000001_ART_Artículo_28,paragraph,348,1,313,"La Superintendencia de Electricidad y Combustibles conforme a sus atribuciones legales fiscalizará, en toda la cadena de distribución, el cumplimiento de la calidad de los combustibles líquidos y gaseosos, de acuerdo a los parámetros y disposiciones establecidas en el presente Decreto y en la normativa que le sea aplicable.",0,325,40,40,element_inherited,spacy_sentence_boundaries_with_legal_postprocessing,completed,0,,,2026-07-23T15:53:28+00:00
CL_MMA_DEC_000001_STMT_000314,SEG_000001,CL_MMA_DEC_000001,STRUCT_000009,CL_MMA_DEC_000001_ART_Artículo_28_P001,CL_MMA_DEC_000001_ART_Artículo_28,paragraph,348,2,314,"Sin perjuicio de lo anterior, el control permanente de la calidad de los combustibles, líquidos y gaseosos, indicados en el presente capítulo, a lo largo de toda la cadena de distribución, será responsabilidad de las empresas distribuidoras de combustible.",326,582,40,40,element_inherited,spacy_sentence_boundaries_with_legal_postprocessing,completed,0,,,2026-07-23T15:53:28+00:00
CL_MMA_DEC_000001_STMT_000315,SEG_000001,CL_MMA_DEC_000001,STRUCT_000009,CL_MMA_DEC_000001_ART_Artículo_28_P001,CL_MMA_DEC_000001_ART_Artículo_28,paragraph,348,3,315,"Éstas podrán efectuarlo directamente o mediante laboratorios especialmente contratados para este efecto, de acuerdo a los procedimientos establecidos por la Superintendencia de Electricidad y Combustibles.",583,788,40,40,element_inherited,spacy_sentence_boundaries_with_legal_postprocessing,completed,0,,,2026-07-23T15:53:28+00:00
CL_MMA_DEC_000001_STMT_000316,SEG_000001,CL_MMA_DEC_000001,STRUCT_000009,CL_MMA_DEC_000001_ART_Artículo_29_P001,CL_MMA_DEC_000001_ART_Artículo_29,paragraph,350,1,316,"El Ministerio de Energía, en el ámbito de sus competencias, podrá establecer fundadamente, previo análisis conjunto con el Ministerio del Medio Ambiente, el Ministerio de Transportes y Telecomunicaciones, y la Superintendencia de Electricidad y Combustibles, excepciones temporales para algunas propiedades de los combustibles que se expenden o distribuyan en la Región Metropolitana de Santiago, considerando el aumento no programado de la demanda nacional o el déficit o contracción de la oferta de los combustibles en los mercados internacionales y nacionales.",0,563,40,40,element_inherited,spacy_sentence_boundaries_with_legal_postprocessing,completed,0,,,2026-07-23T15:53:28+00:00
CL_MMA_DEC_000001_STMT_000317,SEG_000001,CL_MMA_DEC_000001,STRUCT_000009,CL_MMA_DEC_000001_ART_Artículo_29_P002,CL_MMA_DEC_000001_ART_Artículo_29,paragraph,351,1,317,"Sin embargo, no podrá modificarse el límite del contenido de azufre del petróleo diésel, por el daño a las tecnologías de control de emisiones incorporadas en fuentes móviles en la Región Metropolitana de Santiago.",0,214,40,40,element_inherited,spacy_sentence_boundaries_with_legal_postprocessing,completed,0,,,2026-07-23T15:53:28+00:00
CL_MMA_DEC_000001_STMT_000318,SEG_000001,CL_MMA_DEC_000001,STRUCT_000009,CL_MMA_DEC_000001_ART_Artículo_29_P003,CL_MMA_DEC_000001_ART_Artículo_29,paragraph,352,1,318,"En cuanto al contenido de azufre en la gasolina, sólo podrá disponerse un estado de excepción por un período determinado y autorizando hasta un máximo de 30 ppm de azufre.",0,171,40,40,element_inherited,spacy_sentence_boundaries_with_legal_postprocessing,completed,0,,,2026-07-23T15:53:28+00:00
CL_MMA_DEC_000001_STMT_000319,SEG_000001,CL_MMA_DEC_000001,STRUCT_000009,CL_MMA_DEC_000001_ART_Artículo_30_P001,CL_MMA_DEC_000001_ART_Artículo_30,paragraph,355,1,319,"Las instalaciones de almacenamiento de combustibles líquidos derivados del petróleo de Clase I que se emplacen en la Región Metropolitana de Santiago, y cuya capacidad de almacenamiento sea igual o superior a 100 m3, deberán contar con tanques de almacenamiento de techo flotante externo o manta flotante interna.",0,313,40,40,element_inherited,spacy_sentence_boundaries_with_legal_postprocessing,completed,0,,,2026-07-23T15:53:28+00:00
CL_MMA_DEC_000001_STMT_000320,SEG_000001,CL_MMA_DEC_000001,STRUCT_000009,CL_MMA_DEC_000001_ART_Artículo_30_P001,CL_MMA_DEC_000001_ART_Artículo_30,paragraph,355,2,320,"Como alternativa, podrán usarse tanques de techo fijo, siempre y cuando éstos incorporen válvulas de alivio de presión y vacío, conectadas a mecanismos de recolección y posterior recuperación de vapores, cuya eficiencia de recuperación sea igual o superior a un 95%.",314,580,40,40,element_inherited,spacy_sentence_boundaries_with_legal_postprocessing,completed,0,,,2026-07-23T15:53:28+00:00
CL_MMA_DEC_000001_STMT_000321,SEG_000001,CL_MMA_DEC_000001,STRUCT_000009,CL_MMA_DEC_000001_ART_Artículo_30_P002,CL_MMA_DEC_000001_ART_Artículo_30,paragraph,356,1,321,"Además, deberán estar equipados con elementos que permitan capturar los vapores durante las operaciones de carga de combustibles de Clase I.",0,140,40,40,element_inherited,spacy_sentence_boundaries_with_legal_postprocessing,completed,0,,,2026-07-23T15:53:28+00:00
CL_MMA_DEC_000001_STMT_000322,SEG_000001,CL_MMA_DEC_000001,STRUCT_000009,CL_MMA_DEC_000001_ART_Artículo_30_P003,CL_MMA_DEC_000001_ART_Artículo_30,paragraph,357,1,322,"Las instalaciones de distribución de la Región Metropolitana de Santiago deberán disponer en los puntos de transferencia de combustibles, de equipos de captura y posterior recuperación y/o eliminación de vapores.",0,212,40,40,element_inherited,spacy_sentence_boundaries_with_legal_postprocessing,completed,0,,,2026-07-23T15:53:28+00:00
CL_MMA_DEC_000001_STMT_000323,SEG_000001,CL_MMA_DEC_000001,STRUCT_000009,CL_MMA_DEC_000001_ART_Artículo_30_P004,CL_MMA_DEC_000001_ART_Artículo_30,paragraph,358,1,323,"Los equipos de recuperación y/o eliminación de vapores deberán estar diseñados para recuperar y/o eliminar, al menos, el 95% de los vapores en ellos tratados.",0,158,40,40,element_inherited,spacy_sentence_boundaries_with_legal_postprocessing,completed,0,,,2026-07-23T15:53:28+00:00
CL_MMA_DEC_000001_STMT_000324,SEG_000001,CL_MMA_DEC_000001,STRUCT_000009,CL_MMA_DEC_000001_ART_Artículo_30_P004,CL_MMA_DEC_000001_ART_Artículo_30,paragraph,358,2,324,"Para estos efectos, se podrán utilizar equipos de incineración de vapores, siempre y cuando su emplazamiento se encuentre en un lugar dentro de la instalación de distribución que no represente riesgo alguno, de acuerdo a la normativa vigente.",159,401,40,40,element_inherited,spacy_sentence_boundaries_with_legal_postprocessing,completed,0,,,2026-07-23T15:53:28+00:00
CL_MMA_DEC_000001_STMT_000325,SEG_000001,CL_MMA_DEC_000001,STRUCT_000009,CL_MMA_DEC_000001_ART_Artículo_30_P005,CL_MMA_DEC_000001_ART_Artículo_30,paragraph,359,1,325,El Ministerio de Energía podrá dictar normas complementarias para el cumplimiento de esta exigencia.,0,100,40,40,element_inherited,spacy_sentence_boundaries_with_legal_postprocessing,completed,0,,,2026-07-23T15:53:28+00:00
CL_MMA_DEC_000001_STMT_000326,SEG_000001,CL_MMA_DEC_000001,STRUCT_000009,CL_MMA_DEC_000001_ART_Artículo_31_P001,CL_MMA_DEC_000001_ART_Artículo_31,paragraph,361,1,326,"Todos los tanques que almacenen combustibles líquidos Clase I, existentes y los que se instalen con posterioridad a la entrada en vigencia del presente Decreto, en la Región Metropolitana de Santiago, deberán contar con sistemas de recuperación de vapor que aseguren la captura de, al menos, el 90% del total de vapores desplazados durante las actividades normales de transferencia de combustibles desde camiones tanques, junto con un sistema de medición remota (entre otros, telemedición).",0,490,40,40,element_inherited,spacy_sentence_boundaries_with_legal_postprocessing,completed,0,,,2026-07-23T15:53:28+00:00
CL_MMA_DEC_000001_STMT_000327,SEG_000001,CL_MMA_DEC_000001,STRUCT_000009,CL_MMA_DEC_000001_ART_Artículo_31_P002,CL_MMA_DEC_000001_ART_Artículo_31,paragraph,362,1,327,"Los sistemas de recuperación de vapores deberán cumplir las exigencias establecidas en el Decreto Supremo Nº 160, de 2008, del Ministerio de Economía,",0,150,40,40,element_inherited,spacy_sentence_boundaries_with_legal_postprocessing,completed_with_warnings,1,missing_terminal_punctuation,"Candidate lacks final period, question mark, or exclamation mark; list items may be legitimate.",2026-07-23T15:53:28+00:00
CL_MMA_DEC_000001_STMT_000328,SEG_000001,CL_MMA_DEC_000001,STRUCT_000009,CL_MMA_DEC_000001_ART_Artículo_31_P003,CL_MMA_DEC_000001_ART_Artículo_31,paragraph,363,1,328,Fomento y Reconstrucción.,0,25,41,41,element_inherited,spacy_sentence_boundaries_with_legal_postprocessing,completed,0,,,2026-07-23T15:53:28+00:00
CL_MMA_DEC_000001_STMT_000329,SEG_000001,CL_MMA_DEC_000001,STRUCT_000009,CL_MMA_DEC_000001_ART_Artículo_32_P001,CL_MMA_DEC_000001_ART_Artículo_32,paragraph,365,1,329,"Los camiones tanques que suministren combustibles líquidos Clase I a instalaciones de distribución y a establecimientos de abastecimiento vehicular, deberán disponer de equipos de captura y posterior recuperación de vapor de hidrocarburos, y contar con los elementos necesarios para una eficiente operación de los sistemas antes mencionados, sin perjuicio de lo dispuesto en el Decreto Supremo Nº 160, de 2008, del Ministerio de Economía, Fomento y Reconstrucción o el que lo reemplace.",0,486,41,41,element_inherited,spacy_sentence_boundaries_with_legal_postprocessing,completed,0,,,2026-07-23T15:53:28+00:00
CL_MMA_DEC_000001_STMT_000330,SEG_000001,CL_MMA_DEC_000001,STRUCT_000009,CL_MMA_DEC_000001_ART_Artículo_33_P001,CL_MMA_DEC_000001_ART_Artículo_33,paragraph,367,1,330,"Para la acreditación del cumplimiento de las eficiencias de captura, recuperación y eliminación de vapores, indicadas en los artículos precedentes, deberán observarse los procedimientos autorizados por la Superintendencia de Electricidad y Combustibles.",0,253,41,41,element_inherited,spacy_sentence_boundaries_with_legal_postprocessing,completed,0,,,2026-07-23T15:53:28+00:00
CL_MMA_DEC_000001_STMT_000331,SEG_000001,CL_MMA_DEC_000001,STRUCT_000009,CL_MMA_DEC_000001_ART_Artículo_34_P001,CL_MMA_DEC_000001_ART_Artículo_34,paragraph,369,1,331,"Los operadores de las instalaciones de almacenamiento y/o distribución de combustibles líquidos Clase I, que operen en la Región Metropolitana de Santiago, deberán presentar trimestralmente a la Superintendencia de Electricidad y Combustibles, un informe que dé cuenta del cumplimiento de las disposiciones contenidas en el presente capítulo, así como las medidas que se adoptarán si fuese necesario, según lo establecido por dicho organismo.",0,442,41,41,element_inherited,spacy_sentence_boundaries_with_legal_postprocessing,completed,0,,,2026-07-23T15:53:28+00:00
CL_MMA_DEC_000001_STMT_000332,SEG_000001,CL_MMA_DEC_000001,STRUCT_000009,CL_MMA_DEC_000001_ART_Artículo_35_P001,CL_MMA_DEC_000001_ART_Artículo_35,paragraph,371,1,332,"La Superintendencia de Electricidad y Combustibles desarrollará, en un plazo de 24 meses desde la entrada en vigencia del presente Decreto, un catastro del actual sistema de recuperación de emisiones donde se identifiquen tanques de almacenamiento, camiones y estaciones de servicio, su nivel de actividad y el estado de cumplimiento de la implementación y eficiencia de los sistemas de recuperación de vapores.",0,411,41,41,element_inherited,spacy_sentence_boundaries_with_legal_postprocessing,completed,0,,,2026-07-23T15:53:28+00:00
CL_MMA_DEC_000001_STMT_000333,SEG_000001,CL_MMA_DEC_000001,STRUCT_000009,CL_MMA_DEC_000001_ART_Artículo_35_P002,CL_MMA_DEC_000001_ART_Artículo_35,paragraph,372,1,333,La Superintendencia de Electricidad y Combustibles realizará un diagnóstico y rediseño del sistema de fiscalización.,0,116,41,41,element_inherited,spacy_sentence_boundaries_with_legal_postprocessing,completed,0,,,2026-07-23T15:53:28+00:00
CL_MMA_DEC_000001_STMT_000334,SEG_000001,CL_MMA_DEC_000001,STRUCT_000009,CL_MMA_DEC_000001_ART_Artículo_35_P002,CL_MMA_DEC_000001_ART_Artículo_35,paragraph,372,2,334,En el diseño se deberá contemplar el envío de un informe anual de cumplimiento de todas las exigencias relacionadas con la recuperación de vapores a la Secretaría Regional Ministerial del Medio Ambiente de la Región Metropolitana (SEREMI del Medio Ambiente) y a la Superintendencia del Medio Ambiente.,117,418,41,41,element_inherited,spacy_sentence_boundaries_with_legal_postprocessing,completed,0,,,2026-07-23T15:53:28+00:00
CL_MMA_DEC_000001_STMT_000335,SEG_000001,CL_MMA_DEC_000001,STRUCT_000009,CL_MMA_DEC_000001_ART_Artículo_35_P003,CL_MMA_DEC_000001_ART_Artículo_35,paragraph,373,1,335,El nuevo sistema de fiscalización deberá ser puesto en marcha en un plazo de 36 meses desde la entrada en vigencia del presente Decreto.,0,136,41,41,element_inherited,spacy_sentence_boundaries_with_legal_postprocessing,completed,0,,,2026-07-23T15:53:28+00:00
CL_MMA_DEC_000001_STMT_000336,SEG_000001,CL_MMA_DEC_000001,STRUCT_000009,CL_MMA_DEC_000001_ART_Artículo_35_P003,CL_MMA_DEC_000001_ART_Artículo_35,paragraph,373,2,336,"Dentro de este mismo plazo, la Superintendencia de Electricidad y Combustibles implementará una plataforma informática para el registro de todos los componentes de la cadena de distribución de combustibles, en el cual se incorporarán anualmente los reportes de cumplimiento realizados por la Superintendencia de Electricidad y Combustibles.",137,477,41,41,element_inherited,spacy_sentence_boundaries_with_legal_postprocessing,completed,0,,,2026-07-23T15:53:28+00:00
CL_MMA_DEC_000001_STMT_000337,SEG_000001,CL_MMA_DEC_000001,STRUCT_000009,CL_MMA_DEC_000001_ART_Artículo_36_P001,CL_MMA_DEC_000001_ART_Artículo_36,paragraph,377,1,337,Las fuentes estacionarias deberán cumplir con los límites de emisión para MP establecidos en la siguiente tabla:,0,112,41,41,element_inherited,spacy_sentence_boundaries_with_legal_postprocessing,completed_with_warnings,1,missing_terminal_punctuation,"Candidate lacks final period, question mark, or exclamation mark; list items may be legitimate.",2026-07-23T15:53:28+00:00
CL_MMA_DEC_000001_STMT_000338,SEG_000001,CL_MMA_DEC_000001,STRUCT_000009,CL_MMA_DEC_000001_ART_Artículo_36_P002,CL_MMA_DEC_000001_ART_Artículo_36,paragraph,379,1,338,Quedan exentos de cumplir el límite de emisión de MP:,0,53,42,42,element_inherited,spacy_sentence_boundaries_with_legal_postprocessing,completed_with_warnings,1,missing_terminal_punctuation,"Candidate lacks final period, question mark, or exclamation mark; list items may be legitimate.",2026-07-23T15:53:28+00:00
CL_MMA_DEC_000001_STMT_000339,SEG_000001,CL_MMA_DEC_000001,STRUCT_000009,CL_MMA_DEC_000001_ART_Artículo_36_ITEM_i,CL_MMA_DEC_000001_ART_Artículo_36,roman_item,380,1,339,"Los hornos panaderos de potencia menor a 1 MWt, que usen un combustible gaseoso, en forma exclusiva y permanente.",0,113,42,42,element_inherited,spacy_sentence_boundaries_with_legal_postprocessing,completed,0,,,2026-07-23T15:53:28+00:00
CL_MMA_DEC_000001_STMT_000340,SEG_000001,CL_MMA_DEC_000001,STRUCT_000009,CL_MMA_DEC_000001_ART_Artículo_36_ITEM_ii,CL_MMA_DEC_000001_ART_Artículo_36,roman_item,381,1,340,"Las calderas nuevas y existentes de potencias hasta 1 MWt, que usen un combustible líquido (con menos de 50 ppm de azufre) o gaseoso, en forma exclusiva y permanente.",0,166,42,42,element_inherited,spacy_sentence_boundaries_with_legal_postprocessing,completed,0,,,2026-07-23T15:53:28+00:00
CL_MMA_DEC_000001_STMT_000341,SEG_000001,CL_MMA_DEC_000001,STRUCT_000009,CL_MMA_DEC_000001_ART_Artículo_36_ITEM_iii,CL_MMA_DEC_000001_ART_Artículo_36,roman_item,382,1,341,"Las calderas de potencia mayor o igual a 1 MWt, que usen un combustible gaseoso, en forma exclusiva y permanente.",0,113,42,42,element_inherited,spacy_sentence_boundaries_with_legal_postprocessing,completed,0,,,2026-07-23T15:53:28+00:00
CL_MMA_DEC_000001_STMT_000342,SEG_000001,CL_MMA_DEC_000001,STRUCT_000009,CL_MMA_DEC_000001_ART_Artículo_36_P003,CL_MMA_DEC_000001_ART_Artículo_36,paragraph,383,1,342,Las excepciones mencionadas se acreditarán conforme a lo señalado en el artículo 43 del presente Decreto.,0,105,42,43,element_inherited,spacy_sentence_boundaries_with_legal_postprocessing,completed,0,,,2026-07-23T15:53:28+00:00
CL_MMA_DEC_000001_STMT_000343,SEG_000001,CL_MMA_DEC_000001,STRUCT_000009,CL_MMA_DEC_000001_ART_Artículo_36_P004,CL_MMA_DEC_000001_ART_Artículo_36,paragraph,384,1,343,"Para las fuentes sujetas al cumplimiento del D.S. N° 13, de 2011, de Ministerio del Medio Ambiente, aplicarán las normas de emisión por concentración ahí establecidas.",0,167,43,43,element_inherited,spacy_sentence_boundaries_with_legal_postprocessing,completed,0,,,2026-07-23T15:53:28+00:00
CL_MMA_DEC_000001_STMT_000344,SEG_000001,CL_MMA_DEC_000001,STRUCT_000009,CL_MMA_DEC_000001_ART_Artículo_37_P001,CL_MMA_DEC_000001_ART_Artículo_37,paragraph,386,1,344,"En el caso de calderas existentes, de potencia mayor a 1 MWt y menor a 20 MWt, podrán mantener su límite de emisión para material particulado en 30 mg/m3N, después del 31 de diciembre de 2019, siempre y cuando mantengan operativos sistemas de cogeneración, produciendo simultáneamente energía térmica y eléctrica y/o mecánica, con un nivel de eficiencia térmica global mayor o igual a 80%.",0,389,43,43,element_inherited,spacy_sentence_boundaries_with_legal_postprocessing,completed,0,,,2026-07-23T15:53:28+00:00
CL_MMA_DEC_000001_STMT_000345,SEG_000001,CL_MMA_DEC_000001,STRUCT_000009,CL_MMA_DEC_000001_ART_Artículo_37_P001,CL_MMA_DEC_000001_ART_Artículo_37,paragraph,386,2,345,"La energía eléctrica o mecánica y el calor producido deben satisfacer demandas reales, de modo que de no existir la cogeneración éstas debieran satisfacerse desde otras fuentes energéticas.",390,579,43,43,element_inherited,spacy_sentence_boundaries_with_legal_postprocessing,completed,0,,,2026-07-23T15:53:28+00:00
CL_MMA_DEC_000001_STMT_000346,SEG_000001,CL_MMA_DEC_000001,STRUCT_000009,CL_MMA_DEC_000001_ART_Artículo_37_P002,CL_MMA_DEC_000001_ART_Artículo_37,paragraph,387,1,346,"El límite de emisión mencionado se conservará mientras la fuente mantenga dicha condición, la que deberá ser acreditada por los titulares antes del 30 de junio de 2019, ante la Superintendencia del Medio Ambiente, mediante los mecanismos que fije al efecto.",0,257,43,43,element_inherited,spacy_sentence_boundaries_with_legal_postprocessing,completed,0,,,2026-07-23T15:53:28+00:00
CL_MMA_DEC_000001_STMT_000347,SEG_000001,CL_MMA_DEC_000001,STRUCT_000009,CL_MMA_DEC_000001_ART_Artículo_37_P003,CL_MMA_DEC_000001_ART_Artículo_37,paragraph,388,1,347,"La Superintendencia del Medio Ambiente informará anualmente, al Ministerio del Medio Ambiente, a partir del año 2020, el listado de aquellas calderas que cumplan con lo establecido en este artículo.",0,198,43,43,element_inherited,spacy_sentence_boundaries_with_legal_postprocessing,completed,0,,,2026-07-23T15:53:28+00:00
CL_MMA_DEC_000001_STMT_000348,SEG_000001,CL_MMA_DEC_000001,STRUCT_000009,CL_MMA_DEC_000001_ART_Artículo_38_P001,CL_MMA_DEC_000001_ART_Artículo_38,paragraph,391,1,348,"Las fuentes estacionarias, deberán cumplir con los límites de emisión para SO establecidos en la siguiente tabla:",0,113,43,43,element_inherited,spacy_sentence_boundaries_with_legal_postprocessing,completed_with_warnings,1,missing_terminal_punctuation,"Candidate lacks final period, question mark, or exclamation mark; list items may be legitimate.",2026-07-23T15:53:28+00:00
CL_MMA_DEC_000001_STMT_000349,SEG_000001,CL_MMA_DEC_000001,STRUCT_000009,CL_MMA_DEC_000001_ART_Artículo_38_ITEM_i,CL_MMA_DEC_000001_ART_Artículo_38,roman_item,394,1,349,Las calderas que utilicen un combustible gaseoso de manera exclusiva y permanente.,0,82,44,44,element_inherited,spacy_sentence_boundaries_with_legal_postprocessing,completed,0,,,2026-07-23T15:53:28+00:00
CL_MMA_DEC_000001_STMT_000350,SEG_000001,CL_MMA_DEC_000001,STRUCT_000009,CL_MMA_DEC_000001_ART_Artículo_38_ITEM_ii,CL_MMA_DEC_000001_ART_Artículo_38,roman_item,395,1,350,"Las calderas que utilicen biomasa no tratada (según define D.S. N° 29, de 2013, de Ministerio del Medio Ambiente) como combustible de manera exclusiva y permanente.",0,164,44,44,element_inherited,spacy_sentence_boundaries_with_legal_postprocessing,completed,0,,,2026-07-23T15:53:28+00:00
CL_MMA_DEC_000001_STMT_000351,SEG_000001,CL_MMA_DEC_000001,STRUCT_000009,CL_MMA_DEC_000001_ART_Artículo_38_ITEM_iii,CL_MMA_DEC_000001_ART_Artículo_38,roman_item,396,1,351,"Las fuentes estacionarias sujetas al cumplimiento del D.S. N° 13, de 2011, de Ministerio del Medio Ambiente.",0,108,44,44,element_inherited,spacy_sentence_boundaries_with_legal_postprocessing,completed,0,,,2026-07-23T15:53:28+00:00
CL_MMA_DEC_000001_STMT_000352,SEG_000001,CL_MMA_DEC_000001,STRUCT_000009,CL_MMA_DEC_000001_ART_Artículo_38_P002,CL_MMA_DEC_000001_ART_Artículo_38,paragraph,397,1,352,Las excepciones mencionadas se acreditarán conforme a lo señalado en el,0,71,44,44,element_inherited,spacy_sentence_boundaries_with_legal_postprocessing,completed_with_warnings,1,missing_terminal_punctuation,"Candidate lacks final period, question mark, or exclamation mark; list items may be legitimate.",2026-07-23T15:53:28+00:00
CL_MMA_DEC_000001_STMT_000353,SEG_000001,CL_MMA_DEC_000001,STRUCT_000009,CL_MMA_DEC_000001_ART_Artículo_38_P003,CL_MMA_DEC_000001_ART_Artículo_38,paragraph,398,1,353,artículo 43 del presente Decreto.,0,33,44,44,element_inherited,spacy_sentence_boundaries_with_legal_postprocessing,completed_with_warnings,1,sentence_starts_lowercase,The first alphabetic character is lowercase; inspect for an over-split continuation.,2026-07-23T15:53:28+00:00
CL_MMA_DEC_000001_STMT_000354,SEG_000001,CL_MMA_DEC_000001,STRUCT_000009,CL_MMA_DEC_000001_ART_Artículo_38_P004,CL_MMA_DEC_000001_ART_Artículo_38,paragraph,399,1,354,"Los límites de emisión establecidos en la tabla precedente están referidos al poder calorífico inferior del combustible, como valor máximo permisible de emisión de SO, para fuentes estacionarias cuya emisión dependa exclusivamente del combustible utilizado, es decir, en la cual los gases de combustión no contengan materias producto del proceso y deben cumplirse en todas las condiciones de operación de la fuente, sea que ésta opere en modo fijo o modulante.",0,460,44,44,element_inherited,spacy_sentence_boundaries_with_legal_postprocessing,completed,0,,,2026-07-23T15:53:28+00:00
CL_MMA_DEC_000001_STMT_000355,SEG_000001,CL_MMA_DEC_000001,STRUCT_000009,CL_MMA_DEC_000001_ART_Artículo_38_P004,CL_MMA_DEC_000001_ART_Artículo_38,paragraph,399,2,355,Se exceptúan las operaciones de partida por un período máximo de quince minutos al día.,461,548,44,44,element_inherited,spacy_sentence_boundaries_with_legal_postprocessing,completed,0,,,2026-07-23T15:53:28+00:00
CL_MMA_DEC_000001_STMT_000356,SEG_000001,CL_MMA_DEC_000001,STRUCT_000009,CL_MMA_DEC_000001_ART_Artículo_39_P001,CL_MMA_DEC_000001_ART_Artículo_39,paragraph,401,1,356,"A partir de 12 meses desde la entrada en vigencia del presente Decreto, la Superintendencia del Medio Ambiente deberá iniciar la evaluación del cumplimiento de las metas de emisión de los 5 establecimientos que cuentan con metas de emisión aprobadas de acuerdo al artículo 66 del D.S. N°66, de 2009, de MINSEGPRES y otros establecimientos que superen 100 ton/ año de SO, de acuerdo a registros y/o mediciones oficiales efectuados con posterioridad a la entrada en vigencia de ese Decreto.",0,488,44,44,element_inherited,spacy_sentence_boundaries_with_legal_postprocessing,completed,0,,,2026-07-23T15:53:28+00:00
CL_MMA_DEC_000001_STMT_000357,SEG_000001,CL_MMA_DEC_000001,STRUCT_000009,CL_MMA_DEC_000001_ART_Artículo_39_P001,CL_MMA_DEC_000001_ART_Artículo_39,paragraph,401,2,357,"Esta evaluación se desarrollará en un periodo máximo de 24 meses y sus resultados e información de base, será entregada al Ministerio del Medio Ambiente, para la evaluación e identificación de nuevos potenciales de reducción adicional a la situación actual.",489,746,44,44,element_inherited,spacy_sentence_boundaries_with_legal_postprocessing,completed,0,,,2026-07-23T15:53:28+00:00
CL_MMA_DEC_000001_STMT_000358,SEG_000001,CL_MMA_DEC_000001,STRUCT_000009,CL_MMA_DEC_000001_ART_Artículo_40_P001,CL_MMA_DEC_000001_ART_Artículo_40,paragraph,404,1,358,Las fuentes estacionarias deberán cumplir con el límite de emisión para CO establecido en la siguiente tabla:,0,109,45,45,element_inherited,spacy_sentence_boundaries_with_legal_postprocessing,completed_with_warnings,1,missing_terminal_punctuation,"Candidate lacks final period, question mark, or exclamation mark; list items may be legitimate.",2026-07-23T15:53:28+00:00
CL_MMA_DEC_000001_STMT_000359,SEG_000001,CL_MMA_DEC_000001,STRUCT_000009,CL_MMA_DEC_000001_ART_Artículo_40_P002,CL_MMA_DEC_000001_ART_Artículo_40,paragraph,406,1,359,"El límite de emisión establecido en la tabla precedente, está referido a fuentes estacionarias, cuya emisión dependa exclusivamente del combustible utilizado, en el cual los gases de combustión no contengan materias producto del proceso y deben cumplirse en todas las condiciones de operación de la fuente, sea que ésta opere en modo fijo o modulante.",0,351,45,45,element_inherited,spacy_sentence_boundaries_with_legal_postprocessing,completed,0,,,2026-07-23T15:53:28+00:00
CL_MMA_DEC_000001_STMT_000360,SEG_000001,CL_MMA_DEC_000001,STRUCT_000009,CL_MMA_DEC_000001_ART_Artículo_40_P002,CL_MMA_DEC_000001_ART_Artículo_40,paragraph,406,2,360,Se exceptúan las operaciones de partida por un período máximo de quince minutos al día.,352,439,45,45,element_inherited,spacy_sentence_boundaries_with_legal_postprocessing,completed,0,,,2026-07-23T15:53:28+00:00
CL_MMA_DEC_000001_STMT_000361,SEG_000001,CL_MMA_DEC_000001,STRUCT_000009,CL_MMA_DEC_000001_ART_Artículo_41_P001,CL_MMA_DEC_000001_ART_Artículo_41,paragraph,409,1,361,Las fuentes estacionarias deberán cumplir con el límite de emisión para NOx establecido en la siguiente tabla:,0,110,45,45,element_inherited,spacy_sentence_boundaries_with_legal_postprocessing,completed_with_warnings,1,missing_terminal_punctuation,"Candidate lacks final period, question mark, or exclamation mark; list items may be legitimate.",2026-07-23T15:53:28+00:00
CL_MMA_DEC_000001_STMT_000362,SEG_000001,CL_MMA_DEC_000001,STRUCT_000009,CL_MMA_DEC_000001_ART_Artículo_41_P002,CL_MMA_DEC_000001_ART_Artículo_41,paragraph,411,1,362,Los valores de la tabla precedente no se aplicarán a aquellas fuentes sujetas al cumplimiento del,0,97,46,46,element_inherited,spacy_sentence_boundaries_with_legal_postprocessing,completed_with_warnings,1,missing_terminal_punctuation,"Candidate lacks final period, question mark, or exclamation mark; list items may be legitimate.",2026-07-23T15:53:28+00:00
CL_MMA_DEC_000001_STMT_000363,SEG_000001,CL_MMA_DEC_000001,STRUCT_000009,CL_MMA_DEC_000001_ART_Artículo_41_P003,CL_MMA_DEC_000001_ART_Artículo_41,paragraph,412,1,363,"D.S. N° 13, de 2011, o al D.S. N° 29, Tabla N°1, de 2013, ambos del Ministerio del Medio Ambiente.",0,98,46,46,element_inherited,spacy_sentence_boundaries_with_legal_postprocessing,completed,0,,,2026-07-23T15:53:28+00:00
CL_MMA_DEC_000001_STMT_000364,SEG_000001,CL_MMA_DEC_000001,STRUCT_000009,CL_MMA_DEC_000001_ART_Artículo_42_P001,CL_MMA_DEC_000001_ART_Artículo_42,paragraph,415,1,364,"Se prohíben las emisiones de gases y partículas no efectuadas a través de chimeneas o ductos de descarga, salvo autorización expresa de la Superintendencia del Medio Ambiente, la que deberá autorizar la modalidad del proceso a ser usado, y el procedimiento para determinar su equivalencia en términos de emisión por chimenea.",0,325,46,46,element_inherited,spacy_sentence_boundaries_with_legal_postprocessing,completed,0,,,2026-07-23T15:53:28+00:00
CL_MMA_DEC_000001_STMT_000365,SEG_000001,CL_MMA_DEC_000001,STRUCT_000009,CL_MMA_DEC_000001_ART_Artículo_43_P001,CL_MMA_DEC_000001_ART_Artículo_43,paragraph,417,1,365,"Para efectos de este capítulo, se acreditará el uso exclusivo y permanente de un combustible, mediante la presentación ante la Superintendencia del Medio Ambiente, por única vez, de una declaración con el número de registro de la SEREMI de Salud RM, que identifica la fuente y el tipo de combustible utilizado, de acuerdo al D.S. N° 10, de 2012, del Ministerio de Salud.",0,370,46,46,element_inherited,spacy_sentence_boundaries_with_legal_postprocessing,completed,0,,,2026-07-23T15:53:28+00:00
CL_MMA_DEC_000001_STMT_000366,SEG_000001,CL_MMA_DEC_000001,STRUCT_000009,CL_MMA_DEC_000001_ART_Artículo_44_P001,CL_MMA_DEC_000001_ART_Artículo_44,paragraph,419,1,366,"En el caso de calderas nuevas que no utilicen combustible gaseoso y de potencia menor a 300 kWt, deberán acreditar por única vez, a través de un certificado emitido por el fabricante, un nivel de eficiencia térmica mayor o igual a 80%.",0,235,46,47,element_inherited,spacy_sentence_boundaries_with_legal_postprocessing,completed,0,,,2026-07-23T15:53:28+00:00
CL_MMA_DEC_000001_STMT_000367,SEG_000001,CL_MMA_DEC_000001,STRUCT_000009,CL_MMA_DEC_000001_ART_Artículo_44_P002,CL_MMA_DEC_000001_ART_Artículo_44,paragraph,420,1,367,"La acreditación se hará antes de entrar en operación, ante la Superintendencia del Medio Ambiente.",0,98,47,47,element_inherited,spacy_sentence_boundaries_with_legal_postprocessing,completed,0,,,2026-07-23T15:53:28+00:00
CL_MMA_DEC_000001_STMT_000368,SEG_000001,CL_MMA_DEC_000001,STRUCT_000009,CL_MMA_DEC_000001_ART_Artículo_45_P001,CL_MMA_DEC_000001_ART_Artículo_45,paragraph,422,1,368,Todos los valores de emisión medidos deben ser corregidos por oxígeno según el estado de combustible que indican la Tabla VI-5 y la Tabla VI-6:,0,143,47,47,element_inherited,spacy_sentence_boundaries_with_legal_postprocessing,completed_with_warnings,1,missing_terminal_punctuation,"Candidate lacks final period, question mark, or exclamation mark; list items may be legitimate.",2026-07-23T15:53:28+00:00
CL_MMA_DEC_000001_STMT_000369,SEG_000001,CL_MMA_DEC_000001,STRUCT_000009,CL_MMA_DEC_000001_ART_Artículo_45_P002,CL_MMA_DEC_000001_ART_Artículo_45,paragraph,425,1,369,Las correcciones en el cálculo y expresión de unidades de concentración de las emisiones se referirán a 25°C y 1 atm.,0,117,47,47,element_inherited,spacy_sentence_boundaries_with_legal_postprocessing,completed,0,,,2026-07-23T15:53:28+00:00
CL_MMA_DEC_000001_STMT_000370,SEG_000001,CL_MMA_DEC_000001,STRUCT_000009,CL_MMA_DEC_000001_ART_Artículo_46_P001,CL_MMA_DEC_000001_ART_Artículo_46,paragraph,427,1,370,Las fuentes estacionarias emisoras deberán acreditar sus emisiones considerando los métodos de medición oficiales y los reconocidos como válidos por la Superintendencia del Medio Ambiente.,0,188,47,47,element_inherited,spacy_sentence_boundaries_with_legal_postprocessing,completed,0,,,2026-07-23T15:53:28+00:00
CL_MMA_DEC_000001_STMT_000371,SEG_000001,CL_MMA_DEC_000001,STRUCT_000009,CL_MMA_DEC_000001_ART_Artículo_46_P001,CL_MMA_DEC_000001_ART_Artículo_46,paragraph,427,2,371,Estos análisis se deberán realizar en laboratorios de medición y análisis autorizados por la Superintendencia del Medio Ambiente para estos efectos.,189,337,47,47,element_inherited,spacy_sentence_boundaries_with_legal_postprocessing,completed,0,,,2026-07-23T15:53:28+00:00
CL_MMA_DEC_000001_STMT_000372,SEG_000001,CL_MMA_DEC_000001,STRUCT_000009,CL_MMA_DEC_000001_ART_Artículo_47_P001,CL_MMA_DEC_000001_ART_Artículo_47,paragraph,429,1,372,"Se eximen de la utilización de los métodos indicados en el artículo anterior, las calderas de potencia menor a 300 kWt, las que para acreditar sus emisiones, deberán presentar a la Superintendencia del Medio Ambiente, por única vez, el certificado de origen del fabricante, que indique que la caldera cumple lo establecido en el presente Decreto.",0,346,47,47,element_inherited,spacy_sentence_boundaries_with_legal_postprocessing,completed,0,,,2026-07-23T15:53:28+00:00
CL_MMA_DEC_000001_STMT_000373,SEG_000001,CL_MMA_DEC_000001,STRUCT_000009,CL_MMA_DEC_000001_ART_Artículo_48_P001,CL_MMA_DEC_000001_ART_Artículo_48,paragraph,431,1,373,La Superintendencia del Medio Ambiente deberá mantener actualizado un registro de las fuentes estacionarias de la región.,0,121,47,47,element_inherited,spacy_sentence_boundaries_with_legal_postprocessing,completed,0,,,2026-07-23T15:53:28+00:00
CL_MMA_DEC_000001_STMT_000374,SEG_000001,CL_MMA_DEC_000001,STRUCT_000009,CL_MMA_DEC_000001_ART_Artículo_48_P001,CL_MMA_DEC_000001_ART_Artículo_48,paragraph,431,2,374,"Este registro deberá individualizar los resultados de las acreditaciones históricas asociadas a cada fuente, por establecimiento y contaminante, según corresponda.",122,285,47,47,element_inherited,spacy_sentence_boundaries_with_legal_postprocessing,completed,0,,,2026-07-23T15:53:28+00:00
CL_MMA_DEC_000001_STMT_000375,SEG_000001,CL_MMA_DEC_000001,STRUCT_000009,CL_MMA_DEC_000001_ART_Artículo_48_P001,CL_MMA_DEC_000001_ART_Artículo_48,paragraph,431,3,375,"Para desarrollar este registro, la SEREMI de Salud RM deberá poner a disposición de la Superintendencia de Medio Ambiente, en un plazo máximo de 2 meses de publicado el presente Decreto, toda la información histórica de las fuentes fijas que se hayan registrado ante dicho organismo en alguna oportunidad.",286,591,47,47,element_inherited,spacy_sentence_boundaries_with_legal_postprocessing,completed,0,,,2026-07-23T15:53:28+00:00
CL_MMA_DEC_000001_STMT_000376,SEG_000001,CL_MMA_DEC_000001,STRUCT_000009,CL_MMA_DEC_000001_ART_Artículo_49_P001,CL_MMA_DEC_000001_ART_Artículo_49,paragraph,433,1,376,"Los titulares de fuentes estacionarias deberán informar a la Superintendencia del Medio Ambiente, con anterioridad al hecho, cada cambio de combustible u otra condición que incida en un aumento o reducción de emisiones.",0,219,47,47,element_inherited,spacy_sentence_boundaries_with_legal_postprocessing,completed,0,,,2026-07-23T15:53:28+00:00
CL_MMA_DEC_000001_STMT_000377,SEG_000001,CL_MMA_DEC_000001,STRUCT_000009,CL_MMA_DEC_000001_ART_Artículo_50_P001,CL_MMA_DEC_000001_ART_Artículo_50,paragraph,435,1,377,"La medición de material particulado se realizará a plena carga de la fuente, que corresponde a la medición efectuada a la capacidad máxima de funcionamiento de la fuente, independientemente del proceso de producción asociado, observándose los parámetros de seguridad especificados de acuerdo al diseño de la fuente y confirmados por los parámetros físicos de construcción de ella.",0,380,47,48,element_inherited,spacy_sentence_boundaries_with_legal_postprocessing,completed,0,,,2026-07-23T15:53:28+00:00
CL_MMA_DEC_000001_STMT_000378,SEG_000001,CL_MMA_DEC_000001,STRUCT_000009,CL_MMA_DEC_000001_ART_Artículo_50_P002,CL_MMA_DEC_000001_ART_Artículo_50,paragraph,436,1,378,"El titular de la fuente podrá medir a una capacidad de funcionamiento diferente de la señalada en el inciso anterior, debiendo acreditar que no la supera, mediante instrumentos de registro aprobados por la Superintendencia del Medio Ambiente.",0,242,48,48,element_inherited,spacy_sentence_boundaries_with_legal_postprocessing,completed,0,,,2026-07-23T15:53:28+00:00
CL_MMA_DEC_000001_STMT_000379,SEG_000001,CL_MMA_DEC_000001,STRUCT_000009,CL_MMA_DEC_000001_ART_Artículo_50_P002,CL_MMA_DEC_000001_ART_Artículo_50,paragraph,436,2,379,Esta capacidad de funcionamiento será considerada como plena carga de la fuente.,243,323,48,48,element_inherited,spacy_sentence_boundaries_with_legal_postprocessing,completed,0,,,2026-07-23T15:53:28+00:00
CL_MMA_DEC_000001_STMT_000380,SEG_000001,CL_MMA_DEC_000001,STRUCT_000009,CL_MMA_DEC_000001_ART_Artículo_51_P001,CL_MMA_DEC_000001_ART_Artículo_51,paragraph,438,1,380,Las fuentes estacionarias que no sean calderas ni procesos con combustión deberán realizar las mediciones con la frecuencia descrita en la siguiente tabla:,0,155,48,48,element_inherited,spacy_sentence_boundaries_with_legal_postprocessing,completed_with_warnings,1,missing_terminal_punctuation,"Candidate lacks final period, question mark, or exclamation mark; list items may be legitimate.",2026-07-23T15:53:28+00:00
CL_MMA_DEC_000001_STMT_000381,SEG_000001,CL_MMA_DEC_000001,STRUCT_000009,CL_MMA_DEC_000001_ART_Artículo_52_P001,CL_MMA_DEC_000001_ART_Artículo_52,paragraph,442,1,381,"Las calderas y procesos con combustión de potencia térmica menor a 20MWt, deberán acreditar sus emisiones de MP, NOx y SO, cuando corresponda, con la frecuencia descrita en las siguientes tablas:",0,195,48,48,element_inherited,spacy_sentence_boundaries_with_legal_postprocessing,completed_with_warnings,1,missing_terminal_punctuation,"Candidate lacks final period, question mark, or exclamation mark; list items may be legitimate.",2026-07-23T15:53:28+00:00
CL_MMA_DEC_000001_STMT_000382,SEG_000001,CL_MMA_DEC_000001,STRUCT_000009,CL_MMA_DEC_000001_ART_Artículo_53_P001,CL_MMA_DEC_000001_ART_Artículo_53,paragraph,446,1,382,"Las calderas y procesos con combustión de potencia menor a 20 MWt y mayor o igual a 10 MWt, deberán disponer de instrumentación industrial para cuantificar variables que permitan estimar de manera indirecta sus emisiones.",0,221,48,49,element_inherited,spacy_sentence_boundaries_with_legal_postprocessing,completed,0,,,2026-07-23T15:53:28+00:00
CL_MMA_DEC_000001_STMT_000383,SEG_000001,CL_MMA_DEC_000001,STRUCT_000009,CL_MMA_DEC_000001_ART_Artículo_53_P001,CL_MMA_DEC_000001_ART_Artículo_53,paragraph,446,2,383,Esta instrumentación deberá diseñarse para registrar las mencionadas variables de manera continua y en línea con los sistemas de información de la Superintendencia del Medio Ambiente.,222,405,48,49,element_inherited,spacy_sentence_boundaries_with_legal_postprocessing,completed,0,,,2026-07-23T15:53:28+00:00
CL_MMA_DEC_000001_STMT_000384,SEG_000001,CL_MMA_DEC_000001,STRUCT_000009,CL_MMA_DEC_000001_ART_Artículo_53_P002,CL_MMA_DEC_000001_ART_Artículo_53,paragraph,447,1,384,"Las variables a cuantificar podrán corresponder a: consumo de combustible, caudal y horas de operación, como variables principales.",0,131,49,49,element_inherited,spacy_sentence_boundaries_with_legal_postprocessing,completed,0,,,2026-07-23T15:53:28+00:00
CL_MMA_DEC_000001_STMT_000385,SEG_000001,CL_MMA_DEC_000001,STRUCT_000009,CL_MMA_DEC_000001_ART_Artículo_53_P002,CL_MMA_DEC_000001_ART_Artículo_53,paragraph,447,2,385,"También se podrán incluir temperatura, concentración de oxígeno, concentración de monóxido de carbono, todas medidas en los gases de combustión u otras que permitan estimar adecuadamente el nivel de actividad de la fuente y sus emisiones, que definirá la Superintendencia del Medio Ambiente en un plazo de 6 meses desde la entrada en vigencia del presente Decreto, mediante los protocolos correspondientes.",132,538,49,49,element_inherited,spacy_sentence_boundaries_with_legal_postprocessing,completed,0,,,2026-07-23T15:53:28+00:00
CL_MMA_DEC_000001_STMT_000386,SEG_000001,CL_MMA_DEC_000001,STRUCT_000009,CL_MMA_DEC_000001_ART_Artículo_53_P003,CL_MMA_DEC_000001_ART_Artículo_53,paragraph,448,1,386,Los titulares de las fuentes dispondrán de un plazo de 24 meses para dar cumplimiento a esta exigencia a contar de la publicación de la resolución que apruebe los protocolos de la Superintendencia del Medio Ambiente para tales efectos.,0,235,49,49,element_inherited,spacy_sentence_boundaries_with_legal_postprocessing,completed,0,,,2026-07-23T15:53:28+00:00
CL_MMA_DEC_000001_STMT_000387,SEG_000001,CL_MMA_DEC_000001,STRUCT_000009,CL_MMA_DEC_000001_ART_Artículo_53_P004,CL_MMA_DEC_000001_ART_Artículo_53,paragraph,449,1,387,Se exceptúan de esta medida:,0,28,49,49,element_inherited,spacy_sentence_boundaries_with_legal_postprocessing,completed_with_warnings,1,missing_terminal_punctuation,"Candidate lacks final period, question mark, or exclamation mark; list items may be legitimate.",2026-07-23T15:53:28+00:00
CL_MMA_DEC_000001_STMT_000388,SEG_000001,CL_MMA_DEC_000001,STRUCT_000009,CL_MMA_DEC_000001_ART_Artículo_53_BULLET_001,CL_MMA_DEC_000001_ART_Artículo_53,bullet_item,450,1,388,"Aquellas fuentes que cuenten con autorización para disponer de emisiones no canalizadas en ductos o chimeneas, conforme a lo establecido en el artículo 42 del presente decreto - Aquellas fuentes que dispongan de monitoreo continuo de emisiones validado por la Superintendencia del Medio Ambiente.",0,296,49,49,element_inherited,spacy_sentence_boundaries_with_legal_postprocessing,completed,0,,,2026-07-23T15:53:28+00:00
CL_MMA_DEC_000001_STMT_000389,SEG_000001,CL_MMA_DEC_000001,STRUCT_000009,CL_MMA_DEC_000001_ART_Artículo_54_P001,CL_MMA_DEC_000001_ART_Artículo_54,paragraph,452,1,389,"Las calderas y procesos con combustión de potencia térmica mayor o igual a 20 MWt, deberán implementar un sistema de monitoreo continuo para acreditar sus emisiones de MP, NOx y SO, según corresponda.",0,200,49,49,element_inherited,spacy_sentence_boundaries_with_legal_postprocessing,completed,0,,,2026-07-23T15:53:28+00:00
CL_MMA_DEC_000001_STMT_000390,SEG_000001,CL_MMA_DEC_000001,STRUCT_000009,CL_MMA_DEC_000001_ART_Artículo_54_P002,CL_MMA_DEC_000001_ART_Artículo_54,paragraph,453,1,390,El plazo para que las fuentes implementen el sistema de monitoreo continuo es de 24 meses a partir de la entrada en vigencia del presente decreto.,0,146,49,49,element_inherited,spacy_sentence_boundaries_with_legal_postprocessing,completed,0,,,2026-07-23T15:53:28+00:00
CL_MMA_DEC_000001_STMT_000391,SEG_000001,CL_MMA_DEC_000001,STRUCT_000009,CL_MMA_DEC_000001_ART_Artículo_54_P002,CL_MMA_DEC_000001_ART_Artículo_54,paragraph,453,2,391,Dicho sistema debe ser aprobado por la Superintendencia del Medio Ambiente en el plazo de 6 meses.,147,245,49,49,element_inherited,spacy_sentence_boundaries_with_legal_postprocessing,completed,0,,,2026-07-23T15:53:28+00:00
CL_MMA_DEC_000001_STMT_000392,SEG_000001,CL_MMA_DEC_000001,STRUCT_000009,CL_MMA_DEC_000001_ART_Artículo_54_P003,CL_MMA_DEC_000001_ART_Artículo_54,paragraph,454,1,392,"Hasta que no esté aprobado el sistema de monitoreo continuo las fuentes afectas deberán continuar con la acreditación de sus emisiones con los métodos de medición indicados en el artículo 46, cada 12 meses para MP, NOx y SO.",0,224,49,49,element_inherited,spacy_sentence_boundaries_with_legal_postprocessing,completed,0,,,2026-07-23T15:53:28+00:00
CL_MMA_DEC_000001_STMT_000393,SEG_000001,CL_MMA_DEC_000001,STRUCT_000009,CL_MMA_DEC_000001_ART_Artículo_55_P001,CL_MMA_DEC_000001_ART_Artículo_55,paragraph,456,1,393,La evaluación del cumplimiento de los límites de emisión se hará en base a promedios horarios en el caso de monitoreo continuo.,0,127,49,49,element_inherited,spacy_sentence_boundaries_with_legal_postprocessing,completed,0,,,2026-07-23T15:53:28+00:00
CL_MMA_DEC_000001_STMT_000394,SEG_000001,CL_MMA_DEC_000001,STRUCT_000009,CL_MMA_DEC_000001_ART_Artículo_55_P001,CL_MMA_DEC_000001_ART_Artículo_55,paragraph,456,2,394,"Los valores deberán cumplirse en el 97% de las horas de funcionamiento de la fuente, descontadas exclusivamente las horas de encendido y apagado.",128,273,49,49,element_inherited,spacy_sentence_boundaries_with_legal_postprocessing,completed,0,,,2026-07-23T15:53:28+00:00
CL_MMA_DEC_000001_STMT_000395,SEG_000001,CL_MMA_DEC_000001,STRUCT_000009,CL_MMA_DEC_000001_ART_Artículo_55_P001,CL_MMA_DEC_000001_ART_Artículo_55,paragraph,456,3,395,"Se excluyen de esta exigencia aquellas fuentes reguladas por el D.S. N°13, de 2011, del Ministerio del Medio Ambiente.",274,392,49,49,element_inherited,spacy_sentence_boundaries_with_legal_postprocessing,completed,0,,,2026-07-23T15:53:28+00:00
CL_MMA_DEC_000001_STMT_000396,SEG_000001,CL_MMA_DEC_000001,STRUCT_000009,CL_MMA_DEC_000001_ART_Artículo_56_P001,CL_MMA_DEC_000001_ART_Artículo_56,paragraph,458,1,396,Los datos que se obtengan del monitoreo continuo indicado en el,0,63,49,49,element_inherited,spacy_sentence_boundaries_with_legal_postprocessing,completed_with_warnings,1,missing_terminal_punctuation,"Candidate lacks final period, question mark, or exclamation mark; list items may be legitimate.",2026-07-23T15:53:28+00:00
CL_MMA_DEC_000001_STMT_000397,SEG_000001,CL_MMA_DEC_000001,STRUCT_000009,CL_MMA_DEC_000001_ART_Artículo_56_P002,CL_MMA_DEC_000001_ART_Artículo_56,paragraph,459,1,397,artículo 54 deberán estar en línea con los sistemas de información que sean definidos por la Superintendencia del Medio Ambiente.,0,129,49,49,element_inherited,spacy_sentence_boundaries_with_legal_postprocessing,completed_with_warnings,1,sentence_starts_lowercase,The first alphabetic character is lowercase; inspect for an over-split continuation.,2026-07-23T15:53:28+00:00
CL_MMA_DEC_000001_STMT_000398,SEG_000001,CL_MMA_DEC_000001,STRUCT_000009,CL_MMA_DEC_000001_ART_Artículo_56_P002,CL_MMA_DEC_000001_ART_Artículo_56,paragraph,459,2,398,"Para ello, en el plazo de 6 meses desde la entrada en vigencia del presente Plan, esta Superintendencia deberá establecer los protocolos para que los titulares puedan cumplir con esta exigencia.",130,324,49,49,element_inherited,spacy_sentence_boundaries_with_legal_postprocessing,completed,0,,,2026-07-23T15:53:28+00:00
CL_MMA_DEC_000001_STMT_000399,SEG_000001,CL_MMA_DEC_000001,STRUCT_000009,CL_MMA_DEC_000001_ART_Artículo_56_P003,CL_MMA_DEC_000001_ART_Artículo_56,paragraph,460,1,399,"Desde la publicación en el Diario Oficial de los protocolos indicados en el inciso anterior, los titulares de fuentes afectas tendrán un plazo de 18 meses para implementar esta obligación.",0,188,49,49,element_inherited,spacy_sentence_boundaries_with_legal_postprocessing,completed,0,,,2026-07-23T15:53:28+00:00
CL_MMA_DEC_000001_STMT_000400,SEG_000001,CL_MMA_DEC_000001,STRUCT_000009,CL_MMA_DEC_000001_ART_Artículo_57_P001,CL_MMA_DEC_000001_ART_Artículo_57,paragraph,464,1,400,"Se entenderá como ""gran establecimiento"" a la agrupación de establecimientos industriales emplazados en la zona sujeta al Plan, bajo la propiedad de un mismo titular y/o que están próximas entre sí y que por razones técnicas están bajo un control operacional único o coordinado, que al sumar las emisiones por contaminante de todas sus fuentes estacionarias, superan uno o más de los valores establecidos a continuación:",0,420,49,50,element_inherited,spacy_sentence_boundaries_with_legal_postprocessing,completed_with_warnings,1,missing_terminal_punctuation,"Candidate lacks final period, question mark, or exclamation mark; list items may be legitimate.",2026-07-23T15:53:28+00:00
CL_MMA_DEC_000001_STMT_000401,SEG_000001,CL_MMA_DEC_000001,STRUCT_000009,CL_MMA_DEC_000001_ART_Artículo_57_P002,CL_MMA_DEC_000001_ART_Artículo_57,paragraph,466,1,401,"Para estos efectos, se considerarán:",0,36,50,50,element_inherited,spacy_sentence_boundaries_with_legal_postprocessing,completed_with_warnings,1,missing_terminal_punctuation,"Candidate lacks final period, question mark, or exclamation mark; list items may be legitimate.",2026-07-23T15:53:28+00:00
CL_MMA_DEC_000001_STMT_000402,SEG_000001,CL_MMA_DEC_000001,STRUCT_000009,CL_MMA_DEC_000001_ART_Artículo_57_ITEM_a,CL_MMA_DEC_000001_ART_Artículo_57,lettered_item,467,1,402,"Gran establecimiento nuevo, a aquel gran establecimiento que entra en operación a partir de 12 meses después de la fecha de entrada en vigencia del presente decreto.",0,165,50,50,element_inherited,spacy_sentence_boundaries_with_legal_postprocessing,completed,0,,,2026-07-23T15:53:28+00:00
CL_MMA_DEC_000001_STMT_000403,SEG_000001,CL_MMA_DEC_000001,STRUCT_000009,CL_MMA_DEC_000001_ART_Artículo_57_ITEM_b,CL_MMA_DEC_000001_ART_Artículo_57,lettered_item,468,1,403,"Gran establecimiento existente, a aquel gran establecimiento que se encuentra operando a la fecha de entrada en vigencia del presente decreto o dentro de los 12 meses siguientes a dicha fecha.",0,192,50,50,element_inherited,spacy_sentence_boundaries_with_legal_postprocessing,completed,0,,,2026-07-23T15:53:28+00:00
CL_MMA_DEC_000001_STMT_000404,SEG_000001,CL_MMA_DEC_000001,STRUCT_000009,CL_MMA_DEC_000001_ART_Artículo_58_P001,CL_MMA_DEC_000001_ART_Artículo_58,paragraph,470,1,404,"Cada gran establecimiento existente, dentro de un plazo no mayor a 48 meses desde publicado el presente decreto, deberá reducir sus emisiones de material particulado en un 30% sobre su emisión másica anual asignada.",0,215,50,50,element_inherited,spacy_sentence_boundaries_with_legal_postprocessing,completed,0,,,2026-07-23T15:53:28+00:00
CL_MMA_DEC_000001_STMT_000405,SEG_000001,CL_MMA_DEC_000001,STRUCT_000009,CL_MMA_DEC_000001_ART_Artículo_58_P001,CL_MMA_DEC_000001_ART_Artículo_58,paragraph,470,2,405,"Esta meta de emisión podrá alcanzarse íntegra o parcialmente a través de la compensación de emisiones, considerando los requisitos establecidos en los artículos 63 al 65 del presente decreto.",216,407,50,50,element_inherited,spacy_sentence_boundaries_with_legal_postprocessing,completed,0,,,2026-07-23T15:53:28+00:00
CL_MMA_DEC_000001_STMT_000406,SEG_000001,CL_MMA_DEC_000001,STRUCT_000009,CL_MMA_DEC_000001_ART_Artículo_58_P002,CL_MMA_DEC_000001_ART_Artículo_58,paragraph,471,1,406,"Para estos efectos, cada gran establecimiento existente deberá presentar un plan de reducción de emisiones, conforme a los plazos establecidos en el Artículo 60.",0,161,50,50,element_inherited,spacy_sentence_boundaries_with_legal_postprocessing,completed,0,,,2026-07-23T15:53:28+00:00
CL_MMA_DEC_000001_STMT_000407,SEG_000001,CL_MMA_DEC_000001,STRUCT_000009,CL_MMA_DEC_000001_ART_Artículo_58_P003,CL_MMA_DEC_000001_ART_Artículo_58,paragraph,472,1,407,"La emisión másica anual asignada se calculará sobre la base de los valores establecidos en la norma de emisión indicada en la Tabla VI-1, considerando para ello el caudal nominal y las horas de operación autorizadas para cada fuente, a la fecha de entrada en vigencia del presente decreto.",0,289,50,50,element_inherited,spacy_sentence_boundaries_with_legal_postprocessing,completed,0,,,2026-07-23T15:53:28+00:00
CL_MMA_DEC_000001_STMT_000408,SEG_000001,CL_MMA_DEC_000001,STRUCT_000009,CL_MMA_DEC_000001_ART_Artículo_58_P004,CL_MMA_DEC_000001_ART_Artículo_58,paragraph,473,1,408,"El Ministerio del Medio Ambiente deberá informar, dentro de los 18 meses siguientes a la publicación del presente decreto, a los grandes establecimientos existentes, su nueva emisión másica anual autorizada de material particulado, la cual, en ningún caso podrá superar la emisión anual autorizada conforme a la normativa ambiental vigente, a la fecha de entrada en vigencia del presente decreto.",0,396,50,50,element_inherited,spacy_sentence_boundaries_with_legal_postprocessing,completed,0,,,2026-07-23T15:53:28+00:00
CL_MMA_DEC_000001_STMT_000409,SEG_000001,CL_MMA_DEC_000001,STRUCT_000009,CL_MMA_DEC_000001_ART_Artículo_58_P005,CL_MMA_DEC_000001_ART_Artículo_58,paragraph,474,1,409,"Excepcionalmente, los grandes establecimientos existentes podrán tener uno o más procesos existentes con concentraciones máximas de acuerdo a la siguiente",0,154,50,50,element_inherited,spacy_sentence_boundaries_with_legal_postprocessing,completed_with_warnings,1,missing_terminal_punctuation,"Candidate lacks final period, question mark, or exclamation mark; list items may be legitimate.",2026-07-23T15:53:28+00:00
CL_MMA_DEC_000001_STMT_000410,SEG_000001,CL_MMA_DEC_000001,STRUCT_000009,CL_MMA_DEC_000001_ART_Artículo_58_P006,CL_MMA_DEC_000001_ART_Artículo_58,paragraph,475,1,410,tabla:,0,6,50,50,element_inherited,spacy_sentence_boundaries_with_legal_postprocessing,completed_with_warnings,1,very_short_sentence;sentence_starts_lowercase;missing_terminal_punctuation,"Candidate has fewer than 20 characters or fewer than three word-like tokens. The first alphabetic character is lowercase; inspect for an over-split continuation. Candidate lacks final period, question mark, or exclamation mark; list items may be legitimate.",2026-07-23T15:53:28+00:00
CL_MMA_DEC_000001_STMT_000411,SEG_000001,CL_MMA_DEC_000001,STRUCT_000009,CL_MMA_DEC_000001_ART_Artículo_58_P007,CL_MMA_DEC_000001_ART_Artículo_58,paragraph,477,1,411,"El valor de emisión másica anual asignada, establecida en el presente artículo.",0,79,50,51,element_inherited,spacy_sentence_boundaries_with_legal_postprocessing,completed,0,,,2026-07-23T15:53:28+00:00
CL_MMA_DEC_000001_STMT_000412,SEG_000001,CL_MMA_DEC_000001,STRUCT_000009,CL_MMA_DEC_000001_ART_Artículo_58_BULLET_001,CL_MMA_DEC_000001_ART_Artículo_58,bullet_item,478,1,412,"La meta de emisión que establezca para su nuevo plan de reducción, de acuerdo a lo establecido en el artículo 60.",0,113,51,51,element_inherited,spacy_sentence_boundaries_with_legal_postprocessing,completed,0,,,2026-07-23T15:53:28+00:00
CL_MMA_DEC_000001_STMT_000413,SEG_000001,CL_MMA_DEC_000001,STRUCT_000009,CL_MMA_DEC_000001_ART_Artículo_58_BULLET_002,CL_MMA_DEC_000001_ART_Artículo_58,bullet_item,479,1,413,"Sus metas vigentes de emisión y/o reducción para gases, asignadas previo a la publicación del presente Decreto.",0,111,51,51,element_inherited,spacy_sentence_boundaries_with_legal_postprocessing,completed,0,,,2026-07-23T15:53:28+00:00
CL_MMA_DEC_000001_STMT_000414,SEG_000001,CL_MMA_DEC_000001,STRUCT_000009,CL_MMA_DEC_000001_ART_Artículo_58_P008,CL_MMA_DEC_000001_ART_Artículo_58,paragraph,480,1,414,"En caso que el cumplimiento de la meta establecida en el presente artículo, no se logre acreditar dentro del plazo indicado en el inciso primero del presente artículo, comenzarán a regir los siguientes límites de emisión, para las fuentes estacionarias pertenecientes a grandes establecimientos existentes, en reemplazo de los artículos 36, 37, 38, 40 y 41 anteriores, de acuerdo a la siguiente tabla:",0,401,51,51,element_inherited,spacy_sentence_boundaries_with_legal_postprocessing,completed_with_warnings,1,missing_terminal_punctuation,"Candidate lacks final period, question mark, or exclamation mark; list items may be legitimate.",2026-07-23T15:53:28+00:00
CL_MMA_DEC_000001_STMT_000415,SEG_000001,CL_MMA_DEC_000001,STRUCT_000009,CL_MMA_DEC_000001_ART_Artículo_58_P009,CL_MMA_DEC_000001_ART_Artículo_58,paragraph,483,1,415,"En el caso de los grandes establecimientos nuevos, éstos deberán compensar la totalidad de sus emisiones de acuerdo a lo exigido en la sección VI.6.2 del presente decreto.",0,171,51,51,element_inherited,spacy_sentence_boundaries_with_legal_postprocessing,completed,0,,,2026-07-23T15:53:28+00:00
CL_MMA_DEC_000001_STMT_000416,SEG_000001,CL_MMA_DEC_000001,STRUCT_000009,CL_MMA_DEC_000001_ART_Artículo_59_P001,CL_MMA_DEC_000001_ART_Artículo_59,paragraph,485,1,416,"En un plazo de 6 meses desde la entrada en vigencia del presente Decreto, el Ministerio del Medio Ambiente deberá publicar una lista de los grandes establecimientos sujetos a la exigencia de cumplimiento de reducción del artículo anterior.",0,239,51,51,element_inherited,spacy_sentence_boundaries_with_legal_postprocessing,completed,0,,,2026-07-23T15:53:28+00:00
CL_MMA_DEC_000001_STMT_000417,SEG_000001,CL_MMA_DEC_000001,STRUCT_000009,CL_MMA_DEC_000001_ART_Artículo_59_P001,CL_MMA_DEC_000001_ART_Artículo_59,paragraph,485,2,417,El Ministerio del Medio Ambiente deberá mantener actualizado en su página web el listado de grandes establecimientos nuevos y existentes.,240,377,51,51,element_inherited,spacy_sentence_boundaries_with_legal_postprocessing,completed,0,,,2026-07-23T15:53:28+00:00
CL_MMA_DEC_000001_STMT_000418,SEG_000001,CL_MMA_DEC_000001,STRUCT_000009,CL_MMA_DEC_000001_ART_Artículo_60_P001,CL_MMA_DEC_000001_ART_Artículo_60,paragraph,487,1,418,"En el plazo de 12 meses desde la entrada en vigencia del presente decreto, los titulares de grandes establecimientos existentes deberán presentar los planes de reducción de emisiones ante la SEREMI del Medio Ambiente.",0,217,51,52,element_inherited,spacy_sentence_boundaries_with_legal_postprocessing,completed,0,,,2026-07-23T15:53:28+00:00
CL_MMA_DEC_000001_STMT_000419,SEG_000001,CL_MMA_DEC_000001,STRUCT_000009,CL_MMA_DEC_000001_ART_Artículo_60_P001,CL_MMA_DEC_000001_ART_Artículo_60,paragraph,487,2,419,Estos planes podrán ser aprobados o rechazados en un plazo de 6 meses desde su presentación.,218,310,51,52,element_inherited,spacy_sentence_boundaries_with_legal_postprocessing,completed,0,,,2026-07-23T15:53:28+00:00
CL_MMA_DEC_000001_STMT_000420,SEG_000001,CL_MMA_DEC_000001,STRUCT_000009,CL_MMA_DEC_000001_ART_Artículo_60_P001,CL_MMA_DEC_000001_ART_Artículo_60,paragraph,487,3,420,"La aprobación de dichos planes deberá formalizarse mediante resolución, antes de su implementación.",311,410,51,52,element_inherited,spacy_sentence_boundaries_with_legal_postprocessing,completed,0,,,2026-07-23T15:53:28+00:00
CL_MMA_DEC_000001_STMT_000421,SEG_000001,CL_MMA_DEC_000001,STRUCT_000009,CL_MMA_DEC_000001_ART_Artículo_60_P001,CL_MMA_DEC_000001_ART_Artículo_60,paragraph,487,4,421,"El procedimiento de evaluación de los planes de reducción de emisiones deberá considerar los mismos criterios establecidos para la evaluación de los programas de compensación de emisiones para la Región Metropolitana de Santiago, indicados en los Artículos 63 y siguientes.",411,684,51,52,element_inherited,spacy_sentence_boundaries_with_legal_postprocessing,completed,0,,,2026-07-23T15:53:28+00:00
CL_MMA_DEC_000001_STMT_000422,SEG_000001,CL_MMA_DEC_000001,STRUCT_000009,CL_MMA_DEC_000001_ART_Artículo_60_P002,CL_MMA_DEC_000001_ART_Artículo_60,paragraph,488,1,422,"De no aprobarse o acreditarse la reducción exigida en los plazos establecidos en los referidos planes de reducción, se le aplicará al gran establecimiento existente, las normas de emisión por concentración descritas en el artículo 58.",0,234,52,52,element_inherited,spacy_sentence_boundaries_with_legal_postprocessing,completed,0,,,2026-07-23T15:53:28+00:00
CL_MMA_DEC_000001_STMT_000423,SEG_000001,CL_MMA_DEC_000001,STRUCT_000009,CL_MMA_DEC_000001_ART_Artículo_61_P001,CL_MMA_DEC_000001_ART_Artículo_61,paragraph,490,1,423,"Para efectos de contabilizar la reducción de emisiones señalada en los artículos anteriores, se podrán considerar las emisiones en masa de los siguientes gases precursores emitidos, considerando las conversiones iniciales que se indican en la siguiente Tabla:",0,259,52,52,element_inherited,spacy_sentence_boundaries_with_legal_postprocessing,completed_with_warnings,1,missing_terminal_punctuation,"Candidate lacks final period, question mark, or exclamation mark; list items may be legitimate.",2026-07-23T15:53:28+00:00
CL_MMA_DEC_000001_STMT_000424,SEG_000001,CL_MMA_DEC_000001,STRUCT_000009,CL_MMA_DEC_000001_ART_Artículo_61_P002,CL_MMA_DEC_000001_ART_Artículo_61,paragraph,492,1,424,La tabla precedente será aplicable sólo para aquellas fuentes con combustión tales como calderas y procesos con combustión.,0,123,52,52,element_inherited,spacy_sentence_boundaries_with_legal_postprocessing,completed,0,,,2026-07-23T15:53:28+00:00
CL_MMA_DEC_000001_STMT_000425,SEG_000001,CL_MMA_DEC_000001,STRUCT_000009,CL_MMA_DEC_000001_ART_Artículo_61_P003,CL_MMA_DEC_000001_ART_Artículo_61,paragraph,493,1,425,Estas equivalencias podrán utilizarse inmediatamente publicado el presente Plan para efectos de acreditar el cumplimiento de planes de compensación vigentes.,0,157,52,52,element_inherited,spacy_sentence_boundaries_with_legal_postprocessing,completed,0,,,2026-07-23T15:53:28+00:00
CL_MMA_DEC_000001_STMT_000426,SEG_000001,CL_MMA_DEC_000001,STRUCT_000009,CL_MMA_DEC_000001_ART_Artículo_62_P001,CL_MMA_DEC_000001_ART_Artículo_62,paragraph,495,1,426,"Para la verificación del cumplimiento del monto de emisión establecido a los grandes establecimientos nuevos y existentes, la Superintendencia del Medio Ambiente, en enero de cada año, notificará mediante carta certificada, a cada gran establecimiento, la situación registrada respecto al cumplimiento de su emisión y compensación de emisiones, si corresponde, y desarrollará un proceso anual de revisión de emisiones en mayo de cada año, del año calendario vencido.",0,466,52,52,element_inherited,spacy_sentence_boundaries_with_legal_postprocessing,completed,0,,,2026-07-23T15:53:28+00:00
CL_MMA_DEC_000001_STMT_000427,SEG_000001,CL_MMA_DEC_000001,STRUCT_000009,CL_MMA_DEC_000001_ART_Artículo_62_P002,CL_MMA_DEC_000001_ART_Artículo_62,paragraph,496,1,427,"La Superintendencia del Medio Ambiente deberá entregar en julio de cada año a la SEREMI del Medio Ambiente, un informe con el estado de cumplimiento de la meta de emisión por establecimiento, fuente y a nivel agregado como sector, en base a lo reportado por los grandes establecimientos.",0,287,52,52,element_inherited,spacy_sentence_boundaries_with_legal_postprocessing,completed,0,,,2026-07-23T15:53:28+00:00
CL_MMA_DEC_000001_STMT_000428,SEG_000001,CL_MMA_DEC_000001,STRUCT_000009,CL_MMA_DEC_000001_ART_Artículo_63_P001,CL_MMA_DEC_000001_ART_Artículo_63,paragraph,499,1,428,La compensación de emisiones para la Región Metropolitana de Santiago se hará por medio de programas de compensación de emisiones aprobados por la SEREMI del Medio Ambiente y fiscalizados por la Superintendencia del Medio Ambiente.,0,231,52,52,element_inherited,spacy_sentence_boundaries_with_legal_postprocessing,completed,0,,,2026-07-23T15:53:28+00:00
CL_MMA_DEC_000001_STMT_000429,SEG_000001,CL_MMA_DEC_000001,STRUCT_000009,CL_MMA_DEC_000001_ART_Artículo_63_P002,CL_MMA_DEC_000001_ART_Artículo_63,paragraph,500,1,429,"El contenido de un programa de compensación de emisiones, será al menos el siguiente:",0,85,52,52,element_inherited,spacy_sentence_boundaries_with_legal_postprocessing,completed_with_warnings,1,missing_terminal_punctuation,"Candidate lacks final period, question mark, or exclamation mark; list items may be legitimate.",2026-07-23T15:53:28+00:00
CL_MMA_DEC_000001_STMT_000430,SEG_000001,CL_MMA_DEC_000001,STRUCT_000009,CL_MMA_DEC_000001_ART_Artículo_63_ITEM_i,CL_MMA_DEC_000001_ART_Artículo_63,roman_item,501,1,430,Estimación anual de las emisiones del proyecto.,0,47,52,52,element_inherited,spacy_sentence_boundaries_with_legal_postprocessing,completed,0,,,2026-07-23T15:53:28+00:00
CL_MMA_DEC_000001_STMT_000431,SEG_000001,CL_MMA_DEC_000001,STRUCT_000009,CL_MMA_DEC_000001_ART_Artículo_63_ITEM_i,CL_MMA_DEC_000001_ART_Artículo_63,roman_item,501,2,431,"En el caso de proyectos que ingresen al SEIA la estimación debe distinguirse para la fase de construcción, operación y cierre, señalando año y etapa a compensar en que se prevé se superará el umbral indicado en la Tabla VI-14 para los contaminantes que correspondan.",48,314,52,52,element_inherited,spacy_sentence_boundaries_with_legal_postprocessing,completed,0,,,2026-07-23T15:53:28+00:00
CL_MMA_DEC_000001_STMT_000432,SEG_000001,CL_MMA_DEC_000001,STRUCT_000009,CL_MMA_DEC_000001_ART_Artículo_63_ITEM_ii,CL_MMA_DEC_000001_ART_Artículo_63,roman_item,502,1,432,"Las medidas de compensación, que deberán cumplir los siguientes criterios:",0,74,53,53,element_inherited,spacy_sentence_boundaries_with_legal_postprocessing,completed_with_warnings,1,missing_terminal_punctuation,"Candidate lacks final period, question mark, or exclamation mark; list items may be legitimate.",2026-07-23T15:53:28+00:00
CL_MMA_DEC_000001_STMT_000433,SEG_000001,CL_MMA_DEC_000001,STRUCT_000009,CL_MMA_DEC_000001_ART_Artículo_63_ITEM_a,CL_MMA_DEC_000001_ART_Artículo_63,lettered_item,503,1,433,"Medibles, esto es, que permitan cuantificar la reducción de las emisiones que se produzca a consecuencia de ellas.",0,114,53,53,element_inherited,spacy_sentence_boundaries_with_legal_postprocessing,completed,0,,,2026-07-23T15:53:28+00:00
CL_MMA_DEC_000001_STMT_000434,SEG_000001,CL_MMA_DEC_000001,STRUCT_000009,CL_MMA_DEC_000001_ART_Artículo_63_ITEM_b,CL_MMA_DEC_000001_ART_Artículo_63,lettered_item,504,1,434,"Verificables, esto es, que generen una reducción de emisiones que se pueda cuantificar con posterioridad de la implementación.",0,126,53,53,element_inherited,spacy_sentence_boundaries_with_legal_postprocessing,completed,0,,,2026-07-23T15:53:28+00:00
CL_MMA_DEC_000001_STMT_000435,SEG_000001,CL_MMA_DEC_000001,STRUCT_000009,CL_MMA_DEC_000001_ART_Artículo_63_ITEM_c,CL_MMA_DEC_000001_ART_Artículo_63,lettered_item,505,1,435,"Adicionales, entendiendo por tal que las medidas propuestas no respondan a otras obligaciones a que esté sujeto el titular, o bien, que no correspondan a una acción que conocidamente será llevada a efecto por la autoridad pública o particulares.",0,245,53,53,element_inherited,spacy_sentence_boundaries_with_legal_postprocessing,completed,0,,,2026-07-23T15:53:28+00:00
CL_MMA_DEC_000001_STMT_000436,SEG_000001,CL_MMA_DEC_000001,STRUCT_000009,CL_MMA_DEC_000001_ART_Artículo_63_ITEM_d,CL_MMA_DEC_000001_ART_Artículo_63,lettered_item,506,1,436,"Permanentes, entendiendo por tal que la rebaja permanezca por el período en que el proyecto está obligado a reducir emisiones.",0,126,53,53,element_inherited,spacy_sentence_boundaries_with_legal_postprocessing,completed,0,,,2026-07-23T15:53:28+00:00
CL_MMA_DEC_000001_STMT_000437,SEG_000001,CL_MMA_DEC_000001,STRUCT_000009,CL_MMA_DEC_000001_ART_Artículo_63_ITEM_iii,CL_MMA_DEC_000001_ART_Artículo_63,roman_item,507,1,437,"Forma, oportunidad y ubicación en coordenadas WGS84, de su implementación, con un indicador de cumplimiento del programa de compensación.",0,137,53,53,element_inherited,spacy_sentence_boundaries_with_legal_postprocessing,completed,0,,,2026-07-23T15:53:28+00:00
CL_MMA_DEC_000001_STMT_000438,SEG_000001,CL_MMA_DEC_000001,STRUCT_000009,CL_MMA_DEC_000001_ART_Artículo_63_ITEM_iv,CL_MMA_DEC_000001_ART_Artículo_63,roman_item,508,1,438,"Carta Gantt, que considere todas las etapas para la implementación de la compensación de emisiones y la periodicidad en que informará a la Superintendencia del Medio Ambiente sobre el estado de avance de las actividades comprometidas.",0,234,53,53,element_inherited,spacy_sentence_boundaries_with_legal_postprocessing,completed,0,,,2026-07-23T15:53:28+00:00
CL_MMA_DEC_000001_STMT_000439,SEG_000001,CL_MMA_DEC_000001,STRUCT_000009,CL_MMA_DEC_000001_ART_Artículo_63_P003,CL_MMA_DEC_000001_ART_Artículo_63,paragraph,509,1,439,Consideraciones generales para los programas de compensación de emisiones:,0,74,53,53,element_inherited,spacy_sentence_boundaries_with_legal_postprocessing,completed_with_warnings,1,missing_terminal_punctuation,"Candidate lacks final period, question mark, or exclamation mark; list items may be legitimate.",2026-07-23T15:53:28+00:00
CL_MMA_DEC_000001_STMT_000440,SEG_000001,CL_MMA_DEC_000001,STRUCT_000009,CL_MMA_DEC_000001_ART_Artículo_63_ITEM_i_002,CL_MMA_DEC_000001_ART_Artículo_63,roman_item,510,1,440,Sólo se podrán compensar o ceder emisiones entre aquellas fuentes que demuestren cumplir con uno de los siguientes requisitos:,0,126,53,53,element_inherited,spacy_sentence_boundaries_with_legal_postprocessing,completed_with_warnings,1,missing_terminal_punctuation,"Candidate lacks final period, question mark, or exclamation mark; list items may be legitimate.",2026-07-23T15:53:28+00:00
CL_MMA_DEC_000001_STMT_000441,SEG_000001,CL_MMA_DEC_000001,STRUCT_000009,CL_MMA_DEC_000001_ART_Artículo_63_ITEM_a_002,CL_MMA_DEC_000001_ART_Artículo_63,lettered_item,511,1,441,"Realizar la compensación entre fuentes o actividades con combustión; o b. Realizar la compensación entre una fuente con combustión, que cede emisiones a una fuente o actividad sin combustión, pero no viceversa; o c. Realizar la compensación entre fuentes o actividades sin combustión.",0,284,53,53,element_inherited,spacy_sentence_boundaries_with_legal_postprocessing,completed,0,,,2026-07-23T15:53:28+00:00
CL_MMA_DEC_000001_STMT_000442,SEG_000001,CL_MMA_DEC_000001,STRUCT_000009,CL_MMA_DEC_000001_ART_Artículo_63_ITEM_ii_002,CL_MMA_DEC_000001_ART_Artículo_63,roman_item,512,1,442,"En ningún caso podrá hacer valer emisiones cedidas por actividades o establecimientos que cierren o deban cerrar por incumplimiento de normativa ambiental, o por término de vida útil.",0,183,53,53,element_inherited,spacy_sentence_boundaries_with_legal_postprocessing,completed,0,,,2026-07-23T15:53:28+00:00
CL_MMA_DEC_000001_STMT_000443,SEG_000001,CL_MMA_DEC_000001,STRUCT_000009,CL_MMA_DEC_000001_ART_Artículo_63_ITEM_iii_002,CL_MMA_DEC_000001_ART_Artículo_63,roman_item,513,1,443,"Las actividades emisoras que reduzcan emisiones para cumplir con las medidas exigidas en el presente Plan, sólo podrán compensar o ceder emisiones por reducciones adicionales a la exigencia legal o reglamentaria, y siempre y cuando sea acreditable su implementación de manera permanente.",0,287,53,53,element_inherited,spacy_sentence_boundaries_with_legal_postprocessing,completed,0,,,2026-07-23T15:53:28+00:00
CL_MMA_DEC_000001_STMT_000444,SEG_000001,CL_MMA_DEC_000001,STRUCT_000009,CL_MMA_DEC_000001_ART_Artículo_63_ITEM_iv_002,CL_MMA_DEC_000001_ART_Artículo_63,roman_item,514,1,444,"Las compensaciones podrán realizarse entre diversos tipos de fuentes, actividades y sectores económicos, siempre y cuando cumplan con los criterios anteriores.",0,159,53,53,element_inherited,spacy_sentence_boundaries_with_legal_postprocessing,completed,0,,,2026-07-23T15:53:28+00:00
CL_MMA_DEC_000001_STMT_000445,SEG_000001,CL_MMA_DEC_000001,STRUCT_000009,CL_MMA_DEC_000001_ART_Artículo_63_P004,CL_MMA_DEC_000001_ART_Artículo_63,paragraph,515,1,445,Las condiciones mencionadas en relación con la compensación de emisiones no sustituirán las exigencias impuestas en otras normativas vigentes en la Región Metropolitana de Santiago para los referidos contaminantes.,0,214,53,53,element_inherited,spacy_sentence_boundaries_with_legal_postprocessing,completed,0,,,2026-07-23T15:53:28+00:00
CL_MMA_DEC_000001_STMT_000446,SEG_000001,CL_MMA_DEC_000001,STRUCT_000009,CL_MMA_DEC_000001_ART_Artículo_63_P005,CL_MMA_DEC_000001_ART_Artículo_63,paragraph,516,1,446,"La compensación de emisiones operará tanto para el cumplimiento de las metas de emisión para grandes establecimientos existentes, como para las compensaciones de las emisiones de nuevos proyectos o modificaciones y/o ampliaciones de proyectos existentes que ingresen al Sistema de Evaluación de Impacto Ambiental (SEIA).",0,320,53,53,element_inherited,spacy_sentence_boundaries_with_legal_postprocessing,completed,0,,,2026-07-23T15:53:28+00:00
CL_MMA_DEC_000001_STMT_000447,SEG_000001,CL_MMA_DEC_000001,STRUCT_000009,CL_MMA_DEC_000001_ART_Artículo_63_P006,CL_MMA_DEC_000001_ART_Artículo_63,paragraph,517,1,447,"A efectos de la compensación de emisiones, aquellos proyectos que, con posterioridad a la entrada en vigencia del presente Decreto, presenten alguna modificación(es) y/o ampliación(es) y que deban ingresar al SEIA, deberán sumar estas emisiones a las anteriores que forman parte del proyecto, exceptuando aquellas emisiones que hayan sido compensadas previamente.",0,363,53,53,element_inherited,spacy_sentence_boundaries_with_legal_postprocessing,completed,0,,,2026-07-23T15:53:28+00:00
CL_MMA_DEC_000001_STMT_000448,SEG_000001,CL_MMA_DEC_000001,STRUCT_000009,CL_MMA_DEC_000001_ART_Artículo_63_P007,CL_MMA_DEC_000001_ART_Artículo_63,paragraph,518,1,448,"En el caso de programas de compensación de emisiones que consideren la participación de establecimientos que no pertenecen al listado de grandes establecimientos existentes, éstos deberán entregar información que permita acreditar y verificar sus emisiones de manera similar al procedimiento que regirá para los grandes establecimientos.",0,337,53,53,element_inherited,spacy_sentence_boundaries_with_legal_postprocessing,completed,0,,,2026-07-23T15:53:28+00:00
CL_MMA_DEC_000001_STMT_000449,SEG_000001,CL_MMA_DEC_000001,STRUCT_000009,CL_MMA_DEC_000001_ART_Artículo_63_P008,CL_MMA_DEC_000001_ART_Artículo_63,paragraph,519,1,449,"Para los efectos legales, la compensación de emisiones se formalizará mediante un registro administrado por la Seremi del Medio Ambiente.",0,137,53,53,element_inherited,spacy_sentence_boundaries_with_legal_postprocessing,completed,0,,,2026-07-23T15:53:28+00:00
CL_MMA_DEC_000001_STMT_000450,SEG_000001,CL_MMA_DEC_000001,STRUCT_000009,CL_MMA_DEC_000001_ART_Artículo_64_P001,CL_MMA_DEC_000001_ART_Artículo_64,paragraph,521,1,450,"Todos aquellos proyectos y actividades que ingresen al SEIA, deberán cumplir las siguientes condiciones:",0,104,53,53,element_inherited,spacy_sentence_boundaries_with_legal_postprocessing,completed_with_warnings,1,missing_terminal_punctuation,"Candidate lacks final period, question mark, or exclamation mark; list items may be legitimate.",2026-07-23T15:53:28+00:00
CL_MMA_DEC_000001_STMT_000451,SEG_000001,CL_MMA_DEC_000001,STRUCT_000009,CL_MMA_DEC_000001_ART_Artículo_64_ITEM_1,CL_MMA_DEC_000001_ART_Artículo_64,numbered_item,522,1,451,"Deberán compensar sus emisiones totales anuales, directas e indirectas, aquellos proyectos o actividades nuevas y las modificaciones de los proyectos existentes, que en cualquiera de sus etapas generen un aumento sobre la situación base, en valores iguales o superiores a los que se presentan en la siguiente tabla:",0,315,53,53,element_inherited,spacy_sentence_boundaries_with_legal_postprocessing,completed_with_warnings,1,missing_terminal_punctuation,"Candidate lacks final period, question mark, or exclamation mark; list items may be legitimate.",2026-07-23T15:53:28+00:00
CL_MMA_DEC_000001_STMT_000452,SEG_000001,CL_MMA_DEC_000001,STRUCT_000009,CL_MMA_DEC_000001_ART_Artículo_64_P002,CL_MMA_DEC_000001_ART_Artículo_64,paragraph,524,1,452,"Se entiende por situación base todas aquellas emisiones atmosféricas existentes en la Región Metropolitana, previo al ingreso del proyecto o actividad al Sistema de Evaluación de Impacto Ambiental.",0,197,54,54,element_inherited,spacy_sentence_boundaries_with_legal_postprocessing,completed,0,,,2026-07-23T15:53:28+00:00
CL_MMA_DEC_000001_STMT_000453,SEG_000001,CL_MMA_DEC_000001,STRUCT_000009,CL_MMA_DEC_000001_ART_Artículo_64_P002,CL_MMA_DEC_000001_ART_Artículo_64,paragraph,524,2,453,No se podrán imputar a dicha situación base aquellas emisiones generadas con infracción a este Decreto o a la normativa ambiental vigente.,198,336,54,54,element_inherited,spacy_sentence_boundaries_with_legal_postprocessing,completed,0,,,2026-07-23T15:53:28+00:00
CL_MMA_DEC_000001_STMT_000454,SEG_000001,CL_MMA_DEC_000001,STRUCT_000009,CL_MMA_DEC_000001_ART_Artículo_64_P003,CL_MMA_DEC_000001_ART_Artículo_64,paragraph,525,1,454,"Para efectos de la determinación de la obligación de compensar, se deberá analizar la superación de la emisión máxima indicada en la tabla VI-14, de acuerdo a lo siguiente.",0,172,54,54,element_inherited,spacy_sentence_boundaries_with_legal_postprocessing,completed,0,,,2026-07-23T15:53:28+00:00
CL_MMA_DEC_000001_STMT_000455,SEG_000001,CL_MMA_DEC_000001,STRUCT_000009,CL_MMA_DEC_000001_ART_Artículo_64_P004,CL_MMA_DEC_000001_ART_Artículo_64,paragraph,526,1,455,"Primero, se deberá analizar el caso del MP2,5, considerando las emisiones equivalentes, es decir, la suma de las emisiones del contaminante más la emisión de SO2, NOx3 y/o NH ponderadas por los factores de conversión establecidos en el",0,235,54,54,element_inherited,spacy_sentence_boundaries_with_legal_postprocessing,completed_with_warnings,1,missing_terminal_punctuation,"Candidate lacks final period, question mark, or exclamation mark; list items may be legitimate.",2026-07-23T15:53:28+00:00
CL_MMA_DEC_000001_STMT_000456,SEG_000001,CL_MMA_DEC_000001,STRUCT_000009,CL_MMA_DEC_000001_ART_Artículo_64_P005,CL_MMA_DEC_000001_ART_Artículo_64,paragraph,527,1,456,artículo 61 del presente Decreto.,0,33,54,54,element_inherited,spacy_sentence_boundaries_with_legal_postprocessing,completed_with_warnings,1,sentence_starts_lowercase,The first alphabetic character is lowercase; inspect for an over-split continuation.,2026-07-23T15:53:28+00:00
CL_MMA_DEC_000001_STMT_000457,SEG_000001,CL_MMA_DEC_000001,STRUCT_000009,CL_MMA_DEC_000001_ART_Artículo_64_P006,CL_MMA_DEC_000001_ART_Artículo_64,paragraph,528,1,457,"Posteriormente, se deberá analizar el caso del MP10, considerando las emisiones equivalentes, es decir, la suma de las emisiones del contaminante más la emisión de SO2, NOx3 y/o NH ponderadas por los factores de conversión establecidos en el",0,241,54,54,element_inherited,spacy_sentence_boundaries_with_legal_postprocessing,completed_with_warnings,1,missing_terminal_punctuation,"Candidate lacks final period, question mark, or exclamation mark; list items may be legitimate.",2026-07-23T15:53:28+00:00
CL_MMA_DEC_000001_STMT_000458,SEG_000001,CL_MMA_DEC_000001,STRUCT_000009,CL_MMA_DEC_000001_ART_Artículo_64_P007,CL_MMA_DEC_000001_ART_Artículo_64,paragraph,529,1,458,artículo 61 del presente Decreto.,0,33,54,54,element_inherited,spacy_sentence_boundaries_with_legal_postprocessing,completed_with_warnings,1,sentence_starts_lowercase,The first alphabetic character is lowercase; inspect for an over-split continuation.,2026-07-23T15:53:28+00:00
CL_MMA_DEC_000001_STMT_000459,SEG_000001,CL_MMA_DEC_000001,STRUCT_000009,CL_MMA_DEC_000001_ART_Artículo_64_P008,CL_MMA_DEC_000001_ART_Artículo_64,paragraph,530,1,459,Del resultado de este análisis los proyectos o actividades deberán:,0,67,54,54,element_inherited,spacy_sentence_boundaries_with_legal_postprocessing,completed_with_warnings,1,missing_terminal_punctuation,"Candidate lacks final period, question mark, or exclamation mark; list items may be legitimate.",2026-07-23T15:53:28+00:00
CL_MMA_DEC_000001_STMT_000460,SEG_000001,CL_MMA_DEC_000001,STRUCT_000009,CL_MMA_DEC_000001_ART_Artículo_64_ITEM_a,CL_MMA_DEC_000001_ART_Artículo_64,lettered_item,531,1,460,"En caso que se supere simultáneamente la emisión máxima de MP2,5 equivalente y de MP10 equivalente de la tabla VI-14, se deberá compensar la emisión máxima total de Material Particulado equivalente, tomando en cuenta los criterios indicados en el artículo 63 del presente decreto.",0,280,54,54,element_inherited,spacy_sentence_boundaries_with_legal_postprocessing,completed,0,,,2026-07-23T15:53:28+00:00
CL_MMA_DEC_000001_STMT_000461,SEG_000001,CL_MMA_DEC_000001,STRUCT_000009,CL_MMA_DEC_000001_ART_Artículo_64_ITEM_b,CL_MMA_DEC_000001_ART_Artículo_64,lettered_item,532,1,461,"En caso que se supere la emisión máxima de MP2,5 equivalente, pero no se supere la emisión máxima de MP10 equivalente de la tabla VI-14, se deberá compensar la emisión máxima equivalente del primer contaminante, tomando en cuenta los criterios indicados en el artículo 63 del presente decreto.",0,293,54,54,element_inherited,spacy_sentence_boundaries_with_legal_postprocessing,completed,0,,,2026-07-23T15:53:28+00:00
CL_MMA_DEC_000001_STMT_000462,SEG_000001,CL_MMA_DEC_000001,STRUCT_000009,CL_MMA_DEC_000001_ART_Artículo_64_ITEM_c,CL_MMA_DEC_000001_ART_Artículo_64,lettered_item,533,1,462,"En caso que no se supere la emisión máxima de MP2,5 equivalente, pero sí se supere la emisión máxima de MP10 equivalente de la tabla VI-14, se deberá compensar la emisión máxima equivalente de este último contaminante, tomando en cuenta los criterios indicados en el artículo 63 del presente decreto.",0,300,54,54,element_inherited,spacy_sentence_boundaries_with_legal_postprocessing,completed,0,,,2026-07-23T15:53:28+00:00
CL_MMA_DEC_000001_STMT_000463,SEG_000001,CL_MMA_DEC_000001,STRUCT_000009,CL_MMA_DEC_000001_ART_Artículo_64_ITEM_d,CL_MMA_DEC_000001_ART_Artículo_64,lettered_item,534,1,463,"En caso que no se superen las emisiones de MP2,5 equivalente ni la emisión máxima de MP10 equivalente de la tabla VI-14, se deberá analizar si la emisión de SO y NOx superan el límite indicado para cada uno en la tabla VI-14, compensando estas emisiones en caso que lo superen, conforme a los criterios indicados en el",0,318,54,54,element_inherited,spacy_sentence_boundaries_with_legal_postprocessing,completed_with_warnings,1,missing_terminal_punctuation,"Candidate lacks final period, question mark, or exclamation mark; list items may be legitimate.",2026-07-23T15:53:28+00:00
CL_MMA_DEC_000001_STMT_000464,SEG_000001,CL_MMA_DEC_000001,STRUCT_000009,CL_MMA_DEC_000001_ART_Artículo_64_P009,CL_MMA_DEC_000001_ART_Artículo_64,paragraph,535,1,464,artículo 63 del presente decreto.,0,33,54,54,element_inherited,spacy_sentence_boundaries_with_legal_postprocessing,completed_with_warnings,1,sentence_starts_lowercase,The first alphabetic character is lowercase; inspect for an over-split continuation.,2026-07-23T15:53:28+00:00
CL_MMA_DEC_000001_STMT_000465,SEG_000001,CL_MMA_DEC_000001,STRUCT_000009,CL_MMA_DEC_000001_ART_Artículo_64_P010,CL_MMA_DEC_000001_ART_Artículo_64,paragraph,536,1,465,"En las hipótesis de los literales a, b y c anteriores, no debe ser analizado el límite de emisión de SO2 y NOx, ya que estas emisiones se consideran en base a su contribución al MP2,5.",0,184,54,54,element_inherited,spacy_sentence_boundaries_with_legal_postprocessing,completed,0,,,2026-07-23T15:53:28+00:00
CL_MMA_DEC_000001_STMT_000466,SEG_000001,CL_MMA_DEC_000001,STRUCT_000009,CL_MMA_DEC_000001_ART_Artículo_64_P011,CL_MMA_DEC_000001_ART_Artículo_64,paragraph,537,1,466,"Se considerarán como emisiones directas, las que se emitirán dentro del predio o terreno donde se desarrolle la actividad, asociadas a la fase de construcción, operación o cierre.",0,179,54,54,element_inherited,spacy_sentence_boundaries_with_legal_postprocessing,completed,0,,,2026-07-23T15:53:28+00:00
CL_MMA_DEC_000001_STMT_000467,SEG_000001,CL_MMA_DEC_000001,STRUCT_000009,CL_MMA_DEC_000001_ART_Artículo_64_P012,CL_MMA_DEC_000001_ART_Artículo_64,paragraph,538,1,467,"Se entenderá por emisiones indirectas las que se generan exclusivamente por la nueva actividad, como por ejemplo las asociadas al aumento del transporte u otras actividades directamente relacionadas a la generación de productos y/o servicios del nuevo proyecto.",0,261,54,54,element_inherited,spacy_sentence_boundaries_with_legal_postprocessing,completed,0,,,2026-07-23T15:53:28+00:00
CL_MMA_DEC_000001_STMT_000468,SEG_000001,CL_MMA_DEC_000001,STRUCT_000009,CL_MMA_DEC_000001_ART_Artículo_64_P012,CL_MMA_DEC_000001_ART_Artículo_64,paragraph,538,2,468,En el caso de proyectos inmobiliarios también se considerarán como emisiones indirectas las asociadas al uso de calefacción domiciliaria.,262,399,54,54,element_inherited,spacy_sentence_boundaries_with_legal_postprocessing,completed,0,,,2026-07-23T15:53:28+00:00
CL_MMA_DEC_000001_STMT_000469,SEG_000001,CL_MMA_DEC_000001,STRUCT_000009,CL_MMA_DEC_000001_ART_Artículo_64_P013,CL_MMA_DEC_000001_ART_Artículo_64,paragraph,539,1,469,"Para efectos de lo dispuesto en este artículo, los proyectos o actividades y las modificaciones de los proyectos existentes, que se sometan o deban someterse al Sistema de Evaluación de Impacto Ambiental, y que deban compensar sus emisiones, deberán presentar la estimación de sus emisiones de contaminantes a la atmósfera (al menos para MP, MP10, MP2,5, SO, NOx, CO y NH ), la metodología utilizada, la cantidad de emisiones a compensar por contaminante y un anexo con la memoria de cálculo al ingresar al SEIA.",0,512,54,55,element_inherited,spacy_sentence_boundaries_with_legal_postprocessing,completed,0,,,2026-07-23T15:53:28+00:00
CL_MMA_DEC_000001_STMT_000470,SEG_000001,CL_MMA_DEC_000001,STRUCT_000009,CL_MMA_DEC_000001_ART_Artículo_64_P013,CL_MMA_DEC_000001_ART_Artículo_64,paragraph,539,2,470,"Estos proyectos o actividades, en el marco de la evaluación ambiental, deberán presentar un programa preliminar de compensación de emisiones, sin perjuicio que el programa de compensación definitivo deba ser presentado ante la SEREMI del Medio Ambiente.",513,766,54,55,element_inherited,spacy_sentence_boundaries_with_legal_postprocessing,completed,0,,,2026-07-23T15:53:28+00:00
CL_MMA_DEC_000001_STMT_000471,SEG_000001,CL_MMA_DEC_000001,STRUCT_000009,CL_MMA_DEC_000001_ART_Artículo_64_P014,CL_MMA_DEC_000001_ART_Artículo_64,paragraph,540,1,471,La resolución de calificación ambiental respectiva solo podrá establecer la obligación de compensar emisiones y los montos por los que se deberá realizar.,0,154,55,55,element_inherited,spacy_sentence_boundaries_with_legal_postprocessing,completed,0,,,2026-07-23T15:53:28+00:00
CL_MMA_DEC_000001_STMT_000472,SEG_000001,CL_MMA_DEC_000001,STRUCT_000009,CL_MMA_DEC_000001_ART_Artículo_64_P015,CL_MMA_DEC_000001_ART_Artículo_64,paragraph,541,1,472,"Los proyectos evaluados que sean aprobados con exigencias de compensación de emisiones, sólo podrán dar inicio a la ejecución del proyecto o actividad al contar con la aprobación del respectivo Programa de Compensación de Emisiones.",0,232,55,55,element_inherited,spacy_sentence_boundaries_with_legal_postprocessing,completed,0,,,2026-07-23T15:53:28+00:00
CL_MMA_DEC_000001_STMT_000473,SEG_000001,CL_MMA_DEC_000001,STRUCT_000009,CL_MMA_DEC_000001_ART_Artículo_64_ITEM_2,CL_MMA_DEC_000001_ART_Artículo_64,numbered_item,542,1,473,"La compensación de emisiones será para el o los contaminantes en los cuales se sobrepase el valor referido en la Tabla VI-14, de acuerdo a lo indicado precedente.",0,162,55,55,element_inherited,spacy_sentence_boundaries_with_legal_postprocessing,completed,0,,,2026-07-23T15:53:28+00:00
CL_MMA_DEC_000001_STMT_000474,SEG_000001,CL_MMA_DEC_000001,STRUCT_000009,CL_MMA_DEC_000001_ART_Artículo_64_P016,CL_MMA_DEC_000001_ART_Artículo_64,paragraph,543,1,474,"Sin embargo al definir las medidas de compensación, se podrán utilizar las conversiones para MP2,5 equivalente indicadas en la tabla VI-13 del artículo 61.",0,155,55,55,element_inherited,spacy_sentence_boundaries_with_legal_postprocessing,completed,0,,,2026-07-23T15:53:28+00:00
CL_MMA_DEC_000001_STMT_000475,SEG_000001,CL_MMA_DEC_000001,STRUCT_000009,CL_MMA_DEC_000001_ART_Artículo_64_ITEM_3,CL_MMA_DEC_000001_ART_Artículo_64,numbered_item,544,1,475,Los proyectos o actividades que ingresen al Sistema de Evaluación de Impacto Ambiental compensarán sus emisiones en un 120%.,0,124,55,55,element_inherited,spacy_sentence_boundaries_with_legal_postprocessing,completed,0,,,2026-07-23T15:53:28+00:00
CL_MMA_DEC_000001_STMT_000476,SEG_000001,CL_MMA_DEC_000001,STRUCT_000009,CL_MMA_DEC_000001_ART_Artículo_64_ITEM_3,CL_MMA_DEC_000001_ART_Artículo_64,numbered_item,544,2,476,"Los excedentes de emisión generados por sobre estas compensaciones, podrán ser utilizados para otras compensaciones de emisiones.",125,254,55,55,element_inherited,spacy_sentence_boundaries_with_legal_postprocessing,completed,0,,,2026-07-23T15:53:28+00:00
CL_MMA_DEC_000001_STMT_000477,SEG_000001,CL_MMA_DEC_000001,STRUCT_000009,CL_MMA_DEC_000001_ART_Artículo_64_ITEM_4,CL_MMA_DEC_000001_ART_Artículo_64,numbered_item,545,1,477,"Los proyectos o actividades que hayan ingresado al SEIA antes de la entrada en vigencia del presente decreto, se continuarán rigiendo por las reglas de compensación establecidas en el D.S. N° 66, de 2009, de MINSEGPRES.",0,219,55,55,element_inherited,spacy_sentence_boundaries_with_legal_postprocessing,completed,0,,,2026-07-23T15:53:28+00:00
CL_MMA_DEC_000001_STMT_000478,SEG_000001,CL_MMA_DEC_000001,STRUCT_000009,CL_MMA_DEC_000001_ART_Artículo_65_P001,CL_MMA_DEC_000001_ART_Artículo_65,paragraph,547,1,478,"En el caso que un gran establecimiento existente proponga utilizar compensación de emisiones como mecanismo para alcanzar total o parcialmente la reducción exigida como gran establecimiento de la Región, éste deberá incorporar dentro de su programa de reducción de emisiones, su propuesta del Programa de Compensación respectivo.",0,329,55,55,element_inherited,spacy_sentence_boundaries_with_legal_postprocessing,completed,0,,,2026-07-23T15:53:28+00:00
CL_MMA_DEC_000001_STMT_000479,SEG_000001,CL_MMA_DEC_000001,STRUCT_000009,CL_MMA_DEC_000001_ART_Artículo_66_P001,CL_MMA_DEC_000001_ART_Artículo_66,paragraph,550,1,479,"Todos los titulares de establecimientos industriales o comerciales ubicados en la Región Metropolitana de Santiago, que utilicen más de 50 toneladas anuales de solventes por establecimiento, incluido el contenido de estos últimos en las tintas, pinturas, barnices, u otros similares, deberán declarar anualmente, mediante la ventanilla única contemplada en el D.S N°1, del 2013, del Ministerio del Medio Ambiente, antes del 1º de mayo de cada año, respecto de los datos del año anterior, sus emisiones de COV.",0,509,55,55,element_inherited,spacy_sentence_boundaries_with_legal_postprocessing,completed,0,,,2026-07-23T15:53:28+00:00
CL_MMA_DEC_000001_STMT_000480,SEG_000001,CL_MMA_DEC_000001,STRUCT_000009,CL_MMA_DEC_000001_ART_Artículo_67_P001,CL_MMA_DEC_000001_ART_Artículo_67,paragraph,552,1,480,"Dentro de los 24 meses siguientes a la entrada en vigencia del presente Decreto, el Ministerio del Medio Ambiente deberá desarrollar un estudio de emisiones de COV, con el objeto de mejorar la caracterización de estas emisiones para el sector industrial y/o comercial.",0,268,55,55,element_inherited,spacy_sentence_boundaries_with_legal_postprocessing,completed,0,,,2026-07-23T15:53:28+00:00
CL_MMA_DEC_000001_STMT_000481,SEG_000001,CL_MMA_DEC_000001,STRUCT_000009,CL_MMA_DEC_000001_ART_Artículo_67_P001,CL_MMA_DEC_000001_ART_Artículo_67,paragraph,552,2,481,Este estudio deberá al menos considerar los siguientes aspectos:,269,333,55,55,element_inherited,spacy_sentence_boundaries_with_legal_postprocessing,completed_with_warnings,1,missing_terminal_punctuation,"Candidate lacks final period, question mark, or exclamation mark; list items may be legitimate.",2026-07-23T15:53:28+00:00
CL_MMA_DEC_000001_STMT_000482,SEG_000001,CL_MMA_DEC_000001,STRUCT_000009,CL_MMA_DEC_000001_ART_Artículo_67_BULLET_001,CL_MMA_DEC_000001_ART_Artículo_67,bullet_item,553,1,482,Universo de establecimientos declarantes.,0,41,55,55,element_inherited,spacy_sentence_boundaries_with_legal_postprocessing,completed,0,,,2026-07-23T15:53:28+00:00
CL_MMA_DEC_000001_STMT_000483,SEG_000001,CL_MMA_DEC_000001,STRUCT_000009,CL_MMA_DEC_000001_ART_Artículo_67_BULLET_002,CL_MMA_DEC_000001_ART_Artículo_67,bullet_item,554,1,483,Evaluación del consumo de solventes y su composición.,0,53,55,55,element_inherited,spacy_sentence_boundaries_with_legal_postprocessing,completed,0,,,2026-07-23T15:53:28+00:00
CL_MMA_DEC_000001_STMT_000484,SEG_000001,CL_MMA_DEC_000001,STRUCT_000009,CL_MMA_DEC_000001_ART_Artículo_67_BULLET_003,CL_MMA_DEC_000001_ART_Artículo_67,bullet_item,555,1,484,Evaluación de sus emisiones de COV (en base anual).,0,51,55,55,element_inherited,spacy_sentence_boundaries_with_legal_postprocessing,completed,0,,,2026-07-23T15:53:28+00:00
CL_MMA_DEC_000001_STMT_000485,SEG_000001,CL_MMA_DEC_000001,STRUCT_000009,CL_MMA_DEC_000001_ART_Artículo_67_BULLET_004,CL_MMA_DEC_000001_ART_Artículo_67,bullet_item,556,1,485,Estado de implementación de las acciones/sistemas de control para reducir emisiones de COV.,0,91,55,55,element_inherited,spacy_sentence_boundaries_with_legal_postprocessing,completed,0,,,2026-07-23T15:53:28+00:00
CL_MMA_DEC_000001_STMT_000486,SEG_000001,CL_MMA_DEC_000001,STRUCT_000009,CL_MMA_DEC_000001_ART_Artículo_67_BULLET_005,CL_MMA_DEC_000001_ART_Artículo_67,bullet_item,557,1,486,Identificación de potenciales de reducción adicional a la situación actual.,0,75,55,55,element_inherited,spacy_sentence_boundaries_with_legal_postprocessing,completed,0,,,2026-07-23T15:53:28+00:00
CL_MMA_DEC_000001_STMT_000487,SEG_000001,CL_MMA_DEC_000001,STRUCT_000009,CL_MMA_DEC_000001_ART_Artículo_67_BULLET_006,CL_MMA_DEC_000001_ART_Artículo_67,bullet_item,558,1,487,Estimación de los costos asociados a las alternativas de control identificadas.,0,79,55,55,element_inherited,spacy_sentence_boundaries_with_legal_postprocessing,completed,0,,,2026-07-23T15:53:28+00:00
CL_MMA_DEC_000001_STMT_000488,SEG_000001,CL_MMA_DEC_000001,STRUCT_000009,CL_MMA_DEC_000001_ART_Artículo_68_P001,CL_MMA_DEC_000001_ART_Artículo_68,paragraph,561,1,488,"Los grupos electrógenos nuevos, que utilicen motores de combustión interna con encendido por compresión, deberán cumplir en los plazos señalados en cada caso, los límites máximos de emisión de monóxido de carbono (CO), hidrocarburos (HC), hidrocarburos no metánicos (HCNM), óxidos de nitrógeno (NOx) y material particulado (MP), según la norma que el fabricante, armador, importador o sus representantes soliciten al momento de la certificación referida en el inciso penúltimo del presente artículo, conforme se indica a continuación:",0,534,55,56,element_inherited,spacy_sentence_boundaries_with_legal_postprocessing,completed_with_warnings,1,missing_terminal_punctuation,"Candidate lacks final period, question mark, or exclamation mark; list items may be legitimate.",2026-07-23T15:53:28+00:00
CL_MMA_DEC_000001_STMT_000489,SEG_000001,CL_MMA_DEC_000001,STRUCT_000009,CL_MMA_DEC_000001_ART_Artículo_68_ITEM_A,CL_MMA_DEC_000001_ART_Artículo_68,lettered_item,562,1,489,"A contar del 1 de enero de 2020, los grupos electrógenos nuevos deberán cumplir con lo siguiente:",0,97,56,56,element_inherited,spacy_sentence_boundaries_with_legal_postprocessing,completed_with_warnings,1,missing_terminal_punctuation,"Candidate lacks final period, question mark, or exclamation mark; list items may be legitimate.",2026-07-23T15:53:28+00:00
CL_MMA_DEC_000001_STMT_000490,SEG_000001,CL_MMA_DEC_000001,STRUCT_000009,CL_MMA_DEC_000001_ART_Artículo_68_ITEM_B,CL_MMA_DEC_000001_ART_Artículo_68,lettered_item,566,1,490,"A contar del 1 de enero de 2024, los grupos electrógenos nuevos deberán cumplir con lo señalado en las siguientes tablas:",0,121,57,57,element_inherited,spacy_sentence_boundaries_with_legal_postprocessing,completed_with_warnings,1,missing_terminal_punctuation,"Candidate lacks final period, question mark, or exclamation mark; list items may be legitimate.",2026-07-23T15:53:28+00:00
CL_MMA_DEC_000001_STMT_000491,SEG_000001,CL_MMA_DEC_000001,STRUCT_000009,CL_MMA_DEC_000001_ART_Artículo_68_P002,CL_MMA_DEC_000001_ART_Artículo_68,paragraph,570,1,491,"Los fabricantes de grupos electrógenos de desplazamiento volumétrico por cilindro del motor menor a 30 litros o sus representantes legales en Chile, distribuidores o importadores, deberán acreditar mediante un certificado de origen ante la Superintendencia del Medio Ambiente, que el tipo o familia del grupo electrógeno nuevo cumple con lo exigido en las tablas VI-15, VI-16, VI-18 y VI-19, según corresponda, de acuerdo al método de prueba en laboratorio ISO 8178: Motores de combustión interna.",0,497,59,59,element_inherited,spacy_sentence_boundaries_with_legal_postprocessing,completed,0,,,2026-07-23T15:53:28+00:00
CL_MMA_DEC_000001_STMT_000492,SEG_000001,CL_MMA_DEC_000001,STRUCT_000009,CL_MMA_DEC_000001_ART_Artículo_68_P002,CL_MMA_DEC_000001_ART_Artículo_68,paragraph,570,2,492,Medición de las emisiones de gases de escape.,498,543,59,59,element_inherited,spacy_sentence_boundaries_with_legal_postprocessing,completed,0,,,2026-07-23T15:53:28+00:00
CL_MMA_DEC_000001_STMT_000493,SEG_000001,CL_MMA_DEC_000001,STRUCT_000009,CL_MMA_DEC_000001_ART_Artículo_68_P002,CL_MMA_DEC_000001_ART_Artículo_68,paragraph,570,3,493,Parte 1:,544,552,59,59,element_inherited,spacy_sentence_boundaries_with_legal_postprocessing,completed_with_warnings,1,very_short_sentence;missing_terminal_punctuation,"Candidate has fewer than 20 characters or fewer than three word-like tokens. Candidate lacks final period, question mark, or exclamation mark; list items may be legitimate.",2026-07-23T15:53:28+00:00
CL_MMA_DEC_000001_STMT_000494,SEG_000001,CL_MMA_DEC_000001,STRUCT_000009,CL_MMA_DEC_000001_ART_Artículo_68_P003,CL_MMA_DEC_000001_ART_Artículo_68,paragraph,571,1,494,Medición de las emisiones de gas y de partículas en banco de ensayo.,0,68,59,59,element_inherited,spacy_sentence_boundaries_with_legal_postprocessing,completed,0,,,2026-07-23T15:53:28+00:00
CL_MMA_DEC_000001_STMT_000495,SEG_000001,CL_MMA_DEC_000001,STRUCT_000009,CL_MMA_DEC_000001_ART_Artículo_68_P004,CL_MMA_DEC_000001_ART_Artículo_68,paragraph,572,1,495,"Los titulares de grupos electrógenos de desplazamiento volumétrico por cilindro del motor mayor o igual a 30 litros, deberán acreditar, que el tipo o familia del grupo electrógeno nuevo cumple con lo exigido en las tablas VI-17 y VI-20, según corresponda, de acuerdo al método de medición en terreno descrito en el volumen 40 del Código de Regulaciones Federales (CFR) de la Agencia Ambiental de los Estados Unidos (US-EPA).",0,424,59,59,element_inherited,spacy_sentence_boundaries_with_legal_postprocessing,completed,0,,,2026-07-23T15:53:28+00:00
CL_MMA_DEC_000001_STMT_000496,SEG_000001,CL_MMA_DEC_000001,STRUCT_000009,CL_MMA_DEC_000001_ART_Artículo_68_P004,CL_MMA_DEC_000001_ART_Artículo_68,paragraph,572,2,496,"El protocolo para el desarrollo de esta medición será definido por la Superintendencia del Medio Ambiente, antes de 3 meses de entrar en vigencia la exigencia del límite de emisión respectivo.",425,617,59,59,element_inherited,spacy_sentence_boundaries_with_legal_postprocessing,completed,0,,,2026-07-23T15:53:28+00:00
CL_MMA_DEC_000001_STMT_000497,SEG_000001,CL_MMA_DEC_000001,STRUCT_000009,CL_MMA_DEC_000001_ART_Artículo_68_P004,CL_MMA_DEC_000001_ART_Artículo_68,paragraph,572,3,497,Los resultados de las mediciones deberán ser informados a la Superintendencia del Medio Ambiente antes de iniciar la operación del equipo.,618,756,59,59,element_inherited,spacy_sentence_boundaries_with_legal_postprocessing,completed,0,,,2026-07-23T15:53:28+00:00
CL_MMA_DEC_000001_STMT_000498,SEG_000001,CL_MMA_DEC_000001,STRUCT_000009,CL_MMA_DEC_000001_ART_Artículo_69_P001,CL_MMA_DEC_000001_ART_Artículo_69,paragraph,574,1,498,"Los grupos electrógenos nuevos y existentes de potencia neta del motor superior o igual a 50 kilowatts (kW) y que utilizan un combustible líquido, deberán efectuar las mantenciones al motor y todos sus componentes, con la frecuencia que se indican en la Tabla VI-21, con el fin de alcanzar un nivel óptimo de funcionamiento.",0,324,59,59,element_inherited,spacy_sentence_boundaries_with_legal_postprocessing,completed,0,,,2026-07-23T15:53:28+00:00
CL_MMA_DEC_000001_STMT_000499,SEG_000001,CL_MMA_DEC_000001,STRUCT_000009,CL_MMA_DEC_000001_ART_Artículo_69_P002,CL_MMA_DEC_000001_ART_Artículo_69,paragraph,575,1,499,"Asimismo, deberán presentar a la Superintendencia del Medio Ambiente un informe acerca de la mantención realizada al grupo electrógeno, que contenga nombre del propietario, modelo, año de fabricación, número de identificación, horas de funcionamiento mediante horómetro digital sellado e inviolable sin vuelta a cero, dirección del grupo electrógeno, horas que faltan para alcanzar la vida útil del grupo electrógeno según lo indicado por el fabricante, entre otros.",0,466,59,59,element_inherited,spacy_sentence_boundaries_with_legal_postprocessing,completed,0,,,2026-07-23T15:53:28+00:00
CL_MMA_DEC_000001_STMT_000500,SEG_000001,CL_MMA_DEC_000001,STRUCT_000009,CL_MMA_DEC_000001_ART_Artículo_70_P001,CL_MMA_DEC_000001_ART_Artículo_70,paragraph,579,1,500,"Los siguientes establecimientos, correspondientes a planteles, deberán cumplir con las medidas de reducción de NH que se indican:",0,129,60,60,element_inherited,spacy_sentence_boundaries_with_legal_postprocessing,completed_with_warnings,1,missing_terminal_punctuation,"Candidate lacks final period, question mark, or exclamation mark; list items may be legitimate.",2026-07-23T15:53:28+00:00
CL_MMA_DEC_000001_STMT_000501,SEG_000001,CL_MMA_DEC_000001,STRUCT_000009,CL_MMA_DEC_000001_ART_Artículo_70_ITEM_1,CL_MMA_DEC_000001_ART_Artículo_70,numbered_item,580,1,501,"Toda empresa productora de cerdos, que cuente con planteles en la Región Metropolitana de engorda, crianza, reproductoras, o bien del tipo destete-venta, deberá implementar medidas para reducir las emisiones de amoníaco en el plantel.",0,234,60,60,element_inherited,spacy_sentence_boundaries_with_legal_postprocessing,completed,0,,,2026-07-23T15:53:28+00:00
CL_MMA_DEC_000001_STMT_000502,SEG_000001,CL_MMA_DEC_000001,STRUCT_000009,CL_MMA_DEC_000001_ART_Artículo_70_P002,CL_MMA_DEC_000001_ART_Artículo_70,paragraph,581,1,502,"Dichas reducciones podrán realizarse en cualquiera de las etapas de la cadena de manejo (pabellón o alojamiento de los animales, sistema de tratamiento de purín, o en la disposición final a suelos), de acuerdo a la siguiente tabla de reducción:",0,244,60,60,element_inherited,spacy_sentence_boundaries_with_legal_postprocessing,completed_with_warnings,1,missing_terminal_punctuation,"Candidate lacks final period, question mark, or exclamation mark; list items may be legitimate.",2026-07-23T15:53:28+00:00
CL_MMA_DEC_000001_STMT_000503,SEG_000001,CL_MMA_DEC_000001,STRUCT_000009,CL_MMA_DEC_000001_ART_Artículo_70_P003,CL_MMA_DEC_000001_ART_Artículo_70,paragraph,583,1,503,Se exceptúan de la medida los siguientes planteles de porcinos: - Aquellos que posean método de crianza de camas calientes y que por tanto se asocia a un sistema seco de manejo.,0,177,60,60,element_inherited,spacy_sentence_boundaries_with_legal_postprocessing,completed,0,,,2026-07-23T15:53:28+00:00
CL_MMA_DEC_000001_STMT_000504,SEG_000001,CL_MMA_DEC_000001,STRUCT_000009,CL_MMA_DEC_000001_ART_Artículo_70_BULLET_001,CL_MMA_DEC_000001_ART_Artículo_70,bullet_item,584,1,504,Aquellos que posean sistemas de tratamiento de purines aerobios y/o biodigestores.,0,82,60,60,element_inherited,spacy_sentence_boundaries_with_legal_postprocessing,completed,0,,,2026-07-23T15:53:28+00:00
CL_MMA_DEC_000001_STMT_000505,SEG_000001,CL_MMA_DEC_000001,STRUCT_000009,CL_MMA_DEC_000001_ART_Artículo_70_BULLET_001,CL_MMA_DEC_000001_ART_Artículo_70,bullet_item,584,2,505,Plazo máximo para implementar la medida:,83,123,60,60,element_inherited,spacy_sentence_boundaries_with_legal_postprocessing,completed_with_warnings,1,missing_terminal_punctuation,"Candidate lacks final period, question mark, or exclamation mark; list items may be legitimate.",2026-07-23T15:53:28+00:00
CL_MMA_DEC_000001_STMT_000506,SEG_000001,CL_MMA_DEC_000001,STRUCT_000009,CL_MMA_DEC_000001_ART_Artículo_70_BULLET_002,CL_MMA_DEC_000001_ART_Artículo_70,bullet_item,585,1,506,Planteles existentes: 4 años a contar de la entrada en vigencia del presente Decreto.,0,85,60,60,element_inherited,spacy_sentence_boundaries_with_legal_postprocessing,completed,0,,,2026-07-23T15:53:28+00:00
CL_MMA_DEC_000001_STMT_000507,SEG_000001,CL_MMA_DEC_000001,STRUCT_000009,CL_MMA_DEC_000001_ART_Artículo_70_BULLET_003,CL_MMA_DEC_000001_ART_Artículo_70,bullet_item,586,1,507,Planteles nuevos: desde la entrada en vigencia del presente Decreto.,0,68,60,60,element_inherited,spacy_sentence_boundaries_with_legal_postprocessing,completed,0,,,2026-07-23T15:53:28+00:00
CL_MMA_DEC_000001_STMT_000508,SEG_000001,CL_MMA_DEC_000001,STRUCT_000009,CL_MMA_DEC_000001_ART_Artículo_70_P004,CL_MMA_DEC_000001_ART_Artículo_70,paragraph,587,1,508,"Para dar cumplimento a esta exigencia los titulares de planteles afectos deberán presentar ante la SEREMI del Medio Ambiente un plan de cumplimiento en un plazo de 12 meses contados desde la entrada en vigencia del presente decreto, en el que se incluirá una línea base de emisiones y una estimación de la reducción de emisiones, mediante una metodología que sea verificable por la Superintendencia del Medio Ambiente, entidad encargada de fiscalizar el cumplimiento de esta exigencia.",0,485,60,60,element_inherited,spacy_sentence_boundaries_with_legal_postprocessing,completed,0,,,2026-07-23T15:53:28+00:00
CL_MMA_DEC_000001_STMT_000509,SEG_000001,CL_MMA_DEC_000001,STRUCT_000009,CL_MMA_DEC_000001_ART_Artículo_70_ITEM_2,CL_MMA_DEC_000001_ART_Artículo_70,numbered_item,588,1,509,"Desde la entrada en vigencia del presente Decreto, aquellos planteles nuevos de porcinos que ingresen al SEIA, deberán implementar alguno de los siguientes sistemas de limpieza al interior de los pabellones o alojamiento de los animales:",0,237,60,60,element_inherited,spacy_sentence_boundaries_with_legal_postprocessing,completed_with_warnings,1,missing_terminal_punctuation,"Candidate lacks final period, question mark, or exclamation mark; list items may be legitimate.",2026-07-23T15:53:28+00:00
CL_MMA_DEC_000001_STMT_000510,SEG_000001,CL_MMA_DEC_000001,STRUCT_000009,CL_MMA_DEC_000001_ART_Artículo_70_ITEM_1_002,CL_MMA_DEC_000001_ART_Artículo_70,numbered_item,589,1,510,"Sistema pit, o",0,14,60,60,element_inherited,spacy_sentence_boundaries_with_legal_postprocessing,completed_with_warnings,1,very_short_sentence;missing_terminal_punctuation,"Candidate has fewer than 20 characters or fewer than three word-like tokens. Candidate lacks final period, question mark, or exclamation mark; list items may be legitimate.",2026-07-23T15:53:28+00:00
CL_MMA_DEC_000001_STMT_000511,SEG_000001,CL_MMA_DEC_000001,STRUCT_000009,CL_MMA_DEC_000001_ART_Artículo_70_ITEM_2_002,CL_MMA_DEC_000001_ART_Artículo_70,numbered_item,590,1,511,"Sistema flushing, o",0,19,60,60,element_inherited,spacy_sentence_boundaries_with_legal_postprocessing,completed_with_warnings,1,very_short_sentence;missing_terminal_punctuation,"Candidate has fewer than 20 characters or fewer than three word-like tokens. Candidate lacks final period, question mark, or exclamation mark; list items may be legitimate.",2026-07-23T15:53:28+00:00
CL_MMA_DEC_000001_STMT_000512,SEG_000001,CL_MMA_DEC_000001,STRUCT_000009,CL_MMA_DEC_000001_ART_Artículo_70_ITEM_3,CL_MMA_DEC_000001_ART_Artículo_70,numbered_item,591,1,512,Deep Bedding.,0,13,60,60,element_inherited,spacy_sentence_boundaries_with_legal_postprocessing,completed_with_warnings,1,very_short_sentence,Candidate has fewer than 20 characters or fewer than three word-like tokens.,2026-07-23T15:53:28+00:00
CL_MMA_DEC_000001_STMT_000513,SEG_000001,CL_MMA_DEC_000001,STRUCT_000009,CL_MMA_DEC_000001_ART_Artículo_70_P005,CL_MMA_DEC_000001_ART_Artículo_70,paragraph,592,1,513,"El proyecto que se presente al SEIA, puede presentar un sistema de limpieza adicional a los ya mencionados, siempre que demuestre que presenta resultados similares o mejores en términos de eficiencia para remoción de NH.",0,220,60,60,element_inherited,spacy_sentence_boundaries_with_legal_postprocessing,completed,0,,,2026-07-23T15:53:28+00:00
CL_MMA_DEC_000001_STMT_000514,SEG_000001,CL_MMA_DEC_000001,STRUCT_000009,CL_MMA_DEC_000001_ART_Artículo_70_ITEM_3_002,CL_MMA_DEC_000001_ART_Artículo_70,numbered_item,593,1,514,"Aquellos planteles de porcinos que cuenten con una piscina de homogenización o pozo purinero, deberán implementar cubiertas que eviten el movimiento del aire sobre la superficie del purín, según se indica en la siguiente tabla:",0,227,60,61,element_inherited,spacy_sentence_boundaries_with_legal_postprocessing,completed_with_warnings,1,missing_terminal_punctuation,"Candidate lacks final period, question mark, or exclamation mark; list items may be legitimate.",2026-07-23T15:53:28+00:00
CL_MMA_DEC_000001_STMT_000515,SEG_000001,CL_MMA_DEC_000001,STRUCT_000009,CL_MMA_DEC_000001_ART_Artículo_71_P001,CL_MMA_DEC_000001_ART_Artículo_71,paragraph,596,1,515,"Los planteles de aves de corral, deberán implementar acciones que permitan asegurar el buen manejo del guano de las aves al interior y exterior de los planteles, en el plazo que se indica en la siguiente tabla:",0,210,61,61,element_inherited,spacy_sentence_boundaries_with_legal_postprocessing,completed_with_warnings,1,missing_terminal_punctuation,"Candidate lacks final period, question mark, or exclamation mark; list items may be legitimate.",2026-07-23T15:53:28+00:00
CL_MMA_DEC_000001_STMT_000516,SEG_000001,CL_MMA_DEC_000001,STRUCT_000009,CL_MMA_DEC_000001_ART_Artículo_71_P002,CL_MMA_DEC_000001_ART_Artículo_71,paragraph,597,1,516,Las acciones para implementar son las siguientes:,0,49,61,61,element_inherited,spacy_sentence_boundaries_with_legal_postprocessing,completed_with_warnings,1,missing_terminal_punctuation,"Candidate lacks final period, question mark, or exclamation mark; list items may be legitimate.",2026-07-23T15:53:28+00:00
CL_MMA_DEC_000001_STMT_000517,SEG_000001,CL_MMA_DEC_000001,STRUCT_000009,CL_MMA_DEC_000001_ART_Artículo_71_ITEM_a,CL_MMA_DEC_000001_ART_Artículo_71,lettered_item,598,1,517,"En planteles de aves de corral para producción de huevos, que no posean instalaciones de aves en piso, deberán realizar el retiro del guano del plantel en un plazo máximo de 30 días desde cada galpón o pabellón, después de terminado el ciclo de crianza o vida útil como productora de huevos (sin perjuicio que el productor programe una pre limpieza anticipada).",0,361,61,61,element_inherited,spacy_sentence_boundaries_with_legal_postprocessing,completed,0,,,2026-07-23T15:53:28+00:00
CL_MMA_DEC_000001_STMT_000518,SEG_000001,CL_MMA_DEC_000001,STRUCT_000009,CL_MMA_DEC_000001_ART_Artículo_71_ITEM_a,CL_MMA_DEC_000001_ART_Artículo_71,lettered_item,598,2,518,"Una vez finalizada la operación del interior de los galpones, habrá un plazo de 15 días para completar el retiro total del guano que fue acumulado al exterior del galpón y dentro del perímetro del plantel.",362,567,61,61,element_inherited,spacy_sentence_boundaries_with_legal_postprocessing,completed,0,,,2026-07-23T15:53:28+00:00
CL_MMA_DEC_000001_STMT_000519,SEG_000001,CL_MMA_DEC_000001,STRUCT_000009,CL_MMA_DEC_000001_ART_Artículo_71_ITEM_b,CL_MMA_DEC_000001_ART_Artículo_71,lettered_item,599,1,519,"En planteles de aves de corral para producción de huevos, que posean instalaciones de aves en piso, deberán realizar el retiro del guano del plantel en un plazo máximo de 30 días, después de terminado el ciclo de crianza o vida útil como productora de huevos (se exceptúa este plazo si considera la reutilización del guano).",0,324,61,61,element_inherited,spacy_sentence_boundaries_with_legal_postprocessing,completed,0,,,2026-07-23T15:53:28+00:00
CL_MMA_DEC_000001_STMT_000520,SEG_000001,CL_MMA_DEC_000001,STRUCT_000009,CL_MMA_DEC_000001_ART_Artículo_71_ITEM_b,CL_MMA_DEC_000001_ART_Artículo_71,lettered_item,599,2,520,"Una vez finalizada la operación del interior de los galpones, habrá un plazo de 15 días para completar el retiro total del guano que fue acumulado al exterior del galpón y dentro del perímetro del plantel.",325,530,61,61,element_inherited,spacy_sentence_boundaries_with_legal_postprocessing,completed,0,,,2026-07-23T15:53:28+00:00
CL_MMA_DEC_000001_STMT_000521,SEG_000001,CL_MMA_DEC_000001,STRUCT_000009,CL_MMA_DEC_000001_ART_Artículo_71_ITEM_c,CL_MMA_DEC_000001_ART_Artículo_71,lettered_item,600,1,521,"En planteles de aves de corral para la producción de carne, deberán realizar el retiro del guano del pabellón como máximo 15 días después de terminado el ciclo de crianza (se exceptúa este plazo si considera la reutilización del guano).",0,236,61,62,element_inherited,spacy_sentence_boundaries_with_legal_postprocessing,completed,0,,,2026-07-23T15:53:28+00:00
CL_MMA_DEC_000001_STMT_000522,SEG_000001,CL_MMA_DEC_000001,STRUCT_000009,CL_MMA_DEC_000001_ART_Artículo_71_P003,CL_MMA_DEC_000001_ART_Artículo_71,paragraph,601,1,522,"Una vez finalizada la operación del interior de los galpones, habrá un plazo de 15 días para completar el retiro total del guano que fue acumulado al exterior del galpón y dentro del perímetro del plantel.",0,205,62,62,element_inherited,spacy_sentence_boundaries_with_legal_postprocessing,completed,0,,,2026-07-23T15:53:28+00:00
CL_MMA_DEC_000001_STMT_000523,SEG_000001,CL_MMA_DEC_000001,STRUCT_000009,CL_MMA_DEC_000001_ART_Artículo_71_ITEM_d,CL_MMA_DEC_000001_ART_Artículo_71,lettered_item,602,1,523,"Todos los planteles de aves de corral, deberán llevar un registro del periodo de cada actividad en un documento denominado Plan de Gestión del Guano que contenga el detalle de las acciones del transporte, acopio y aplicación del guano fuera de los planteles.",0,258,62,62,element_inherited,spacy_sentence_boundaries_with_legal_postprocessing,completed,0,,,2026-07-23T15:53:28+00:00
CL_MMA_DEC_000001_STMT_000524,SEG_000001,CL_MMA_DEC_000001,STRUCT_000009,CL_MMA_DEC_000001_ART_Artículo_72_P001,CL_MMA_DEC_000001_ART_Artículo_72,paragraph,604,1,524,"El Ministerio del Medio Ambiente desarrollará en el plazo de 24 meses a contar de la entrada en vigencia del presente Decreto, un sistema de registro de emisiones de amoníaco, basado en las declaraciones de planteles afectos al cumplimiento de medidas de reducción de emisiones de amoníaco, con el fin de mejorar la caracterización de este sector.",0,347,62,62,element_inherited,spacy_sentence_boundaries_with_legal_postprocessing,completed,0,,,2026-07-23T15:53:28+00:00
CL_MMA_DEC_000001_STMT_000525,SEG_000001,CL_MMA_DEC_000001,STRUCT_000009,CL_MMA_DEC_000001_ART_Artículo_73_P001,CL_MMA_DEC_000001_ART_Artículo_73,paragraph,607,1,525,"Para efectos de la aplicación de las medidas de este Capítulo, la zona sujeta al Plan se divide en las siguientes áreas territoriales:",0,134,62,62,element_inherited,spacy_sentence_boundaries_with_legal_postprocessing,completed_with_warnings,1,missing_terminal_punctuation,"Candidate lacks final period, question mark, or exclamation mark; list items may be legitimate.",2026-07-23T15:53:28+00:00
CL_MMA_DEC_000001_STMT_000526,SEG_000001,CL_MMA_DEC_000001,STRUCT_000009,CL_MMA_DEC_000001_ART_Artículo_73_P002,CL_MMA_DEC_000001_ART_Artículo_73,paragraph,608,1,526,"ZONA A: Comprende la Provincia de Santiago: Cerrillos, Cerro Navia, Conchalí, El Bosque, Estación Central, Huechuraba, Independencia, La Cisterna, La Granja, La Florida, La Pintana, La Reina, Las Condes, Lo Barnechea, Lo Espejo, Lo Prado, Macul, Maipú, Ñuñoa, Pedro Aguirre Cerda, Peñalolén, Providencia, Pudahuel, Quilicura, Quinta Normal, Recoleta, Renca, San Miguel, San Joaquín, San Ramón, Santiago, Vitacura; y las comunas de San Bernardo y de Puente Alto.",0,461,62,62,element_inherited,spacy_sentence_boundaries_with_legal_postprocessing,completed,0,,,2026-07-23T15:53:28+00:00
CL_MMA_DEC_000001_STMT_000527,SEG_000001,CL_MMA_DEC_000001,STRUCT_000009,CL_MMA_DEC_000001_ART_Artículo_73_P003,CL_MMA_DEC_000001_ART_Artículo_73,paragraph,609,1,527,"ZONA B: Comprende las comunas de las Provincias de Chacabuco, Cordillera, Talagante, Melipilla y Maipo: Alhué, Buin, Calera de Tango, Colina, Curacaví, El Monte, Isla de Maipo, Lampa, María Pinto, Melipilla, Padre Hurtado, Paine, Peñaflor, Pirque, San Pedro, San José de Maipo, Talagante y Tiltil; con la excepción de las comunas de San Bernardo y Puente Alto.",0,360,62,62,element_inherited,spacy_sentence_boundaries_with_legal_postprocessing,completed,0,,,2026-07-23T15:53:28+00:00
CL_MMA_DEC_000001_STMT_000528,SEG_000001,CL_MMA_DEC_000001,STRUCT_000009,CL_MMA_DEC_000001_ART_Artículo_74_P001,CL_MMA_DEC_000001_ART_Artículo_74,paragraph,612,1,528,"A contar de la entrada en vigencia del presente Decreto, en la ZONA A se prohíbe el uso de calderas de calefacción de uso domiciliario (cuando su utilización es para una casa habitación de forma individual), calefactores y cocinas, que utilicen o puedan utilizar leña, carbón vegetal y otros derivados de la madera, para cualquier fin.",0,335,62,62,element_inherited,spacy_sentence_boundaries_with_legal_postprocessing,completed,0,,,2026-07-23T15:53:28+00:00
CL_MMA_DEC_000001_STMT_000529,SEG_000001,CL_MMA_DEC_000001,STRUCT_000009,CL_MMA_DEC_000001_ART_Artículo_74_P001,CL_MMA_DEC_000001_ART_Artículo_74,paragraph,612,2,529,"En estas 34 comunas sólo estará permitido el uso de artefactos a pellet de madera, que cumplan con el límite de emisión establecido en el artículo 83 del presente Decreto.",336,507,62,62,element_inherited,spacy_sentence_boundaries_with_legal_postprocessing,completed,0,,,2026-07-23T15:53:28+00:00
CL_MMA_DEC_000001_STMT_000530,SEG_000001,CL_MMA_DEC_000001,STRUCT_000009,CL_MMA_DEC_000001_ART_Artículo_74_P002,CL_MMA_DEC_000001_ART_Artículo_74,paragraph,613,1,530,"La fiscalización de esta medida corresponderá a la Secretaría Regional Ministerial de Salud, conforme a sus atribuciones legales.",0,129,62,62,element_inherited,spacy_sentence_boundaries_with_legal_postprocessing,completed,0,,,2026-07-23T15:53:28+00:00
CL_MMA_DEC_000001_STMT_000531,SEG_000001,CL_MMA_DEC_000001,STRUCT_000009,CL_MMA_DEC_000001_ART_Artículo_75_P001,CL_MMA_DEC_000001_ART_Artículo_75,paragraph,615,1,531,"A contar de la entrada en vigencia del presente Decreto, en la Zona B se prohíbe el uso de calefactores nuevos que no cumplan con el límite de emisión establecido en el Artículo 83 del presente Decreto.",0,202,62,62,element_inherited,spacy_sentence_boundaries_with_legal_postprocessing,completed,0,,,2026-07-23T15:53:28+00:00
CL_MMA_DEC_000001_STMT_000532,SEG_000001,CL_MMA_DEC_000001,STRUCT_000009,CL_MMA_DEC_000001_ART_Artículo_75_P002,CL_MMA_DEC_000001_ART_Artículo_75,paragraph,616,1,532,"La fiscalización de esta medida corresponderá a la Secretaría Regional Ministerial de Salud, conforme a sus atribuciones legales.",0,129,62,62,element_inherited,spacy_sentence_boundaries_with_legal_postprocessing,completed,0,,,2026-07-23T15:53:28+00:00
CL_MMA_DEC_000001_STMT_000533,SEG_000001,CL_MMA_DEC_000001,STRUCT_000009,CL_MMA_DEC_000001_ART_Artículo_76_P001,CL_MMA_DEC_000001_ART_Artículo_76,paragraph,618,1,533,"Desde la entrada en vigencia del presente Decreto, el Ministerio del Medio Ambiente, a través de monitoreo de calidad del aire para material particulado, fortalecerá el seguimiento de la calidad del aire en la ZONA B y analizará la pertinencia de una futura regulación en el uso de todos los calefactores y cocinas que utilicen o puedan utilizar leña, carbón vegetal y otros derivados de la madera, para las actualizaciones del Plan, para esta zona.",0,449,62,62,element_inherited,spacy_sentence_boundaries_with_legal_postprocessing,completed,0,,,2026-07-23T15:53:28+00:00
CL_MMA_DEC_000001_STMT_000534,SEG_000001,CL_MMA_DEC_000001,STRUCT_000009,CL_MMA_DEC_000001_ART_Artículo_77_P001,CL_MMA_DEC_000001_ART_Artículo_77,paragraph,620,1,534,"Desde la entrada en vigencia del presente Decreto, se prohíbe en la Región Metropolitana de Santiago el uso de salamandras, braseros, chimeneas de hogar abierto, calefactores hechizos u otros artefactos similares, que utilicen o puedan utilizar leña, carbón vegetal y otros derivados de la madera, para cualquier fin.",0,317,62,63,element_inherited,spacy_sentence_boundaries_with_legal_postprocessing,completed,0,,,2026-07-23T15:53:28+00:00
CL_MMA_DEC_000001_STMT_000535,SEG_000001,CL_MMA_DEC_000001,STRUCT_000009,CL_MMA_DEC_000001_ART_Artículo_77_P002,CL_MMA_DEC_000001_ART_Artículo_77,paragraph,621,1,535,"La fiscalización de esta medida corresponderá a la SEREMI de Salud RM, conforme a sus atribuciones legales.",0,107,63,63,element_inherited,spacy_sentence_boundaries_with_legal_postprocessing,completed,0,,,2026-07-23T15:53:28+00:00
CL_MMA_DEC_000001_STMT_000536,SEG_000001,CL_MMA_DEC_000001,STRUCT_000009,CL_MMA_DEC_000001_ART_Artículo_78_P001,CL_MMA_DEC_000001_ART_Artículo_78,paragraph,623,1,536,"A contar de la entrada en vigencia del presente Decreto, se prohíbe en la Región Metropolitana de Santiago, el uso de calefactores que utilicen o puedan utilizar leña, carbón vegetal y otros derivados de la madera en las dependencias de los organismos de la Administración del Estado y municipales, y en las instalaciones públicas y privadas destinadas a otro fi distinto al residencial.",0,387,63,63,element_inherited,spacy_sentence_boundaries_with_legal_postprocessing,completed,0,,,2026-07-23T15:53:28+00:00
CL_MMA_DEC_000001_STMT_000537,SEG_000001,CL_MMA_DEC_000001,STRUCT_000009,CL_MMA_DEC_000001_ART_Artículo_78_P002,CL_MMA_DEC_000001_ART_Artículo_78,paragraph,624,1,537,También se prohibirá el uso de este tipo de calefactores en hoteles u otra clase de hospedajes.,0,95,63,63,element_inherited,spacy_sentence_boundaries_with_legal_postprocessing,completed,0,,,2026-07-23T15:53:28+00:00
CL_MMA_DEC_000001_STMT_000538,SEG_000001,CL_MMA_DEC_000001,STRUCT_000009,CL_MMA_DEC_000001_ART_Artículo_78_P002,CL_MMA_DEC_000001_ART_Artículo_78,paragraph,624,2,538,"Se eximen de cumplir con esta medida, el uso de calefactores que utilicen o puedan utilizar leña, carbón vegetal y otros derivados de la madera para fines científicos y para certificación de emisiones.",96,297,63,63,element_inherited,spacy_sentence_boundaries_with_legal_postprocessing,completed,0,,,2026-07-23T15:53:28+00:00
CL_MMA_DEC_000001_STMT_000539,SEG_000001,CL_MMA_DEC_000001,STRUCT_000009,CL_MMA_DEC_000001_ART_Artículo_78_P002,CL_MMA_DEC_000001_ART_Artículo_78,paragraph,624,3,539,"Sin perjuicio de lo anterior, estos calefactores no podrán operar en días de episodios críticos según lo establecido en el Capítulo XII del presente Decreto.",298,455,63,63,element_inherited,spacy_sentence_boundaries_with_legal_postprocessing,completed,0,,,2026-07-23T15:53:28+00:00
CL_MMA_DEC_000001_STMT_000540,SEG_000001,CL_MMA_DEC_000001,STRUCT_000009,CL_MMA_DEC_000001_ART_Artículo_78_P003,CL_MMA_DEC_000001_ART_Artículo_78,paragraph,625,1,540,"La fiscalización de esta medida corresponderá a la SEREMI de Salud RM, conforme a sus atribuciones legales.",0,107,63,63,element_inherited,spacy_sentence_boundaries_with_legal_postprocessing,completed,0,,,2026-07-23T15:53:28+00:00
CL_MMA_DEC_000001_STMT_000541,SEG_000001,CL_MMA_DEC_000001,STRUCT_000009,CL_MMA_DEC_000001_ART_Artículo_79_P001,CL_MMA_DEC_000001_ART_Artículo_79,paragraph,627,1,541,"Desde la entrada en vigencia del presente Decreto, se prohíbe en la Región Metropolitana de Santiago, quemar todo tipo de residuos en los calefactores.",0,151,63,63,element_inherited,spacy_sentence_boundaries_with_legal_postprocessing,completed,0,,,2026-07-23T15:53:28+00:00
CL_MMA_DEC_000001_STMT_000542,SEG_000001,CL_MMA_DEC_000001,STRUCT_000009,CL_MMA_DEC_000001_ART_Artículo_79_P002,CL_MMA_DEC_000001_ART_Artículo_79,paragraph,628,1,542,"La fiscalización de esta medida corresponderá a la SEREMI de Salud RM, conforme a sus atribuciones legales.",0,107,63,63,element_inherited,spacy_sentence_boundaries_with_legal_postprocessing,completed,0,,,2026-07-23T15:53:28+00:00
CL_MMA_DEC_000001_STMT_000543,SEG_000001,CL_MMA_DEC_000001,STRUCT_000009,CL_MMA_DEC_000001_ART_Artículo_80_P001,CL_MMA_DEC_000001_ART_Artículo_80,paragraph,630,1,543,"Desde la entrada en vigencia del presente Decreto, la SEREMI del Medio Ambiente apoyará a los Municipios de la zona sujeta al Plan en la elaboración de una Ordenanza que permita establecer medidas de control y fiscalización del uso de calefactores a leña, pellet de madera y otros derivados de la madera conforme a lo dispuesto en el presente Decreto.",0,351,63,63,element_inherited,spacy_sentence_boundaries_with_legal_postprocessing,completed,0,,,2026-07-23T15:53:28+00:00
CL_MMA_DEC_000001_STMT_000544,SEG_000001,CL_MMA_DEC_000001,STRUCT_000009,CL_MMA_DEC_000001_ART_Artículo_80_P001,CL_MMA_DEC_000001_ART_Artículo_80,paragraph,630,2,544,"Asimismo, la SEREMI del Medio Ambiente deberá coordinar con los Municipios que hayan elaborado o que hayan avanzado en la elaboración de la Ordenanza en base a lo estipulado en el D.S. N°66, de 2009, de MINSEGPRES, la actualización de sus instrumentos en base a las estipulaciones del presente decreto supremo.",352,662,63,63,element_inherited,spacy_sentence_boundaries_with_legal_postprocessing,completed,0,,,2026-07-23T15:53:28+00:00
CL_MMA_DEC_000001_STMT_000545,SEG_000001,CL_MMA_DEC_000001,STRUCT_000009,CL_MMA_DEC_000001_ART_Artículo_81_P001,CL_MMA_DEC_000001_ART_Artículo_81,paragraph,632,1,545,"En un plazo de 24 meses desde la entrada en vigencia del presente Decreto, el Ministerio del Medio Ambiente levantará un catastro de parrillas, hornos de barro y carros ambulantes para uso comercial que utilicen leña, carbón vegetal y otros derivados de la madera en la zona sujeta al Plan, con el fin de determinar el aporte de éstos a la emisiones de la zona sujeta al Plan, y con ello evaluar su prohibición de uso.",0,418,63,63,element_inherited,spacy_sentence_boundaries_with_legal_postprocessing,completed,0,,,2026-07-23T15:53:28+00:00
CL_MMA_DEC_000001_STMT_000546,SEG_000001,CL_MMA_DEC_000001,STRUCT_000009,CL_MMA_DEC_000001_ART_Artículo_82_P001,CL_MMA_DEC_000001_ART_Artículo_82,paragraph,634,1,546,A través de la compensación de emisiones referida en el,0,55,63,63,element_inherited,spacy_sentence_boundaries_with_legal_postprocessing,completed_with_warnings,1,missing_terminal_punctuation,"Candidate lacks final period, question mark, or exclamation mark; list items may be legitimate.",2026-07-23T15:53:28+00:00
CL_MMA_DEC_000001_STMT_000547,SEG_000001,CL_MMA_DEC_000001,STRUCT_000009,CL_MMA_DEC_000001_ART_Artículo_82_P002,CL_MMA_DEC_000001_ART_Artículo_82,paragraph,635,1,547,"Artículo 63, se fomentará el retiro, recambio y chatarrización de calefactores y cocinas que utilicen o puedan utilizar leña, carbón vegetal y otros derivados de la madera.",0,172,63,63,element_inherited,spacy_sentence_boundaries_with_legal_postprocessing,completed,0,,,2026-07-23T15:53:28+00:00
CL_MMA_DEC_000001_STMT_000548,SEG_000001,CL_MMA_DEC_000001,STRUCT_000009,CL_MMA_DEC_000001_ART_Artículo_83_P001,CL_MMA_DEC_000001_ART_Artículo_83,paragraph,638,1,548,"Desde de la entrada en vigencia del presente Decreto, solo se permitirá la comercialización de calefactores nuevos a leña y pellet de madera, que posean emisiones de material particulado, según las siguientes especificaciones:",0,226,63,63,element_inherited,spacy_sentence_boundaries_with_legal_postprocessing,completed_with_warnings,1,missing_terminal_punctuation,"Candidate lacks final period, question mark, or exclamation mark; list items may be legitimate.",2026-07-23T15:53:28+00:00
CL_MMA_DEC_000001_STMT_000549,SEG_000001,CL_MMA_DEC_000001,STRUCT_000009,CL_MMA_DEC_000001_ART_Artículo_83_P002,CL_MMA_DEC_000001_ART_Artículo_83,paragraph,640,1,549,"Estos calefactores deberán certificarse conforme a la metodología de la norma de emisión de material particulado para los artefactos que combustionen o puedan combustionar leña y pellet de madera, contenida en el D.S. N°39, de 2011, del Ministerio del Medio Ambiente, y sus modificaciones, y de acuerdo a los valores establecidos en la Tabla VII-1 de este artículo.",0,365,64,64,element_inherited,spacy_sentence_boundaries_with_legal_postprocessing,completed,0,,,2026-07-23T15:53:28+00:00
CL_MMA_DEC_000001_STMT_000550,SEG_000001,CL_MMA_DEC_000001,STRUCT_000009,CL_MMA_DEC_000001_ART_Artículo_83_P003,CL_MMA_DEC_000001_ART_Artículo_83,paragraph,641,1,550,"Se exceptúan de cumplir con estos límites de emisión aquellos calefactores certificados de acuerdo al D.S. N°39, de 2011, del Ministerio del Medio Ambiente, y sus modificaciones, que estén destinados para su comercialización en otras ciudades del país, cuyo almacenamiento y/o distribución se encuentre centralizada en la Región Metropolitana de Santiago.",0,355,64,64,element_inherited,spacy_sentence_boundaries_with_legal_postprocessing,completed,0,,,2026-07-23T15:53:28+00:00
CL_MMA_DEC_000001_STMT_000551,SEG_000001,CL_MMA_DEC_000001,STRUCT_000009,CL_MMA_DEC_000001_ART_Artículo_83_P003,CL_MMA_DEC_000001_ART_Artículo_83,paragraph,641,2,551,"El control, fiscalización y sanción en caso de incumplimiento, corresponderá a la Superintendencia de Electricidad y Combustibles conforme a sus atribuciones legales.",356,522,64,64,element_inherited,spacy_sentence_boundaries_with_legal_postprocessing,completed,0,,,2026-07-23T15:53:28+00:00
CL_MMA_DEC_000001_STMT_000552,SEG_000001,CL_MMA_DEC_000001,STRUCT_000009,CL_MMA_DEC_000001_ART_Artículo_84_P001,CL_MMA_DEC_000001_ART_Artículo_84,paragraph,643,1,552,"En un plazo de 1 mes desde la entrada en vigencia del presente Decreto, el Ministerio del Medio Ambiente propondrá el rediseño de la placa que actualmente implementa la Superintendencia de Electricidad y Combustibles a los calefactores a leña y pellet de madera en la Región Metropolitana de Santiago, según las disposiciones contenidas en el presente Decreto.",0,360,64,64,element_inherited,spacy_sentence_boundaries_with_legal_postprocessing,completed,0,,,2026-07-23T15:53:28+00:00
CL_MMA_DEC_000001_STMT_000553,SEG_000001,CL_MMA_DEC_000001,STRUCT_000009,CL_MMA_DEC_000001_ART_Artículo_85_P001,CL_MMA_DEC_000001_ART_Artículo_85,paragraph,645,1,553,"Desde la entrada en vigencia del presente Decreto la Superintendencia de Electricidad y Combustibles dará a conocer a la comunidad a través de su página Web el listado de calefactores a leña y pellet de madera que cumplan con la norma de emisión establecida en el Artículo 83 del presente Decreto, que pueden ser comercializados para su uso en la Región Metropolitana de Santiago.",0,380,64,64,element_inherited,spacy_sentence_boundaries_with_legal_postprocessing,completed,0,,,2026-07-23T15:53:28+00:00
CL_MMA_DEC_000001_STMT_000554,SEG_000001,CL_MMA_DEC_000001,STRUCT_000009,CL_MMA_DEC_000001_ART_Artículo_85_P002,CL_MMA_DEC_000001_ART_Artículo_85,paragraph,646,1,554,"En base a dicha información, el Ministerio del Medio Ambiente, actualizará, dentro de cada año calendario, en su sitio web información para los consumidores acerca de las restricciones de uso de calefactores que los afectan, de conformidad a lo establecido en el presente Decreto.",0,280,64,64,element_inherited,spacy_sentence_boundaries_with_legal_postprocessing,completed,0,,,2026-07-23T15:53:28+00:00
CL_MMA_DEC_000001_STMT_000555,SEG_000001,CL_MMA_DEC_000001,STRUCT_000009,CL_MMA_DEC_000001_ART_Artículo_86_P001,CL_MMA_DEC_000001_ART_Artículo_86,paragraph,649,1,555,"Desde la entrada en vigencia del presente Decreto, toda la leña que sea comercializada en la zona sujeta al Plan deberá cumplir los requerimientos técnicos de la Norma NCh2907, de acuerdo a la especificación de ""leña seca""",0,222,64,64,element_inherited,spacy_sentence_boundaries_with_legal_postprocessing,completed_with_warnings,1,missing_terminal_punctuation,"Candidate lacks final period, question mark, or exclamation mark; list items may be legitimate.",2026-07-23T15:53:28+00:00
CL_MMA_DEC_000001_STMT_000556,SEG_000001,CL_MMA_DEC_000001,STRUCT_000009,CL_MMA_DEC_000001_ART_Artículo_86_P002,CL_MMA_DEC_000001_ART_Artículo_86,paragraph,650,1,556,establecida en la Tabla 1 de dicha norma.,0,41,64,64,element_inherited,spacy_sentence_boundaries_with_legal_postprocessing,completed_with_warnings,1,sentence_starts_lowercase,The first alphabetic character is lowercase; inspect for an over-split continuation.,2026-07-23T15:53:28+00:00
CL_MMA_DEC_000001_STMT_000557,SEG_000001,CL_MMA_DEC_000001,STRUCT_000009,CL_MMA_DEC_000001_ART_Artículo_86_P002,CL_MMA_DEC_000001_ART_Artículo_86,paragraph,650,2,557,Para la fiscalización de la comercialización de leña se utilizará la metodología establecida en la Norma NCh2965.,42,155,64,64,element_inherited,spacy_sentence_boundaries_with_legal_postprocessing,completed,0,,,2026-07-23T15:53:28+00:00
CL_MMA_DEC_000001_STMT_000558,SEG_000001,CL_MMA_DEC_000001,STRUCT_000009,CL_MMA_DEC_000001_ART_Artículo_86_P003,CL_MMA_DEC_000001_ART_Artículo_86,paragraph,651,1,558,La SEREMI del Medio Ambiente apoyará a los Municipios de la zona sujeta al Plan en la elaboración de una ordenanza que permita regular y fiscalizar el comercio y la calidad de la leña.,0,184,64,64,element_inherited,spacy_sentence_boundaries_with_legal_postprocessing,completed,0,,,2026-07-23T15:53:28+00:00
CL_MMA_DEC_000001_STMT_000559,SEG_000001,CL_MMA_DEC_000001,STRUCT_000009,CL_MMA_DEC_000001_ART_Artículo_86_P003,CL_MMA_DEC_000001_ART_Artículo_86,paragraph,651,2,559,Esto sin perjuicio de las atribuciones legales de fiscalización de la SEREMI de Salud RM y de la Superintendencia del Medio Ambiente.,185,318,64,64,element_inherited,spacy_sentence_boundaries_with_legal_postprocessing,completed,0,,,2026-07-23T15:53:28+00:00
CL_MMA_DEC_000001_STMT_000560,SEG_000001,CL_MMA_DEC_000001,STRUCT_000009,CL_MMA_DEC_000001_ART_Artículo_87_P001,CL_MMA_DEC_000001_ART_Artículo_87,paragraph,653,1,560,"Los comerciantes de leña deberán contar con un xilohigrómetro que permita verificar el cumplimiento de lo dispuesto en el artículo precedente, para ser utilizado a requerimiento del cliente, el que deberá contar con electrodos que permitan medir a una profundidad de al menos 20 mm para asegurar que se establezca el contenido de humedad interior de la leña.",0,358,64,64,element_inherited,spacy_sentence_boundaries_with_legal_postprocessing,completed,0,,,2026-07-23T15:53:28+00:00
CL_MMA_DEC_000001_STMT_000561,SEG_000001,CL_MMA_DEC_000001,STRUCT_000009,CL_MMA_DEC_000001_ART_Artículo_87_P002,CL_MMA_DEC_000001_ART_Artículo_87,paragraph,654,1,561,"Asimismo los comerciantes de leña deberán informar al público, en un lugar visible de sus locales, las restricciones de uso de leña que rigen en la zona sujeta al Plan, de conformidad a lo dispuesto en el presente Decreto.",0,222,64,64,element_inherited,spacy_sentence_boundaries_with_legal_postprocessing,completed,0,,,2026-07-23T15:53:28+00:00
CL_MMA_DEC_000001_STMT_000562,SEG_000001,CL_MMA_DEC_000001,STRUCT_000009,CL_MMA_DEC_000001_ART_Artículo_88_P001,CL_MMA_DEC_000001_ART_Artículo_88,paragraph,657,1,562,"Para la aplicación de subsidios en el marco de los programas habitacionales financiados por el Ministerio de Vivienda y Urbanismo, se aplicarán los estándares técnicos para el acondicionamiento térmico de viviendas indicados en el artículo 4.1.10 del D.S. N° 47, de 1992, del Ministerio de Vivienda y Urbanismo, que Fija Nuevo Texto de la Ordenanza General de Urbanismo y Construcciones.",0,387,64,64,element_inherited,spacy_sentence_boundaries_with_legal_postprocessing,completed,0,,,2026-07-23T15:53:28+00:00
CL_MMA_DEC_000001_STMT_000563,SEG_000001,CL_MMA_DEC_000001,STRUCT_000009,CL_MMA_DEC_000001_ART_Artículo_89_P001,CL_MMA_DEC_000001_ART_Artículo_89,paragraph,659,1,563,"El Ministerio de Vivienda y Urbanismo evaluará anualmente la entrega de subsidios especiales para el acondicionamiento térmico de viviendas que utilicen leña para calefacción, que cuenten con recepción definitiva por la Dirección de Obras Municipales y aplicarán los estándares técnicos para dicho acondicionamiento.",0,316,64,65,element_inherited,spacy_sentence_boundaries_with_legal_postprocessing,completed,0,,,2026-07-23T15:53:28+00:00
CL_MMA_DEC_000001_STMT_000564,SEG_000001,CL_MMA_DEC_000001,STRUCT_000009,CL_MMA_DEC_000001_ART_Artículo_89_P001,CL_MMA_DEC_000001_ART_Artículo_89,paragraph,659,2,564,"La entrega de los subsidios se realizará en las comunas de Zona B, y se implementará según la disponibilidad presupuestaria.",317,441,64,65,element_inherited,spacy_sentence_boundaries_with_legal_postprocessing,completed,0,,,2026-07-23T15:53:28+00:00
CL_MMA_DEC_000001_STMT_000565,SEG_000001,CL_MMA_DEC_000001,STRUCT_000009,CL_MMA_DEC_000001_ART_Artículo_90_P001,CL_MMA_DEC_000001_ART_Artículo_90,paragraph,662,1,565,"En el plazo de 12 meses a contar de la entrada en vigencia del presente Decreto, el Ministerio del Medio Ambiente encargará un estudio para el diseño de viviendas de baja demanda térmica en la Región Metropolitana de Santiago.",0,226,65,65,element_inherited,spacy_sentence_boundaries_with_legal_postprocessing,completed,0,,,2026-07-23T15:53:28+00:00
CL_MMA_DEC_000001_STMT_000566,SEG_000001,CL_MMA_DEC_000001,STRUCT_000009,CL_MMA_DEC_000001_ART_Artículo_90_P002,CL_MMA_DEC_000001_ART_Artículo_90,paragraph,663,1,566,"Una vez que los resultados del estudio estén disponibles y previa evaluación integral de dichos resultados, el Servicio de Vivienda y Urbanización de la Región Metropolitana de Santiago, podrá aplicar los resultados del estudio para la construcción de viviendas sociales de baja o nula demanda térmica, según disponibilidad presupuestaria.",0,339,65,65,element_inherited,spacy_sentence_boundaries_with_legal_postprocessing,completed,0,,,2026-07-23T15:53:28+00:00
CL_MMA_DEC_000001_STMT_000567,SEG_000001,CL_MMA_DEC_000001,STRUCT_000009,CL_MMA_DEC_000001_ART_Artículo_91_P001,CL_MMA_DEC_000001_ART_Artículo_91,paragraph,665,1,567,"En un plazo de 24 meses desde la entrada en vigencia del presente Decreto, la Oficina de Calefacción Sustentable del Ministerio del Medio Ambiente desarrollará un estudio que evalúe las mejores alternativas disponibles para generación de proyectos de vivienda y calefacción sustentable en la Región Metropolitana de Santiago.",0,325,65,65,element_inherited,spacy_sentence_boundaries_with_legal_postprocessing,completed,0,,,2026-07-23T15:53:28+00:00
CL_MMA_DEC_000001_STMT_000568,SEG_000001,CL_MMA_DEC_000001,STRUCT_000009,CL_MMA_DEC_000001_ART_Artículo_92_P001,CL_MMA_DEC_000001_ART_Artículo_92,paragraph,667,1,568,"Desde la entrada en vigencia del presente Decreto, el Ministerio del Medio Ambiente con el apoyo de la SEREMI de Energía RM, fomentará los proyectos y/o estudios de inversión públicos y privados en la zona sujeta al Plan, orientados a la generación de energía sustentable para calefacción, ya sea mediante el uso de Energías Renovables No Convencionales (ERNC), cogeneración o sistemas de calefacción distritales, entre otros.",0,426,65,65,element_inherited,spacy_sentence_boundaries_with_legal_postprocessing,completed,0,,,2026-07-23T15:53:28+00:00
CL_MMA_DEC_000001_STMT_000569,SEG_000001,CL_MMA_DEC_000001,STRUCT_000009,CL_MMA_DEC_000001_ART_Artículo_92_P002,CL_MMA_DEC_000001_ART_Artículo_92,paragraph,668,1,569,"Una vez que los resultados de los proyectos y/o estudios referidos estén disponibles, y previa evaluación integral de éstos, el Ministerio de Vivienda y Urbanismo, podrá aplicar estos resultados en los programas de vivienda.",0,224,65,65,element_inherited,spacy_sentence_boundaries_with_legal_postprocessing,completed,0,,,2026-07-23T15:53:28+00:00
CL_MMA_DEC_000001_STMT_000570,SEG_000001,CL_MMA_DEC_000001,STRUCT_000009,CL_MMA_DEC_000001_ART_Artículo_93_P001,CL_MMA_DEC_000001_ART_Artículo_93,paragraph,671,1,570,"En un plazo de 36 meses desde la entrada en vigencia del presente Decreto, el Ministerio del Medio Ambiente en conjunto con el Ministerio de Energía y la Superintendencia de Electricidad y Combustibles elaborarán un informe de pre-factibilidad sobre la creación de un sistema de certificación de emisiones y/o etiquetado de emisiones y eficiencia energética para equipos de calefacción que utilicen gas o kerosene.",0,414,65,65,element_inherited,spacy_sentence_boundaries_with_legal_postprocessing,completed,0,,,2026-07-23T15:53:28+00:00
CL_MMA_DEC_000001_STMT_000571,SEG_000001,CL_MMA_DEC_000001,STRUCT_000009,CL_MMA_DEC_000001_ART_Artículo_93_P001,CL_MMA_DEC_000001_ART_Artículo_93,paragraph,671,2,571,El objetivo de este sistema de certificación es asegurar la calidad del aire al interior de las viviendas y de otros recintos cerrados.,415,550,65,65,element_inherited,spacy_sentence_boundaries_with_legal_postprocessing,completed,0,,,2026-07-23T15:53:28+00:00
CL_MMA_DEC_000001_STMT_000572,SEG_000001,CL_MMA_DEC_000001,STRUCT_000009,CL_MMA_DEC_000001_ART_Artículo_93_P001,CL_MMA_DEC_000001_ART_Artículo_93,paragraph,671,3,572,Ambos Ministerios evaluarán la pertinencia de encargar estudios que permitan aportar mayores antecedentes en la materia.,551,671,65,65,element_inherited,spacy_sentence_boundaries_with_legal_postprocessing,completed,0,,,2026-07-23T15:53:28+00:00
CL_MMA_DEC_000001_STMT_000573,SEG_000001,CL_MMA_DEC_000001,STRUCT_000009,CL_MMA_DEC_000001_ART_Artículo_93_P002,CL_MMA_DEC_000001_ART_Artículo_93,paragraph,672,1,573,"Asimismo, buscarán otros canales que permitan ir mejorando las especificaciones técnicas de los artefactos que se vendan en el mercado, dando prioridad a aquellos que sean más eficientes y menos contaminantes.",0,209,65,65,element_inherited,spacy_sentence_boundaries_with_legal_postprocessing,completed,0,,,2026-07-23T15:53:28+00:00
CL_MMA_DEC_000001_STMT_000574,SEG_000001,CL_MMA_DEC_000001,STRUCT_000009,CL_MMA_DEC_000001_ART_Artículo_94_P001,CL_MMA_DEC_000001_ART_Artículo_94,paragraph,674,1,574,"Dentro del plazo de 36 meses desde la entrada en vigencia del presente Plan, el Ministerio del Medio Ambiente en conjunto con el Ministerio de Energía, evaluarán diferentes mecanismos para incentivar el uso de energéticos y tecnologías que generen el menor impacto en la salud de los habitantes de la zona sujeta al Plan a escala residencial y comercial.",0,354,65,65,element_inherited,spacy_sentence_boundaries_with_legal_postprocessing,completed,0,,,2026-07-23T15:53:28+00:00
CL_MMA_DEC_000001_STMT_000575,SEG_000001,CL_MMA_DEC_000001,STRUCT_000009,CL_MMA_DEC_000001_ART_Artículo_94_P001,CL_MMA_DEC_000001_ART_Artículo_94,paragraph,674,2,575,Este programa se desarrollará sobre la base de cooperación público-privada con las empresas del rubro y podrá considerar lo siguiente:,355,489,65,65,element_inherited,spacy_sentence_boundaries_with_legal_postprocessing,completed_with_warnings,1,missing_terminal_punctuation,"Candidate lacks final period, question mark, or exclamation mark; list items may be legitimate.",2026-07-23T15:53:28+00:00
CL_MMA_DEC_000001_STMT_000576,SEG_000001,CL_MMA_DEC_000001,STRUCT_000009,CL_MMA_DEC_000001_ART_Artículo_94_ITEM_a,CL_MMA_DEC_000001_ART_Artículo_94,lettered_item,675,1,576,El desarrollo de esquemas de incentivo a la transferencia tecnológica.,0,70,65,65,element_inherited,spacy_sentence_boundaries_with_legal_postprocessing,completed,0,,,2026-07-23T15:53:28+00:00
CL_MMA_DEC_000001_STMT_000577,SEG_000001,CL_MMA_DEC_000001,STRUCT_000009,CL_MMA_DEC_000001_ART_Artículo_94_ITEM_b,CL_MMA_DEC_000001_ART_Artículo_94,lettered_item,676,1,577,El desarrollo de esquemas tarifarios especialmente concebidos para la promoción de energías y tecnologías con el menor impacto ambiental.,0,137,65,65,element_inherited,spacy_sentence_boundaries_with_legal_postprocessing,completed,0,,,2026-07-23T15:53:28+00:00
CL_MMA_DEC_000001_STMT_000578,SEG_000001,CL_MMA_DEC_000001,STRUCT_000009,CL_MMA_DEC_000001_ART_Artículo_95_P001,CL_MMA_DEC_000001_ART_Artículo_95,paragraph,679,1,578,"Desde la entrada en vigencia del presente Decreto, se prohíbe la quema libre de hojas secas y de todo tipo de residuos.",0,119,65,66,element_inherited,spacy_sentence_boundaries_with_legal_postprocessing,completed,0,,,2026-07-23T15:53:28+00:00
CL_MMA_DEC_000001_STMT_000579,SEG_000001,CL_MMA_DEC_000001,STRUCT_000009,CL_MMA_DEC_000001_ART_Artículo_96_P001,CL_MMA_DEC_000001_ART_Artículo_96,paragraph,681,1,579,"Se prohíbe el uso del fuego para la quema de rastrojos, y de cualquier tipo de vegetación viva o muerta, en los terrenos agrícolas, ganaderos o de aptitud preferentemente forestal en la Región Metropolitana de Santiago, de acuerdo al siguiente cronograma:",0,255,66,66,element_inherited,spacy_sentence_boundaries_with_legal_postprocessing,completed_with_warnings,1,missing_terminal_punctuation,"Candidate lacks final period, question mark, or exclamation mark; list items may be legitimate.",2026-07-23T15:53:28+00:00
CL_MMA_DEC_000001_STMT_000580,SEG_000001,CL_MMA_DEC_000001,STRUCT_000009,CL_MMA_DEC_000001_ART_Artículo_96_P002,CL_MMA_DEC_000001_ART_Artículo_96,paragraph,683,1,580,"La fiscalización de esta medida corresponderá al Servicio Agrícola y Ganadero (SAG), y a la Corporación Nacional Forestal (CONAF), en el ámbito de sus competencias.",0,164,66,66,element_inherited,spacy_sentence_boundaries_with_legal_postprocessing,completed,0,,,2026-07-23T15:53:28+00:00
CL_MMA_DEC_000001_STMT_000581,SEG_000001,CL_MMA_DEC_000001,STRUCT_000009,CL_MMA_DEC_000001_ART_Artículo_96_P003,CL_MMA_DEC_000001_ART_Artículo_96,paragraph,684,1,581,"Sin perjuicio de lo anterior, la CONAF podrá excepcionalmente mediante resolución fundada, autorizar quemas en cualquier época del año, sólo en caso de emergencia por motivo de seguridad fitosanitaria y para el manejo de combustible vegetal con el objetivo de prevenir incendios forestales.",0,290,66,66,element_inherited,spacy_sentence_boundaries_with_legal_postprocessing,completed,0,,,2026-07-23T15:53:28+00:00
CL_MMA_DEC_000001_STMT_000582,SEG_000001,CL_MMA_DEC_000001,STRUCT_000009,CL_MMA_DEC_000001_ART_Artículo_97_P001,CL_MMA_DEC_000001_ART_Artículo_97,paragraph,686,1,582,"A contar de la entrada en vigencia del presente Decreto, el SAG en coordinación con la CONAF, elaborarán un plan de difusión que deberán implementar en un plazo de 12 meses, a través de charlas y entrega de material, sobre las prohibiciones relativas al uso del fuego que establece el presente Decreto.",0,302,66,66,element_inherited,spacy_sentence_boundaries_with_legal_postprocessing,completed,0,,,2026-07-23T15:53:28+00:00
CL_MMA_DEC_000001_STMT_000583,SEG_000001,CL_MMA_DEC_000001,STRUCT_000009,CL_MMA_DEC_000001_ART_Artículo_98_P001,CL_MMA_DEC_000001_ART_Artículo_98,paragraph,688,1,583,"En el plazo de 18 meses de la entrada en vigencia del presente Decreto, el Ministerio de Agricultura diseñará un programa de minimización de las quemas agrícolas en la Región Metropolitana de Santiago, generando alternativas a dicha práctica, el que deberá orientarse a:",0,270,66,66,element_inherited,spacy_sentence_boundaries_with_legal_postprocessing,completed_with_warnings,1,missing_terminal_punctuation,"Candidate lacks final period, question mark, or exclamation mark; list items may be legitimate.",2026-07-23T15:53:28+00:00
CL_MMA_DEC_000001_STMT_000584,SEG_000001,CL_MMA_DEC_000001,STRUCT_000009,CL_MMA_DEC_000001_ART_Artículo_98_ITEM_a,CL_MMA_DEC_000001_ART_Artículo_98,lettered_item,689,1,584,Caracterizar las actividades agrícolas asociadas al uso del fuego y definición de alternativas para el manejo de residuos agrícolas y preparación de suelos.,0,156,66,66,element_inherited,spacy_sentence_boundaries_with_legal_postprocessing,completed,0,,,2026-07-23T15:53:28+00:00
CL_MMA_DEC_000001_STMT_000585,SEG_000001,CL_MMA_DEC_000001,STRUCT_000009,CL_MMA_DEC_000001_ART_Artículo_98_ITEM_b,CL_MMA_DEC_000001_ART_Artículo_98,lettered_item,690,1,585,"Programa de educación y difusión de buenas prácticas agrícolas, con énfasis en la erradicación del uso del fuego.",0,113,66,66,element_inherited,spacy_sentence_boundaries_with_legal_postprocessing,completed,0,,,2026-07-23T15:53:28+00:00
CL_MMA_DEC_000001_STMT_000586,SEG_000001,CL_MMA_DEC_000001,STRUCT_000009,CL_MMA_DEC_000001_ART_Artículo_98_ITEM_c,CL_MMA_DEC_000001_ART_Artículo_98,lettered_item,691,1,586,"Programa de fiscalización y asistencia dirigido a agricultores, ganaderos y silvicultores, en el que se apoye el uso de alternativas al fuego.",0,142,66,66,element_inherited,spacy_sentence_boundaries_with_legal_postprocessing,completed,0,,,2026-07-23T15:53:28+00:00
CL_MMA_DEC_000001_STMT_000587,SEG_000001,CL_MMA_DEC_000001,STRUCT_000009,CL_MMA_DEC_000001_ART_Artículo_99_P001,CL_MMA_DEC_000001_ART_Artículo_99,paragraph,694,1,587,"Con el fin de contribuir a la reducción de la contaminación atmosférica en la Región Metropolitana de Santiago, el Gobierno Regional Metropolitano de Santiago continuará con la meta de aumentar la dotación de áreas verdes, construcción de parques, plazas y masas de vegetación que rodean la Cuenca de Santiago de la Región Metropolitana de Santiago, en 100 nuevas hectáreas, procurando obtener la aprobación de recursos del Fondo Nacional de Desarrollo Regional (FNDR) u otras fuentes de financiamiento.",0,503,66,67,element_inherited,spacy_sentence_boundaries_with_legal_postprocessing,completed,0,,,2026-07-23T15:53:28+00:00
CL_MMA_DEC_000001_STMT_000588,SEG_000001,CL_MMA_DEC_000001,STRUCT_000009,CL_MMA_DEC_000001_ART_Artículo_99_P001,CL_MMA_DEC_000001_ART_Artículo_99,paragraph,694,2,588,"Para ello, se priorizarán los siguientes tipos de programas:",504,564,66,67,element_inherited,spacy_sentence_boundaries_with_legal_postprocessing,completed_with_warnings,1,missing_terminal_punctuation,"Candidate lacks final period, question mark, or exclamation mark; list items may be legitimate.",2026-07-23T15:53:28+00:00
CL_MMA_DEC_000001_STMT_000589,SEG_000001,CL_MMA_DEC_000001,STRUCT_000009,CL_MMA_DEC_000001_ART_Artículo_99_ITEM_a,CL_MMA_DEC_000001_ART_Artículo_99,lettered_item,695,1,589,Programa para la gestión de áreas verdes.,0,41,67,67,element_inherited,spacy_sentence_boundaries_with_legal_postprocessing,completed,0,,,2026-07-23T15:53:28+00:00
CL_MMA_DEC_000001_STMT_000590,SEG_000001,CL_MMA_DEC_000001,STRUCT_000009,CL_MMA_DEC_000001_ART_Artículo_99_P002,CL_MMA_DEC_000001_ART_Artículo_99,paragraph,696,1,590,"Se procurará la habilitación prioritaria de áreas verdes y espacios públicos en aquellas comunas más deficitarias en este tipo de áreas y espacios, según las definiciones señaladas en el Artículo 1.1.2 del D.S. N°47, de 1992, del Ministerio de Vivienda y Urbanismo, que Fija Nuevo Texto de la Ordenanza General de Urbanismo y Construcciones.",0,341,67,67,element_inherited,spacy_sentence_boundaries_with_legal_postprocessing,completed,0,,,2026-07-23T15:53:28+00:00
CL_MMA_DEC_000001_STMT_000591,SEG_000001,CL_MMA_DEC_000001,STRUCT_000009,CL_MMA_DEC_000001_ART_Artículo_99_P002,CL_MMA_DEC_000001_ART_Artículo_99,paragraph,696,2,591,"Se entenderá por ""comunas más deficitarias"" aquellas comunas emplazadas en la Región Metropolitana de Santiago y que sean definidas como tales por la SEREMI de Vivienda y Urbanismo RM.",342,526,67,67,element_inherited,spacy_sentence_boundaries_with_legal_postprocessing,completed,0,,,2026-07-23T15:53:28+00:00
CL_MMA_DEC_000001_STMT_000592,SEG_000001,CL_MMA_DEC_000001,STRUCT_000009,CL_MMA_DEC_000001_ART_Artículo_99_ITEM_b,CL_MMA_DEC_000001_ART_Artículo_99,lettered_item,697,1,592,Programa para la gestión de masas de vegetación que rodean la Cuenca de Santiago.,0,81,67,67,element_inherited,spacy_sentence_boundaries_with_legal_postprocessing,completed,0,,,2026-07-23T15:53:28+00:00
CL_MMA_DEC_000001_STMT_000593,SEG_000001,CL_MMA_DEC_000001,STRUCT_000009,CL_MMA_DEC_000001_ART_Artículo_99_P003,CL_MMA_DEC_000001_ART_Artículo_99,paragraph,698,1,593,"Con la finalidad de favorecer la circulación de vientos en la cuenca de Santiago, se promoverá la mantención y reforestación de las masas de vegetación que rodean la cuenca de Santiago, y de los corredores verdes, los que adicionalmente contribuirán a la conectividad ecológica entre los diferentes ecosistemas presentes en la región.",0,334,67,67,element_inherited,spacy_sentence_boundaries_with_legal_postprocessing,completed,0,,,2026-07-23T15:53:28+00:00
CL_MMA_DEC_000001_STMT_000594,SEG_000001,CL_MMA_DEC_000001,STRUCT_000009,CL_MMA_DEC_000001_ART_Artículo_99_P003,CL_MMA_DEC_000001_ART_Artículo_99,paragraph,698,2,594,"Se entenderá por ""masas de vegetación que rodean la cuenca de Santiago"", los sitios prioritarios definidos en la Estrategia para la Conservación de la Biodiversidad en la Región Metropolitana de Santiago13 y aquellas otras zonas de la región definidas como tales por la SEREMI del Medio Ambiente.",335,631,67,67,element_inherited,spacy_sentence_boundaries_with_legal_postprocessing,completed,0,,,2026-07-23T15:53:28+00:00
CL_MMA_DEC_000001_STMT_000595,SEG_000001,CL_MMA_DEC_000001,STRUCT_000009,CL_MMA_DEC_000001_ART_Artículo_99_P003,CL_MMA_DEC_000001_ART_Artículo_99,paragraph,698,3,595,"Se entenderá por ""corredores verdes"" el cordón de vegetación continuo que ayuda a restablecer la estabilidad dinámica de los ecosistemas naturales, asegurando la conservación de los componentes y servicios ambientales entre las masas de vegetación que rodean la cuenca de Santiago.",632,913,67,67,element_inherited,spacy_sentence_boundaries_with_legal_postprocessing,completed,0,,,2026-07-23T15:53:28+00:00
CL_MMA_DEC_000001_STMT_000596,SEG_000001,CL_MMA_DEC_000001,STRUCT_000009,CL_MMA_DEC_000001_ART_Artículo_100_P001,CL_MMA_DEC_000001_ART_Artículo_100,paragraph,700,1,596,"La SEREMI del Medio Ambiente apoyará el aumento de áreas verdes mediante la exigencia de compensación de emisiones por emisiones de material particulado según lo estipulado en el Artículo 63, mediante mantención y generación de áreas verdes y masas de vegetación.",0,263,67,67,element_inherited,spacy_sentence_boundaries_with_legal_postprocessing,completed,0,,,2026-07-23T15:53:28+00:00
CL_MMA_DEC_000001_STMT_000597,SEG_000001,CL_MMA_DEC_000001,STRUCT_000009,CL_MMA_DEC_000001_ART_Artículo_101_P001,CL_MMA_DEC_000001_ART_Artículo_101,paragraph,702,1,597,"A partir de 12 meses desde la entrada en vigencia del presente Decreto, el Gobierno Regional Metropolitano de Santiago, en coordinación con la SEREMI de Vivienda y Urbanismo RM, elaborará un sistema oficial, actualizado y público, con la información relativa a áreas verdes urbanas, incluyendo su ubicación referenciadas geográficamente, que sirva de base al diseño y aplicación de los instrumentos de generación y mantención de áreas verdes y masas de vegetación.",0,464,67,67,element_inherited,spacy_sentence_boundaries_with_legal_postprocessing,completed,0,,,2026-07-23T15:53:28+00:00
CL_MMA_DEC_000001_STMT_000598,SEG_000001,CL_MMA_DEC_000001,STRUCT_000009,CL_MMA_DEC_000001_ART_Artículo_102_P001,CL_MMA_DEC_000001_ART_Artículo_102,paragraph,704,1,598,"El Gobierno Regional Metropolitano de Santiago gestionará la obtención de recursos para la continuidad del Plan de Aspirado y Lavado de Calles, ampliando su cobertura y utilizando tecnología certificada para la recolección de polvo.",0,232,67,67,element_inherited,spacy_sentence_boundaries_with_legal_postprocessing,completed,0,,,2026-07-23T15:53:28+00:00
CL_MMA_DEC_000001_STMT_000599,SEG_000001,CL_MMA_DEC_000001,STRUCT_000009,CL_MMA_DEC_000001_ART_Artículo_103_P001,CL_MMA_DEC_000001_ART_Artículo_103,paragraph,706,1,599,El Gobierno Regional Metropolitano de Santiago gestionará la realización de estudios de factibilidad técnica y económica para la elaboración y ejecución de un programa de estabilización de bermas y bandejones de tierra en la Región Metropolitana de Santiago.,0,258,67,67,element_inherited,spacy_sentence_boundaries_with_legal_postprocessing,completed,0,,,2026-07-23T15:53:28+00:00
CL_MMA_DEC_000001_STMT_000600,SEG_000001,CL_MMA_DEC_000001,STRUCT_000009,CL_MMA_DEC_000001_ART_Artículo_104_P001,CL_MMA_DEC_000001_ART_Artículo_104,paragraph,709,1,600,"Dentro del plazo de vigencia del presente Decreto, el Gobierno Regional de la Región Metropolitana de Santiago, en coordinación con el Ministerio de Vivienda y Urbanismo, el Ministerio de Obras Públicas, el Ministerio de Transportes y Telecomunicaciones, y otras instituciones con atribuciones para la construcción de infraestructura pública, deberá coordinar y gestionar la asignación de recursos para la construcción de 300 kilómetros de ciclorutas y 3.000 biciestacionamientos públicos, en el marco del Plan Maestro de Ciclovías del Gran Santiago14.",0,552,67,67,element_inherited,spacy_sentence_boundaries_with_legal_postprocessing,completed,0,,,2026-07-23T15:53:28+00:00
CL_MMA_DEC_000001_STMT_000601,SEG_000001,CL_MMA_DEC_000001,STRUCT_000009,CL_MMA_DEC_000001_ART_Artículo_105_P001,CL_MMA_DEC_000001_ART_Artículo_105,paragraph,711,1,601,"Con el fin de garantizar un estándar de construcción adecuado en la infraestructura de ciclorutas y biciestacionamientos descritas en el artículo precedente, el Ministerio de Vivienda y Urbanismo, el Ministerio de Obras Públicas y las demás instituciones con atribuciones en la construcción de infraestructura, deberán utilizar como referencia los siguientes documentos del Ministerio de Vivienda y Urbanismo:",0,409,67,68,element_inherited,spacy_sentence_boundaries_with_legal_postprocessing,completed_with_warnings,1,missing_terminal_punctuation,"Candidate lacks final period, question mark, or exclamation mark; list items may be legitimate.",2026-07-23T15:53:28+00:00
CL_MMA_DEC_000001_STMT_000602,SEG_000001,CL_MMA_DEC_000001,STRUCT_000009,CL_MMA_DEC_000001_ART_Artículo_105_P002,CL_MMA_DEC_000001_ART_Artículo_105,paragraph,712,1,602,"------------------------------------- 13 Aprobada mediante acuerdo N° 215-14, de la Sesión Ordinaria N° 22, de 15 de octubre de 2014, del Consejo Regional Metropolitano de Santiago.",0,181,68,68,element_inherited,spacy_sentence_boundaries_with_legal_postprocessing,completed,0,,,2026-07-23T15:53:28+00:00
CL_MMA_DEC_000001_STMT_000603,SEG_000001,CL_MMA_DEC_000001,STRUCT_000009,CL_MMA_DEC_000001_ART_Artículo_105_P003,CL_MMA_DEC_000001_ART_Artículo_105,paragraph,713,1,603,"14 Incluido en el Plan Maestro de Transporte 2025, de la Subsecretaría de Transportes del Ministerio de Transportes y Telecomunicaciones.",0,137,68,68,element_inherited,spacy_sentence_boundaries_with_legal_postprocessing,completed,0,,,2026-07-23T15:53:28+00:00
CL_MMA_DEC_000001_STMT_000604,SEG_000001,CL_MMA_DEC_000001,STRUCT_000009,CL_MMA_DEC_000001_ART_Artículo_105_P003,CL_MMA_DEC_000001_ART_Artículo_105,paragraph,713,2,604,Este Plan se encuentra disponible en el siguiente link,138,192,68,68,element_inherited,spacy_sentence_boundaries_with_legal_postprocessing,completed_with_warnings,1,missing_terminal_punctuation,"Candidate lacks final period, question mark, or exclamation mark; list items may be legitimate.",2026-07-23T15:53:28+00:00
CL_MMA_DEC_000001_STMT_000605,SEG_000001,CL_MMA_DEC_000001,STRUCT_000009,CL_MMA_DEC_000001_ART_Artículo_105_BULLET_001,CL_MMA_DEC_000001_ART_Artículo_105,bullet_item,714,1,605,Manual de vialidad ciclo-inclusiva.15 - Manual de construcción de ciclovías16.,0,78,68,68,element_inherited,spacy_sentence_boundaries_with_legal_postprocessing,completed,0,,,2026-07-23T15:53:28+00:00
CL_MMA_DEC_000001_STMT_000606,SEG_000001,CL_MMA_DEC_000001,STRUCT_000009,CL_MMA_DEC_000001_ART_Artículo_105_BULLET_002,CL_MMA_DEC_000001_ART_Artículo_105,bullet_item,715,1,606,Manual de biciestacionamientos en el espacio público17.,0,55,68,68,element_inherited,spacy_sentence_boundaries_with_legal_postprocessing,completed,0,,,2026-07-23T15:53:28+00:00
CL_MMA_DEC_000001_STMT_000607,SEG_000001,CL_MMA_DEC_000001,STRUCT_000009,CL_MMA_DEC_000001_ART_Artículo_106_P001,CL_MMA_DEC_000001_ART_Artículo_106,paragraph,717,1,607,"El Ministerio de Transportes y Telecomunicaciones propondrá, en un plazo de 12 meses desde la entrada en vigencia del presente Decreto, un Plan de Desarrollo Intermodal para la Región Metropolitana de Santiago, cuyo objetivo principal será mejorar la integración modal y la experiencia de transbordos en el sistema, con nueva infraestructura especializada, así como asegurar el acceso a los sistemas de transporte público.",0,422,68,68,element_inherited,spacy_sentence_boundaries_with_legal_postprocessing,completed,0,,,2026-07-23T15:53:28+00:00
CL_MMA_DEC_000001_STMT_000608,SEG_000001,CL_MMA_DEC_000001,STRUCT_000009,CL_MMA_DEC_000001_ART_Artículo_107_P001,CL_MMA_DEC_000001_ART_Artículo_107,paragraph,719,1,608,"El Ministerio de Transportes y Telecomunicaciones, de acuerdo a sus competencias, coordinará y gestionará la construcción de 60 kilómetros de pistas solo bus, localizadas en la zona de cobertura de Transantiago.",0,211,68,68,element_inherited,spacy_sentence_boundaries_with_legal_postprocessing,completed,0,,,2026-07-23T15:53:28+00:00
CL_MMA_DEC_000001_STMT_000609,SEG_000001,CL_MMA_DEC_000001,STRUCT_000009,CL_MMA_DEC_000001_ART_Artículo_108_P001,CL_MMA_DEC_000001_ART_Artículo_108,paragraph,721,1,609,"El Ministerio del Medio Ambiente y el Ministerio de Transportes y Telecomunicaciones, apoyarán a la I. Municipalidad de Santiago en la promoción de las acciones necesarias para la implementación de la Zona Verde para el Transporte en Santiago (ZVTS), cuya iniciativa se encuentra inscrita como una Acción de Mitigación Nacionalmente Apropiada (NAMA en sus siglas en inglés) en las Naciones Unidas.",0,397,68,68,element_inherited,spacy_sentence_boundaries_with_legal_postprocessing,completed,0,,,2026-07-23T15:53:28+00:00
CL_MMA_DEC_000001_STMT_000610,SEG_000001,CL_MMA_DEC_000001,STRUCT_000009,CL_MMA_DEC_000001_ART_Artículo_108_P002,CL_MMA_DEC_000001_ART_Artículo_108,paragraph,722,1,610,"El Ministerio del Medio Ambiente apoyará al Municipio de Santiago como titular de la iniciativa, en temas de emisiones de gases efecto invernadero (GEI), sistema de medición, reporte y verificación (MRV), facilitación de acceso a oportunidades de fondos disponibles en el marco del financiamiento del clima, así como la promoción a nivel internacional.",0,352,68,68,element_inherited,spacy_sentence_boundaries_with_legal_postprocessing,completed,0,,,2026-07-23T15:53:28+00:00
CL_MMA_DEC_000001_STMT_000611,SEG_000001,CL_MMA_DEC_000001,STRUCT_000009,CL_MMA_DEC_000001_ART_Artículo_109_P001,CL_MMA_DEC_000001_ART_Artículo_109,paragraph,724,1,611,"El Ministerio de Transportes y Telecomunicaciones gestionará el apoyo y cooperación técnica especializada en temas de tránsito y transporte, en el marco de la planificación e implementación del proyecto ZVTS.",0,208,68,68,element_inherited,spacy_sentence_boundaries_with_legal_postprocessing,completed,0,,,2026-07-23T15:53:28+00:00
CL_MMA_DEC_000001_STMT_000612,SEG_000001,CL_MMA_DEC_000001,STRUCT_000009,CL_MMA_DEC_000001_ART_Artículo_110_P001,CL_MMA_DEC_000001_ART_Artículo_110,paragraph,727,1,612,"Dentro del plazo de 12 meses desde la entrada en vigencia del presente Plan, el Ministerio del Medio Ambiente, junto con la Intendencia Regional Metropolitana, Ministerios y Servicios competentes, elaborarán un plan de trabajo con el objetivo de iniciar el diseño, desarrollo e implementación de programas relativos a la Prevención y Descontaminación Atmosférica de Santiago, además, se propondrán acciones que puedan desarrollar organismos de la sociedad civil.",0,462,68,68,element_inherited,spacy_sentence_boundaries_with_legal_postprocessing,completed,0,,,2026-07-23T15:53:28+00:00
CL_MMA_DEC_000001_STMT_000613,SEG_000001,CL_MMA_DEC_000001,STRUCT_000009,CL_MMA_DEC_000001_ART_Artículo_111_P001,CL_MMA_DEC_000001_ART_Artículo_111,paragraph,729,1,613,"En el marco de la educación formal, la SEREMI del Medio Ambiente en conjunto con la SEREMI de Educación RM, diseñará y coordinará la implementación de los siguientes programas y acciones:",0,187,68,68,element_inherited,spacy_sentence_boundaries_with_legal_postprocessing,completed_with_warnings,1,missing_terminal_punctuation,"Candidate lacks final period, question mark, or exclamation mark; list items may be legitimate.",2026-07-23T15:53:28+00:00
CL_MMA_DEC_000001_STMT_000614,SEG_000001,CL_MMA_DEC_000001,STRUCT_000009,CL_MMA_DEC_000001_ART_Artículo_111_ITEM_1,CL_MMA_DEC_000001_ART_Artículo_111,numbered_item,730,1,614,Fortalecer los programas y elaboración de material de apoyo pedagógico de educación ambiental en calidad del aire en los establecimientos educacionales de la,0,157,68,68,element_inherited,spacy_sentence_boundaries_with_legal_postprocessing,completed_with_warnings,1,missing_terminal_punctuation,"Candidate lacks final period, question mark, or exclamation mark; list items may be legitimate.",2026-07-23T15:53:28+00:00
CL_MMA_DEC_000001_STMT_000615,SEG_000001,CL_MMA_DEC_000001,STRUCT_000009,CL_MMA_DEC_000001_ART_Artículo_111_P002,CL_MMA_DEC_000001_ART_Artículo_111,paragraph,731,1,615,"Región Metropolitana de Santiago, principalmente los que pertenecen al Sistema Nacional de Certificación Ambiental de Establecimientos Educacionales y a la Red de Escuelas por la Educación para el Desarrollo Sustentable.",0,220,69,69,element_inherited,spacy_sentence_boundaries_with_legal_postprocessing,completed,0,,,2026-07-23T15:53:28+00:00
CL_MMA_DEC_000001_STMT_000616,SEG_000001,CL_MMA_DEC_000001,STRUCT_000009,CL_MMA_DEC_000001_ART_Artículo_111_P002,CL_MMA_DEC_000001_ART_Artículo_111,paragraph,731,2,616,"El objetivo estará orientado a educar respecto de los impactos en salud, conductas preventivas y acciones concretas para mitigar el impacto de nuestras conductas ciudadanas en la contaminación atmosférica.",221,426,69,69,element_inherited,spacy_sentence_boundaries_with_legal_postprocessing,completed,0,,,2026-07-23T15:53:28+00:00
CL_MMA_DEC_000001_STMT_000617,SEG_000001,CL_MMA_DEC_000001,STRUCT_000009,CL_MMA_DEC_000001_ART_Artículo_111_ITEM_2,CL_MMA_DEC_000001_ART_Artículo_111,numbered_item,732,1,617,Incentivar a Instituciones de Educación Superior a incorporar temas de prevención y descontaminación atmosférica de la Región Metropolitana de Santiago.,0,152,69,69,element_inherited,spacy_sentence_boundaries_with_legal_postprocessing,completed,0,,,2026-07-23T15:53:28+00:00
CL_MMA_DEC_000001_STMT_000618,SEG_000001,CL_MMA_DEC_000001,STRUCT_000009,CL_MMA_DEC_000001_ART_Artículo_112_P001,CL_MMA_DEC_000001_ART_Artículo_112,paragraph,734,1,618,"En el marco de la Educación No Formal, la SEREMI del Medio Ambiente coordinará con actores públicos, privados y sociedad civil, el desarrollo de las siguientes estrategias y acciones:",0,183,69,69,element_inherited,spacy_sentence_boundaries_with_legal_postprocessing,completed_with_warnings,1,missing_terminal_punctuation,"Candidate lacks final period, question mark, or exclamation mark; list items may be legitimate.",2026-07-23T15:53:28+00:00
CL_MMA_DEC_000001_STMT_000619,SEG_000001,CL_MMA_DEC_000001,STRUCT_000009,CL_MMA_DEC_000001_ART_Artículo_112_ITEM_1,CL_MMA_DEC_000001_ART_Artículo_112,numbered_item,735,1,619,"Implementación de un plan de capacitación para funcionarios municipales, en la creación, gestión, promoción y aplicación de instrumentos de Gestión Ambiental Local, con énfasis en la implementación de medidas establecidas en el presente Plan de Prevención y Descontaminación Atmosférica.",0,287,69,69,element_inherited,spacy_sentence_boundaries_with_legal_postprocessing,completed,0,,,2026-07-23T15:53:28+00:00
CL_MMA_DEC_000001_STMT_000620,SEG_000001,CL_MMA_DEC_000001,STRUCT_000009,CL_MMA_DEC_000001_ART_Artículo_112_ITEM_2,CL_MMA_DEC_000001_ART_Artículo_112,numbered_item,736,1,620,"Implementación de un programa de capacitación y concientización anual en materias de calidad del aire y descontaminación atmosférica, dirigido a miembros de organizaciones de interés público, fortaleciendo la Gestión Ambiental Local.",0,233,69,69,element_inherited,spacy_sentence_boundaries_with_legal_postprocessing,completed,0,,,2026-07-23T15:53:28+00:00
CL_MMA_DEC_000001_STMT_000621,SEG_000001,CL_MMA_DEC_000001,STRUCT_000009,CL_MMA_DEC_000001_ART_Artículo_112_P002,CL_MMA_DEC_000001_ART_Artículo_112,paragraph,737,1,621,---------------------------------------- 15-16 Disponibles en el sitio web del Ministerio de Vivienda y Urbanismo.,0,114,69,69,element_inherited,spacy_sentence_boundaries_with_legal_postprocessing,completed,0,,,2026-07-23T15:53:28+00:00
CL_MMA_DEC_000001_STMT_000622,SEG_000001,CL_MMA_DEC_000001,STRUCT_000009,CL_MMA_DEC_000001_ART_Artículo_112_P003,CL_MMA_DEC_000001_ART_Artículo_112,paragraph,738,1,622,17 Disponible en el sitio web del Ministerio de Vivienda y Urbanismo,0,68,69,69,element_inherited,spacy_sentence_boundaries_with_legal_postprocessing,completed_with_warnings,1,missing_terminal_punctuation,"Candidate lacks final period, question mark, or exclamation mark; list items may be legitimate.",2026-07-23T15:53:28+00:00
CL_MMA_DEC_000001_STMT_000623,SEG_000001,CL_MMA_DEC_000001,STRUCT_000009,CL_MMA_DEC_000001_ART_Artículo_112_ITEM_3,CL_MMA_DEC_000001_ART_Artículo_112,numbered_item,739,1,623,"Realización de jornadas de diálogos de educación ambiental, tendientes a dar a conocer experiencias y resultados de la incorporación de la dimensión ambiental en establecimientos educacionales, Municipalidades y ciudadanía.",0,223,69,69,element_inherited,spacy_sentence_boundaries_with_legal_postprocessing,completed,0,,,2026-07-23T15:53:28+00:00
CL_MMA_DEC_000001_STMT_000624,SEG_000001,CL_MMA_DEC_000001,STRUCT_000009,CL_MMA_DEC_000001_ART_Artículo_113_P001,CL_MMA_DEC_000001_ART_Artículo_113,paragraph,741,1,624,"En el marco de la Educación Informal, la SEREMI del Medio Ambiente coordinará con actores públicos, privados y sociedad civil, el desarrollo de las siguientes estrategias y acciones:",0,182,69,69,element_inherited,spacy_sentence_boundaries_with_legal_postprocessing,completed_with_warnings,1,missing_terminal_punctuation,"Candidate lacks final period, question mark, or exclamation mark; list items may be legitimate.",2026-07-23T15:53:28+00:00
CL_MMA_DEC_000001_STMT_000625,SEG_000001,CL_MMA_DEC_000001,STRUCT_000009,CL_MMA_DEC_000001_ART_Artículo_113_ITEM_1,CL_MMA_DEC_000001_ART_Artículo_113,numbered_item,742,1,625,"Plan de difusión anual, que definirá actividades en medios de comunicación, redes sociales y campañas informativas en materia de descontaminación atmosférica.",0,158,69,69,element_inherited,spacy_sentence_boundaries_with_legal_postprocessing,completed,0,,,2026-07-23T15:53:28+00:00
CL_MMA_DEC_000001_STMT_000626,SEG_000001,CL_MMA_DEC_000001,STRUCT_000009,CL_MMA_DEC_000001_ART_Artículo_113_ITEM_2,CL_MMA_DEC_000001_ART_Artículo_113,numbered_item,743,1,626,"Promover la incorporación de contenidos y/o información referidos a temáticas de calidad del aire y descontaminación atmosférica, en las páginas web de las diversas instituciones públicas de la Región Metropolitana de Santiago.",0,227,69,69,element_inherited,spacy_sentence_boundaries_with_legal_postprocessing,completed,0,,,2026-07-23T15:53:28+00:00
CL_MMA_DEC_000001_STMT_000627,SEG_000001,CL_MMA_DEC_000001,STRUCT_000009,CL_MMA_DEC_000001_ART_Artículo_114_P001,CL_MMA_DEC_000001_ART_Artículo_114,paragraph,745,1,627,"Cada 24 meses, a partir de la entrada en vigencia del presente Decreto, se realizará un levantamiento de información de los Municipios de la Región Metropolitana de Santiago, coordinado por la SEREMI del Medio Ambiente, en la cual se identifique las acciones y estado de la gestión ambiental local, en materias asociadas a la descontaminación atmosférica.",0,355,69,69,element_inherited,spacy_sentence_boundaries_with_legal_postprocessing,completed,0,,,2026-07-23T15:53:28+00:00
CL_MMA_DEC_000001_STMT_000628,SEG_000001,CL_MMA_DEC_000001,STRUCT_000009,CL_MMA_DEC_000001_ART_Artículo_115_P001,CL_MMA_DEC_000001_ART_Artículo_115,paragraph,747,1,628,"El Ministerio de Energía, dentro de los 36 meses desde la entrada en vigencia del presente Plan, implementará el Programa Integral en Educación Energética para promover buenas prácticas en el uso de la energía, que impacten positivamente en los temas de descontaminación atmosférica, el que se aplicará en establecimientos educacionales de la Región Metropolitana de Santiago.",0,376,69,69,element_inherited,spacy_sentence_boundaries_with_legal_postprocessing,completed,0,,,2026-07-23T15:53:28+00:00
CL_MMA_DEC_000001_STMT_000629,SEG_000001,CL_MMA_DEC_000001,STRUCT_000009,CL_MMA_DEC_000001_ART_Artículo_116_P001,CL_MMA_DEC_000001_ART_Artículo_116,paragraph,749,1,629,"A través del Programa de Calefacción Sustentable del Ministerio del Medio Ambiente se informará a los consumidores los niveles de emisiones de distintos equipos de calefacción residencial, para sensibilizar a la ciudadanía respecto de las condiciones de combustión dentro del hogar, las emisiones asociadas y su impacto en salud.",0,329,69,69,element_inherited,spacy_sentence_boundaries_with_legal_postprocessing,completed,0,,,2026-07-23T15:53:28+00:00
CL_MMA_DEC_000001_STMT_000630,SEG_000001,CL_MMA_DEC_000001,STRUCT_000009,CL_MMA_DEC_000001_ART_Artículo_117_P001,CL_MMA_DEC_000001_ART_Artículo_117,paragraph,751,1,630,"Dentro de los 12 meses siguientes a la entrada en vigencia del presente Decreto, la SEREMI del Medio Ambiente en coordinación con la SEREMI de Energía RM y la SEREMI de Vivienda y Urbanismo RM, diseñarán e implementarán una campaña comunicacional en materias de calefacción residencial en coherencia con los objetivos del presente Decreto, sujeto a disponibilidad presupuestaria de fondos regionales y/o sectoriales.",0,416,69,69,element_inherited,spacy_sentence_boundaries_with_legal_postprocessing,completed,0,,,2026-07-23T15:53:28+00:00
CL_MMA_DEC_000001_STMT_000631,SEG_000001,CL_MMA_DEC_000001,STRUCT_000009,CL_MMA_DEC_000001_ART_Artículo_118_P001,CL_MMA_DEC_000001_ART_Artículo_118,paragraph,754,1,631,"La SEREMI del Medio Ambiente con el apoyo de la Intendencia Regional coordinará un Plan Operacional de Gestión de Episodios Críticos (GEC), cuyo objetivo es enfrentar los episodios críticos de contaminación atmosférica por MP2,5 y MP10 que se presenten en la zona sujeta al Plan.",0,279,70,70,element_inherited,spacy_sentence_boundaries_with_legal_postprocessing,completed,0,,,2026-07-23T15:53:28+00:00
CL_MMA_DEC_000001_STMT_000632,SEG_000001,CL_MMA_DEC_000001,STRUCT_000009,CL_MMA_DEC_000001_ART_Artículo_119_P001,CL_MMA_DEC_000001_ART_Artículo_119,paragraph,756,1,632,"El Plan Operacional de GEC se implementará anualmente, durante el periodo comprendido entre el 1 de mayo y 31 de agosto, incluyendo ambos días, y contará con la participación de distintos organismos y servicios públicos competentes.",0,232,70,70,element_inherited,spacy_sentence_boundaries_with_legal_postprocessing,completed,0,,,2026-07-23T15:53:28+00:00
CL_MMA_DEC_000001_STMT_000633,SEG_000001,CL_MMA_DEC_000001,STRUCT_000009,CL_MMA_DEC_000001_ART_Artículo_119_P002,CL_MMA_DEC_000001_ART_Artículo_119,paragraph,757,1,633,El Plan Operacional de GEC se estructurará a partir de las siguientes componentes:,0,82,70,70,element_inherited,spacy_sentence_boundaries_with_legal_postprocessing,completed_with_warnings,1,missing_terminal_punctuation,"Candidate lacks final period, question mark, or exclamation mark; list items may be legitimate.",2026-07-23T15:53:28+00:00
CL_MMA_DEC_000001_STMT_000634,SEG_000001,CL_MMA_DEC_000001,STRUCT_000009,CL_MMA_DEC_000001_ART_Artículo_119_ITEM_a,CL_MMA_DEC_000001_ART_Artículo_119,lettered_item,758,1,634,"Sistema de seguimiento de calidad del aire, que corresponde a la Red de Monitoreo en línea de la calidad del aire.",0,114,70,70,element_inherited,spacy_sentence_boundaries_with_legal_postprocessing,completed,0,,,2026-07-23T15:53:28+00:00
CL_MMA_DEC_000001_STMT_000635,SEG_000001,CL_MMA_DEC_000001,STRUCT_000009,CL_MMA_DEC_000001_ART_Artículo_119_ITEM_b,CL_MMA_DEC_000001_ART_Artículo_119,lettered_item,759,1,635,"Sistema de pronóstico, que corresponde a la metodología de pronóstico de los niveles de calidad del aire en la Región Metropolitana de Santiago, aprobada por el Ministerio del Medio Ambiente.",0,191,70,70,element_inherited,spacy_sentence_boundaries_with_legal_postprocessing,completed,0,,,2026-07-23T15:53:28+00:00
CL_MMA_DEC_000001_STMT_000636,SEG_000001,CL_MMA_DEC_000001,STRUCT_000009,CL_MMA_DEC_000001_ART_Artículo_119_ITEM_c,CL_MMA_DEC_000001_ART_Artículo_119,lettered_item,760,1,636,"Medidas permanentes y de episodios críticos, que corresponde al conjunto de medidas aplicables durante el período de la GEC.",0,124,70,70,element_inherited,spacy_sentence_boundaries_with_legal_postprocessing,completed,0,,,2026-07-23T15:53:28+00:00
CL_MMA_DEC_000001_STMT_000637,SEG_000001,CL_MMA_DEC_000001,STRUCT_000009,CL_MMA_DEC_000001_ART_Artículo_119_ITEM_d,CL_MMA_DEC_000001_ART_Artículo_119,lettered_item,761,1,637,"Plan comunicacional, cuya finalidad es informar oportuna y debidamente a la comunidad respecto del Plan Operacional de GEC, para lograr un adecuado nivel de acatamiento de las medidas de restricción y promover conductas tendientes a reducir los niveles de exposición.",0,267,70,70,element_inherited,spacy_sentence_boundaries_with_legal_postprocessing,completed,0,,,2026-07-23T15:53:28+00:00
CL_MMA_DEC_000001_STMT_000638,SEG_000001,CL_MMA_DEC_000001,STRUCT_000009,CL_MMA_DEC_000001_ART_Artículo_119_ITEM_e,CL_MMA_DEC_000001_ART_Artículo_119,lettered_item,762,1,638,"Programa de fiscalización, entendido como el conjunto de acciones orientadas a la adecuada implementación de las medidas del Plan Operacional de GEC, coordinado por la Superintendencia del Medio Ambiente y la colaboración del Intendente, la SEREMI del Medio Ambiente y los órganos de la Administración del Estado competentes.",0,325,70,70,element_inherited,spacy_sentence_boundaries_with_legal_postprocessing,completed,0,,,2026-07-23T15:53:28+00:00
CL_MMA_DEC_000001_STMT_000639,SEG_000001,CL_MMA_DEC_000001,STRUCT_000009,CL_MMA_DEC_000001_ART_Artículo_119_P003,CL_MMA_DEC_000001_ART_Artículo_119,paragraph,763,1,639,"El programa de fiscalización comprende un reporte semanal de los resultados de la fiscalización de las medidas aplicadas durante todo el transcurso del período de GEC, y un consolidado al final de cada periodo, para cuya elaboración los servicios competentes enviarán a la Superintendencia del Medio Ambiente la información correspondiente.",0,340,70,70,element_inherited,spacy_sentence_boundaries_with_legal_postprocessing,completed,0,,,2026-07-23T15:53:28+00:00
CL_MMA_DEC_000001_STMT_000640,SEG_000001,CL_MMA_DEC_000001,STRUCT_000009,CL_MMA_DEC_000001_ART_Artículo_120_P001,CL_MMA_DEC_000001_ART_Artículo_120,paragraph,765,1,640,"Durante el período de Gestión de Episodios Críticos por MP10 y MP2,5, se aplicarán las siguientes medidas permanentes:",0,118,70,70,element_inherited,spacy_sentence_boundaries_with_legal_postprocessing,completed_with_warnings,1,missing_terminal_punctuation,"Candidate lacks final period, question mark, or exclamation mark; list items may be legitimate.",2026-07-23T15:53:28+00:00
CL_MMA_DEC_000001_STMT_000641,SEG_000001,CL_MMA_DEC_000001,STRUCT_000009,CL_MMA_DEC_000001_ART_Artículo_120_P002,CL_MMA_DEC_000001_ART_Artículo_120,paragraph,766,1,641,a Plan de gestión de tránsito.,0,30,70,70,element_inherited,spacy_sentence_boundaries_with_legal_postprocessing,completed_with_warnings,1,sentence_starts_lowercase,The first alphabetic character is lowercase; inspect for an over-split continuation.,2026-07-23T15:53:28+00:00
CL_MMA_DEC_000001_STMT_000642,SEG_000001,CL_MMA_DEC_000001,STRUCT_000009,CL_MMA_DEC_000001_ART_Artículo_120_P003,CL_MMA_DEC_000001_ART_Artículo_120,paragraph,767,1,642,"El Ministerio de Transportes y Telecomunicaciones, a través de la SEREMI de Transportes y Telecomunicaciones RM, diseñará, dispondrá e implementará, de acuerdo a sus competencias, un Plan de Gestión de Tránsito que considere las medidas tendientes a agilizar los viajes y compensar los eventuales efectos de la reducción de la oferta de transporte, producto de la restricción vehicular, durante el período de GEC.",0,413,70,70,element_inherited,spacy_sentence_boundaries_with_legal_postprocessing,completed,0,,,2026-07-23T15:53:28+00:00
CL_MMA_DEC_000001_STMT_000643,SEG_000001,CL_MMA_DEC_000001,STRUCT_000009,CL_MMA_DEC_000001_ART_Artículo_120_P003,CL_MMA_DEC_000001_ART_Artículo_120,paragraph,767,2,643,"Para este efecto, se coordinará la implementación de dicho Plan con la Subsecretaría de Transportes, la Unidad Operativa de Control de Tránsito (UOCT), la Secretaría de Planificación de Transporte, la Intendencia Regional, las Municipalidades y demás organismos que correspondan.",414,693,70,70,element_inherited,spacy_sentence_boundaries_with_legal_postprocessing,completed,0,,,2026-07-23T15:53:28+00:00
CL_MMA_DEC_000001_STMT_000644,SEG_000001,CL_MMA_DEC_000001,STRUCT_000009,CL_MMA_DEC_000001_ART_Artículo_120_P004,CL_MMA_DEC_000001_ART_Artículo_120,paragraph,768,1,644,"El Plan de Gestión de Tránsito podrá establecer, entre otras medidas, la prohibición de estacionamiento, sentidos y horarios exclusivos para el uso de vías por el transporte público.",0,182,70,70,element_inherited,spacy_sentence_boundaries_with_legal_postprocessing,completed,0,,,2026-07-23T15:53:28+00:00
CL_MMA_DEC_000001_STMT_000645,SEG_000001,CL_MMA_DEC_000001,STRUCT_000009,CL_MMA_DEC_000001_ART_Artículo_120_P004,CL_MMA_DEC_000001_ART_Artículo_120,paragraph,768,2,645,"Lo anterior, de acuerdo a las potestades conferidas a los organismos a cargo de la implementación de dicho plan.",183,295,70,70,element_inherited,spacy_sentence_boundaries_with_legal_postprocessing,completed,0,,,2026-07-23T15:53:28+00:00
CL_MMA_DEC_000001_STMT_000646,SEG_000001,CL_MMA_DEC_000001,STRUCT_000009,CL_MMA_DEC_000001_ART_Artículo_120_P005,CL_MMA_DEC_000001_ART_Artículo_120,paragraph,769,1,646,"El detalle de las medidas consideradas en este plan deberá ser informado a la SEREMI del Medio Ambiente y al Intendente Regional, en el mes de abril de cada año.",0,161,70,70,element_inherited,spacy_sentence_boundaries_with_legal_postprocessing,completed,0,,,2026-07-23T15:53:28+00:00
CL_MMA_DEC_000001_STMT_000647,SEG_000001,CL_MMA_DEC_000001,STRUCT_000009,CL_MMA_DEC_000001_ART_Artículo_120_P006,CL_MMA_DEC_000001_ART_Artículo_120,paragraph,770,1,647,b Restricción vehicular.,0,24,70,70,element_inherited,spacy_sentence_boundaries_with_legal_postprocessing,completed_with_warnings,1,sentence_starts_lowercase,The first alphabetic character is lowercase; inspect for an over-split continuation.,2026-07-23T15:53:28+00:00
CL_MMA_DEC_000001_STMT_000648,SEG_000001,CL_MMA_DEC_000001,STRUCT_000009,CL_MMA_DEC_000001_ART_Artículo_120_P007,CL_MMA_DEC_000001_ART_Artículo_120,paragraph,771,1,648,"El Ministerio de Transportes y Telecomunicaciones dispondrá, en ejercicio de sus atribuciones, la restricción vehicular de carácter permanente durante el período comprendido entre el 1 de mayo y el 31 de agosto de cada año, de acuerdo a la siguiente Tabla:",0,256,70,70,element_inherited,spacy_sentence_boundaries_with_legal_postprocessing,completed_with_warnings,1,missing_terminal_punctuation,"Candidate lacks final period, question mark, or exclamation mark; list items may be legitimate.",2026-07-23T15:53:28+00:00
CL_MMA_DEC_000001_STMT_000649,SEG_000001,CL_MMA_DEC_000001,STRUCT_000009,CL_MMA_DEC_000001_ART_Artículo_120_P008,CL_MMA_DEC_000001_ART_Artículo_120,paragraph,773,1,649,"El Ministerio de Transportes y Telecomunicaciones, a través de la SEREMI de Transportes y Telecomunicaciones RM, deberá definir las fechas, los horarios, zonas, perímetros especiales y excepciones a la aplicación de esta medida.",0,228,71,71,element_inherited,spacy_sentence_boundaries_with_legal_postprocessing,completed,0,,,2026-07-23T15:53:28+00:00
CL_MMA_DEC_000001_STMT_000650,SEG_000001,CL_MMA_DEC_000001,STRUCT_000009,CL_MMA_DEC_000001_ART_Artículo_120_P009,CL_MMA_DEC_000001_ART_Artículo_120,paragraph,774,1,650,"c Fiscalización del cumplimiento del DS Nº 100, de 1990, del Ministerio de Agricultura.",0,87,71,71,element_inherited,spacy_sentence_boundaries_with_legal_postprocessing,completed_with_warnings,1,sentence_starts_lowercase,The first alphabetic character is lowercase; inspect for an over-split continuation.,2026-07-23T15:53:28+00:00
CL_MMA_DEC_000001_STMT_000651,SEG_000001,CL_MMA_DEC_000001,STRUCT_000009,CL_MMA_DEC_000001_ART_Artículo_120_P010,CL_MMA_DEC_000001_ART_Artículo_120,paragraph,775,1,651,"El Ministerio de Agricultura, a través de la CONAF deberá intensificar la fiscalización del DS Nº 100, de 1990, del Ministerio de Agricultura y sus modificaciones, el cual establece la prohibición de realizar quemas agrícolas en toda la Región Metropolitana de Santiago.",0,270,71,71,element_inherited,spacy_sentence_boundaries_with_legal_postprocessing,completed,0,,,2026-07-23T15:53:28+00:00
CL_MMA_DEC_000001_STMT_000652,SEG_000001,CL_MMA_DEC_000001,STRUCT_000009,CL_MMA_DEC_000001_ART_Artículo_120_P011,CL_MMA_DEC_000001_ART_Artículo_120,paragraph,776,1,652,"d Fiscalización del cumplimiento del DS Nº 18, de 2001, del Ministerio de Transportes y Telecomunicaciones.",0,107,71,71,element_inherited,spacy_sentence_boundaries_with_legal_postprocessing,completed_with_warnings,1,sentence_starts_lowercase,The first alphabetic character is lowercase; inspect for an over-split continuation.,2026-07-23T15:53:28+00:00
CL_MMA_DEC_000001_STMT_000653,SEG_000001,CL_MMA_DEC_000001,STRUCT_000009,CL_MMA_DEC_000001_ART_Artículo_120_P012,CL_MMA_DEC_000001_ART_Artículo_120,paragraph,777,1,653,"El Ministerio de Transportes y Telecomunicaciones deberá intensificar la fiscalización del D.S. Nº 18, de 2001, del Ministerio de Transportes y Telecomunicaciones y sus modificaciones, el cual establece la prohibición de circulación de vehículos de carga según antigüedad al interior del anillo Américo Vespucio.",0,312,71,71,element_inherited,spacy_sentence_boundaries_with_legal_postprocessing,completed,0,,,2026-07-23T15:53:28+00:00
CL_MMA_DEC_000001_STMT_000654,SEG_000001,CL_MMA_DEC_000001,STRUCT_000009,CL_MMA_DEC_000001_ART_Artículo_120_P013,CL_MMA_DEC_000001_ART_Artículo_120,paragraph,778,1,654,e Control de Humos Visibles.,0,28,71,71,element_inherited,spacy_sentence_boundaries_with_legal_postprocessing,completed_with_warnings,1,sentence_starts_lowercase,The first alphabetic character is lowercase; inspect for an over-split continuation.,2026-07-23T15:53:28+00:00
CL_MMA_DEC_000001_STMT_000655,SEG_000001,CL_MMA_DEC_000001,STRUCT_000009,CL_MMA_DEC_000001_ART_Artículo_120_P014,CL_MMA_DEC_000001_ART_Artículo_120,paragraph,779,1,655,"En las viviendas ubicadas fuera de la provincia de Santiago y de las comunas de Puente Alto y San Bernardo, sólo se permitirán humos visibles, provenientes de la operación de artefactos de calefacción, durante un tiempo máximo de 15 minutos continuos, según metodología que establezca la SEREMI de Salud RM.",0,307,71,72,element_inherited,spacy_sentence_boundaries_with_legal_postprocessing,completed,0,,,2026-07-23T15:53:28+00:00
CL_MMA_DEC_000001_STMT_000656,SEG_000001,CL_MMA_DEC_000001,STRUCT_000009,CL_MMA_DEC_000001_ART_Artículo_120_P014,CL_MMA_DEC_000001_ART_Artículo_120,paragraph,779,2,656,"Esta disposición se aplicará durante todo el día, entre 1 de mayo al 31 de agosto de cada año.",308,402,71,72,element_inherited,spacy_sentence_boundaries_with_legal_postprocessing,completed,0,,,2026-07-23T15:53:28+00:00
CL_MMA_DEC_000001_STMT_000657,SEG_000001,CL_MMA_DEC_000001,STRUCT_000009,CL_MMA_DEC_000001_ART_Artículo_121_P001,CL_MMA_DEC_000001_ART_Artículo_121,paragraph,782,1,657,"Desde el 1 de mayo al 31 de agosto de cada año, en situaciones de Alerta o Nivel 1, previstas en el DS Nº 59, de 1998, de MINSEGPRES y sus modificaciones, y en el DS Nº 12, de 2011, del Ministerio del Medio Ambiente y sus modificaciones, se aplicarán las siguientes medidas:",0,274,72,72,element_inherited,spacy_sentence_boundaries_with_legal_postprocessing,completed_with_warnings,1,missing_terminal_punctuation,"Candidate lacks final period, question mark, or exclamation mark; list items may be legitimate.",2026-07-23T15:53:28+00:00
CL_MMA_DEC_000001_STMT_000658,SEG_000001,CL_MMA_DEC_000001,STRUCT_000009,CL_MMA_DEC_000001_ART_Artículo_121_P002,CL_MMA_DEC_000001_ART_Artículo_121,paragraph,783,1,658,a Restricción vehicular.,0,24,72,72,element_inherited,spacy_sentence_boundaries_with_legal_postprocessing,completed_with_warnings,1,sentence_starts_lowercase,The first alphabetic character is lowercase; inspect for an over-split continuation.,2026-07-23T15:53:28+00:00
CL_MMA_DEC_000001_STMT_000659,SEG_000001,CL_MMA_DEC_000001,STRUCT_000009,CL_MMA_DEC_000001_ART_Artículo_121_P003,CL_MMA_DEC_000001_ART_Artículo_121,paragraph,784,1,659,"El Ministerio de Transportes y Telecomunicaciones, conforme a sus atribuciones, dispondrá la medida de restricción vehicular en las mismas condiciones que las indicadas en la Tabla XII-1 anterior.",0,196,72,72,element_inherited,spacy_sentence_boundaries_with_legal_postprocessing,completed,0,,,2026-07-23T15:53:28+00:00
CL_MMA_DEC_000001_STMT_000660,SEG_000001,CL_MMA_DEC_000001,STRUCT_000009,CL_MMA_DEC_000001_ART_Artículo_121_P004,CL_MMA_DEC_000001_ART_Artículo_121,paragraph,785,1,660,"El Ministerio de Transportes y Telecomunicaciones, a través de la SEREMI de Transportes y Telecomunicaciones RM, deberá definir las fechas, los horarios, zonas, perímetros especiales y excepciones a la aplicación de esta medida.",0,228,72,72,element_inherited,spacy_sentence_boundaries_with_legal_postprocessing,completed,0,,,2026-07-23T15:53:28+00:00
CL_MMA_DEC_000001_STMT_000661,SEG_000001,CL_MMA_DEC_000001,STRUCT_000009,CL_MMA_DEC_000001_ART_Artículo_121_P005,CL_MMA_DEC_000001_ART_Artículo_121,paragraph,786,1,661,b Prohibición de funcionamiento de todo tipo de artefactos de calefacción residencial que utilicen leña y otros derivados de la madera.,0,135,72,72,element_inherited,spacy_sentence_boundaries_with_legal_postprocessing,completed_with_warnings,1,sentence_starts_lowercase,The first alphabetic character is lowercase; inspect for an over-split continuation.,2026-07-23T15:53:28+00:00
CL_MMA_DEC_000001_STMT_000662,SEG_000001,CL_MMA_DEC_000001,STRUCT_000009,CL_MMA_DEC_000001_ART_Artículo_121_P006,CL_MMA_DEC_000001_ART_Artículo_121,paragraph,787,1,662,"No podrán funcionar los calefactores de uso residencial que utilicen combustibles sólidos, tales como leña, y otros derivados de la madera, excepto calefactores a pellet de madera, en toda la Región Metropolitana de Santiago.",0,225,72,72,element_inherited,spacy_sentence_boundaries_with_legal_postprocessing,completed,0,,,2026-07-23T15:53:28+00:00
CL_MMA_DEC_000001_STMT_000663,SEG_000001,CL_MMA_DEC_000001,STRUCT_000009,CL_MMA_DEC_000001_ART_Artículo_121_P006,CL_MMA_DEC_000001_ART_Artículo_121,paragraph,787,2,663,"La fiscalización de esta medida y sanción en caso de incumplimiento, corresponderá a la SEREMI de Salud RM, conforme a sus atribuciones.",226,362,72,72,element_inherited,spacy_sentence_boundaries_with_legal_postprocessing,completed,0,,,2026-07-23T15:53:28+00:00
CL_MMA_DEC_000001_STMT_000664,SEG_000001,CL_MMA_DEC_000001,STRUCT_000009,CL_MMA_DEC_000001_ART_Artículo_121_P007,CL_MMA_DEC_000001_ART_Artículo_121,paragraph,788,1,664,c Clases de educación física y actividades deportivas.,0,54,72,72,element_inherited,spacy_sentence_boundaries_with_legal_postprocessing,completed_with_warnings,1,sentence_starts_lowercase,The first alphabetic character is lowercase; inspect for an over-split continuation.,2026-07-23T15:53:28+00:00
CL_MMA_DEC_000001_STMT_000665,SEG_000001,CL_MMA_DEC_000001,STRUCT_000009,CL_MMA_DEC_000001_ART_Artículo_121_P008,CL_MMA_DEC_000001_ART_Artículo_121,paragraph,789,1,665,"La SEREMI de Educación RM, podrá recomendar modificar la actividad física, abordando objetivos de aprendizaje que impliquen menor desplazamiento, idealmente realizándolas bajo techo.",0,182,72,72,element_inherited,spacy_sentence_boundaries_with_legal_postprocessing,completed,0,,,2026-07-23T15:53:28+00:00
CL_MMA_DEC_000001_STMT_000666,SEG_000001,CL_MMA_DEC_000001,STRUCT_000009,CL_MMA_DEC_000001_ART_Artículo_121_P008,CL_MMA_DEC_000001_ART_Artículo_121,paragraph,789,2,666,"La medida que adopte dicha SEREMI, no implicará pérdida de la subvención escolar.",183,264,72,72,element_inherited,spacy_sentence_boundaries_with_legal_postprocessing,completed,0,,,2026-07-23T15:53:28+00:00
CL_MMA_DEC_000001_STMT_000667,SEG_000001,CL_MMA_DEC_000001,STRUCT_000009,CL_MMA_DEC_000001_ART_Artículo_121_P008,CL_MMA_DEC_000001_ART_Artículo_121,paragraph,789,3,667,Eventualmente la SEREMI de Educación RM podrá suspender las clases de Educación Física.,265,352,72,72,element_inherited,spacy_sentence_boundaries_with_legal_postprocessing,completed,0,,,2026-07-23T15:53:28+00:00
CL_MMA_DEC_000001_STMT_000668,SEG_000001,CL_MMA_DEC_000001,STRUCT_000009,CL_MMA_DEC_000001_ART_Artículo_121_P009,CL_MMA_DEC_000001_ART_Artículo_121,paragraph,790,1,668,d Intensificación de la fiscalización.,0,38,72,72,element_inherited,spacy_sentence_boundaries_with_legal_postprocessing,completed_with_warnings,1,sentence_starts_lowercase,The first alphabetic character is lowercase; inspect for an over-split continuation.,2026-07-23T15:53:28+00:00
CL_MMA_DEC_000001_STMT_000669,SEG_000001,CL_MMA_DEC_000001,STRUCT_000009,CL_MMA_DEC_000001_ART_Artículo_121_P010,CL_MMA_DEC_000001_ART_Artículo_121,paragraph,791,1,669,Los organismos competentes intensifi rán con los medios disponibles las actividades de fiscalización que habitualmente realizan durante el período de GEC.,0,154,72,72,element_inherited,spacy_sentence_boundaries_with_legal_postprocessing,completed,0,,,2026-07-23T15:53:28+00:00
CL_MMA_DEC_000001_STMT_000670,SEG_000001,CL_MMA_DEC_000001,STRUCT_000009,CL_MMA_DEC_000001_ART_Artículo_121_P011,CL_MMA_DEC_000001_ART_Artículo_121,paragraph,792,1,670,e Reforzamiento del Programa de Aspirado y Lavado de Calles.,0,60,72,72,element_inherited,spacy_sentence_boundaries_with_legal_postprocessing,completed_with_warnings,1,sentence_starts_lowercase,The first alphabetic character is lowercase; inspect for an over-split continuation.,2026-07-23T15:53:28+00:00
CL_MMA_DEC_000001_STMT_000671,SEG_000001,CL_MMA_DEC_000001,STRUCT_000009,CL_MMA_DEC_000001_ART_Artículo_121_P012,CL_MMA_DEC_000001_ART_Artículo_121,paragraph,793,1,671,"El Gobierno Regional de la Región Metropolitana de Santiago reforzará el programa de aspirado y lavado de calles establecido en el Artículo 102 del presente Decreto, especialmente, en aquellas comunas donde se prevé un empeoramiento de la calidad del aire.",0,256,72,72,element_inherited,spacy_sentence_boundaries_with_legal_postprocessing,completed,0,,,2026-07-23T15:53:28+00:00
CL_MMA_DEC_000001_STMT_000672,SEG_000001,CL_MMA_DEC_000001,STRUCT_000009,CL_MMA_DEC_000001_ART_Artículo_122_P001,CL_MMA_DEC_000001_ART_Artículo_122,paragraph,796,1,672,"Desde el 1 de mayo al 31 de agosto de cada año, en situaciones de Preemergencia o Nivel 2, previstas en el DS N° 59, de 1998, de MINSEGPRES, y sus modifi aciones y en el DS Nº 12, de 2011, del Ministerio del Medio Ambiente y sus modifinse aplicarán las siguientes medidas:",0,272,72,72,element_inherited,spacy_sentence_boundaries_with_legal_postprocessing,completed_with_warnings,1,missing_terminal_punctuation,"Candidate lacks final period, question mark, or exclamation mark; list items may be legitimate.",2026-07-23T15:53:28+00:00
CL_MMA_DEC_000001_STMT_000673,SEG_000001,CL_MMA_DEC_000001,STRUCT_000009,CL_MMA_DEC_000001_ART_Artículo_122_P002,CL_MMA_DEC_000001_ART_Artículo_122,paragraph,797,1,673,a Restricción vehicular.,0,24,72,72,element_inherited,spacy_sentence_boundaries_with_legal_postprocessing,completed_with_warnings,1,sentence_starts_lowercase,The first alphabetic character is lowercase; inspect for an over-split continuation.,2026-07-23T15:53:28+00:00
CL_MMA_DEC_000001_STMT_000674,SEG_000001,CL_MMA_DEC_000001,STRUCT_000009,CL_MMA_DEC_000001_ART_Artículo_122_P003,CL_MMA_DEC_000001_ART_Artículo_122,paragraph,798,1,674,"El Ministerio de Transportes y Telecomunicaciones, conforme a sus atribuciones, dispondrá las medidas de restricción vehicular, que se describen a continuación:",0,160,72,72,element_inherited,spacy_sentence_boundaries_with_legal_postprocessing,completed_with_warnings,1,missing_terminal_punctuation,"Candidate lacks final period, question mark, or exclamation mark; list items may be legitimate.",2026-07-23T15:53:28+00:00
CL_MMA_DEC_000001_STMT_000675,SEG_000001,CL_MMA_DEC_000001,STRUCT_000009,CL_MMA_DEC_000001_ART_Artículo_122_P004,CL_MMA_DEC_000001_ART_Artículo_122,paragraph,799,1,675,(*)Motocicletas y similares anteriores al año 2002,0,50,72,72,element_inherited,spacy_sentence_boundaries_with_legal_postprocessing,completed_with_warnings,1,missing_terminal_punctuation,"Candidate lacks final period, question mark, or exclamation mark; list items may be legitimate.",2026-07-23T15:53:28+00:00
CL_MMA_DEC_000001_STMT_000676,SEG_000001,CL_MMA_DEC_000001,STRUCT_000009,CL_MMA_DEC_000001_ART_Artículo_122_P005,CL_MMA_DEC_000001_ART_Artículo_122,paragraph,800,1,676,"El Ministerio de Transportes y Telecomunicaciones, a través de la SEREMI de Transportes y Telecomunicaciones RM, deberá definir las fechas, los horarios, zonas, corredores ambientales, perímetros especiales y excepciones a la aplicación de esta medida.",0,252,73,73,element_inherited,spacy_sentence_boundaries_with_legal_postprocessing,completed,0,,,2026-07-23T15:53:28+00:00
CL_MMA_DEC_000001_STMT_000677,SEG_000001,CL_MMA_DEC_000001,STRUCT_000009,CL_MMA_DEC_000001_ART_Artículo_122_P006,CL_MMA_DEC_000001_ART_Artículo_122,paragraph,801,1,677,b Paralización fuentes estacionarias.,0,37,73,73,element_inherited,spacy_sentence_boundaries_with_legal_postprocessing,completed_with_warnings,1,sentence_starts_lowercase,The first alphabetic character is lowercase; inspect for an over-split continuation.,2026-07-23T15:53:28+00:00
CL_MMA_DEC_000001_STMT_000678,SEG_000001,CL_MMA_DEC_000001,STRUCT_000009,CL_MMA_DEC_000001_ART_Artículo_122_P007,CL_MMA_DEC_000001_ART_Artículo_122,paragraph,802,1,678,"Deberán paralizar aquellos establecimientos que no cumplan con sus nuevas metas anuales de emisión presentadas en sus respectivos planes de reducción de material particulado, de acuerdo a lo indicado en el artículo 58.",0,218,73,73,element_inherited,spacy_sentence_boundaries_with_legal_postprocessing,completed,0,,,2026-07-23T15:53:28+00:00
CL_MMA_DEC_000001_STMT_000679,SEG_000001,CL_MMA_DEC_000001,STRUCT_000009,CL_MMA_DEC_000001_ART_Artículo_122_P008,CL_MMA_DEC_000001_ART_Artículo_122,paragraph,803,1,679,"En el intertanto, se ordenará la paralización de las fuentes estacionarias según lo establecido en:",0,99,73,73,element_inherited,spacy_sentence_boundaries_with_legal_postprocessing,completed_with_warnings,1,missing_terminal_punctuation,"Candidate lacks final period, question mark, or exclamation mark; list items may be legitimate.",2026-07-23T15:53:28+00:00
CL_MMA_DEC_000001_STMT_000680,SEG_000001,CL_MMA_DEC_000001,STRUCT_000009,CL_MMA_DEC_000001_ART_Artículo_122_ITEM_i,CL_MMA_DEC_000001_ART_Artículo_122,roman_item,804,1,680,"El artículo 135, letra b), del decreto supremo N° 66, de 2009, de MINSEGPRES, en los casos de episodios decretados por MP10.",0,124,73,73,element_inherited,spacy_sentence_boundaries_with_legal_postprocessing,completed,0,,,2026-07-23T15:53:28+00:00
CL_MMA_DEC_000001_STMT_000681,SEG_000001,CL_MMA_DEC_000001,STRUCT_000009,CL_MMA_DEC_000001_ART_Artículo_122_ITEM_ii,CL_MMA_DEC_000001_ART_Artículo_122,roman_item,805,1,681,El acto administrativo que conforme a sus atribuciones legales la Autoridad,0,75,73,73,element_inherited,spacy_sentence_boundaries_with_legal_postprocessing,completed_with_warnings,1,missing_terminal_punctuation,"Candidate lacks final period, question mark, or exclamation mark; list items may be legitimate.",2026-07-23T15:53:28+00:00
CL_MMA_DEC_000001_STMT_000682,SEG_000001,CL_MMA_DEC_000001,STRUCT_000009,CL_MMA_DEC_000001_ART_Artículo_122_P009,CL_MMA_DEC_000001_ART_Artículo_122,paragraph,806,1,682,"Sanitaria dicte y publique en el Diario Oficial, en los casos de episodios decretados por MP2,5.",0,96,74,74,element_inherited,spacy_sentence_boundaries_with_legal_postprocessing,completed,0,,,2026-07-23T15:53:28+00:00
CL_MMA_DEC_000001_STMT_000683,SEG_000001,CL_MMA_DEC_000001,STRUCT_000009,CL_MMA_DEC_000001_ART_Artículo_122_P010,CL_MMA_DEC_000001_ART_Artículo_122,paragraph,807,1,683,"c Prohibición de funcionamiento de todo tipo de artefactos de calefacción residencial que utilicen leña, pellet de madera y otros derivados de la madera.",0,153,74,74,element_inherited,spacy_sentence_boundaries_with_legal_postprocessing,completed_with_warnings,1,sentence_starts_lowercase,The first alphabetic character is lowercase; inspect for an over-split continuation.,2026-07-23T15:53:28+00:00
CL_MMA_DEC_000001_STMT_000684,SEG_000001,CL_MMA_DEC_000001,STRUCT_000009,CL_MMA_DEC_000001_ART_Artículo_122_P011,CL_MMA_DEC_000001_ART_Artículo_122,paragraph,808,1,684,"No podrán funcionar los calefactores de uso residencial que utilicen combustibles sólidos, tales como leña, pellet de madera y otros derivados de la madera, en toda la Región Metropolitana de Santiago.",0,201,74,74,element_inherited,spacy_sentence_boundaries_with_legal_postprocessing,completed,0,,,2026-07-23T15:53:28+00:00
CL_MMA_DEC_000001_STMT_000685,SEG_000001,CL_MMA_DEC_000001,STRUCT_000009,CL_MMA_DEC_000001_ART_Artículo_122_P011,CL_MMA_DEC_000001_ART_Artículo_122,paragraph,808,2,685,"La fiscalización de esta medida y sanción en caso de incumplimiento, corresponderá a la SEREMI de Salud RM, conforme a sus atribuciones.",202,338,74,74,element_inherited,spacy_sentence_boundaries_with_legal_postprocessing,completed,0,,,2026-07-23T15:53:28+00:00
CL_MMA_DEC_000001_STMT_000686,SEG_000001,CL_MMA_DEC_000001,STRUCT_000009,CL_MMA_DEC_000001_ART_Artículo_122_P012,CL_MMA_DEC_000001_ART_Artículo_122,paragraph,809,1,686,d Clases de educación física y actividades deportivas.,0,54,74,74,element_inherited,spacy_sentence_boundaries_with_legal_postprocessing,completed_with_warnings,1,sentence_starts_lowercase,The first alphabetic character is lowercase; inspect for an over-split continuation.,2026-07-23T15:53:28+00:00
CL_MMA_DEC_000001_STMT_000687,SEG_000001,CL_MMA_DEC_000001,STRUCT_000009,CL_MMA_DEC_000001_ART_Artículo_122_P013,CL_MMA_DEC_000001_ART_Artículo_122,paragraph,810,1,687,"La SEREMI de Educación RM, podrá recomendar modificar la actividad física, abordando objetivos de aprendizaje que impliquen menor desplazamiento, idealmente realizándolas bajo techo.",0,182,74,74,element_inherited,spacy_sentence_boundaries_with_legal_postprocessing,completed,0,,,2026-07-23T15:53:28+00:00
CL_MMA_DEC_000001_STMT_000688,SEG_000001,CL_MMA_DEC_000001,STRUCT_000009,CL_MMA_DEC_000001_ART_Artículo_122_P013,CL_MMA_DEC_000001_ART_Artículo_122,paragraph,810,2,688,"La medida que adopte dicha SEREMI, no implicará pérdida de la subvención escolar.",183,264,74,74,element_inherited,spacy_sentence_boundaries_with_legal_postprocessing,completed,0,,,2026-07-23T15:53:28+00:00
CL_MMA_DEC_000001_STMT_000689,SEG_000001,CL_MMA_DEC_000001,STRUCT_000009,CL_MMA_DEC_000001_ART_Artículo_122_P013,CL_MMA_DEC_000001_ART_Artículo_122,paragraph,810,3,689,Eventualmente la SEREMI de Educación RM podrá suspender las clases de Educación Física.,265,352,74,74,element_inherited,spacy_sentence_boundaries_with_legal_postprocessing,completed,0,,,2026-07-23T15:53:28+00:00
CL_MMA_DEC_000001_STMT_000690,SEG_000001,CL_MMA_DEC_000001,STRUCT_000009,CL_MMA_DEC_000001_ART_Artículo_122_P014,CL_MMA_DEC_000001_ART_Artículo_122,paragraph,811,1,690,e Intensificación de la fiscalización.,0,38,74,74,element_inherited,spacy_sentence_boundaries_with_legal_postprocessing,completed_with_warnings,1,sentence_starts_lowercase,The first alphabetic character is lowercase; inspect for an over-split continuation.,2026-07-23T15:53:28+00:00
CL_MMA_DEC_000001_STMT_000691,SEG_000001,CL_MMA_DEC_000001,STRUCT_000009,CL_MMA_DEC_000001_ART_Artículo_122_P015,CL_MMA_DEC_000001_ART_Artículo_122,paragraph,812,1,691,Los organismos competentes intensifi rán con los medios disponibles las actividades de fiscalización que habitualmente realizan durante el período de GEC.,0,154,74,74,element_inherited,spacy_sentence_boundaries_with_legal_postprocessing,completed,0,,,2026-07-23T15:53:28+00:00
CL_MMA_DEC_000001_STMT_000692,SEG_000001,CL_MMA_DEC_000001,STRUCT_000009,CL_MMA_DEC_000001_ART_Artículo_122_P016,CL_MMA_DEC_000001_ART_Artículo_122,paragraph,813,1,692,f Reforzamiento del programa de aspirado y lavado de calles.,0,60,74,74,element_inherited,spacy_sentence_boundaries_with_legal_postprocessing,completed_with_warnings,1,sentence_starts_lowercase,The first alphabetic character is lowercase; inspect for an over-split continuation.,2026-07-23T15:53:28+00:00
CL_MMA_DEC_000001_STMT_000693,SEG_000001,CL_MMA_DEC_000001,STRUCT_000009,CL_MMA_DEC_000001_ART_Artículo_122_P017,CL_MMA_DEC_000001_ART_Artículo_122,paragraph,814,1,693,"El Gobierno Regional de la Región Metropolitana de Santiago reforzará el programa de aspirado y lavado de calles, establecido en el Artículo 102 del presente Decreto, especialmente, en aquellas comunas donde se prevé un empeoramiento de la calidad del aire.",0,257,74,74,element_inherited,spacy_sentence_boundaries_with_legal_postprocessing,completed,0,,,2026-07-23T15:53:28+00:00
CL_MMA_DEC_000001_STMT_000694,SEG_000001,CL_MMA_DEC_000001,STRUCT_000009,CL_MMA_DEC_000001_ART_Artículo_123_P001,CL_MMA_DEC_000001_ART_Artículo_123,paragraph,817,1,694,"Desde el 1 de mayo al 31 de agosto de cada año, en situaciones de Emergencia, o Nivel 3, previstas en el DS N° 59, de 1998, de MINSEGPRES y sus modificaciones, y en el DS Nº 12, de 2011, del Ministerio del Medio Ambiente y sus modificaciones, se aplicarán las siguientes medidas:",0,279,74,74,element_inherited,spacy_sentence_boundaries_with_legal_postprocessing,completed_with_warnings,1,missing_terminal_punctuation,"Candidate lacks final period, question mark, or exclamation mark; list items may be legitimate.",2026-07-23T15:53:28+00:00
CL_MMA_DEC_000001_STMT_000695,SEG_000001,CL_MMA_DEC_000001,STRUCT_000009,CL_MMA_DEC_000001_ART_Artículo_123_P002,CL_MMA_DEC_000001_ART_Artículo_123,paragraph,818,1,695,a Restricción vehicular.,0,24,74,74,element_inherited,spacy_sentence_boundaries_with_legal_postprocessing,completed_with_warnings,1,sentence_starts_lowercase,The first alphabetic character is lowercase; inspect for an over-split continuation.,2026-07-23T15:53:28+00:00
CL_MMA_DEC_000001_STMT_000696,SEG_000001,CL_MMA_DEC_000001,STRUCT_000009,CL_MMA_DEC_000001_ART_Artículo_123_P003,CL_MMA_DEC_000001_ART_Artículo_123,paragraph,819,1,696,"El Ministerio de Transportes y Telecomunicaciones, conforme a sus atribuciones, dispondrá las medidas de restricción vehicular, que se describen a continuación:",0,160,74,74,element_inherited,spacy_sentence_boundaries_with_legal_postprocessing,completed_with_warnings,1,missing_terminal_punctuation,"Candidate lacks final period, question mark, or exclamation mark; list items may be legitimate.",2026-07-23T15:53:28+00:00
CL_MMA_DEC_000001_STMT_000697,SEG_000001,CL_MMA_DEC_000001,STRUCT_000009,CL_MMA_DEC_000001_ART_Artículo_123_P004,CL_MMA_DEC_000001_ART_Artículo_123,paragraph,823,1,697,b Paralización fuentes estacionarias.,0,37,75,75,element_inherited,spacy_sentence_boundaries_with_legal_postprocessing,completed_with_warnings,1,sentence_starts_lowercase,The first alphabetic character is lowercase; inspect for an over-split continuation.,2026-07-23T15:53:28+00:00
CL_MMA_DEC_000001_STMT_000698,SEG_000001,CL_MMA_DEC_000001,STRUCT_000009,CL_MMA_DEC_000001_ART_Artículo_123_P005,CL_MMA_DEC_000001_ART_Artículo_123,paragraph,824,1,698,"Deberán paralizar aquellos establecimientos que no cumplan con sus nuevas metas anuales de emisión presentadas en sus respectivos planes de reducción de material particulado, de acuerdo a lo indicado en el artículo 58.",0,218,75,75,element_inherited,spacy_sentence_boundaries_with_legal_postprocessing,completed,0,,,2026-07-23T15:53:28+00:00
CL_MMA_DEC_000001_STMT_000699,SEG_000001,CL_MMA_DEC_000001,STRUCT_000009,CL_MMA_DEC_000001_ART_Artículo_123_P006,CL_MMA_DEC_000001_ART_Artículo_123,paragraph,825,1,699,"En el intertanto, se ordenará la paralización de las fuentes estacionarias según lo establecido en:",0,99,75,75,element_inherited,spacy_sentence_boundaries_with_legal_postprocessing,completed_with_warnings,1,missing_terminal_punctuation,"Candidate lacks final period, question mark, or exclamation mark; list items may be legitimate.",2026-07-23T15:53:28+00:00
CL_MMA_DEC_000001_STMT_000700,SEG_000001,CL_MMA_DEC_000001,STRUCT_000009,CL_MMA_DEC_000001_ART_Artículo_123_ITEM_i,CL_MMA_DEC_000001_ART_Artículo_123,roman_item,826,1,700,"El artículo 136, letra b), del decreto supremo N° 66, de 2009, de",0,65,75,75,element_inherited,spacy_sentence_boundaries_with_legal_postprocessing,completed_with_warnings,1,missing_terminal_punctuation,"Candidate lacks final period, question mark, or exclamation mark; list items may be legitimate.",2026-07-23T15:53:28+00:00
CL_MMA_DEC_000001_STMT_000701,SEG_000001,CL_MMA_DEC_000001,STRUCT_000009,CL_MMA_DEC_000001_ART_Artículo_123_P007,CL_MMA_DEC_000001_ART_Artículo_123,paragraph,827,1,701,"MINSEGPRES, en los casos de episodios decretados por MP10.",0,58,76,76,element_inherited,spacy_sentence_boundaries_with_legal_postprocessing,completed,0,,,2026-07-23T15:53:28+00:00
CL_MMA_DEC_000001_STMT_000702,SEG_000001,CL_MMA_DEC_000001,STRUCT_000009,CL_MMA_DEC_000001_ART_Artículo_123_ITEM_ii,CL_MMA_DEC_000001_ART_Artículo_123,roman_item,828,1,702,"El acto administrativo que conforme a sus atribuciones legales la Autoridad Sanitaria dicte y publique en el Diario Oficial, en los casos de episodios decretados por MP2,5.",0,172,76,76,element_inherited,spacy_sentence_boundaries_with_legal_postprocessing,completed,0,,,2026-07-23T15:53:28+00:00
CL_MMA_DEC_000001_STMT_000703,SEG_000001,CL_MMA_DEC_000001,STRUCT_000009,CL_MMA_DEC_000001_ART_Artículo_123_P008,CL_MMA_DEC_000001_ART_Artículo_123,paragraph,829,1,703,"c Prohibición de funcionamiento de todo tipo de artefactos de calefacción residencial que utilicen leña, pellet de madera, y otros derivados de la madera.",0,154,76,76,element_inherited,spacy_sentence_boundaries_with_legal_postprocessing,completed_with_warnings,1,sentence_starts_lowercase,The first alphabetic character is lowercase; inspect for an over-split continuation.,2026-07-23T15:53:28+00:00
CL_MMA_DEC_000001_STMT_000704,SEG_000001,CL_MMA_DEC_000001,STRUCT_000009,CL_MMA_DEC_000001_ART_Artículo_123_P009,CL_MMA_DEC_000001_ART_Artículo_123,paragraph,830,1,704,"No podrán funcionar los calefactores de uso residencial que utilicen combustibles sólidos, tales como leña, pellet de madera y otros derivados de la madera, en toda la Región Metropolitana de Santiago.",0,201,76,76,element_inherited,spacy_sentence_boundaries_with_legal_postprocessing,completed,0,,,2026-07-23T15:53:28+00:00
CL_MMA_DEC_000001_STMT_000705,SEG_000001,CL_MMA_DEC_000001,STRUCT_000009,CL_MMA_DEC_000001_ART_Artículo_123_P009,CL_MMA_DEC_000001_ART_Artículo_123,paragraph,830,2,705,"La fiscalización de esta medida y sanción en caso de incumplimiento, corresponderá a la Secretaría Regional Ministerial de Salud, conforme a sus atribuciones.",202,360,76,76,element_inherited,spacy_sentence_boundaries_with_legal_postprocessing,completed,0,,,2026-07-23T15:53:28+00:00
CL_MMA_DEC_000001_STMT_000706,SEG_000001,CL_MMA_DEC_000001,STRUCT_000009,CL_MMA_DEC_000001_ART_Artículo_123_P010,CL_MMA_DEC_000001_ART_Artículo_123,paragraph,831,1,706,d Clases de educación física y actividades deportivas.,0,54,76,76,element_inherited,spacy_sentence_boundaries_with_legal_postprocessing,completed_with_warnings,1,sentence_starts_lowercase,The first alphabetic character is lowercase; inspect for an over-split continuation.,2026-07-23T15:53:28+00:00
CL_MMA_DEC_000001_STMT_000707,SEG_000001,CL_MMA_DEC_000001,STRUCT_000009,CL_MMA_DEC_000001_ART_Artículo_123_P011,CL_MMA_DEC_000001_ART_Artículo_123,paragraph,832,1,707,"La SEREMI de Educación RM, podrá recomendar modificar la actividad física, abordando objetivos de aprendizaje que impliquen menor desplazamiento, idealmente realizándolas bajo techo.",0,182,76,76,element_inherited,spacy_sentence_boundaries_with_legal_postprocessing,completed,0,,,2026-07-23T15:53:28+00:00
CL_MMA_DEC_000001_STMT_000708,SEG_000001,CL_MMA_DEC_000001,STRUCT_000009,CL_MMA_DEC_000001_ART_Artículo_123_P011,CL_MMA_DEC_000001_ART_Artículo_123,paragraph,832,2,708,"La medida que adopte dicha SEREMI, no implicará pérdida de la subvención escolar.",183,264,76,76,element_inherited,spacy_sentence_boundaries_with_legal_postprocessing,completed,0,,,2026-07-23T15:53:28+00:00
CL_MMA_DEC_000001_STMT_000709,SEG_000001,CL_MMA_DEC_000001,STRUCT_000009,CL_MMA_DEC_000001_ART_Artículo_123_P011,CL_MMA_DEC_000001_ART_Artículo_123,paragraph,832,3,709,Eventualmente la SEREMI de Educación RM podrá suspender las clases de Educación Física.,265,352,76,76,element_inherited,spacy_sentence_boundaries_with_legal_postprocessing,completed,0,,,2026-07-23T15:53:28+00:00
CL_MMA_DEC_000001_STMT_000710,SEG_000001,CL_MMA_DEC_000001,STRUCT_000009,CL_MMA_DEC_000001_ART_Artículo_123_P012,CL_MMA_DEC_000001_ART_Artículo_123,paragraph,833,1,710,e Intensificación de la fiscalización.,0,38,76,76,element_inherited,spacy_sentence_boundaries_with_legal_postprocessing,completed_with_warnings,1,sentence_starts_lowercase,The first alphabetic character is lowercase; inspect for an over-split continuation.,2026-07-23T15:53:28+00:00
CL_MMA_DEC_000001_STMT_000711,SEG_000001,CL_MMA_DEC_000001,STRUCT_000009,CL_MMA_DEC_000001_ART_Artículo_123_P013,CL_MMA_DEC_000001_ART_Artículo_123,paragraph,834,1,711,Los organismos competentes intensifi rán con los medios disponibles las actividades de fiscalización que habitualmente realizan durante el período de GEC.,0,154,76,76,element_inherited,spacy_sentence_boundaries_with_legal_postprocessing,completed,0,,,2026-07-23T15:53:28+00:00
CL_MMA_DEC_000001_STMT_000712,SEG_000001,CL_MMA_DEC_000001,STRUCT_000009,CL_MMA_DEC_000001_ART_Artículo_123_P014,CL_MMA_DEC_000001_ART_Artículo_123,paragraph,835,1,712,f Reforzamiento del programa de aspirado y lavado de calles.,0,60,76,76,element_inherited,spacy_sentence_boundaries_with_legal_postprocessing,completed_with_warnings,1,sentence_starts_lowercase,The first alphabetic character is lowercase; inspect for an over-split continuation.,2026-07-23T15:53:28+00:00
CL_MMA_DEC_000001_STMT_000713,SEG_000001,CL_MMA_DEC_000001,STRUCT_000009,CL_MMA_DEC_000001_ART_Artículo_123_P015,CL_MMA_DEC_000001_ART_Artículo_123,paragraph,836,1,713,"El Gobierno Regional Metropolitano reforzará el Programa de Aspirado y Lavado de Calles, establecido en el Artículo 102 del presente Decreto, especialmente, en aquellas comunas donde se prevé un empeoramiento de la calidad del aire.",0,232,76,76,element_inherited,spacy_sentence_boundaries_with_legal_postprocessing,completed,0,,,2026-07-23T15:53:28+00:00
CL_MMA_DEC_000001_STMT_000714,SEG_000001,CL_MMA_DEC_000001,STRUCT_000009,CL_MMA_DEC_000001_ART_Artículo_124_P001,CL_MMA_DEC_000001_ART_Artículo_124,paragraph,839,1,714,"El procedimiento para la declaración de episodios críticos (Alerta, Preemergencia y Emergencia), será el siguiente:",0,115,76,76,element_inherited,spacy_sentence_boundaries_with_legal_postprocessing,completed_with_warnings,1,missing_terminal_punctuation,"Candidate lacks final period, question mark, or exclamation mark; list items may be legitimate.",2026-07-23T15:53:28+00:00
CL_MMA_DEC_000001_STMT_000715,SEG_000001,CL_MMA_DEC_000001,STRUCT_000009,CL_MMA_DEC_000001_ART_Artículo_124_ITEM_a,CL_MMA_DEC_000001_ART_Artículo_124,lettered_item,840,1,715,"La SEREMI del Medio Ambiente informará diariamente al Intendente Regional, acerca del pronóstico de la calidad del aire y la evolución de las condiciones de ventilación de la cuenca, así como los resultados del sistema de pronóstico de calidad del aire, durante la vigencia del Plan Operacional de GEC.",0,302,76,76,element_inherited,spacy_sentence_boundaries_with_legal_postprocessing,completed,0,,,2026-07-23T15:53:28+00:00
CL_MMA_DEC_000001_STMT_000716,SEG_000001,CL_MMA_DEC_000001,STRUCT_000009,CL_MMA_DEC_000001_ART_Artículo_124_ITEM_b,CL_MMA_DEC_000001_ART_Artículo_124,lettered_item,841,1,716,"El Intendente declarará la condición de episodio crítico, cuando corresponda, a través de una resolución, que será comunicada oportunamente a los servicios competentes.",0,168,76,76,element_inherited,spacy_sentence_boundaries_with_legal_postprocessing,completed,0,,,2026-07-23T15:53:28+00:00
CL_MMA_DEC_000001_STMT_000717,SEG_000001,CL_MMA_DEC_000001,STRUCT_000009,CL_MMA_DEC_000001_ART_Artículo_124_ITEM_b,CL_MMA_DEC_000001_ART_Artículo_124,lettered_item,841,2,717,"Asimismo, la Intendencia hará públicas las medidas de prevención y/o mitigación que se adoptarán durante las situaciones de episodios críticos de contaminación, considerando el episodio más desfavorable.",169,372,76,76,element_inherited,spacy_sentence_boundaries_with_legal_postprocessing,completed,0,,,2026-07-23T15:53:28+00:00
CL_MMA_DEC_000001_STMT_000718,SEG_000001,CL_MMA_DEC_000001,STRUCT_000009,CL_MMA_DEC_000001_ART_Artículo_124_ITEM_c,CL_MMA_DEC_000001_ART_Artículo_124,lettered_item,842,1,718,"En el caso de que se presenten niveles que definen situaciones de preemergencia y emergencia para MP10 y/o MP2,5, que no hubieran sido previstas por el sistema de pronóstico de calidad del aire, corresponderá al Intendente informar oportunamente de la situación a la ciudadanía.",0,278,76,76,element_inherited,spacy_sentence_boundaries_with_legal_postprocessing,completed,0,,,2026-07-23T15:53:28+00:00
CL_MMA_DEC_000001_STMT_000719,SEG_000001,CL_MMA_DEC_000001,STRUCT_000009,CL_MMA_DEC_000001_ART_Artículo_124_ITEM_d,CL_MMA_DEC_000001_ART_Artículo_124,lettered_item,843,1,719,"Ante la posibilidad de un cambio en las condiciones meteorológicas, posterior a la hora de comunicación del pronóstico, que asegure una mejoría tal en las condiciones de calidad del aire que invalide los resultados entregados por la metodología de pronóstico, respecto a la superación de alguno de los niveles que definen situaciones de emergencia, el Intendente podrá dejar sin efecto la declaración de episodio crítico o adoptar las medidas correspondientes a los niveles menos estrictos, cumpliendo con las mismas formalidades a que está sujeta la declaración de estas situaciones.",0,584,76,76,element_inherited,spacy_sentence_boundaries_with_legal_postprocessing,completed,0,,,2026-07-23T15:53:28+00:00
CL_MMA_DEC_000001_STMT_000720,SEG_000001,CL_MMA_DEC_000001,STRUCT_000009,CL_MMA_DEC_000001_ART_Artículo_124_ITEM_e,CL_MMA_DEC_000001_ART_Artículo_124,lettered_item,844,1,720,"Para episodios de alerta, preemergencia y emergencia por MP10 y/o MP2,5 que se presenten fuera del periodo del Plan Operacional de GEC, corresponderá al Intendente informar oportunamente de la situación a la ciudadanía.",0,219,76,76,element_inherited,spacy_sentence_boundaries_with_legal_postprocessing,completed,0,,,2026-07-23T15:53:28+00:00
CL_MMA_DEC_000001_STMT_000721,SEG_000001,CL_MMA_DEC_000001,STRUCT_000009,CL_MMA_DEC_000001_ART_Artículo_125_P001,CL_MMA_DEC_000001_ART_Artículo_125,paragraph,847,1,721,La fiscalización del permanente cumplimiento de las medidas que establece el presente Decreto será efectuada por la Superintendencia del Medio Ambiente sin perjuicio de las atribuciones de los organismos sectoriales que participan en la implementación del Plan.,0,261,76,77,element_inherited,spacy_sentence_boundaries_with_legal_postprocessing,completed,0,,,2026-07-23T15:53:28+00:00
CL_MMA_DEC_000001_STMT_000722,SEG_000001,CL_MMA_DEC_000001,STRUCT_000009,CL_MMA_DEC_000001_ART_Artículo_125_P002,CL_MMA_DEC_000001_ART_Artículo_125,paragraph,848,1,722,La Superintendencia del Medio Ambiente estará encargada de la verificación del estado de avance de las medidas e instrumentos del Plan.,0,135,77,77,element_inherited,spacy_sentence_boundaries_with_legal_postprocessing,completed,0,,,2026-07-23T15:53:28+00:00
CL_MMA_DEC_000001_STMT_000723,SEG_000001,CL_MMA_DEC_000001,STRUCT_000009,CL_MMA_DEC_000001_ART_Artículo_125_P002,CL_MMA_DEC_000001_ART_Artículo_125,paragraph,848,2,723,"En virtud de lo anterior, los servicios públicos deberán informar en la forma y plazos que dicha Superintendencia establezca para este propósito.",136,281,77,77,element_inherited,spacy_sentence_boundaries_with_legal_postprocessing,completed,0,,,2026-07-23T15:53:28+00:00
CL_MMA_DEC_000001_STMT_000724,SEG_000001,CL_MMA_DEC_000001,STRUCT_000009,CL_MMA_DEC_000001_ART_Artículo_125_P002,CL_MMA_DEC_000001_ART_Artículo_125,paragraph,848,3,724,"La Superintendencia remitirá anualmente un informe de avance de las medidas del Plan y su fiscalización a la SEREMI del Medio Ambiente, dando cuenta de la implementación de las medidas y actividades asociadas.",282,491,77,77,element_inherited,spacy_sentence_boundaries_with_legal_postprocessing,completed,0,,,2026-07-23T15:53:28+00:00
CL_MMA_DEC_000001_STMT_000725,SEG_000001,CL_MMA_DEC_000001,STRUCT_000009,CL_MMA_DEC_000001_ART_Artículo_125_P002,CL_MMA_DEC_000001_ART_Artículo_125,paragraph,848,4,725,Dicho informe será publicado anualmente en la página web del Ministerio del Medio Ambiente.,492,583,77,77,element_inherited,spacy_sentence_boundaries_with_legal_postprocessing,completed,0,,,2026-07-23T15:53:28+00:00
CL_MMA_DEC_000001_STMT_000726,SEG_000001,CL_MMA_DEC_000001,STRUCT_000009,CL_MMA_DEC_000001_ART_Artículo_126_P001,CL_MMA_DEC_000001_ART_Artículo_126,paragraph,851,1,726,"Los organismos y servicios públicos deberán anualmente determinar los requerimientos asociados al cumplimiento de las medidas y actividades establecidas en el presente Plan, a fin de solicitar el financiamiento que asegure dicho cumplimiento.",0,242,77,77,element_inherited,spacy_sentence_boundaries_with_legal_postprocessing,completed,0,,,2026-07-23T15:53:28+00:00
CL_MMA_DEC_000001_STMT_000727,SEG_000001,CL_MMA_DEC_000001,STRUCT_000009,CL_MMA_DEC_000001_ART_Artículo_127_P001,CL_MMA_DEC_000001_ART_Artículo_127,paragraph,854,1,727,"Con el propósito de complementar en lo que sea necesario los instrumentos y medidas, a fin de cumplir las metas de reducción de emisiones planteadas, se establece para iniciar la revisión y actualización del presente Decreto un plazo de 5 años desde la publicación del mismo en el Diario Oficial.",0,296,77,77,element_inherited,spacy_sentence_boundaries_with_legal_postprocessing,completed,0,,,2026-07-23T15:53:28+00:00
CL_MMA_DEC_000001_STMT_000728,SEG_000001,CL_MMA_DEC_000001,STRUCT_000009,CL_MMA_DEC_000001_ART_Artículo_128_P001,CL_MMA_DEC_000001_ART_Artículo_128,paragraph,856,1,728,El Decreto que establezca el presente Plan entrará en vigencia el día de su publicación en el Diario Oficial.,0,109,77,77,element_inherited,spacy_sentence_boundaries_with_legal_postprocessing,completed,0,,,2026-07-23T15:53:28+00:00
CL_MMA_DEC_000001_STMT_000729,SEG_000001,CL_MMA_DEC_000001,STRUCT_000009,CL_MMA_DEC_000001_ART_Artículo_129_P001,CL_MMA_DEC_000001_ART_Artículo_129,paragraph,858,1,729,"Deróguese el DS N°66, de 2009, del MINSEGPRES, que Revisa, Reformula y Actualiza el Plan de Prevención y Descontaminación Atmosférica para la Región Metropolitana de Santiago, a excepción de lo establecido en los artículos siguientes.",0,234,77,77,element_inherited,spacy_sentence_boundaries_with_legal_postprocessing,completed,0,,,2026-07-23T15:53:28+00:00
CL_MMA_DEC_000001_STMT_000730,SEG_000001,CL_MMA_DEC_000001,STRUCT_000009,CL_MMA_DEC_000001_ART_Artículo_129_P002,CL_MMA_DEC_000001_ART_Artículo_129,paragraph,859,1,730,"Sin perjuicio de lo anterior, se mantienen plenamente vigentes todas aquellas resoluciones, certificaciones y permisos otorgados en el marco del DS N°66, de 2009, del MINSEGPRES, que sean compatibles con las disposiciones establecidas en el presente decreto.",0,258,77,77,element_inherited,spacy_sentence_boundaries_with_legal_postprocessing,completed,0,,,2026-07-23T15:53:28+00:00
CL_MMA_DEC_000001_STMT_000731,SEG_000001,CL_MMA_DEC_000001,STRUCT_000009,CL_MMA_DEC_000001_ART_Artículo_129_P002,CL_MMA_DEC_000001_ART_Artículo_129,paragraph,859,2,731,"Asimismo, se mantienen plenamente vigentes las derogaciones y modificaciones a otras normativas de acuerdo a lo establecido en el Capítulo XIII del DS N° 66, de 2009, de MINSEGPRES, siempre y cuando sean compatibles con las disposiciones establecidas en el presente Decreto.",259,533,77,77,element_inherited,spacy_sentence_boundaries_with_legal_postprocessing,completed,0,,,2026-07-23T15:53:28+00:00
CL_MMA_DEC_000001_STMT_000732,SEG_000001,CL_MMA_DEC_000001,STRUCT_000009,CL_MMA_DEC_000001_ART_Artículo_129_P003,CL_MMA_DEC_000001_ART_Artículo_129,paragraph,860,1,732,"Asimismo, se mantienen vigentes las medidas del DS N° 66, de 2009, del MINSEGPRES a que hace mención el presente Decreto, mientras no entren en vigencia aquellas nuevas medidas que las reemplazan.",0,196,77,77,element_inherited,spacy_sentence_boundaries_with_legal_postprocessing,completed,0,,,2026-07-23T15:53:28+00:00
CL_MMA_DEC_000001_STMT_000733,SEG_000001,CL_MMA_DEC_000001,STRUCT_000009,CL_MMA_DEC_000001_ART_Artículo_129_P004,CL_MMA_DEC_000001_ART_Artículo_129,paragraph,861,1,733,"De igual modo, aquellos proyectos o actividades que estuvieran siendo evaluados en el SEIA, a la entrada en vigencia del presente decreto, se continuarán rigiendo por las reglas de compensación establecidas en el DS N° 66, de 2009, de MINSEGPRES.",0,246,77,77,element_inherited,spacy_sentence_boundaries_with_legal_postprocessing,completed,0,,,2026-07-23T15:53:28+00:00
CL_MMA_DEC_000001_STMT_000734,SEG_000001,CL_MMA_DEC_000001,STRUCT_000009,CL_MMA_DEC_000001_ART_Artículo_130_P001,CL_MMA_DEC_000001_ART_Artículo_130,paragraph,863,1,734,"Mientras no entren en vigencia las disposiciones referidas a la norma de emisión de material particulado establecidas en el Artículo 36 y Artículo 37 del presente decreto, seguirán rigiendo aquellos límites de emisión establecidos en el DS N° 4, de 1992, del Ministerio de Salud, que Establece Norma de Emisión de Material Particulado a Fuentes Estacionarias Puntuales y Grupales.",0,380,77,77,element_inherited,spacy_sentence_boundaries_with_legal_postprocessing,completed,0,,,2026-07-23T15:53:28+00:00
CL_MMA_DEC_000001_STMT_000735,SEG_000001,CL_MMA_DEC_000001,STRUCT_000009,CL_MMA_DEC_000001_ART_Artículo_130_P002,CL_MMA_DEC_000001_ART_Artículo_130,paragraph,864,1,735,"Una vez que se encuentre vigente la norma de emisión de material particulado a que se refieren los artículos 36 y 37 del presente decreto, quedará sin efecto el DS N° 4, de 1992, del Ministerio de Salud, que Establece Norma de Emisión de Material Particulado a Fuentes Estacionarias Puntuales y Grupales.",0,304,77,77,element_inherited,spacy_sentence_boundaries_with_legal_postprocessing,completed,0,,,2026-07-23T15:53:28+00:00
CL_MMA_DEC_000001_STMT_000736,SEG_000001,CL_MMA_DEC_000001,STRUCT_000009,CL_MMA_DEC_000001_ART_Artículo_131_P001,CL_MMA_DEC_000001_ART_Artículo_131,paragraph,866,1,736,"Mientras no entren en vigencia las disposiciones referidas a la norma de emisión de SO, a que se refieren el Artículo 38 y el Artículo 39 del presente decreto, seguirán rigiendo aquellos límites de emisión establecidos en el",0,224,77,78,element_inherited,spacy_sentence_boundaries_with_legal_postprocessing,completed_with_warnings,1,missing_terminal_punctuation,"Candidate lacks final period, question mark, or exclamation mark; list items may be legitimate.",2026-07-23T15:53:28+00:00
CL_MMA_DEC_000001_STMT_000737,SEG_000001,CL_MMA_DEC_000001,STRUCT_000009,CL_MMA_DEC_000001_ART_Artículo_131_P002,CL_MMA_DEC_000001_ART_Artículo_131,paragraph,867,1,737,"artículo 60 del DS N°66, de 2009, que Revisa, Reformula y Actualiza Plan de Prevención y Descontaminación Atmosférica para la Región Metropolitana de Santiago.",0,159,78,78,element_inherited,spacy_sentence_boundaries_with_legal_postprocessing,completed_with_warnings,1,sentence_starts_lowercase,The first alphabetic character is lowercase; inspect for an over-split continuation.,2026-07-23T15:53:28+00:00
CL_MMA_DEC_000001_STMT_000738,SEG_000001,CL_MMA_DEC_000001,STRUCT_000009,CL_MMA_DEC_000001_ART_Artículo_132_P001,CL_MMA_DEC_000001_ART_Artículo_132,paragraph,869,1,738,"Mientras no entren en vigencia las disposiciones referidas a los límites de emisión de CO, a que se refiere el Artículo 40 del presente decreto, seguirán rigiendo aquellos límites de emisión establecidos en el artículo 55 del DS N° 66, de 3 de junio de 2009, que Revisa, Reformula y Actualiza Plan de Prevención y Descontaminación Atmosférica para la Región Metropolitana de Santiago.",0,384,78,78,element_inherited,spacy_sentence_boundaries_with_legal_postprocessing,completed,0,,,2026-07-23T15:53:28+00:00
CL_MMA_DEC_000001_STMT_000739,SEG_000001,CL_MMA_DEC_000001,STRUCT_000009,CL_MMA_DEC_000001_ART_Artículo_133_P001,CL_MMA_DEC_000001_ART_Artículo_133,paragraph,871,1,739,"En tanto no se aprueben los planes de reducción de emisiones, de acuerdo a lo establecido en el presente decreto, se mantendrán vigentes las metas de reducción y sus obligaciones derivadas según lo establecido en el DS N° 66, del 2009, MINSEGPRES.",0,247,78,78,element_inherited,spacy_sentence_boundaries_with_legal_postprocessing,completed,0,,,2026-07-23T15:53:28+00:00
CL_MMA_DEC_000001_STMT_000740,SEG_000001,CL_MMA_DEC_000001,STRUCT_000009,CL_MMA_DEC_000001_ART_Artículo_134_P001,CL_MMA_DEC_000001_ART_Artículo_134,paragraph,873,1,740,"Deróguense las disposiciones que regulan la compensación de emisiones dentro de la Región Metropolitana de Santiago, en cuanto sean incompatibles con las disposiciones del presente Decreto.",0,189,78,78,element_inherited,spacy_sentence_boundaries_with_legal_postprocessing,completed,0,,,2026-07-23T15:53:28+00:00
CL_MMA_DEC_000001_STMT_000741,SEG_000001,CL_MMA_DEC_000001,STRUCT_000009,CL_MMA_DEC_000001_ART_Artículo_135_P001,CL_MMA_DEC_000001_ART_Artículo_135,paragraph,875,1,741,"Deróguese el DS N° 811, de 1993, del Ministerio de Salud.",0,57,78,78,element_inherited,spacy_sentence_boundaries_with_legal_postprocessing,completed,0,,,2026-07-23T15:53:28+00:00
CL_MMA_DEC_000001_STMT_000742,SEG_000001,CL_MMA_DEC_000001,STRUCT_000009,CL_MMA_DEC_000001_ART_Artículo_136_P001,CL_MMA_DEC_000001_ART_Artículo_136,paragraph,877,1,742,"Modifíquese el DS Nº 130, de 2001, del Ministerio de Transportes y Telecomunicaciones, en el sentido de agregar el siguiente artículo 3° quinquies:",0,147,78,78,element_inherited,spacy_sentence_boundaries_with_legal_postprocessing,completed_with_warnings,1,missing_terminal_punctuation,"Candidate lacks final period, question mark, or exclamation mark; list items may be legitimate.",2026-07-23T15:53:28+00:00
CL_MMA_DEC_000001_STMT_000743,SEG_000001,CL_MMA_DEC_000001,STRUCT_000009,CL_MMA_DEC_000001_ART_Artículo_136_P002,CL_MMA_DEC_000001_ART_Artículo_136,paragraph,878,1,743,"""Artículo 3° quinquies.- Los buses destinados a la prestación de servicios de locomoción colectiva urbana en la Provincia de Santiago y en las comunas de San Bernardo y Puente Alto, respecto de los cuales se solicite su primera inscripción en el Registro de Servicios de Transporte de Pasajeros de Santiago, a partir de 24 meses contados desde la entrada en vigencia del DS N°31, de 2016, del Ministerio del Medio Ambiente, deberán contar con un motor cuyas emisiones contaminantes no superen los niveles máximos de emisiones señalados en los literales a.1) o a.2):",0,565,78,78,element_inherited,spacy_sentence_boundaries_with_legal_postprocessing,completed_with_warnings,1,missing_terminal_punctuation,"Candidate lacks final period, question mark, or exclamation mark; list items may be legitimate.",2026-07-23T15:53:28+00:00
CL_MMA_DEC_000001_STMT_000744,SEG_000001,CL_MMA_DEC_000001,STRUCT_000009,CL_MMA_DEC_000001_ART_Artículo_136_ITEM_a_1,CL_MMA_DEC_000001_ART_Artículo_136,compound_item,879,1,744,"Emisiones provenientes del sistema de escape, en gramos/caballos de fuerza al freno-hora (g/ bHp-h):",0,100,78,78,element_inherited,spacy_sentence_boundaries_with_legal_postprocessing,completed_with_warnings,1,missing_terminal_punctuation,"Candidate lacks final period, question mark, or exclamation mark; list items may be legitimate.",2026-07-23T15:53:28+00:00
CL_MMA_DEC_000001_STMT_000745,SEG_000001,CL_MMA_DEC_000001,STRUCT_000009,CL_MMA_DEC_000001_ART_Artículo_136_P003,CL_MMA_DEC_000001_ART_Artículo_136,paragraph,881,1,745,"Las mediciones se efectuarán conforme a los métodos normalizados definidos por la Agencia de Protección Ambiental de los Estados Unidos de América (US-EPA), indicados en el CFR-40 Part 1065 procedures (Code of Federal Regulations), Diesel Engines.",0,247,78,78,element_inherited,spacy_sentence_boundaries_with_legal_postprocessing,completed,0,,,2026-07-23T15:53:28+00:00
CL_MMA_DEC_000001_STMT_000746,SEG_000001,CL_MMA_DEC_000001,STRUCT_000009,CL_MMA_DEC_000001_ART_Artículo_136_P004,CL_MMA_DEC_000001_ART_Artículo_136,paragraph,883,1,746,"(1) Solo para motores con gas natural (2) 5,0 (g/bHp-h), para motores con gas natural Las mediciones se efectuarán conforme a los métodos normalizados definidos por la Agencia de Protección Ambiental de los Estados Unidos de América (US-EPA), indicados en el CFR-40 Part 1065 procedures (Code of Federal Regulations), Otto-Cycle Engines.",0,337,79,79,element_inherited,spacy_sentence_boundaries_with_legal_postprocessing,completed,0,,,2026-07-23T15:53:28+00:00
CL_MMA_DEC_000001_STMT_000747,SEG_000001,CL_MMA_DEC_000001,STRUCT_000009,CL_MMA_DEC_000001_ART_Artículo_136_ITEM_a_2,CL_MMA_DEC_000001_ART_Artículo_136,compound_item,884,1,747,"Emisiones provenientes del sistema de escape, en miligramos/kiloWatt-hora (mg/kW-h).",0,84,79,79,element_inherited,spacy_sentence_boundaries_with_legal_postprocessing,completed,0,,,2026-07-23T15:53:28+00:00
CL_MMA_DEC_000001_STMT_000748,SEG_000001,CL_MMA_DEC_000001,STRUCT_000009,CL_MMA_DEC_000001_ART_Artículo_136_ITEM_a_2,CL_MMA_DEC_000001_ART_Artículo_136,compound_item,884,2,748,Deberán cumplir con los niveles de emisión señalados en la Tabla 3.,85,152,79,79,element_inherited,spacy_sentence_boundaries_with_legal_postprocessing,completed,0,,,2026-07-23T15:53:28+00:00
CL_MMA_DEC_000001_STMT_000749,SEG_000001,CL_MMA_DEC_000001,STRUCT_000009,CL_MMA_DEC_000001_ART_Artículo_136_P005,CL_MMA_DEC_000001_ART_Artículo_136,paragraph,887,1,749,"Los buses cuyos motores sean mecánicamente aptos para cumplir con niveles máximos de emisión de un estándar superior a los exigidos por las normas de emisión vigentes, siempre que estén dadas las condiciones técnicas para ello y en conformidad con las condiciones normalizadas de medición, homologación y/o certificación, estipuladas por la Agencia Ambiental de Estados Unidos de Norteamérica (US-EPA), en el llamado ""Code of Federal Regulation"", o por las directivas de la Comunidad Europea, o por el Estado de California, en el llamado ""California Code of Regulation"", que en adelante se denominará como la legislación internacional, podrán solicitar al momento y adicionalmente a la homologación y/o certificación de los estándares vigentes en conformidad con lo dispuesto en el presente decreto, el reconocimiento del estándar superior, en correspondencia con dicha legislación internacional.",0,896,79,79,element_inherited,spacy_sentence_boundaries_with_legal_postprocessing,completed,0,,,2026-07-23T15:53:28+00:00
CL_MMA_DEC_000001_STMT_000750,SEG_000001,CL_MMA_DEC_000001,STRUCT_000009,CL_MMA_DEC_000001_ART_Artículo_136_P005,CL_MMA_DEC_000001_ART_Artículo_136,paragraph,887,2,750,Para ello deberán cumplir con los mismos procesos de análisis técnicos establecidos para la homologación de los estándares vigentes.,897,1029,79,79,element_inherited,spacy_sentence_boundaries_with_legal_postprocessing,completed,0,,,2026-07-23T15:53:28+00:00
CL_MMA_DEC_000001_STMT_000751,SEG_000001,CL_MMA_DEC_000001,STRUCT_000009,CL_MMA_DEC_000001_ART_Artículo_136_P005,CL_MMA_DEC_000001_ART_Artículo_136,paragraph,887,3,751,"""",1029,1030,79,79,element_inherited,spacy_sentence_boundaries_with_legal_postprocessing,completed_with_warnings,1,very_short_sentence;missing_terminal_punctuation,"Candidate has fewer than 20 characters or fewer than three word-like tokens. Candidate lacks final period, question mark, or exclamation mark; list items may be legitimate.",2026-07-23T15:53:28+00:00
CL_MMA_DEC_000001_STMT_000752,SEG_000001,CL_MMA_DEC_000001,STRUCT_000009,CL_MMA_DEC_000001_ART_Artículo_137_P001,CL_MMA_DEC_000001_ART_Artículo_137,paragraph,889,1,752,"Modifíquese el DS Nº 149, de 2006, del Ministerio de Transportes y Telecomunicaciones, en el sentido de agregar el siguiente artículo 5° sexies:",0,144,79,79,element_inherited,spacy_sentence_boundaries_with_legal_postprocessing,completed_with_warnings,1,missing_terminal_punctuation,"Candidate lacks final period, question mark, or exclamation mark; list items may be legitimate.",2026-07-23T15:53:28+00:00
CL_MMA_DEC_000001_STMT_000753,SEG_000001,CL_MMA_DEC_000001,STRUCT_000009,CL_MMA_DEC_000001_ART_Artículo_137_P002,CL_MMA_DEC_000001_ART_Artículo_137,paragraph,890,1,753,"""Artículo 5° sexies.- A contar de 12 meses de publicado en el Diario Oficial el DS N°31, de 2016, del Ministerio del Medio Ambiente, los límites máximos de emisión permitidos en la Región Metropolitana de Santiago, serán los siguientes:",0,236,79,79,element_inherited,spacy_sentence_boundaries_with_legal_postprocessing,completed_with_warnings,1,missing_terminal_punctuation,"Candidate lacks final period, question mark, or exclamation mark; list items may be legitimate.",2026-07-23T15:53:28+00:00
CL_MMA_DEC_000001_STMT_000754,SEG_000001,CL_MMA_DEC_000001,STRUCT_000009,CL_MMA_DEC_000001_ART_Artículo_137_P003,CL_MMA_DEC_000001_ART_Artículo_137,paragraph,892,1,754,o sello amarillo,0,16,80,80,element_inherited,spacy_sentence_boundaries_with_legal_postprocessing,completed_with_warnings,1,very_short_sentence;sentence_starts_lowercase;missing_terminal_punctuation,"Candidate has fewer than 20 characters or fewer than three word-like tokens. The first alphabetic character is lowercase; inspect for an over-split continuation. Candidate lacks final period, question mark, or exclamation mark; list items may be legitimate.",2026-07-23T15:53:28+00:00
CL_MMA_DEC_000001_STMT_000755,SEG_000001,CL_MMA_DEC_000001,STRUCT_000009,CL_MMA_DEC_000001_ART_Artículo_137_P004,CL_MMA_DEC_000001_ART_Artículo_137,paragraph,895,1,755,"Para la correcta aplicación de la norma, los vehículos cuya marca y modelo no se encuentren en la nómina con los datos de la Inercia Equivalente por marca y modelo establecida por el Ministerio de Transportes y Telecomunicaciones, deberán cumplir los límites siguientes:",0,270,86,86,element_inherited,spacy_sentence_boundaries_with_legal_postprocessing,completed_with_warnings,1,missing_terminal_punctuation,"Candidate lacks final period, question mark, or exclamation mark; list items may be legitimate.",2026-07-23T15:53:28+00:00
CL_MMA_DEC_000001_STMT_000756,SEG_000001,CL_MMA_DEC_000001,STRUCT_000009,CL_MMA_DEC_000001_ART_Artículo_138_P001,CL_MMA_DEC_000001_ART_Artículo_138,paragraph,898,1,756,"Modifícase el decreto exento Nº 456, de 1997, del Ministerio de Economía, Fomento y Reconstrucción, en el sentido de sustituir los artículos 1°, 2° y 3°, por los que se indican a continuación y de agregar el artículo 4° que se señala y de derogar el artículo transitorio de dicho decreto:",0,288,86,86,element_inherited,spacy_sentence_boundaries_with_legal_postprocessing,completed_with_warnings,1,missing_terminal_punctuation,"Candidate lacks final period, question mark, or exclamation mark; list items may be legitimate.",2026-07-23T15:53:28+00:00
CL_MMA_DEC_000001_STMT_000757,SEG_000001,CL_MMA_DEC_000001,STRUCT_000009,CL_MMA_DEC_000001_ART_Artículo_138_P002,CL_MMA_DEC_000001_ART_Artículo_138,paragraph,899,1,757,"""Artículo 1º.- El petróleo diésel que se distribuya o expenda en la Región Metropolitana de Santiago deberá ser Grado A1 y cumplir con los siguientes requisitos:",0,161,86,86,element_inherited,spacy_sentence_boundaries_with_legal_postprocessing,completed_with_warnings,1,missing_terminal_punctuation,"Candidate lacks final period, question mark, or exclamation mark; list items may be legitimate.",2026-07-23T15:53:28+00:00
CL_MMA_DEC_000001_STMT_000758,SEG_000001,CL_MMA_DEC_000001,STRUCT_000009,CL_MMA_DEC_000001_ART_Artículo_138_ITEM_i,CL_MMA_DEC_000001_ART_Artículo_138,roman_item,900,1,758,En caso de arbitraje debe usarse el método Ramsbottom.,0,54,87,87,element_inherited,spacy_sentence_boundaries_with_legal_postprocessing,completed,0,,,2026-07-23T15:53:28+00:00
CL_MMA_DEC_000001_STMT_000759,SEG_000001,CL_MMA_DEC_000001,STRUCT_000009,CL_MMA_DEC_000001_ART_Artículo_138_ITEM_ii,CL_MMA_DEC_000001_ART_Artículo_138,roman_item,901,1,759,"Como método práctico puede usarse el índice de cetano calculado (D4737) o el número de cetano derivado (D7170), pero en caso de desacuerdo o arbitraje el método de referencia es el del número de cetano (D613).",0,209,87,87,element_inherited,spacy_sentence_boundaries_with_legal_postprocessing,completed,0,,,2026-07-23T15:53:28+00:00
CL_MMA_DEC_000001_STMT_000760,SEG_000001,CL_MMA_DEC_000001,STRUCT_000009,CL_MMA_DEC_000001_ART_Artículo_138_ITEM_ii,CL_MMA_DEC_000001_ART_Artículo_138,roman_item,901,2,760,"En el proceso de fiscalización de esta propiedad, se aceptará un Índice de Cetano mínimo (D4737) de 48, debiendo medirse el Número de Cetano según el método D613 para valores inferiores.",210,396,87,87,element_inherited,spacy_sentence_boundaries_with_legal_postprocessing,completed,0,,,2026-07-23T15:53:28+00:00
CL_MMA_DEC_000001_STMT_000761,SEG_000001,CL_MMA_DEC_000001,STRUCT_000009,CL_MMA_DEC_000001_ART_Artículo_138_ITEM_iii,CL_MMA_DEC_000001_ART_Artículo_138,roman_item,902,1,761,"En el caso que el petróleo diésel provenga de producción, sin adición de biodiésel, no será necesaria la determinación indicada en el punto 17, debiendo informarse de dicha circunstancia en el respectivo Certificado de Análisis, indicándose la frase ""Petróleo diésel sin contenido de biodiésel"".",0,295,87,87,element_inherited,spacy_sentence_boundaries_with_legal_postprocessing,completed,0,,,2026-07-23T15:53:28+00:00
CL_MMA_DEC_000001_STMT_000762,SEG_000001,CL_MMA_DEC_000001,STRUCT_000009,CL_MMA_DEC_000001_ART_Artículo_138_P003,CL_MMA_DEC_000001_ART_Artículo_138,paragraph,903,1,762,"En todo lo que no sea contrario a lo dispuesto en la tabla anterior, se estará a lo establecido en la Norma NCh62, declarada oficial por el decreto exento N° 373, del 2000, del Ministerio de Economía, Fomento y Reconstrucción.",0,226,88,88,element_inherited,spacy_sentence_boundaries_with_legal_postprocessing,completed,0,,,2026-07-23T15:53:28+00:00
CL_MMA_DEC_000001_STMT_000763,SEG_000001,CL_MMA_DEC_000001,STRUCT_000009,CL_MMA_DEC_000001_ART_Artículo_2_002_P001,CL_MMA_DEC_000001_ART_Artículo_2_002,paragraph,905,1,763,"Los petróleos combustibles grados Nº5 y Nº6, que se emplean como combustible para calderas y hornos de procesos industriales, que se distribuyan o expendan en la Región Metropolitana de Santiago, deberán cumplir los siguientes requisitos:",0,238,88,88,element_inherited,spacy_sentence_boundaries_with_legal_postprocessing,completed_with_warnings,1,missing_terminal_punctuation,"Candidate lacks final period, question mark, or exclamation mark; list items may be legitimate.",2026-07-23T15:53:28+00:00
CL_MMA_DEC_000001_STMT_000764,SEG_000001,CL_MMA_DEC_000001,STRUCT_000009,CL_MMA_DEC_000001_ART_Artículo_2_002_P002,CL_MMA_DEC_000001_ART_Artículo_2_002,paragraph,906,1,764,ASTM: American Society for Testing and Materials.,0,49,88,88,element_inherited,spacy_sentence_boundaries_with_legal_postprocessing,completed,0,,,2026-07-23T15:53:28+00:00
CL_MMA_DEC_000001_STMT_000765,SEG_000001,CL_MMA_DEC_000001,STRUCT_000009,CL_MMA_DEC_000001_ART_Artículo_2_002_ITEM_i,CL_MMA_DEC_000001_ART_Artículo_2_002,roman_item,907,1,765,"El exceso sobre 1% de agua y sedimento debe deducirse de la cantidad total entregada por el proveedor En todo lo que no sea contrario a lo dispuesto en la tabla anterior, se estará a lo establecido en la Norma NCh61, declarada oficial por el decreto exento N° 361, de 1999, del Ministerio de Economía, Fomento y Reconstrucción.",0,327,88,88,element_inherited,spacy_sentence_boundaries_with_legal_postprocessing,completed,0,,,2026-07-23T15:53:28+00:00
CL_MMA_DEC_000001_STMT_000766,SEG_000001,CL_MMA_DEC_000001,STRUCT_000009,CL_MMA_DEC_000001_ART_Artículo_3_002_P001,CL_MMA_DEC_000001_ART_Artículo_3_002,paragraph,909,1,766,"El kerosene empleado como combustible doméstico e industrial, que se distribuya o expenda en la Región Metropolitana de Santiago, deberá cumplir los siguientes requisitos:",0,171,88,88,element_inherited,spacy_sentence_boundaries_with_legal_postprocessing,completed_with_warnings,1,missing_terminal_punctuation,"Candidate lacks final period, question mark, or exclamation mark; list items may be legitimate.",2026-07-23T15:53:28+00:00
CL_MMA_DEC_000001_STMT_000767,SEG_000001,CL_MMA_DEC_000001,STRUCT_000009,CL_MMA_DEC_000001_ART_Artículo_3_002_P002,CL_MMA_DEC_000001_ART_Artículo_3_002,paragraph,910,1,767,"En todo lo que no sea contrario a lo dispuesto en la tabla anterior, se estará a lo establecido en la Norma NCh63, declarada oficial por el decreto exento N° 373, de 2000, del Ministerio de Economía, Fomento y Reconstrucción.",0,225,89,89,element_inherited,spacy_sentence_boundaries_with_legal_postprocessing,completed,0,,,2026-07-23T15:53:28+00:00
CL_MMA_DEC_000001_STMT_000768,SEG_000001,CL_MMA_DEC_000001,STRUCT_000009,CL_MMA_DEC_000001_ART_Artículo_4_002_P001,CL_MMA_DEC_000001_ART_Artículo_4_002,paragraph,912,1,768,"Exceptúase de lo dispuesto en el presente decreto el Petróleo Diésel formulado especialmente para actividades sobre 1.500 metros de altura, por las características especiales que dichos combustibles requieren en estos casos.",0,224,89,89,element_inherited,spacy_sentence_boundaries_with_legal_postprocessing,completed,0,,,2026-07-23T15:53:28+00:00
CL_MMA_DEC_000001_STMT_000769,SEG_000001,CL_MMA_DEC_000001,STRUCT_000009,CL_MMA_DEC_000001_ART_Artículo_4_002_P001,CL_MMA_DEC_000001_ART_Artículo_4_002,paragraph,912,2,769,"""",224,225,89,89,element_inherited,spacy_sentence_boundaries_with_legal_postprocessing,completed_with_warnings,1,very_short_sentence;missing_terminal_punctuation,"Candidate has fewer than 20 characters or fewer than three word-like tokens. Candidate lacks final period, question mark, or exclamation mark; list items may be legitimate.",2026-07-23T15:53:28+00:00
CL_MMA_DEC_000001_STMT_000770,SEG_000001,CL_MMA_DEC_000001,STRUCT_000009,CL_MMA_DEC_000001_TRANSITORY_ART_Artículo_Transitorio_P001,CL_MMA_DEC_000001_TRANSITORY_ART_Artículo_Transitorio,paragraph,914,1,770,"Las medidas establecidas en los artículos 120 letra b), 121 letra a), 122 letra a) y 123 letra a) del capítulo XII del presente Plan, entrarán en vigencia el 1 de mayo de 2018, quedando vigentes durante el año 2017 las medidas asociadas a restricción vehicular del Capítulo XI del DS N° 66, de 2009, de MINSEGPRES.",0,314,89,89,element_inherited,spacy_sentence_boundaries_with_legal_postprocessing,completed,0,,,2026-07-23T15:53:28+00:00
CL_MMA_DEC_000001_STMT_000771,SEG_000001,CL_MMA_DEC_000001,STRUCT_000009,CL_MMA_DEC_000001_TRANSITORY_ART_Artículo_Transitorio_P001,CL_MMA_DEC_000001_TRANSITORY_ART_Artículo_Transitorio,paragraph,914,2,771,"La restricción vehicular señalada regirá en situaciones de alerta, preemergencia y emergencia tanto de MP10 como de MP2,5.",315,437,89,89,element_inherited,spacy_sentence_boundaries_with_legal_postprocessing,completed,0,,,2026-07-23T15:53:28+00:00
CL_MMA_DEC_000001_STMT_000772,SEG_000001,CL_MMA_DEC_000001,STRUCT_000009,CL_MMA_DEC_000001_TRANSITORY_ART_Artículo_Transitorio_P002,CL_MMA_DEC_000001_TRANSITORY_ART_Artículo_Transitorio,paragraph,915,1,772,"El Ministerio del Medio Ambiente en coordinación con el Ministerio de Transportes y Telecomunicaciones, desarrollará un programa de información y aplicación de la medida de restricción vehicular con el objeto de difundir su contenido.",0,234,89,89,element_inherited,spacy_sentence_boundaries_with_legal_postprocessing,completed,0,,,2026-07-23T15:53:28+00:00
CL_MMA_DEC_000001_STMT_000773,SEG_000001,CL_MMA_DEC_000001,STRUCT_000009,CL_MMA_DEC_000001_TRANSITORY_ART_Artículo_Transitorio_P002,CL_MMA_DEC_000001_TRANSITORY_ART_Artículo_Transitorio,paragraph,915,2,773,Dicho programa deberá implementarse con anterioridad al 1 de mayo de 2018.,235,309,89,89,element_inherited,spacy_sentence_boundaries_with_legal_postprocessing,completed,0,,,2026-07-23T15:53:28+00:00
